page,block,text
/,li,"Different ethnic groups may have different risk cutoffs — e.g., Asian populations use 23 as overweight"
/,p,"The number 703 bridges the gap between imperial and metric units. One kilogram equals approximately 2.20462 pounds, and one meter equals approximately 39.3701 inches. When you work through the unit conversion mathematically — dividing 39.3701² by 2.20462 — you get approximately 703.06, which is rounded to 703 for practical use. This factor ensures that using pounds and inches produces the same BMI as using kilograms and meters. For a complete walkthrough of all variations, see our BMI formula ex"
/,p,"Health risks at the same BMI level vary across ethnic groups. Asian populations experience elevated risks at lower BMI values, which is why some countries use a BMI cutoff of 23 for overweight rather than 25."
/,p,"Being underweight carries significant health risks that are often underappreciated. Individuals with a BMI below 18.5 may experience malnutrition and vitamin deficiencies, a weakened immune system leading to increased susceptibility to infections, osteoporosis and increased fracture risk, anemia, fertility problems in both women and men, and delayed wound healing. Severe underweight (BMI < 16) is associated with significantly increased mortality risk. Underlying causes can include eating disorde"
/,p,"Carrying excess weight in the overweight range increases the risk of developing several chronic conditions. These include type 2 diabetes (risk increases even within the upper-normal BMI range), cardiovascular disease including hypertension and elevated cholesterol, sleep apnea, joint problems especially in the knees and hips, gallbladder disease, and certain cancers including colon, breast (post-menopausal), and kidney cancers. However, the overweight category is also where BMI's limitations ar"
/,li,Rapid unintentional weight loss (>5% in 6 months)
/,p,"Yes. For children and teens aged 2-19 , BMI is interpreted using age- and sex-specific percentiles rather than the fixed adult cutoffs. The same BMI number means very different things at different ages because body composition changes dramatically during growth. A child at the 85th to 94th percentile is considered overweight, and at or above the 95th percentile is considered obese. Below the 5th percentile is underweight. Pediatric BMI is plotted on CDC growth charts to track a child's trajector"
/,p,"Both are valuable, and they're best used together. BMI gives you an overall weight status, while waist circumference specifically measures abdominal fat, which is more strongly linked to heart disease, type 2 diabetes, and metabolic syndrome. Men should aim for a waist circumference below 40 inches (102 cm) and women below 35 inches (88 cm). Someone with a ""normal"" BMI but a high waist circumference may be at greater risk than their BMI alone suggests. The combination of BMI and waist circumfere"
/,p,"Yes. Being underweight (BMI < 18.5) is associated with real risks including malnutrition, weakened immune function, osteoporosis, anaemia, fertility issues, and higher all-cause mortality . Severe underweight (BMI < 16) carries higher risk still. Causes can include eating disorders, hyperthyroidism, celiac disease, cancer, chronic infections, or simply inadequate caloric intake. If your BMI is below 18.5, talk to a healthcare provider — some causes need investigation, and weight-gain plans work "
/,p,"Current US adult prevalence (adults 20+), from NHANES August 2021–August 2023:"
/,p,"Age-adjusted interpretation, including the Winter 2014 older-adult mortality plateau."
/age-bmi-calculator/,li,"Adults 65+ (Winter 2014 meta-analysis, n=197,940): lowest all-cause mortality observed across BMI 23–33, elevated below BMI 23. This is an observational association, not a treatment target."
/age-bmi-calculator/,p,"Beginning around age 30, adults lose approximately 3-8% of muscle mass per decade . This accelerates after age 60, when losses can reach 15% per decade. Sarcopenia means that two people with identical BMI values can have vastly different amounts of lean tissue versus fat."
/age-bmi-calculator/,p,"Bone mass peaks in your late 20s and gradually declines thereafter. Women experience accelerated bone loss after menopause due to declining estrogen levels, losing up to 20% of bone density in the five to seven years following menopause."
/age-bmi-calculator/,p,"With age, fat moves from subcutaneous deposits (under the skin) to visceral deposits (around organs) . Visceral fat is metabolically active and linked to increased risk of type 2 diabetes, cardiovascular disease, and certain cancers."
/age-bmi-calculator/,p,"Most people lose 1-3 inches (2.5-7.5 cm) of height between age 30 and age 80, primarily due to compression of spinal discs and vertebral changes. Since BMI is calculated as weight divided by height squared, this height loss artificially inflates your BMI even if your weight hasn't changed."
/age-bmi-calculator/,p,"For example, a person who was 5'8"" at age 30 and shrinks to 5'6"" at age 70 would see their BMI increase by roughly 1.5 points purely from height loss, not weight gain. Learn more about how the BMI formula works ."
/age-bmi-calculator/,p,"Basal metabolic rate (BMR) declines by approximately 1-2% per decade after age 20, largely driven by the loss of metabolically active muscle tissue. A 70-year-old typically requires 200-400 fewer daily calories than a 30-year-old of the same size."
/age-bmi-calculator/,p,"The ""obesity paradox"" is an observational finding: in some large cohort studies, older adults classified as overweight (BMI 25–29.9) have shown similar or slightly lower all-cause mortality than those in the WHO normal range. It is an association in cohort data — not a clinical recommendation to gain weight. The current WHO healthy adult range (18.5–24.9) has not changed on the basis of these findings. See also the limitations of BMI ."
/age-bmi-calculator/,figcaption,Qualitative — no numeric mortality scale shown. Plateau band reflects the Winter 2014 finding cited in prose above.
/age-bmi-calculator/,li,Overweight (BMI 25–29.9): hazard ratio 0.94 (95% CI 0.91–0.96) — ~6% lower all-cause mortality
/age-bmi-calculator/,li,Grade 1 obesity (BMI 30–34.9): hazard ratio 0.95 (95% CI 0.88–1.01) — not statistically distinguishable from normal weight
/age-bmi-calculator/,li,Grade 2+ obesity (BMI ≥35): hazard ratio 1.29 (95% CI 1.18–1.41) — ~29% higher mortality
/age-bmi-calculator/,p,"In your 30s, you will notice the first signs of age-related metabolic slowdown. Muscle mass begins its gradual decline (about 3-5% per decade), and many adults experience their first noticeable weight gain, particularly around the midsection. Career stress, sleep deprivation from young children, and reduced physical activity all contribute."
/age-bmi-calculator/,p,"Your 40s bring significant hormonal changes for both men and women. Women may enter perimenopause, experiencing fluctuating estrogen levels that promote abdominal fat storage. Men experience gradual testosterone decline (about 1% per year after age 30), reducing muscle-building capacity. Metabolic rate drops more noticeably, and recovery from exercise takes longer."
/age-bmi-calculator/,p,WHO BMI range: 18.5–24.9 · 65+ observational plateau (Winter 2014): lowest mortality across BMI 23–33
/age-bmi-calculator/,p,"In your 60s, unintentional weight loss becomes a bigger concern than being mildly overweight. Sarcopenia accelerates and the risk of falls and fractures rises. Maintaining adequate nutrition and physical function takes priority."
/age-bmi-calculator/,p,WHO BMI range: 18.5–24.9 · observational data on adults 65+ (Winter 2014) shows a low-mortality plateau across BMI 23–33
/age-bmi-calculator/,p,"Obesity is a recognised risk factor for a range of conditions that become more prevalent later in life: type 2 diabetes, cardiovascular disease, several cancers (including postmenopausal breast, colorectal, endometrial, and kidney), obstructive sleep apnea, osteoarthritis, and non-alcoholic fatty liver disease. Being underweight in later life carries its own risks, including osteoporosis, sarcopenia, frailty, and elevated all-cause mortality. Waist circumference and grip strength add information"
/age-bmi-calculator/,li,Sleep: 7-9 hours; poor sleep in young adults correlates with future obesity
/age-bmi-calculator/,li,Nutrition: Reduce caloric intake by 100-200 kcal/day compared to your 20s; increase protein to 1.0 g/lb lean mass
/age-bmi-calculator/,li,"Monitoring: Report any unintentional weight loss of 5%+ to your doctor. In observational data on adults 65+ (Winter 2014), all-cause mortality was lowest across BMI 23–33; discuss what applies to you with your clinician."
/age-bmi-calculator/,p,"Yes, BMI becomes progressively less reliable with age for several reasons. First, the natural loss of muscle mass (sarcopenia) means an older adult may have a ""normal"" BMI but carry excessive body fat -- a condition called sarcopenic obesity. Second, height shrinkage of 1-3 inches over a lifetime artificially inflates BMI even without weight gain. Third, BMI does not distinguish between subcutaneous fat (relatively harmless) and visceral fat (dangerous), and the ratio shifts unfavorably with age"
/age-bmi-calculator/,p,"In most cases, intentional weight loss is not recommended for adults over 65 unless BMI exceeds 30 and a physician specifically prescribes it due to weight-related health conditions such as uncontrolled diabetes, severe joint problems, or mobility limitations. The reason is that dieting in older adults causes loss of both fat and muscle, and the muscle loss can accelerate frailty, increase fall risk, and reduce independence. If weight loss is medically necessary, it should be supervised by a hea"
/age-bmi-calculator/,p,"Yes. Because the BMI formula divides weight by height squared, small decreases in height produce noticeable BMI increases. Height loss across older adulthood is common, driven by spinal disc compression, vertebral changes, and loss of paraspinal muscle tone. As a worked example: a person weighing 165 lbs at 5’8″ has a BMI of 25.1; at 5’6″ with the same weight, their BMI is 26.6 — a 1.5-point change purely from height loss. This is one reason why the observational lowest-mortality band in older a"
/age-bmi-calculator/,p,"Metabolism slows gradually throughout adulthood, driven primarily by the loss of metabolically active muscle tissue. Your basal metabolic rate (BMR) -- the calories your body burns at rest -- declines by approximately 1-2% per decade after age 20. A landmark 2021 study published in Science revealed that metabolism remains relatively stable from age 20 to 60, with the most dramatic decline occurring after age 60. However, the practical effect is cumulative: by age 60, you may need 200-400 fewer d"
/age-bmi-calculator/,p,"The relationship between BMI and chronic diseases shifts with age. For type 2 diabetes , the risk increases exponentially above BMI 25 at any age, but the absolute risk grows with age because insulin resistance naturally increases over time. For cardiovascular disease , midlife BMI (ages 40-60) is a strong predictor of future events, but in adults with established heart disease, mild overweight may improve survival. For osteoporosis , the relationship is inverted: low BMI (under 20) is a signifi"
/blog/,p,From Quetelet’s 1832 statistical study through Keys naming it BMI in 1972 to the WHO 1995 classification. A continuous-scale timeline makes the 140-year gap between derivation and clinical adoption visible.
/blog/,p,Why the healthy band widens after age 65. An envelope chart layers the WHO adult 18.5–24.9 range against the Winter 2014 older-adult 23–33 mortality plateau.
/blog/,p,Tape-measure diagram of the correct measurement location and the 0.5 WHtR threshold that flags elevated central-adiposity risk.
/blog/,p,Life-stage context including the ACOG pregnancy weight-gain ranges (28–40 / 25–35 / 15–25 / 11–20 lbs by pre-pregnancy BMI).
/blog/,p,Male-specific interpretation with the NHLBI 40-inch (102 cm) waist-circumference elevated-risk threshold.
/blog/,p,WHO 18.5–24.9 for ages 18–64 plus the Winter 2014 observed 23–33 mortality plateau for adults 65+.
/blog/,p,"CDC growth-chart percentiles for ages 2–19, with boys and girls median curves plotted."
/blog/bmi-and-health-risks/,li,J-curve relationship: both very low and very high BMI carry elevated all-cause mortality; the WHO healthy range (18.5–24.9) is the standard reference for lowest observed risk in most adult populations.
/blog/bmi-and-health-risks/,li,Diabetes connection: type 2 diabetes is the single strongest BMI-linked chronic disease; risk rises steeply above the WHO normal range.
/blog/bmi-and-health-risks/,li,Cancer link: excess body weight is associated with at least 13 cancer types identified by IARC.
/blog/bmi-and-health-risks/,li,Reversible risk: 5–10% weight loss produces clinically meaningful improvements in most weight-related conditions.
/blog/bmi-and-health-risks/,p,"The relationship between BMI and mortality follows a distinctive J-shaped or U-shaped curve, meaning that health risks increase at both extremes of the BMI spectrum. The lowest mortality rates occur within the healthy BMI range of approximately 22-25."
/blog/bmi-and-health-risks/,figcaption,"Dot area encodes qualitative association strength as described in the prose sections below (WHO, Flegal 2013, NIDDK, NHLBI). No numeric relative-risk magnitude is claimed."
/blog/bmi-and-health-risks/,p,"This J-curve relationship has been confirmed across multiple large-scale studies involving millions of participants. Mortality risk begins to increase modestly when BMI exceeds 25 and rises more sharply above BMI 30. Equally important, being significantly underweight (BMI below 18.5) carries mortality risks comparable to Class II obesity."
/blog/bmi-and-health-risks/,p,The relationship between BMI and type 2 diabetes is among the strongest in obesity-related health research. The great majority of adults living with type 2 diabetes are overweight or obese. Risk rises steeply across the overweight and obese ranges — type 2 diabetes is the single strongest BMI-linked chronic disease.
/blog/bmi-and-health-risks/,p,The good news is that type 2 diabetes risk is highly modifiable through weight loss. The landmark Diabetes Prevention Program (DPP) trial demonstrated that losing 5–7% of body weight combined with moderate physical activity substantially reduced progression from prediabetes to type 2 diabetes in high-risk adults — the DPP is one of the strongest evidence bases in weight-related chronic-disease prevention.
/blog/bmi-and-health-risks/,p,"The link between excess body weight and cancer is firmly established. And the International Agency for Research on Cancer (IARC), excess body fat is a recognised cause of at least 13 different types of cancer, and is one of the most important modifiable cancer-risk factors after smoking."
/blog/bmi-and-health-risks/,p,"In severe obesity (BMI 40+), some individuals develop obesity hypoventilation syndrome (OHS), characterised by chronically elevated carbon dioxide levels. OHS is a serious condition — typically identified during hospital admission — that carries significant mortality risk if untreated."
/blog/bmi-and-health-risks/,p,Osteoarthritis is the most common form of arthritis and one of the most prevalent obesity-related conditions. Every additional pound of body weight places approximately 4 pounds of extra pressure on the knees. This means a person who is 30 pounds overweight experiences an additional 120 pounds of force on their knee joints with each step.
/blog/bmi-and-health-risks/,p,"Lower back pain is significantly more common in individuals with elevated BMI. Excess abdominal weight shifts the center of gravity forward, increasing strain on the lumbar spine. Studies show that obese individuals are 1.5-2 times more likely to experience chronic low back pain compared to those with normal BMI."
/blog/bmi-and-health-risks/,p,The positive news is that early-stage NAFLD is largely reversible with weight loss. Losing ~7–10% of body weight is the target cited in most clinical guidelines to reduce liver fat and inflammation.
/blog/bmi-and-health-risks/,p,"While much attention focuses on the risks of excess weight, being underweight (BMI below 18.5) carries its own significant health risks. The J-curve mortality relationship means that severely underweight individuals face mortality risks comparable to those with Class II obesity."
/blog/bmi-and-health-risks/,p,"Because BMI cannot distinguish muscle mass from fat mass, muscular individuals often carry elevated BMI despite low body-fat percentage. A strength or power athlete with a BMI of 28 may be metabolically healthier than many normal-BMI individuals. See our BMI limitations and BMI for athletes guides."
/blog/bmi-and-health-risks/,h3,Benefits of 5–10% weight loss
/blog/bmi-and-health-risks/,li,Type 2 diabetes: substantial reduction in progression from prediabetes to type 2 diabetes (the primary evidence base is the Diabetes Prevention Program trial).
/blog/bmi-and-health-risks/,p,"Research consistently shows that a BMI between 22-25 is associated with the lowest mortality risk across most populations. However, the optimal BMI can vary slightly based on age (older adults may benefit from slightly higher BMI), ethnicity (different cutoffs apply for Asian populations), and individual factors like muscle mass and fat distribution. Rather than fixating on a single number, focus on maintaining a BMI within the healthy range (18.5-24.9) while also considering other health marker"
/blog/bmi-and-health-risks/,p,"Modest weight loss (~5–10% of body weight, the target most clinical guidelines describe) is associated with measurable improvements in blood pressure, blood sugar, lipid profile, and joint symptoms. See our guide to lowering BMI for non-prescriptive lifestyle approaches. Anything beyond lifestyle change belongs with a qualified clinician."
/blog/bmi-and-health-risks/,p,"Yes, being significantly underweight carries mortality risks comparable to Class II obesity (BMI 35-40). The BMI-mortality relationship follows a J-shaped curve, with increased risk at both extremes. Underweight risks include weakened immunity (increased susceptibility to infections), osteoporosis and fractures, fertility problems, anemia, muscle wasting, poor wound healing, and cognitive decline. Severely underweight individuals (BMI below 16) face particularly high mortality risk. If you're un"
/blog/bmi-and-health-risks/,p,"Cancer risk begins to rise across the overweight range (BMI 25–29.9) and increases more substantially in the obese range (BMI 30+). At least a dozen cancers have documented associations with excess adiposity, including endometrial (uterine), oesophageal adenocarcinoma, kidney, liver, pancreatic, colorectal, postmenopausal breast, gallbladder, gastric cardia, thyroid, meningioma, multiple myeloma, and ovarian. Mechanisms include chronic inflammation, elevated circulating insulin and IGF-1, increa"
/blog/bmi-and-health-risks/,p,"Type 2 diabetes has the strongest single association with elevated BMI — risk rises steeply across the overweight and obese ranges. Other conditions with strong BMI links include obstructive sleep apnea, non-alcoholic fatty liver disease (the most common chronic liver condition in developed countries), knee and hip osteoarthritis, hypertension, and several cancers listed above. Cardiovascular disease risk also rises steadily across the obese range. Understanding these connections is what makes w"
/blog/bmi-and-health-risks/,p,"Many health markers begin improving within weeks of starting weight loss. Blood sugar levels can improve within days to weeks, even before significant weight is lost. Blood pressure typically begins decreasing within 2-4 weeks of caloric reduction and weight loss. Sleep apnea symptoms often improve within the first month of weight loss. Liver fat starts decreasing within weeks. Joint pain reduction may be noticed within 1-2 months. However, some benefits take longer to manifest - cardiovascular "
/blog/bmi-and-metabolism/,li,"Metabolism encompasses all chemical processes in your body that convert food into energy, including BMR (60-75% of daily calories)"
/blog/bmi-and-metabolism/,li,Muscle mass is metabolically active - each pound burns approximately 6 calories per day at rest versus 2 calories for fat
/blog/bmi-and-metabolism/,li,"Metabolism slows approximately 2-3% per decade after age 20, partly due to muscle loss"
/blog/bmi-and-metabolism/,figcaption,Arc sizes are illustrative. The BMR share range 60–75% is stated in the key-takeaways above; the exact split for activity and TEF varies by individual.
/blog/bmi-and-metabolism/,p,"The following chart shows approximate BMR values for a 35-year-old at different BMI levels (assuming average height of 5'9"" for men and 5'4"" for women):"
/blog/bmi-and-metabolism/,p,"Metabolic syndrome is a cluster of conditions that occur together, dramatically increasing the risk of heart disease, stroke, and type 2 diabetes."
/blog/bmi-and-metabolism/,p,"The concept of ""metabolically healthy obesity"" (MHO) has generated significant debate in medical research. MHO describes individuals who have obesity (BMI ≥ 30) but lack the metabolic abnormalities typically associated with excess weight - normal blood pressure, healthy lipid profiles, and good insulin sensitivity."
/blog/bmi-and-metabolism/,li,Up to 50% transition to metabolically unhealthy within 10 years
/blog/bmi-and-metabolism/,li,Normal BMI (18.5-24.9) but elevated body fat percentage
/blog/bmi-and-metabolism/,p,"Despite identical weights and potentially similar BMIs, Person A has a metabolic advantage of approximately 300 calories per day - equivalent to a 30+ pound difference over a year if all else remains equal."
/blog/bmi-and-metabolism/,p,Allow 48-72 hours between training the same muscle groups. Sleep 7-9 hours nightly for optimal recovery and hormone production.
/blog/bmi-and-metabolism/,li,Sarcopenia - Age-related muscle loss of 3-8% per decade after 30
/blog/bmi-and-metabolism/,p,"However, a groundbreaking 2021 study in Science challenged previous assumptions, finding that metabolism remains relatively stable from ages 20-60 when adjusted for body composition. The implication: much of the metabolic decline we attribute to aging is actually due to loss of muscle mass and reduced activity."
/blog/bmi-and-metabolism/,p,A smaller body requires fewer calories to maintain. Losing 10% of body weight reduces BMR by approximately 10-15%.
/blog/bmi-and-metabolism/,p,"This metabolic adaptation explains why weight loss often plateaus and why maintaining weight loss is challenging. Studies of contestants from weight loss shows found that their metabolisms remained suppressed years after weight loss, burning 500+ fewer calories per day than expected for their size."
/blog/bmi-and-metabolism/,li,Lose weight gradually - Aim for 0.5-1% of body weight per week to preserve muscle
/blog/bmi-and-metabolism/,p,Protein has the highest thermic effect (20-30% of calories consumed) and supports muscle maintenance.
/blog/bmi-and-metabolism/,p,7-9 hours of quality sleep supports metabolic hormones and prevents compensatory overeating.
/blog/bmi-and-metabolism/,p,Drinking water may temporarily boost metabolism by 10-30% for an hour after consumption.
/blog/bmi-and-metabolism/,p,"While dramatic increases aren't possible, you can optimize your metabolism. Building muscle through resistance training is the most effective long-term strategy, as each pound of muscle burns approximately 6 calories per day at rest compared to 2 calories for fat. Staying physically active, eating adequate protein (which has a high thermic effect), getting quality sleep, and avoiding extreme caloric restriction all support healthy metabolic function. However, supplements marketed as ""metabolism "
/blog/bmi-and-metabolism/,p,"Metabolically healthy obesity (MHO) refers to individuals who have a BMI of 30 or higher but maintain normal blood pressure, healthy cholesterol levels, and good insulin sensitivity. Approximately 10-30% of people with obesity fall into this category. However, research suggests MHO may be a transitional state rather than a permanent condition, with many individuals developing metabolic problems over time. Even with healthy markers, people with MHO still have higher cardiovascular risk than metab"
/blog/bmi-and-metabolism/,p,"Metabolism appears to slow with age primarily due to loss of muscle mass (sarcopenia), hormonal changes, and reduced physical activity. However, recent research in Science (2021) found that when controlling for body composition, metabolism actually remains relatively stable from ages 20-60. This suggests that much of the ""age-related"" metabolic decline is preventable through maintaining muscle mass and staying active. After 60, metabolism does decline more noticeably, but lifestyle factors still"
/blog/bmi-and-metabolism/,p,"Muscle tissue is significantly more metabolically active than fat tissue. Each pound of muscle burns approximately 6 calories per day at rest, while a pound of fat burns only about 2 calories. While this difference may seem small, it adds up: someone with 20 more pounds of muscle burns an additional 80+ calories daily just at rest. More importantly, muscle affects post-exercise calorie burn and overall metabolic health. This is why body composition often matters more than the number on the scale"
/blog/bmi-and-metabolism/,p,"For most people, the Mifflin-St Jeor equation provides a reasonable BMR estimate. For greater accuracy, the Katch-McArdle formula uses lean body mass (which you can estimate with our lean body mass calculator). The gold standard is indirect calorimetry, which measures oxygen consumption and CO2 production - available at some hospitals and research facilities. For practical purposes, calculate your BMR, multiply by an activity factor (1.2-1.9 depending on activity level), then adjust based on rea"
/blog/bmi-by-age/,p,"People often expect the healthy BMI range to shift as they get older — a common assumption is that it should be higher for a 60-year-old than for a 25-year-old. This guide explains what the category bodies actually publish, shows how obesity prevalence varies by age in the US, and covers the observational evidence for adults aged 65 and over."
/blog/bmi-by-age/,p,"In an individual-patient-data meta-analysis of 197,940 adults aged 65 and over, Winter et al. ( American Journal of Clinical Nutrition , 2014) reported that mortality was lowest across a wider BMI band (roughly 23 to 33) than the WHO healthy range. This is an observational finding, not a category change: the CDC and WHO cut-offs remain the same for adults of all ages. Older adults with a BMI toward the lower end of the healthy band may want to discuss weight and body-composition goals with a cli"
/blog/bmi-by-age/,li,"Prevalence figures: from NCHS Data Brief 508 (NHANES August 2021–August 2023, adults 20+) and NCHS Health E-Stat 111 (Fryar/Afful/Saif, Feb 2026), both linked above. The 65+ mortality plateau reference is Winter et al., Am J Clin Nutr , 2014."
/blog/bmi-by-age/,p,"No. The CDC and WHO adult BMI category cut-offs are the same at 25 as at 75. Observational research reports a wider mortality plateau in adults aged 65 and over, but the published categories themselves don’t shift."
/blog/bmi-by-age/,p,"Because children’s bodies change rapidly with age and sex. A fixed cut-off like 25 would misclassify a normally growing 6-year-old. Instead, BMI is compared to a percentile distribution appropriate to the child’s age and sex. Use the pediatric BMI calculator ."
/blog/bmi-by-age/,p,"There is no fixed age. BMI is a population-level screening tool at every adult age. Its main limitations — it doesn’t distinguish muscle from fat, doesn’t measure fat distribution — apply to all age groups. In older adults, the 65+ mortality plateau reported by Winter et al. 2014 is one reason to interpret a BMI result together with clinical context, not in isolation."
/blog/bmi-categories/,li,Normal BMI range: 18.5 – 24.9 is associated with the lowest health risk for most adults
/blog/bmi-categories/,p,"Note that children and teens (ages 2–19) use a completely different system based on age- and sex-specific percentiles, not these fixed cutoffs. See our Pediatric BMI Calculator guide for children’s BMI categories."
/blog/bmi-categories/,p,"A BMI below 16.0 indicates severe underweight, a condition associated with significant medical risk. At this BMI, the body lacks sufficient energy reserves and may be catabolizing (breaking down) muscle tissue and organs for fuel. For more information about underweight categories, see our underweight BMI risks guide."
/blog/bmi-categories/,p,"If your BMI is below 17.0, or if you have experienced unintentional weight loss exceeding 5% of your body weight in the past 6–12 months, consult a healthcare provider promptly. Rapid or unintentional weight loss can be a marker of undiagnosed disease."
/blog/bmi-categories/,p,"As the table shows, the difference between low normal and high normal is about 33–50 lbs depending on height. Both ends of this range are considered healthy. For more on target ranges, see our Healthy BMI Range guide."
/blog/bmi-categories/,p,"While the entire 18.5–24.9 range is classified as normal, research suggests the lowest mortality risk occurs around BMI 22–23 for younger adults. Some studies suggest slightly different optimal ranges for men (20–25) and women (19–24). For detailed sex-specific analysis, see our guides for BMI for Women and BMI for Men ."
/blog/bmi-categories/,li,Type 2 diabetes: Risk begins to rise above BMI 25 and increases progressively
/blog/bmi-categories/,p,"The overweight category is the most debated BMI classification. Several large studies have found that people in this range, particularly those with BMI 25–27, may have equal or slightly lower mortality than those in the normal range. This “overweight paradox” likely reflects the fact that some people classified as overweight are muscular rather than fat, that moderate weight reserves may be protective during illness, and that the 25 cutoff may be too strict for older adults."
/blog/bmi-categories/,p,"For people in the upper end of this range (BMI 28–29.9), especially those with additional risk factors like high blood pressure, elevated blood sugar, or a family history of heart disease, the health risks are more clearly established. For a deeper exploration, see our BMI Calculator by Age guide."
/blog/bmi-categories/,li,Type 2 diabetes: risk is substantially elevated compared with normal weight and rises further into class II/III obesity
/blog/bmi-categories/,li,Cancer: increased risk of at least 13 types of cancer (see the IARC-identified list summarised on our BMI and health risks page)
/blog/bmi-categories/,li,Reduced life expectancy: 5–8 years of reduced life expectancy on average
/blog/bmi-categories/,li,Life expectancy: Reduced by 8–14 years compared to normal BMI
/blog/bmi-categories/,p,Headline prevalence figures for U.S. Adults from CDC NHANES August 2021–August 2023 . Only these three figures are shown because they trace to a specific NCHS publication; the class-by-class breakdown is not reported in the same brief.
/blog/bmi-categories/,p,Adults with obesity (BMI ≥ 30) together with those in the overweight range account for the majority of the U.S. Adult population. Prevalence has risen substantially across recent decades.
/blog/bmi-categories/,li,"1985: The National Institutes of Health defined obesity as BMI ≥ 27.8 for men and ≥ 27.3 for women, based on the 85th percentile of NHANES II data for young adults."
/blog/bmi-categories/,li,"1995: The WHO recommended unified cutoffs of 25 (overweight) and 30 (obesity) regardless of sex, based on the observation that health risks rise continuously above BMI 25 and increase more sharply above 30."
/blog/bmi-categories/,li,"1998: The NIH aligned U.S. Guidelines with the WHO cutoffs. This single change reclassified approximately 29 million Americans from “normal” to “overweight” overnight — not because anyone gained weight, but because the threshold moved."
/blog/bmi-categories/,p,"The choice of 25 and 30 reflects points on the risk curve where health consequences become statistically more likely, but these are not sharp biological thresholds. A person with a BMI of 24.9 is not meaningfully healthier than one at 25.1 — the categories represent points on a continuous spectrum. Learn more about the formula behind these numbers in our BMI Formula guide."
/blog/bmi-categories/,li,Modest weight loss (5–10% of body weight) can move you back to the overweight category and produce measurable metabolic improvements.
/blog/bmi-categories/,p,"Overweight (BMI 25–29.9) represents excess weight that may or may not be primarily fat. Obesity (BMI 30+) indicates a level of excess weight that is almost always associated with significant excess body fat and clearly elevated health risks. The practical differences include: overweight carries moderately elevated risk while obesity carries high to very high risk; lifestyle interventions alone are usually sufficient for overweight, while obesity may require additional medical interventions; and "
/blog/bmi-categories/,p,"No. Children and teens (ages 2–19) should never be assessed using adult BMI categories. A 6-year-old with a BMI of 15.5 is perfectly normal, but adult categories would classify them as severely underweight. Children use age- and sex-specific percentile charts instead. See our Pediatric BMI Calculator guide for the complete pediatric classification system."
/blog/bmi-categories/,p,"Moving from overweight or obese to a healthier category requires a sustained caloric deficit combined with physical activity. Evidence-based strategies include: reducing caloric intake by 500–750 calories per day (for 1–1.5 lbs of weekly weight loss), increasing physical activity to at least 150 minutes per week, prioritizing protein and fiber to maintain fullness, strength training to preserve muscle during weight loss, and seeking support from healthcare professionals. A 5–10% weight loss is s"
/blog/bmi-chart-explained/,p,"If you are 5 feet 6 inches (168 cm) tall and weigh 160 pounds (73 kg), find the row for 5'6"" and follow it across until you reach the 160 lb column. The intersection shows a BMI of approximately 25.8, which falls in the overweight category."
/blog/bmi-chart-explained/,p,"Because women naturally carry more body fat than men at the same BMI, some researchers argue that women with BMIs in the upper ""normal"" range (24-25) may face similar metabolic risks to men with higher BMIs. Conversely, a man classified as ""overweight"" at BMI 26 may have a healthier body composition than the label suggests if he is muscular."
/blog/bmi-chart-explained/,p,"The 65+ row is one observational meta-analysis, not a clinical target. See BMI Calculator by Age for full context and the BMI by Age calculator for personalised results."
/blog/bmi-chart-explained/,li,Optimal range: Many studies suggest BMI 22-23 is associated with the lowest mortality
/blog/bmi-chart-explained/,li,"Health implications: Moderately elevated risk for type 2 diabetes, heart disease, high blood pressure"
/blog/bmi-chart-explained/,li,"Health implications: Significantly elevated risk for type 2 diabetes, cardiovascular disease, certain cancers, sleep apnea, joint problems"
/blog/bmi-chart-explained/,li,"Subclasses: Class I (30-34.9), Class II (35-39.9), Class III (40+) with progressively higher risk"
/blog/bmi-chart-explained/,li,Action: Consult healthcare provider; even modest weight loss (5-10%) provides significant health benefits
/blog/bmi-chart-explained/,li,"You want a precise BMI value (e.g., 24.7 vs ""about 25"")"
/blog/bmi-chart-explained/,p,"The green or healthy zone on standard BMI charts covers BMI 18.5 to 24.9. This range is associated with the lowest risk of weight-related health problems for most adults. However, individual factors like muscle mass, age, ethnicity, and fat distribution affect what is truly optimal for each person. See our Healthy BMI Range guide for more detail."
/blog/bmi-chart-explained/,p,"No, standard BMI charts are only for adults aged 20 and older. Children and adolescents (ages 2-19) use different charts based on age- and sex-specific percentiles because healthy BMI varies significantly during growth and development. A BMI of 17 might be normal for a 10-year-old but underweight for an adult. Use our Pediatric BMI Calculator for children."
/blog/bmi-chart-men/,p,"CDC and WHO adult BMI cut-offs do not shift with age — 18.5 to 24.9 remains the healthy range across the adult lifespan. Observational research (Winter et al., Am J Clin Nutr , 2014) reports a mortality plateau at somewhat higher BMI values (roughly 23 to 33) in adults aged 65 and older, but that is an observed pattern rather than a recommendation. See the BMI by age guide for the full discussion."
/blog/bmi-chart-men/,p,"The CDC and WHO cut-offs do not change with age. There is observational evidence from Winter et al. 2014 that men aged 65+ have a mortality plateau across a wider BMI range, but the healthy band on the chart is still 18.5 to 24.9. See the BMI by age guide."
/blog/bmi-chart-women/,p,"The CDC and WHO adult BMI cut-offs do not shift with age — 18.5 to 24.9 remains the healthy range for adult women across the adult lifespan. Observational research (Winter et al., Am J Clin Nutr , 2014) reports that mortality in adults aged 65 and older is lowest across a somewhat higher BMI range (roughly 23 to 33) than the WHO healthy band, but this is an observed pattern rather than a recommendation from a category body. See the BMI by age guide for the full discussion."
/blog/bmi-for-athletes/,li,"Elite athletes are often ""obese"" by BMI - Many NFL players, bodybuilders, and strength athletes have BMI 30+ with body fat under 15%"
/blog/bmi-for-athletes/,li,"Body fat percentage is more accurate - Male athletes typically 6-20%, female athletes 14-28%"
/blog/bmi-for-athletes/,li,"Person A: Competitive bodybuilder with 8% body fat, 200+ lbs of lean mass"
/blog/bmi-for-athletes/,li,Person B: Sedentary office worker with 35% body fat
/blog/bmi-for-athletes/,p,"This means that one liter of muscle weighs approximately 1,060 grams, while one liter of fat weighs only 900 grams. Put simply, muscle takes up about 18% less space than the same weight of fat."
/blog/bmi-for-athletes/,p,"NBA star LeBron James, widely considered one of the greatest athletes of all time, has a BMI of approximately 27.5 at 6'9"" and 250 pounds - technically ""overweight."" Yet his body fat percentage hovers around 6-7%, and his cardiovascular fitness, strength, and overall health markers are exceptional."
/blog/bmi-for-athletes/,li,Essential fat (men): 2-5% - Required for basic physiological function
/blog/bmi-for-athletes/,li,Essential fat (women): 10-13% - Higher due to reproductive function
/blog/bmi-for-athletes/,p,"FFMI is essentially BMI for lean mass only. It helps assess how much muscle mass someone carries relative to their height. Natural athletes typically have FFMI between 18-25, while values above 25 suggest exceptional muscle development (or pharmaceutical assistance)."
/blog/bmi-for-athletes/,li,Highest accuracy (within 1-2% of true body fat)
/blog/bmi-for-athletes/,p,"While individual readings may be off by 3-5%, BIA excels at tracking trends over time if you measure consistently (same time of day, hydration status)."
/blog/bmi-for-athletes/,p,"If your BMI is above 25 but you train regularly and appear lean, get a body fat measurement. If body fat is in the healthy athletic range (see tables above), your elevated BMI reflects muscle mass, not health risk."
/blog/bmi-for-athletes/,h3,Recreational Athletes (3-7 hours training/week)
/blog/bmi-for-athletes/,li,"Body fat (if tracked): Men 14-24%, women 21-31%"
/blog/bmi-for-athletes/,li,Body fat percentage: Primary metric; test every 4-8 weeks
/blog/bmi-for-athletes/,p,"Body fat percentage is generally the most useful single metric for athletes. It directly measures fat tissue as a proportion of total body weight, rewarding muscle development rather than penalizing it. DEXA scans provide the most accurate body fat measurement (1-2% error margin), while bioelectrical impedance (BIA) scales and skinfold calipers offer more accessible options for regular tracking. Other valuable metrics include lean body mass (total weight minus fat), waist-to-hip ratio (assesses "
/blog/bmi-for-athletes/,p,"Yes, many muscular individuals with BMI readings in the ""obese"" range (30+) have excellent health markers including healthy blood pressure, favorable cholesterol levels, normal blood sugar, and superior cardiovascular fitness. Research on NFL players, for example, shows that despite average BMI above 30, most have body fat under 15% and metabolic profiles better than the general population. However, it's important to verify this through body composition testing rather than assuming all weight is"
/blog/bmi-for-athletes/,p,"Healthy body fat ranges for athletes vary by sport, gender, and competitive level. Male athletes typically range from 6-20% body fat, while female athletes range from 14-28%. Competition bodybuilders may briefly reach 3-6% (men) or 10-14% (women), but these extreme levels aren't sustainable or healthy long-term. For general athletic fitness, sustainable ranges are 10-17% for men and 18-25% for women. Essential fat (the minimum needed for physiological function) is 2-5% for men and 10-13% for wom"
/blog/bmi-formula/,p,"There are two versions of the formula depending on which measurement system you use. Both produce the same result — BMI is a dimensionless number (it has no units) that typically falls between 15 and 40 for most adults. To understand more about how BMI is used to assess weight status, see our comprehensive BMI calculator guide ."
/blog/bmi-formula/,p,"If you accidentally use centimeters without converting, your result will be absurdly small (about 0.0024 instead of 23.7), which is a clear sign of an error."
/blog/bmi-formula/,p,Belgian mathematician and astronomer Adolphe Quetelet developed the formula in the early 1830s as part of his pioneering work in social statistics. Quetelet was interested in defining the characteristics of the “average man” (l’homme moyen) and observed that body weight in adult populations tends to scale with the square of height rather than the cube. He called this relationship the Quetelet Index.
/blog/bmi-formula/,p,"The term “Body Mass Index” was coined by American physiologist Ancel Keys in a 1972 paper published in the Journal of Chronic Diseases. Keys compared several body weight indices (including weight/height, weight/height², weight/height³, and others) across populations in the United States, Finland, Italy, South Africa, and Japan. He concluded that weight/height² had the best correlation with body fat percentage while having the lowest correlation with height — meaning it measured fatness rather th"
/blog/bmi-formula/,p,"In physics, if you scale up a three-dimensional object proportionally, its volume (and therefore its mass) increases with the cube of the linear dimension. A person twice as tall, if perfectly proportional, would weigh eight times as much (2³ = 8). Using this logic, weight/height³ would seem more appropriate."
/blog/bmi-formula/,p,"This finding has been validated across many populations worldwide. The exponent that best eliminates the correlation between BMI and height is approximately 2.0 (actually closer to 2.0–2.5 depending on the population), making the square the best simple integer to use in the formula."
/blog/bmi-formula/,p,"Some researchers have proposed alternative indices that use different exponents. The Ponderal Index uses height³, and the “New BMI” proposed by mathematician Nick Trefethen in 2013 uses height 2.5 . However, none of these alternatives have gained widespread adoption because the practical differences are small and the established BMI cutoffs (18.5, 25, 30) would need to be recalibrated."
/blog/bmi-formula/,p,"The Ponderal Index uses height cubed instead of height squared. It is sometimes preferred for very tall and very short individuals because it better accounts for the non-linear relationship between height and weight at extreme heights. A healthy PI is approximately 11–15 kg/m³. However, it has not been widely adopted in clinical practice."
/blog/bmi-formula/,p,"The metric formula requires meters. Using 178 instead of 1.78 produces a result of about 0.002, which is clearly wrong."
/blog/bmi-formula/,p,"The imperial formula requires multiplying by 703. Without it, the result will be about 0.034 instead of 23.7."
/blog/bmi-formula/,p,"No. The BMI formula is identical for children and adults: weight divided by height squared. The difference is in how the result is interpreted. For children aged 2–19, the BMI number is compared to age- and sex-specific growth charts, and the result is expressed as a percentile rather than evaluated against the fixed adult cutoffs of 18.5, 25, and 30. See our Pediatric BMI Calculator guide."
/blog/bmi-history/,li,"1972: American physiologist Ancel Keys coined the term ""Body Mass Index"" in a landmark study"
/blog/bmi-history/,li,"1998: NIH lowered the overweight cutoff from 27 to 25, reclassifying 29 million Americans overnight"
/blog/bmi-history/,p,"Modern research has validated this observation. Studies show that the exponent that best eliminates the correlation between BMI and height falls between 2.0 and 2.5, depending on the population studied. The square provides a simple, practical approximation that works well across most adult populations. Learn more about the mathematics in our BMI formula guide ."
/blog/bmi-history/,p,"The path from academic statistical tool to widespread health metric passed through an unlikely intermediary: the life insurance industry. In the early 20th century, insurance companies became intensely interested in predicting mortality risk, and body weight emerged as a significant factor."
/blog/bmi-history/,p,"Starting in 1897, the Association of Life Insurance Medical Directors began collecting data on policyholders' height, weight, and mortality. This culminated in the famous Metropolitan Life Insurance Company ""Ideal Weight"" Tables , first published in 1943 and updated in 1959 and 1983."
/blog/bmi-history/,p,"The insurance tables remained the clinical standard until the 1980s, but researchers were already looking for better alternatives. Enter Ancel Keys."
/blog/bmi-history/,p,"The transformation of the Quetelet Index into the Body Mass Index occurred thanks to Ancel Keys (1904-2004), a pioneering American physiologist best known for the Seven Countries Study that established the link between diet and cardiovascular disease."
/blog/bmi-history/,p,"In 1972, Keys and his colleagues published a landmark paper in the Journal of Chronic Diseases titled ""Indices of relative weight and obesity."" This study would fundamentally change how the medical community measured body weight."
/blog/bmi-history/,p,"Importantly, Keys himself acknowledged significant limitations. He noted that BMI was only ""somewhat better than other indices"" and explicitly stated that it was not a perfect measure of body fat. He recommended BMI for population studies, not individual clinical diagnosis — echoing Quetelet's original intent from 140 years earlier."
/blog/bmi-history/,h3,"1998: The Change That Made Millions ""Overweight"" Overnight"
/blog/bmi-history/,p,"On June 17, 1998, approximately 29 million Americans who had gone to bed at a ""healthy weight"" woke up classified as ""overweight"" — without gaining a single pound. The change increased the percentage of American adults classified as overweight from about 40% to 55%."
/blog/bmi-history/,p,"The rationale for this change was epidemiological: studies showed that health risks begin to increase at BMI 25, not 27. However, critics argued that the change medicalized millions of healthy people and contributed to weight stigma. The debate continues to this day."
/blog/bmi-history/,p,"Percentage of US adults classified as ""healthy weight"" before and after the 1998 NIH cutoff change"
/blog/bmi-history/,p,"Recognizing that the standard WHO cutoffs might not apply equally to all populations, the WHO convened an expert consultation in 2002-2004 specifically for Asian populations. Research had shown that Asians tend to have higher body fat percentages at lower BMI values and face increased health risks at lower thresholds."
/blog/bmi-history/,p,"The highlighted 1998 row represents the major shift that aligned NIH standards with WHO recommendations, causing the overnight reclassification of millions of Americans."
/blog/bmi-history/,p,Visceral fat (around organs) is far more dangerous than subcutaneous fat. BMI cannot tell where fat is stored. Two people with BMI 28 may have very different health risks.
/blog/bmi-history/,p,"Quetelet created the formula to study population-level statistics and define the characteristics of the ""average man"" (l'homme moyen). He was a social scientist interested in applying mathematical methods to understand human society. The formula was never intended for individual health assessment — it was a tool for comparing groups and populations. Its adoption as a medical diagnostic tool didn't occur until the 1970s-1980s, over 140 years after its creation."
/blog/bmi-history/,p,"The most significant change occurred on June 17, 1998, when the NIH lowered the overweight threshold from BMI 27 to BMI 25. This aligned US standards with WHO guidelines and was based on evidence that health risks increase at BMI 25. However, the change was controversial because it overnight reclassified approximately 29 million Americans as ""overweight"" without any change in their actual weight. Critics argued it unnecessarily medicalized healthy people."
/blog/bmi-history/,p,"Yes, research has shown that standard BMI cutoffs may not apply equally across all ethnicities. In 2004, the WHO acknowledged that Asian populations may face increased health risks at lower BMI values. Several Asian countries have adopted modified cutoffs — for example, overweight starting at BMI 23 rather than 25. However, the standard WHO cutoffs (18.5, 25, 30) remain the default global standard, with ethnic-specific adjustments applied in some clinical contexts."
/blog/bmi-history/,p,"In 2013, Oxford mathematician Nick Trefethen proposed a modified formula: New BMI = 1.3 × weight (kg) / height (m)^2.5. This formula addresses the height bias in standard BMI, which tends to underestimate fatness in short people and overestimate it in tall people. While mathematically more accurate, the New BMI has not been widely adopted because the practical differences are small for most people, and it would require recalibrating all existing research and clinical guidelines. Try our New BMI "
/blog/bmi-history/,p,"No, Quetelet almost certainly did not anticipate medical applications. He was a mathematician and astronomer interested in social statistics, not medicine. He explicitly designed his index for studying population characteristics, not individual health. His focus was on defining the ""average man"" and understanding how human measurements varied across populations. The repurposing of his formula for individual health assessment came 140+ years later, driven by needs that Quetelet never envisioned."
/blog/bmi-limitations/,p,"Body Mass Index was invented in the 1830s by Belgian mathematician Adolphe Quetelet - notably, not a physician. Quetelet created the formula (weight in kg divided by height in meters squared) to study population-level statistics, not individual health. The formula was never intended to diagnose obesity or predict health outcomes for individuals."
/blog/bmi-limitations/,p,"This is perhaps the most fundamental flaw of BMI. The formula treats all weight equally, whether it comes from muscle, fat, bone, or water. Since muscle tissue is significantly denser than fat (muscle weighs about 18% more than the same volume of fat), people with above-average muscle mass often receive misleadingly high BMI readings."
/blog/bmi-limitations/,p,"Visceral fat (fat stored deep in the abdomen around organs) is strongly linked to type 2 diabetes, heart disease, and metabolic syndrome. Subcutaneous fat (fat stored just under the skin) poses significantly less health risk."
/blog/bmi-limitations/,p,"Research shows that Asian populations often develop obesity-related health problems like type 2 diabetes at BMI levels considered ""normal"" for Western populations. Conversely, some populations with naturally larger frames or higher bone density may be healthier at higher BMI values."
/blog/bmi-limitations/,p,"A woman and man with the same BMI of 24 will have very different body compositions. The woman might have 28% body fat (healthy for women), while the man might have 18% body fat (healthy for men). Yet BMI treats them identically."
/blog/bmi-limitations/,p,Simply divide your waist circumference by your height (both in the same units). A ratio under 0.5 indicates low risk for both men and women. This metric captures abdominal fat distribution that BMI misses entirely.
/blog/bmi-limitations/,p,"No, BMI is notoriously inaccurate for athletes and bodybuilders because it cannot differentiate between muscle mass and fat mass. Many elite athletes are classified as overweight or obese by BMI despite having very low body fat percentages. For example, many NFL players have BMIs over 30 but body fat under 15%."
/blog/bmi-limitations/,p,"""Skinny fat"" (normal weight obesity) refers to people with normal BMI but high body fat percentage and low muscle mass. BMI cannot detect this condition because it doesn't measure body composition - only total weight relative to height. Up to 30% of people with ""normal"" BMI may actually have unhealthy body fat levels."
/blog/bmi-limitations/,p,"Research shows that health risks occur at different BMI levels for different ethnic groups. For example, Asian populations often experience obesity-related health risks at lower BMI values (23+) than Caucasian populations (25+). The WHO recommends lower BMI cutoffs for South Asian and East Asian populations."
/blog/bmi-tracking-guide/,li,"Normal fluctuation: Daily weight can vary 2–6 lbs (1–3 kg) due to water, food, and other factors"
/blog/bmi-tracking-guide/,li,Track trends: Focus on 4-week moving averages rather than individual measurements
/blog/bmi-tracking-guide/,figcaption,Illustrative. Individual weights swing by 1–2 kg day-to-day; the weekly average smooths the noise and reveals the underlying trend.
/blog/bmi-tracking-guide/,p,Weigh yourself in the same clothing (or no clothing) each time. Clothes can add 1–3 lbs depending on what you are wearing. Underwear only or naked provides the most accurate comparison.
/blog/bmi-tracking-guide/,p,This means a 170-pound person could weigh anywhere from 165 to 176 lbs within the same week without any actual change in body fat. This is why trend-based tracking is essential.
/blog/bmi-tracking-guide/,p,Weekly averages show consistent progress despite daily variations of 2–4 lbs
/blog/bmi-tracking-guide/,p,"Many people overestimate their height, which underestimates BMI. For adults, height should be remeasured annually, as height loss occurs naturally with aging (about 0.4 inches per decade after age 40)."
/blog/bmi-tracking-guide/,li,"Risk thresholds: Men > 40 inches (102 cm), Women > 35 inches (88 cm) indicate elevated health risk"
/blog/bmi-tracking-guide/,li,Men: > 0.90 indicates elevated health risk
/blog/bmi-tracking-guide/,li,Women: > 0.85 indicates elevated health risk
/blog/bmi-tracking-guide/,li,Steady upward trend: Consistent gain of 1–2 lbs per month over several months
/blog/bmi-tracking-guide/,li,"Unintentional loss: Losing weight without trying, especially more than 5% of body weight in 6–12 months"
/blog/bmi-tracking-guide/,li,Rapid loss: More than 2 lbs per week consistently (unless under medical supervision)
/blog/bmi-tracking-guide/,li,Continue weekly weigh-ins: Catching small regains early (3–5 lbs) allows quick correction
/blog/bmi-tracking-guide/,p,"Weekly weigh-ins work best for most people trying to lose weight. This frequency provides enough data to identify trends while avoiding the stress and confusion of daily weight fluctuations. Always weigh yourself under the same conditions: same time of day, same clothing (or none), same scale. If you prefer daily weighing, use a 7-day rolling average rather than focusing on individual readings."
/blog/bmi-tracking-guide/,p,"First, ensure you are accurately tracking food intake (weighing and measuring rather than estimating). Recalculate your calorie needs based on current weight. Check if you are gaining muscle while losing fat (body recomposition) by taking waist measurements and photos. Review sleep quality and stress levels. Consider tracking food for one precise week to identify hidden calories. If the plateau persists more than 4–6 weeks with verified deficit, consult a healthcare provider to rule out thyroid "
/blog/bmi-tracking-guide/,p,"A BMI change of 1–2 points over several months is clinically meaningful. For example, moving from BMI 27 to BMI 25 (from overweight to normal) or from BMI 32 to BMI 30 (from class I obesity to overweight) represents significant health improvement. In terms of weight, each BMI point equals roughly 6–8 lbs depending on height. A 5% body weight loss (about 1.5–2 BMI points for most people) produces measurable improvements in blood pressure, blood sugar, and cholesterol."
/blog/bmi-tracking-guide/,p,"For weight loss, aim to lose 0.5–2 lbs per week, which translates to roughly 0.1–0.3 BMI points per week or 0.5–1.5 BMI points per month. Faster loss is possible initially (often due to water weight) but sustained loss faster than 2 lbs/week often indicates muscle loss. For weight gain in underweight individuals, 0.5–1 lb per week is a healthy target. Any rapid, unintentional change in either direction should prompt medical evaluation."
/blog/bmi-tracking-guide/,p,"See your healthcare provider if you experience: unintentional weight loss of more than 5% of body weight in 6–12 months; rapid unexplained weight gain (more than 5 lbs in a week); BMI dropping below 18.5 or rising above 30; weight changes accompanied by fatigue, hair loss, temperature sensitivity, or other symptoms; or inability to gain weight despite adequate eating. These patterns may indicate underlying health conditions that require diagnosis and treatment."
/blog/body-fat-vs-bmi/,li,"Healthy body fat ranges differ by sex: 10-20% for men, 18-28% for women"
/blog/body-fat-vs-bmi/,li,DEXA scans are the gold standard for body fat measurement (1-2% accuracy)
/blog/body-fat-vs-bmi/,p,"Body Mass Index, or BMI, is a simple mathematical formula that relates your weight to your height. Developed in the 1830s by Belgian mathematician Adolphe Quetelet, BMI was originally designed for population-level health studies, not individual assessment. The formula divides your weight in kilograms by the square of your height in meters:"
/blog/body-fat-vs-bmi/,li,"Essential fat: Required for normal physiological function, including hormone regulation, vitamin absorption, and organ protection. Men need 2-5% essential fat; women need 10-13%."
/blog/body-fat-vs-bmi/,p,"People with normal weight obesity face increased risks for type 2 diabetes, cardiovascular disease, and metabolic syndrome - risks that wouldn't be detected by BMI alone."
/blog/body-fat-vs-bmi/,p,"The athlete paradox is one of the most well-documented limitations of BMI. Muscle tissue is approximately 18% denser than fat tissue by volume. This means a muscular athlete weighs more than a sedentary person of the same size, resulting in a higher BMI."
/blog/body-fat-vs-bmi/,p,Aim for 300-500 calories below maintenance. Aggressive dieting leads to muscle loss. Use our ideal weight calculator to set realistic targets.
/blog/body-fat-vs-bmi/,p,"Aim for 7-9 hours of quality sleep. Poor sleep increases hunger hormones, reduces muscle protein synthesis, and impairs fat loss."
/blog/body-fat-vs-bmi/,p,"Body fat percentage is generally more accurate for assessing individual health because it directly measures fat mass rather than just weight. BMI cannot distinguish between muscle, fat, bone, and water weight. However, the accuracy of body fat measurement depends on the method used - DEXA scans are accurate to within 1-2%, while home BIA scales may vary by 3-5%. For most people, BMI provides a reasonable estimate, but body fat percentage gives a more complete picture."
/blog/body-fat-vs-bmi/,p,"Yes, this condition is called ""normal weight obesity"" or colloquially ""skinny fat."" Someone can have a BMI in the healthy range (18.5-24.9) while having excess body fat and low muscle mass. Cardiometabolic risk markers (blood pressure, lipids, fasting glucose) can be abnormal in this phenotype, which is one reason body composition assessment adds information beyond BMI alone."
/blog/body-fat-vs-bmi/,p,"Healthy body fat ranges differ between men and women due to physiological differences. For men, a healthy range is typically 10-20%, with athletes often at 6-13%. For women, a healthy range is 18-28%, with athletes at 14-20%. Essential fat (the minimum needed for health) is 2-5% for men and 10-13% for women. Women require higher essential fat for reproductive health and hormone function. These ranges also adjust slightly with age, with older adults typically having slightly higher healthy ranges"
/blog/body-fat-vs-bmi/,p,"Muscle tissue is approximately 18% denser than fat tissue by volume. This means a pound of muscle takes up less space than a pound of fat. Athletes who have developed significant muscle mass weigh more than average, resulting in a higher BMI, even though their body fat percentage may be very low. For example, many NFL players are classified as ""obese"" by BMI despite having body fat percentages in the single digits. This is why BMI is particularly unreliable for athletes, bodybuilders, and highly"
/blog/body-fat-vs-bmi/,p,"DEXA (Dual-Energy X-ray Absorptiometry) scans are considered the gold standard for body fat measurement, with accuracy within 1-2%. They also provide information about fat distribution and bone density. Hydrostatic (underwater) weighing is similarly accurate at 1.5-2.5%. The Bod Pod air displacement method offers 2-3% accuracy. More accessible options like BIA scales (3-5% accuracy) and skinfold calipers (3-4% accuracy when used correctly) are less precise but still useful for tracking changes o"
/blog/healthy-bmi-range/,p,"A healthy BMI falls between 18.5 and 24.9 for most adults. But what does that actually mean for your body, your health risks, and your daily life? This guide explains everything you need to know about the healthy BMI range, including how it varies by sex, age, and ethnicity, and what you can do to reach or maintain it."
/blog/healthy-bmi-range/,li,Older adults (65+): 23 – 28 may carry the lowest mortality risk
/blog/healthy-bmi-range/,p,"Notice that the healthy range spans 33–53 lbs depending on height. This is a wide range, reflecting the natural diversity in body types, muscle mass, and frame sizes among healthy individuals. Enter your exact height in our BMI calculator for your personalized range, or use our ideal weight calculator to find your target weight."
/blog/healthy-bmi-range/,li,"Higher essential fat: Women need 10–13% essential body fat (vs. 2–5% for men) for hormonal function, fertility, and overall health."
/blog/healthy-bmi-range/,li,"Menstrual health: A BMI below 19 may disrupt menstrual cycles (amenorrhea), while a BMI above 24 is associated with increased risk of PCOS and fertility issues."
/blog/healthy-bmi-range/,li,"Bone health: Very low BMI (below 18.5) significantly increases osteoporosis risk in women, particularly after menopause."
/blog/healthy-bmi-range/,p,"For men, some researchers suggest an optimal range of 20 to 25 , which is slightly higher than the female range. Use our BMI calculator for men for male-specific results. The reasons for the different range include:"
/blog/healthy-bmi-range/,li,"Greater muscle mass: Men carry approximately 30–35% more muscle than women, which adds weight without adding fat. A BMI of 25 in a moderately active man may reflect healthy muscle rather than excess fat."
/blog/healthy-bmi-range/,li,"Lower body fat: Men with BMI 20–25 typically have 15–20% body fat, which is the healthy range for males."
/blog/healthy-bmi-range/,li,"Cardiovascular risk: For men, the lowest cardiovascular disease risk is observed in the BMI 20–25 range, with risk rising more steeply above 25 compared to women at the same BMI."
/blog/healthy-bmi-range/,p,The 65+ row reflects one large observational meta-analysis. It does not replace the WHO healthy range as a clinical target — individual assessment always dominates.
/blog/healthy-bmi-range/,p,"Children and teens aged 2–19 cannot be assessed using the adult BMI cutoffs. Instead, pediatric BMI is compared to age- and sex-specific growth charts, and the result is expressed as a percentile:"
/blog/healthy-bmi-range/,p,"A child at the 50th percentile has a BMI that is average for their age and sex. The healthy range (5th–84th percentile) is deliberately wide because children’s bodies change rapidly during growth and development. For more information, see our Pediatric BMI Calculator guide."
/blog/healthy-bmi-range/,p,"Chart represents relative risk for cardiovascular disease, type 2 diabetes, and all-cause mortality based on epidemiological data."
/blog/healthy-bmi-range/,p,"Maintaining a healthy BMI is associated with significantly lower lifetime healthcare costs. Obesity-related medical costs have been reported at approximately $1,429 higher per year than those for people at healthy weight. Over a lifetime, maintaining a healthy BMI can save tens of thousands of dollars in medical expenses."
/blog/healthy-bmi-range/,p,"People with a BMI of 25–27 who are physically active, have normal blood pressure, cholesterol, and blood sugar, and carry their weight in muscle rather than abdominal fat may not face significantly elevated health risks. This gray zone is where BMI is least reliable as a predictor, and other measurements like waist circumference and body fat percentage become especially important."
/blog/healthy-bmi-range/,p,Aim for 300–500 fewer calories per day than you burn. This produces a safe weight loss of 0.5–1 lb per week without triggering metabolic slowdown.
/blog/healthy-bmi-range/,p,Aim for 150–300 minutes of moderate aerobic activity per week plus 2 sessions of strength training. Combine cardio and resistance training for best results.
/blog/healthy-bmi-range/,p,Add 300–500 calories per day above your maintenance level. Focus on nutrient-dense foods rather than empty calories.
/blog/healthy-bmi-range/,li,"Sleep quality: Aim for 7–9 hours per night. Poor sleep disrupts hunger hormones (increasing ghrelin, decreasing leptin) and impairs decision-making around food."
/blog/healthy-bmi-range/,li,"Body fat percentage: 20–25% for women, 15–20% for men"
/blog/healthy-bmi-range/,p,"Research suggests the lowest mortality risk occurs at a BMI of approximately 22–23 for adults under 65. However, the entire 18.5–24.9 range is considered healthy, and individual optimal BMI depends on factors like age, sex, muscle mass, and genetic background. There is no single “perfect” BMI number."
/blog/healthy-bmi-range/,p,"Yes, it is possible. A BMI of 26 falls in the “overweight” category, but if you are physically active, have normal blood pressure, cholesterol, and blood sugar, and carry your weight in muscle rather than abdominal fat, your health risk may not be significantly elevated. This is particularly common in muscular men. However, monitoring other health markers and consulting your doctor is recommended."
/blog/healthy-bmi-range/,p,"No. A BMI of 24 is well within the healthy range (18.5–24.9) and is not considered too high by any medical standard. It is a perfectly healthy BMI for most adults, and being at the upper end of the healthy range does not carry the same risks as being overweight or obese."
/blog/healthy-bmi-range/,p,"There is no officially different range for athletes, but BMI is known to be less accurate for muscular individuals. Many athletes have BMIs of 25–30 while maintaining very low body fat levels. For athletes, body fat percentage and lean body mass are more meaningful measurements. Our Lean Body Mass calculator can help athletes assess body composition beyond BMI."
/blog/healthy-bmi-range/,p,"Not necessarily. While a BMI of 21–22 is sometimes cited as “ideal,” the evidence shows that the entire 18.5–24.9 range carries low risk. Your natural weight at which you feel energetic, sleep well, and can maintain comfortably with healthy habits is likely your personal optimal BMI, wherever in the range that falls."
/blog/healthy-bmi-range/,p,"Gradual changes are most sustainable. A safe rate of weight loss is 1–2 lbs per week (0.5–1 kg), which translates to a BMI decrease of approximately 0.15–0.3 points per week for an average-height person. Rapid weight loss is more likely to result in muscle loss, nutritional deficiencies, and eventual weight regain. Focus on building sustainable habits rather than achieving a specific number by a deadline."
/blog/how-to-lower-bmi/,li,Safe weight loss rate: 1-2 pounds per week (approximately 0.1-0.2 BMI points)
/blog/how-to-lower-bmi/,p,"The amount of weight needed to lower your BMI depends on your current weight and height. Here's a practical perspective: for every 6-7 pounds lost, a person of average height can expect their BMI to decrease by approximately one point."
/blog/how-to-lower-bmi/,li,A 500 kcal/day deficit produces roughly 1 lb/week of weight loss early on; expect the rate to taper.
/blog/how-to-lower-bmi/,li,"A 1,000 kcal/day deficit is roughly the maximum most people should attempt without medical supervision."
/blog/how-to-lower-bmi/,li,"Do not eat below ~1,200 kcal/day (women) or ~1,500 kcal/day (men) without clinical supervision — sustained intake below these thresholds risks nutrient deficits, gallstones, and muscle loss."
/blog/how-to-lower-bmi/,p,Track your progress for 2-3 weeks and adjust your intake if needed. Weight loss should average 1-2 pounds per week.
/blog/how-to-lower-bmi/,li,Use smaller plates: A 10-inch plate instead of a 12-inch plate can reduce consumption by 20-25%
/blog/how-to-lower-bmi/,p,"While diet typically produces greater weight loss than exercise alone, physical activity is crucial for maintaining weight loss, improving body composition, and gaining numerous health benefits. Public-health guidelines commonly recommend at least 150 minutes of moderate aerobic activity or 75 minutes of vigorous activity per week."
/blog/how-to-lower-bmi/,p,"A safe rate of weight loss is 1-2 pounds per week, which translates to roughly 0.1-0.2 BMI points per week. For most people, this means it takes about 3-6 months to move from one BMI category to another (e.g., from obese to overweight, or overweight to normal). Losing weight faster than this rate can lead to muscle loss, nutritional deficiencies, gallstones, and is difficult to sustain long-term. The slower approach also gives your body time to adapt and helps establish lasting habits."
/blog/how-to-lower-bmi/,p,"Sleep has a profound impact on weight and BMI. Poor sleep disrupts the hormones that control hunger: it increases ghrelin (which stimulates appetite) and decreases leptin (which signals fullness). This leads to increased hunger and cravings, particularly for high-calorie, high-carbohydrate foods. Sleep deprivation also reduces insulin sensitivity, affecting how your body processes food. Studies show that adults who regularly sleep less than 7 hours per night are significantly more likely to have"
/blog/underweight-bmi-risks/,p,"Being underweight, defined as having a BMI below 18.5, affects approximately 1.8% of adults in the United States and carries significant health risks that are often overlooked. This comprehensive guide explores the medical consequences of being underweight, common causes, and evidence-based strategies for healthy weight gain."
/blog/underweight-bmi-risks/,p,"The distinction between these categories is clinically significant. While mild underweight may cause subtle symptoms, severe underweight (BMI below 16) is a medical emergency that requires immediate professional intervention. Research published in medical journals has shown that mortality risk increases substantially as BMI drops below 18.5, with the highest risks observed in severely underweight individuals."
/blog/underweight-bmi-risks/,p,"Women with BMI below 18.5 have significantly higher rates of osteoporotic fractures, particularly in the hip, spine, and wrist. This risk is especially pronounced in those with eating disorders, where nutritional deficits are severe and prolonged."
/blog/underweight-bmi-risks/,p,Research indicates that achieving a healthy BMI (18.5-24.9) significantly improves fertility outcomes. Women who gain weight to reach normal BMI often see their menstrual cycles normalize and fertility improve. Learn more about healthy weight ranges for women in our guide to BMI for women .
/blog/underweight-bmi-risks/,p,Losing more than 5% of your body weight within 6-12 months without trying warrants medical evaluation.
/blog/underweight-bmi-risks/,p,"A BMI below 18.5 kg/m 2 is classified as underweight according to the World Health Organization and CDC. This is further divided into mild underweight (17.0-18.49), moderate underweight (16.0-16.99), and severe underweight (below 16.0). Use our BMI calculator to check your current BMI."
/blog/underweight-bmi-risks/,p,"Being underweight increases the risk of weakened immune function, osteoporosis and bone fractures, fertility problems and menstrual irregularities, nutrient deficiencies (iron, vitamin D, B12, zinc), anemia, fatigue, hair loss, and delayed wound healing. Severe underweight can also affect heart function and significantly increase mortality risk."
/blog/underweight-bmi-risks/,p,"Consult a doctor if you experience unintentional weight loss of more than 5% of body weight in 6-12 months, have a BMI below 17, suffer from persistent fatigue, have menstrual irregularities (3+ missed periods), or are unable to gain weight despite eating adequately. Your doctor can test for underlying conditions and refer you to appropriate specialists."
/blog/underweight-bmi-risks/,p,"For children and adolescents (ages 2-19), underweight is defined using BMI-for-age percentiles rather than fixed BMI numbers. A child below the 5th percentile for their age and sex is considered underweight. This accounts for normal growth patterns and developmental changes. Being underweight during growth years can affect development, bone formation, and puberty timing. See our guide to BMI for children for more information."
/blog/waist-to-height-ratio/,li,"WHtR outperforms BMI in predicting cardiovascular disease, type 2 diabetes, and all-cause mortality according to multiple large-scale studies"
/blog/waist-to-height-ratio/,figcaption,Waist is measured at the natural waist — roughly halfway between the lower rib and the iliac crest — not at the navel or trouser waistband. The 0.5 threshold is discussed in the Healthy Ranges section below.
/blog/waist-to-height-ratio/,p,"An earlier review by Browning, Hsieh & Ashwell in Nutrition Research Reviews (2010) pooled diagnostic-accuracy data across 14 countries and reported a mean AUROC of 0.704 for WHtR, 0.693 for waist circumference, and 0.671 for BMI, with a boundary value of 0.5 for both men and women. These are findings from those reviews, not clinical guidance."
/blog/waist-to-height-ratio/,p,WHtR offers significant advantages over BMI for children because it doesn't require age-specific percentile charts. The same 0.5 threshold applies to children of all ages.
/blog/waist-to-height-ratio/,p,"A study in the International Journal of Obesity found that WHtR identified children at cardiometabolic risk better than BMI percentiles, and the simple 0.5 cutoff worked across all age groups from 5 to 18 years."
/blog/waist-to-height-ratio/,li,The 0.5 cutoff effectively identifies elevated health risk across ethnicities
/blog/waist-to-height-ratio/,p,"That said, some researchers have proposed slightly lower cutoffs (0.46-0.48) for Asian populations, who tend to accumulate visceral fat at lower overall body fat levels. If you're of South Asian or East Asian descent, you may benefit from aiming for WHtR well below 0.5."
/blog/waist-to-height-ratio/,p,"A healthy waist-to-height ratio is below 0.5 for both men and women. This means your waist circumference should be less than half your height. Ratios between 0.5 and 0.6 indicate increased risk, while ratios above 0.6 suggest high health risk requiring medical attention."
/blog/waist-to-height-ratio/,p,"Research consistently shows that waist-to-height ratio is a better predictor of cardiovascular disease, type 2 diabetes, and mortality risk than BMI. Unlike BMI, WHtR measures abdominal fat distribution, which is the most metabolically dangerous type of fat. That said, both metrics are useful for different purposes."
/blog/waist-to-height-ratio/,p,"Yes, WHtR is effective for children and uses the same 0.5 threshold. Research shows it's a reliable indicator of metabolic risk in children and adolescents, and it's easier to interpret than age-specific BMI percentiles. A child's waist should be less than half their height."
/blog/waist-to-height-ratio/,p,"Waist-to-height ratio compares waist size to height and uses a universal 0.5 cutoff for everyone. Waist-to-hip ratio compares waist to hip circumference with different cutoffs for men (0.9) and women (0.85). WHtR is generally considered simpler and equally or more predictive of health risks, making it preferable for public health screening."
/blog/waist-to-height-ratio/,p,"Yes, this is common. People with normal BMI but high WHtR (above 0.5) are sometimes called ""metabolically obese, normal weight"" or MONW. They carry excess abdominal fat despite appearing thin. This pattern carries similar cardiovascular and metabolic risks to obesity, which is why WHtR is valuable as an additional screening tool."
/blog/what-is-bmi/,p,"When you calculate your BMI, you get a number typically ranging from about 15 to 40 (though extreme values are possible). This number falls into one of several categories that healthcare systems worldwide use to identify potential weight-related health risks:"
/blog/what-is-bmi/,p,"Belgian mathematician and astronomer Adolphe Quetelet created the formula in the 1830s as part of his work on ""social physics."" Quetelet wasn't a medical doctor and wasn't trying to assess individual health. Instead, he wanted to describe the characteristics of the ""average man"" by studying population statistics."
/blog/what-is-bmi/,p,"The term ""Body Mass Index"" wasn't coined until 1972 when American physiologist Ancel Keys published a study comparing various weight-for-height indices. Keys concluded that the Quetelet Index was the best option for population studies of obesity, despite acknowledging its limitations for individuals."
/blog/what-is-bmi/,p,"Throughout the 1980s and 1990s, health organizations including the World Health Organization (WHO) and the U.S. National Institutes of Health (NIH) adopted BMI as a standard measure for categorizing weight status. In 1998, the NIH lowered the overweight threshold from BMI 27 to BMI 25, aligning with WHO standards and immediately reclassifying millions of Americans as overweight."
/blog/what-is-bmi/,p,"Being underweight can indicate nutritional deficiency, eating disorders, or underlying health conditions. Risks include weakened immune function, bone loss (osteoporosis), fertility issues, and anemia. Medical evaluation is recommended for BMI below 18.5."
/blog/what-is-bmi/,p,"The overweight category indicates increased (but not high) risk for conditions like type 2 diabetes, cardiovascular disease, and certain cancers. Many people in this range are metabolically healthy, especially if physically active with favorable fat distribution."
/blog/what-is-bmi/,p,"Obesity is associated with significantly elevated health risks including heart disease, stroke, type 2 diabetes, certain cancers, sleep apnea, and joint problems. The three obesity classes (I, II, III) reflect progressively higher risk levels."
/blog/what-is-bmi/,p,"Research has identified situations where being slightly overweight (BMI 25–27) may actually be associated with better outcomes, particularly in older adults and those with certain chronic conditions. This phenomenon, called the ""obesity paradox,"" suggests that optimal BMI may vary by age and health status."
/blog/what-is-bmi/,p,"For example, a 10-year-old boy at the 75th percentile has a BMI higher than 75% of boys his age—but this is still within the healthy range."
/blog/what-is-bmi/,p,Pediatricians use CDC or WHO growth charts to track BMI-for-age over time. A single measurement matters less than the trend. A child who has consistently tracked at the 60th percentile is different from one whose percentile has jumped from 50th to 85th over a year.
/blog/what-is-bmi/,li,A muscular athlete might have BMI 28 with 15% body fat
/blog/what-is-bmi/,li,A sedentary person might have BMI 28 with 35% body fat
/blog/what-is-bmi/,p,"Body composition changes with age. Older adults typically have less muscle and more fat at the same weight, meaning a ""normal"" BMI in a 70-year-old may actually represent higher body fat than in a 30-year-old. Some researchers argue optimal BMI may be slightly higher for older adults."
/blog/what-is-bmi/,li,Asian populations may have higher health risks at lower BMIs (some countries use 23 as the overweight threshold)
/blog/what-is-bmi/,p,"WHtR divides waist circumference by height. The simple guideline is ""keep your waist to less than half your height."" A WHtR above 0.5 indicates increased health risk regardless of BMI. Some researchers argue WHtR is superior to BMI for predicting cardiovascular risk. Learn more in our Waist-to-Height Ratio Guide ."
/blog/what-is-bmi/,p,A realistic goal is 1–2 pounds per week. Losing even 5–10% of body weight can significantly improve metabolic health markers.
/blog/what-is-bmi/,p,"According to the World Health Organization (WHO), a normal or healthy BMI range is 18.5 to 24.9 . BMI below 18.5 is classified as underweight, 25–29.9 is overweight, and 30 or higher is classified as obese. These categories apply to adults aged 20 and older."
/blog/what-is-bmi/,p,"A BMI of 30 or higher is classified as obese. Obesity is further divided into: Class I (BMI 30–34.9), Class II (BMI 35–39.9), and Class III/severe obesity (BMI 40+). Each higher class indicates increased health risk."
/blog/what-is-bmi/,p,"For adults 20 and older, the same BMI categories apply regardless of age. However, for children and teenagers (ages 2–19), BMI is interpreted using age- and sex-specific percentiles because body composition changes during growth. Some researchers suggest optimal BMI may be slightly higher for older adults."
/blog/what-is-bmi/,p,"The BMI formula was invented by Belgian mathematician Adolphe Quetelet in the 1830s to study population statistics and describe the ""average man""—not for individual health assessment. The term ""Body Mass Index"" came later in 1972 when Ancel Keys proposed it for population studies on obesity."
/calculators/,p,Approximately 42% of U.S. adults have obesity (BMI ≥30). Learn more in our comprehensive BMI guide .
/calculators/,p,Male-specific interpretation with the NHLBI 40-inch (102 cm) waist-circumference elevated-risk threshold marked on the tool page.
/calculators/,p,"Uses the WHO adult 18.5–24.9 range for all adults, then adds the Winter 2014 observational finding: the BMI band with the lowest observed mortality in adults 65+ is 23–33."
/calculators/,p,"Percentile-based, ages 2–19, sex-specific. Adult fixed cutoffs do not apply below 20 — a child’s BMI is read against the CDC growth-chart distribution for their age and sex."
/calculators/,p,"Splits total body weight into lean mass and fat mass. Boer (1984) is the primary formula; James (1976) and Hume (1966) provide the comparison — typical spread is under 2 kg for average bodies, wider for heavier individuals."
/calculators/,p,"For a quick health screening, start with the Standard BMI Calculator . If you want gender-specific interpretation, use the Women or Men version. Adults over 45 should try the BMI by Age calculator for age-adjusted healthy ranges, as research suggests a slightly higher BMI may be protective for older adults. Parents should use the Pediatric BMI Calculator for children ages 2–19 — it uses CDC growth chart percentiles rather than fixed adult cutoffs. If you are very short or very tall, the New BMI "
/calculators/,p,"The BMI formula itself is identical for men and women — BMI = weight (kg) / height (m)² regardless of sex. The WHO classification ranges (18.5–24.9 = Normal, etc.) are also the same. However, the health implications differ because men and women have fundamentally different body compositions. Women naturally carry 6–11% more body fat than men at the same BMI. Men tend to store fat abdominally, which is associated with higher cardiovascular risk. This is why our Women's BMI Calculator and Men's BM"
/calculators/,p,"The Standard , Women , Men , and New BMI calculators are designed for adults aged 20 and older . The BMI by Age Calculator covers all adults but is especially valuable for those over 45 , where age-adjusted ranges may apply. The Pediatric BMI Calculator is specifically for children and teens ages 2–19 and uses CDC growth chart percentiles. For infants under 2, BMI is not recommended — weight-for-length charts should be used instead under pediatrician guidance. The Ideal Weight and Lean Body Mass"
/calculators/,p,"You can, but be aware that BMI frequently misclassifies athletes and muscular individuals . Because BMI cannot distinguish between muscle and fat, a football player with a BMI of 30 and 12% body fat is categorized the same as a sedentary person with 35% body fat. For athletes, the Lean Body Mass Calculator is the most appropriate tool, as it estimates your fat-free mass and body fat percentage. You can also use the New BMI Calculator , which may produce slightly different (and sometimes more acc"
/ideal-weight/,p,"With a baseline of 56.2 kg for men and 53.1 kg for women, the Miller formula gives the most ""generous"" ideal weight for people of average height. It was designed to reflect that many healthy people weigh more than Devine's estimates."
/ideal-weight/,p,"Average: 59.6 kg (131.4 lbs) . The four formulas agree closely at this height, ranging from about 129 to 135 lbs. Compare this with the BMI calculator for women to see the healthy BMI range."
/ideal-weight/,p,"Average: 72.3 kg (159.4 lbs) . At this height, the formulas show more variation -- from 155 to 165 lbs. The Hamwi formula gives the highest result, while Miller gives the lowest. You can cross-check this with the BMI calculator for men ."
/ideal-weight/,p,"Body frame refers to the size of your skeletal structure. People with larger frames naturally carry more bone and tissue mass, so their healthy weight is higher than someone of the same height with a smaller frame. Our calculator adjusts the formula results by approximately -10% for small frames and +10% for large frames. Understanding your frame is also important when interpreting BMI results , as noted in our article on BMI accuracy ."
/ideal-weight/,p,"For example, if your medium-frame ideal weight is 150 lbs, a small frame person of the same height would target about 135 lbs, while a large frame person would target about 165 lbs. Learn more about how body composition interacts with weight metrics in our body fat vs BMI guide ."
/ideal-weight/,p,"A 5'8"" woman could have an ideal weight of about 137 lbs according to the averaged formulas. But the healthy BMI range for this height spans from approximately 122 to 164 lbs. That is a 42-pound window in which a person can be considered medically healthy. The single ""ideal"" number falls roughly in the middle of that range, but aiming for an exact number can lead to unnecessary frustration and unhealthy behaviors."
/ideal-weight/,p,"The modern concept of ideal weight began with the Metropolitan Life Insurance Company in the 1940s. MetLife analyzed mortality data from millions of policyholders and published ""desirable weight"" tables based on height and frame size. These tables defined the weight range associated with the lowest mortality risk. While groundbreaking for their time, they were based almost entirely on white, middle-class Americans who could afford life insurance, introducing significant demographic bias."
/ideal-weight/,p,"By the 1980s, researchers recognized that the Devine formula might not be the best estimate for all populations. Robinson et al. And Miller et al. Independently published revised formulas in the same year, each attempting to better represent the relationship between height and ideal weight. The Robinson formula aimed to correct perceived biases in the Devine formula, while the Miller formula used a different mathematical approach that produced higher baseline weights."
/ideal-weight/,p,"Each formula was developed by different researchers using different populations and methodologies. The Devine formula (1974) was originally created for drug dosing. The Robinson (1983) and Miller (1983) formulas were published as corrections to Devine's estimates. The Hamwi formula (1964) is the oldest and was designed as a quick clinical rule-of-thumb. They use different baseline weights and different per-inch increments, so the results diverge -- especially at heights far from the 5'0"" baselin"
/ideal-weight/,p,"No. ""Ideal weight"" formulas give a single target number based on height and sex, while ""healthy weight"" is a range typically defined by a BMI of 18.5 to 24.9. For a 5'8"" person, this range spans about 40 pounds. You can be perfectly healthy at weights well above or below the formula-derived ""ideal."" The BMI healthy range, shown alongside the formula results in our calculator, gives you a broader, more realistic target. Neither approach accounts for body composition , muscle mass, or other indivi"
/ideal-weight/,p,"No single formula has been proven to be the most accurate. The Devine formula is the most widely used in clinical settings, but this is largely due to historical inertia rather than superior accuracy. Research by Pai and Paloucek (2000) compared the formulas and found that the Robinson formula tended to give results closest to the middle of the BMI healthy range for average-height individuals. The Miller formula tends to be most ""generous,"" giving higher ideal weights. Our approach of averaging "
/ideal-weight/,p,"The formulas themselves do not account for age, but in reality, your optimal weight does shift as you age . After age 30, adults typically lose about 3-5% of muscle mass per decade (a process called sarcopenia). Bone density also decreases, especially after menopause in women. Research suggests that being slightly above ""ideal weight"" in older age (BMI 25-27) may actually be protective, a phenomenon known as the ""obesity paradox."" Our BMI calculator by age and the guide on BMI by age provide age"
/ideal-weight/,p,"If your current weight is significantly above or below the calculated ideal, don't panic. First, remember that these formulas have known limitations and may not apply to your body type. If you are muscular, the formulas will underestimate your healthy weight. Second, if you genuinely need to lose or gain weight, research shows that even modest changes of 5-10% of body weight can significantly improve metabolic health markers. Set incremental goals rather than fixating on the formula number. Work"
/ideal-weight/,p,"No. These formulas are designed for adults only. Children and teenagers are still growing, and their body composition changes rapidly. For people under 20, the appropriate tool is an age- and sex-specific growth chart using BMI percentiles. Our pediatric BMI calculator uses CDC growth charts to assess weight status for children ages 2-19. You can also read our detailed guide on BMI for children ."
/ideal-weight/,p,"The ideal weight formulas and BMI both use height and weight, but in different ways. BMI is calculated from your actual weight and tells you which category you fall into (underweight, normal, overweight, obese). Ideal weight formulas work in reverse -- they use only your height to predict what you ""should"" weigh. The ideal weight from these formulas typically corresponds to a BMI of roughly 21-23 , which is near the middle of the ""normal"" range. Our calculator shows both the formula results and "
/kids-bmi-calculator/,p,"Calculate BMI for children and teens ages 2-19. Unlike adults, children's BMI is interpreted using age and sex-specific percentiles based on CDC growth charts."
/kids-bmi-calculator/,p,Based on CDC growth chart percentiles. The healthy range spans 80% of the distribution.
/kids-bmi-calculator/,li,Underweight: below 5th percentile — may indicate nutritional concerns
/kids-bmi-calculator/,li,Healthy weight: 5th to 84th percentile — normal range for children
/kids-bmi-calculator/,li,Overweight: 85th to 94th percentile — above normal for age and sex
/kids-bmi-calculator/,li,Obese: 95th percentile or above — significantly above normal
/kids-bmi-calculator/,h2,Average BMI by Age and Sex (50th Percentile)
/kids-bmi-calculator/,p,"If you have used a standard BMI calculator for adults, you know that the categories are straightforward: a BMI under 18.5 is underweight, 18.5 to 24.9 is normal, 25 to 29.9 is overweight, and 30 or above is obese. These fixed numbers work reasonably well for adults because their bodies have finished developing. For children and adolescents, however, fixed cutoffs are meaningless. Here is why pediatric BMI requires age-specific and sex-specific percentiles."
/kids-bmi-calculator/,p,"Children's body composition is in constant flux. Infants and toddlers carry a relatively high percentage of body fat, which is normal and necessary for brain development and energy reserves. Between ages 2 and 6, children naturally become leaner as they grow taller and more physically active. After the adiposity rebound (typically around ages 5-7), body fat gradually increases again through adolescence. A BMI of 16 might be perfectly normal for a 4-year-old but would be severely underweight for "
/kids-bmi-calculator/,p,"Puberty transforms body composition dramatically, and it happens at different ages and rates for boys and girls. Girls typically enter puberty between ages 8 and 13 and naturally accumulate more body fat in their hips, thighs, and breasts. Boys typically enter puberty between ages 9 and 14 and tend to gain more muscle mass relative to fat. These differences mean that a ""healthy"" BMI number looks different for a 13-year-old girl than a 13-year-old boy, even if they are the same height. Sex-specif"
/kids-bmi-calculator/,p,"Consider this: the 50th percentile BMI for a 5-year-old boy is approximately 15.5. For a 15-year-old boy, the 50th percentile BMI is approximately 20.5. If you applied the adult BMI scale to the 5-year-old, a BMI of 15.5 would classify that child as severely underweight. And if you used a child's standard for the teenager, a BMI of 20.5 might look high. The percentile system resolves this problem by always comparing a child to the appropriate reference group, ensuring that the interpretation is "
/kids-bmi-calculator/,p,"A growth chart plots a child's measurement (such as BMI, weight, height, or head circumference) against their age. The chart contains several curved lines, each representing a specific percentile (typically the 5th, 10th, 25th, 50th, 75th, 90th, and 95th). When your pediatrician plots your child's BMI on the chart, the point where it falls relative to these curves tells you what percentage of same-age, same-sex children have a lower BMI. For example, a child at the 70th percentile has a BMI high"
/kids-bmi-calculator/,p,"A common misunderstanding is that higher percentiles are always better or that the 50th percentile is a ""target."" Neither is true. The 50th percentile simply represents the statistical median. A child at the 25th percentile is not ""below average"" in a concerning way; they are simply on the smaller side of normal. Similarly, a child at the 75th percentile is not ""above average"" in a worrying way; they are on the larger side of normal. The entire range from the 5th to the 84th percentile is consid"
/kids-bmi-calculator/,p,"The most valuable information from growth charts comes from plotting multiple measurements over months and years. A child who has consistently tracked along the 30th percentile since age 2 is following a normal, expected growth pattern, even though their BMI is below the median. Conversely, a child who was at the 50th percentile at age 6 but has climbed to the 85th percentile by age 9 is showing a trend that warrants investigation, even though they are not yet classified as obese. Pediatricians "
/kids-bmi-calculator/,li,"Approximately 19.7% of children and adolescents aged 2-19 are affected by obesity in the United States, representing roughly 14.7 million young people."
/kids-bmi-calculator/,li,"Obesity rates are highest among adolescents aged 12-19 (22.2%), followed by children aged 6-11 (20.7%) and children aged 2-5 (12.7%)."
/kids-bmi-calculator/,li,Severe obesity (BMI at or above 120% of the 95th percentile) affects approximately 6.7% of children and adolescents.
/kids-bmi-calculator/,li,"Crossing percentile lines: If your child's BMI percentile has jumped significantly upward or downward over the past 6-12 months. A shift of more than one or two major percentile lines (for example, from the 50th to the 85th) is worth discussing."
/kids-bmi-calculator/,li,"Persistent underweight: If your child consistently falls below the 5th percentile and is not growing along an expected curve, especially if they were previously at a higher percentile. Learn more about the implications in our underweight BMI risks article."
/kids-bmi-calculator/,li,Your child's BMI consistently falls in the overweight or obese percentile range (85th percentile or above). Our pediatric BMI calculator guide explains what these thresholds mean.
/kids-bmi-calculator/,li,"Limit sugary beverages: Soda, fruit juice, sports drinks, and sweetened teas are major sources of empty calories for children. Water and plain milk are the best choices. Common pediatric guidance limits 100% fruit juice to no more than 4 oz per day for children ages 1-3, and 4-6 oz for ages 4-6."
/kids-bmi-calculator/,p,"The CDC recommends that children and adolescents aged 6-17 get at least 60 minutes of moderate-to-vigorous physical activity every day . For children aged 3-5, the goal is being physically active throughout the day (at least 3 hours of activity of any intensity). This may sound like a lot, but it can be broken into shorter sessions throughout the day."
/kids-bmi-calculator/,li,"Aerobic activity: Most of the 60 minutes should be moderate-to-vigorous aerobic activity such as brisk walking, running, bicycling, swimming, or active games. Vigorous activity should be included at least 3 days per week."
/kids-bmi-calculator/,li,"Muscle-strengthening: Activities like climbing, push-ups, gymnastics, or playing on playground equipment should be included at least 3 days per week."
/kids-bmi-calculator/,li,"Bone-strengthening: Jumping, running, skipping rope, and sports like basketball or tennis should be included at least 3 days per week."
/kids-bmi-calculator/,li,Ages 3-5: 10-13 hours per 24 hours (including naps)
/kids-bmi-calculator/,li,Ages 6-12: 9-12 hours per 24 hours
/kids-bmi-calculator/,li,Ages 13-18: 8-10 hours per 24 hours
/kids-bmi-calculator/,p,"Children's body fat changes as they grow, and boys and girls develop differently. A fixed BMI number doesn't work for kids because what's healthy at age 5 is different from age 15. Instead, a child's BMI is compared to other children of the same age and sex using CDC growth chart percentiles. For example, a BMI of 16 is normal for a 5-year-old but would be underweight for a teenager. The percentile system accounts for these developmental differences by always comparing a child to an appropriate "
/kids-bmi-calculator/,p,"A healthy weight for children is between the 5th and 84th percentile . Below the 5th percentile is underweight, the 85th-94th percentile is overweight, and the 95th percentile or above is obese. A child at the 50th percentile has a BMI equal to or greater than 50% of children their age and sex. Importantly, any percentile within the healthy range is considered normal. A child at the 10th percentile is just as healthy as a child at the 75th percentile. What matters more than the specific number i"
/kids-bmi-calculator/,p,"A high BMI percentile doesn't always mean a problem. Children go through growth spurts and their body composition changes rapidly. Some children who are athletic may have higher BMI due to muscle mass. However, if your child consistently tracks at or above the 85th percentile, it is worth discussing with your pediatrician. They can evaluate your child's overall growth pattern over time, assess dietary and activity habits, check for any underlying health concerns, and provide personalized guidanc"
/kids-bmi-calculator/,p,"The adult BMI calculator is appropriate for adults aged 20 and older . For teens aged 18-19, using the pediatric percentile-based calculator is still recommended since their bodies are still developing. After age 20, the standard adult BMI categories apply (underweight below 18.5, normal 18.5-24.9, overweight 25-29.9, obese 30+). You can use our standard BMI calculator for adults, or our specialized age-specific BMI calculator which provides nuanced interpretations based on age group."
/kids-bmi-calculator/,p,"Yes. A child whose BMI falls below the 5th percentile is classified as underweight, which can be just as concerning as being overweight. Being underweight may indicate insufficient caloric intake, malabsorption issues, underlying medical conditions, or an eating disorder. Underweight children may have weakened immune systems, poor bone density, delayed growth, and difficulty concentrating in school. However, some children are naturally lean and fall just below the 5th percentile while being perf"
/kids-bmi-calculator/,p,"There is a significant correlation between childhood BMI and adult weight , but it is not a certainty. Research shows that children with obesity are approximately five times more likely to become adults with obesity compared to children at a healthy weight. The risk increases with age: an obese 6-year-old has about a 50% chance of being obese as an adult, while an obese teenager has a roughly 80% chance. However, many children who are overweight do slim down during puberty and adolescence, espec"
/kids-bmi-calculator/,p,"Small fluctuations in BMI percentile are normal and expected, especially during growth spurts and puberty . Children often gain weight just before a height growth spurt, which can temporarily push their BMI percentile up. Once they grow taller, the percentile typically comes back down. Similarly, during puberty, body composition changes rapidly as children develop muscle, redistribute fat, and mature sexually. However, a large or sustained shift in percentile (for example, jumping from the 40th "
/lean-body-mass/,li,Healthy body fat for women: 20-25% -- essential fat is about 10-13%
/lean-body-mass/,li,Healthy body fat for men: 15-20% -- essential fat is about 2-5%
/lean-body-mass/,p,"The Boer formula is generally considered one of the most balanced options. The James formula (1976) tends to overestimate LBM in heavier individuals, while the Hume formula (1966) can underestimate LBM in shorter individuals. Studies have shown that the Boer formula provides estimates closest to DEXA scan results across a wide range of body types, which is why it is the preferred choice for this calculator. For more on how body composition relates to standard metrics, see our BMI accuracy guide "
/lean-body-mass/,li,James WPT. Research on Obesity: A Report of the DHSS/MRC Group . London: Her Majesty’s Stationery Office; 1976.
/lean-body-mass/,li,Boer P. Estimated lean body mass as an index for normalization of body fluid volumes in humans. American Journal of Physiology — Renal Physiology . 1984;247(4):F632–F636.
/lean-body-mass/,p,"Protein requirements are most accurately calculated based on lean body mass, not total body weight. The general recommendation of 0.7-1.0 grams of protein per pound of body weight is actually meant to approximate protein per pound of LBM. For someone at 25% body fat weighing 200 lbs, their LBM is 150 lbs, and their protein target should be 105-150 grams per day. Without knowing LBM, an obese person might overshoot protein targets while a very lean person might undershoot them. This connects dire"
/lean-body-mass/,li,"Aim for 3-4 training sessions per week, 45-60 minutes each"
/lean-body-mass/,p,"Protein provides the amino acids your body needs to build and repair muscle tissue. Research consistently shows that consuming 0.7-1.0 grams of protein per pound of body weight per day is optimal for supporting muscle growth and preservation. For someone who already knows their LBM, using 1.0-1.2 grams per pound of lean body mass is even more precise. Distribute protein intake across 3-5 meals throughout the day, with at least 20-30 grams per meal to maximize muscle protein synthesis."
/lean-body-mass/,p,"Muscle growth happens during recovery, not during training. Growth hormone, which plays a critical role in muscle repair and fat metabolism, is primarily released during deep sleep. Aim for 7-9 hours of quality sleep per night. Chronic sleep deprivation has been shown to increase cortisol levels, promote fat storage, and impair muscle protein synthesis -- all of which worsen body composition even if training and nutrition are optimized."
/lean-body-mass/,li,Avoid screens for 30-60 minutes before bed
/lean-body-mass/,li,Allow at least 48 hours between training the same muscle group
/lean-body-mass/,p,"While a calorie deficit is necessary for fat loss, extreme deficits (more than 500-750 calories below maintenance) cause significant lean mass loss alongside fat loss. Research shows that aggressive dieting can result in 20-30% of weight lost coming from lean tissue rather than fat, which is counterproductive for body composition. A moderate deficit of 300-500 calories per day, combined with resistance training and adequate protein, ensures that the majority of weight lost is fat while lean mass"
/lean-body-mass/,p,"Lean body mass (LBM) is your total body weight minus all fat weight . It includes muscles, bones, organs, skin, blood, and water -- everything that isn't stored body fat. LBM is important for determining caloric needs, medication dosing, and assessing fitness level. For example, a 180-pound man with 20% body fat has an LBM of 144 pounds and 36 pounds of fat. Understanding this breakdown is far more useful than knowing total weight alone, as it reveals whether your weight comes from metabolically"
/lean-body-mass/,p,"Healthy body fat ranges differ by sex. For women: 20-25% is considered healthy, with athletes at 14-20%. For men: 15-20% is healthy, with athletes at 6-13%. Essential body fat (needed for basic functions) is 10-13% for women and 2-5% for men. Going below essential fat levels is dangerous and can lead to hormonal disruption, weakened immune function, and organ damage. These ranges are guidelines from the American Council on Exercise and align with recommendations from major health organizations. "
/lean-body-mass/,p,"The Boer formula is a population-based estimate and can vary by 5-10% from actual measurements. It is most accurate for people of average body composition and less accurate for very lean or very obese individuals. Compared to other estimation formulas (James, Hume), the Boer formula generally produces results closest to DEXA scan measurements across the widest range of body types. For precise measurements, clinical methods like DEXA scanning (+/- 1-2%), hydrostatic weighing (+/- 1.5-2.5%), or ai"
/lean-body-mass/,p,"The most effective way to increase LBM is through progressive resistance training combined with adequate protein intake. Train each muscle group 2-3 times per week using compound exercises (squats, deadlifts, presses, rows). Consume 0.7-1.0 grams of protein per pound of bodyweight daily, distributed across multiple meals. Ensure you are eating enough total calories to support muscle growth -- a slight caloric surplus of 200-300 calories above maintenance is optimal for building muscle while mini"
/lean-body-mass/,p,"No, lean body mass and muscle mass are related but not identical . LBM includes everything in your body that is not fat: skeletal muscle, smooth muscle (in organs), cardiac muscle, bones, connective tissue, organs, blood, skin, and water. Skeletal muscle mass is just one component of LBM, typically making up about 40-50% of total LBM in healthy adults. When people talk about ""gaining lean mass,"" they usually mean increasing skeletal muscle, but technically LBM also increases if bone density impr"
/lean-body-mass/,p,"Lean body mass naturally declines with age in a process called sarcopenia. Starting around age 30, adults lose approximately 3-8% of their muscle mass per decade, with the rate accelerating after age 60. By age 80, many people have lost 30-40% of the muscle mass they had at age 30. This decline contributes to reduced metabolic rate (why it becomes easier to gain fat with age), decreased strength, impaired balance, and increased fall risk. However, resistance training can significantly slow or ev"
/lean-body-mass/,p,"In practice, LBM and fat-free mass (FFM) are often used interchangeably, but there is a small technical difference . Fat-free mass is literally everything in the body with zero fat content, while lean body mass includes a small amount of essential fat that is stored within organs, bone marrow, and the central nervous system. This essential lipid component accounts for roughly 2-3% of body weight. For practical purposes (fitness tracking, nutritional planning, general health assessment), the diff"
/men-bmi-calculator/,p,"On average, men carry 10-15 pounds more skeletal muscle than women of the same height. Testosterone drives this difference from puberty onward. Because BMI only measures total body weight relative to height, it cannot distinguish between lean mass and fat mass. A man with well-developed musculature may register as ""overweight"" on the BMI scale despite having a low body fat percentage. Our guide on muscle mass and BMI explores this relationship in depth."
/men-bmi-calculator/,p,"Professional athletes, weightlifters, football players, and recreational bodybuilders frequently have BMIs between 25 and 30 while maintaining body fat percentages in the 8-15% range. BMI does not account for frame size, bone density, or muscle distribution. Read more about why this happens in our BMI for athletes guide, and consider using the Lean Body Mass Calculator for a more complete picture. Our BMI for athletes guide provides additional context for strength-trained men."
/men-bmi-calculator/,p,"Testosterone is the primary driver of male body composition. Higher testosterone levels promote muscle protein synthesis, increase bone mineral density, and reduce fat storage. As men age and testosterone declines (typically 1-2% per year after age 30), they tend to lose muscle and accumulate fat even if their weight -- and BMI -- stays the same. This means the same BMI number can represent very different body compositions at age 25 vs. age 55. Our BMI and metabolism article covers this topic in"
/men-bmi-calculator/,p,"Given the limitations above, current cardiometabolic guidance is to combine BMI with waist circumference measurements. A waist measurement over 40 inches (102 cm) indicates increased disease risk regardless of BMI. For a more accurate assessment, combine your BMI result with our waist-related measurements or explore the BMI vs. body composition guide."
/men-bmi-calculator/,figcaption,40 inches (102 cm) is the NHLBI-defined waist-circumference threshold for men associated with elevated cardiometabolic risk.
/men-bmi-calculator/,p,"Significantly elevated risk for heart disease, type 2 diabetes, and metabolic syndrome. Action recommended."
/men-bmi-calculator/,p,"The waist-to-hip ratio (WHR) divides your waist measurement by your hip measurement. For men, a WHR above 0.90 is associated with increased cardiovascular risk. A ratio below 0.90 is considered healthy. This metric is especially useful for men who carry weight around their midsection. Our waist-to-height ratio guide explores related measurements in more detail."
/men-bmi-calculator/,p,"Every extra pound of body weight adds approximately 4 pounds of pressure on the knee joints. Men with a BMI over 30 are at significantly higher risk for osteoarthritis, particularly in the knees, hips, and lower back. Active men who carry excess weight put even more strain on joints during exercise. Read more about the risks of being overweight ."
/men-bmi-calculator/,p,"For men on the other end of the spectrum, being underweight (BMI under 18.5) also carries health risks including weakened immunity, bone density loss, and nutritional deficiencies. The goal should be to maintain a BMI and body composition that supports overall metabolic health. Understanding the different BMI categories helps you set appropriate health targets."
/men-bmi-calculator/,p,"Men tend to store fat around the abdomen (visceral fat), which is more strongly linked to heart disease, type 2 diabetes, and metabolic syndrome than subcutaneous fat stored in other areas. A waist circumference over 40 inches (102 cm) indicates elevated health risk, regardless of BMI. Measuring waist circumference is a standard part of cardiometabolic health assessments for men. Even men with a ""normal"" BMI can be at elevated risk if their waist measurement is too high. See our waist-to-height "
/men-bmi-calculator/,p,"According to CDC data, the average BMI for adult American men is approximately 29.1 , which falls in the overweight category (BMI 25-29.9) and is very close to the obesity threshold of 30. Approximately 43% of American men are classified as obese (BMI 30+) and an additional 31% are classified as overweight (BMI 25-29.9). This means roughly 74% of American men are above the recommended healthy BMI range. These statistics underscore why regular monitoring with tools like this BMI calculator for me"
/new-bmi-calculator/,li,Short people get slightly higher New BMI — typically +0.5 to +2 points compared to traditional BMI
/new-bmi-calculator/,li,Tall people get slightly lower New BMI — typically -0.5 to -2 points compared to traditional BMI
/new-bmi-calculator/,p,"The traditional BMI formula divides weight by height squared. However, human bodies are three-dimensional objects, and as a person grows taller, their volume (and therefore mass) scales more closely with height cubed than height squared. The traditional exponent of 2 was originally chosen as a compromise that worked well for average-height individuals, but it introduces systematic errors at the extremes of height. This is one reason why BMI accuracy varies across different populations."
/new-bmi-calculator/,p,"Trefethen argued that the ideal exponent should be somewhere between 2 (pure area scaling) and 3 (pure volume scaling). After analyzing population data and the dimensional relationship between height and mass, he settled on 2.5 as the best fit. The factor of 1.3 is a scaling constant that ensures the New BMI produces values in the same range as the traditional BMI for people of average height (around 5'7"" or 170 cm), so the existing BMI category thresholds (18.5, 25, 30) remain applicable withou"
/new-bmi-calculator/,p,"Trefethen examined how body mass scales with height across population data and through dimensional analysis. He found that an exponent of approximately 2.5 provides the best fit: it sits between the area-based scaling of 2 (where we imagine people are flat) and the volume-based scaling of 3 (where people are perfect cubes). The 2.5 exponent better captures how human bodies actually grow taller — we get proportionally wider and deeper, but not as fast as a perfect cube would predict."
/new-bmi-calculator/,p,"New BMI is typically +0.5 to +2 points higher than traditional BMI. The traditional formula was slightly flattering short individuals, and the New BMI corrects this by increasing their score. For someone at 5'0"", the difference can be as much as +2.1 points at higher weights. This could push a person from ""normal"" to ""overweight"" or from ""overweight"" to ""obese"" in some cases."
/new-bmi-calculator/,h3,"Average Height (5'6"" - 5'10"" / 168-178 cm)"
/new-bmi-calculator/,p,"New BMI is within -0.5 to +0.5 points of traditional BMI. At average height, both formulas produce essentially identical results because the 1.3 scaling factor was calibrated to this range. Most people in this group will see no change in their BMI category. The formulas are designed to agree at approximately 5'7"" (170 cm)."
/new-bmi-calculator/,p,"New BMI is typically -0.5 to -2 points lower than traditional BMI. The traditional formula was slightly penalizing tall individuals, and the New BMI corrects this by decreasing their score. For someone at 6'4"", the difference can be as much as -1.8 points. This could move a person from ""overweight"" to ""normal"" or from ""obese"" to ""overweight."""
/new-bmi-calculator/,p,"All values calculated for a weight of 160 lbs (72.6 kg). The crossover point where both formulas agree is approximately 5'7"" (170 cm). For sex-specific analysis, see our BMI calculator for women and BMI calculator for men ."
/new-bmi-calculator/,p,"For medical and clinical purposes, use the traditional BMI . This is what your doctor uses, what health organizations recommend, and what clinical research is based on. The New BMI is best used as a supplementary perspective , especially if you are significantly shorter or taller than average. If you are 5'0"" and your traditional BMI says you are at the top of the normal range, it is worth noting that the New BMI would put you slightly into overweight territory. Similarly, if you are 6'4"" and cl"
/new-bmi-calculator/,p,"It depends on your height and where your BMI falls relative to category boundaries. If you are of average height (5'5"" to 5'10""), the difference is usually less than half a point, which is unlikely to change your category. If you are short (under 5'4""), the New BMI will be higher by 0.5 to 2+ points, which could push you from normal to overweight or from overweight to obese. If you are tall (over 6'0""), the New BMI will be lower by 0.5 to 2+ points, which could drop you from overweight to normal"
/women-bmi-calculator/,li,Women naturally have higher body fat — typically 20-25% vs 15-20% for men
/women-bmi-calculator/,p,"Women naturally carry 6-11% more body fat than men. This is biologically essential for hormone production, reproductive health, and breast tissue. A woman at BMI 22 typically has about 25% body fat, while a man at the same BMI may have only 18%."
/women-bmi-calculator/,p,"This chart illustrates why the same BMI number means different things for women and men. At an identical BMI of 22, women typically carry significantly more body fat due to biological differences. Understanding body fat vs BMI helps you interpret your results more accurately."
/women-bmi-calculator/,p,"During puberty, girls naturally gain body fat as part of healthy development. BMI-for-age percentiles (not adult BMI categories) should be used during this period. A girl in the 5th-85th percentile is considered healthy weight. Rapid growth spurts mean BMI can fluctuate significantly year to year. Use our kids BMI calculator for ages 2-19."
/women-bmi-calculator/,li,Underweight (BMI < 18.5): gain 28-40 lbs
/women-bmi-calculator/,li,Normal weight (BMI 18.5-24.9): gain 25-35 lbs
/women-bmi-calculator/,li,Overweight (BMI 25-29.9): gain 15-25 lbs
/women-bmi-calculator/,li,Obese (BMI 30+): gain 11-20 lbs
/women-bmi-calculator/,p,"As estrogen levels decline, fat redistributes from the hips and thighs to the abdomen. The average woman gains 5-10 lbs during the menopausal transition. Even if your BMI stays the same, your body composition and health risks may change because of this shift to visceral (abdominal) fat. Waist circumference becomes an especially important metric during this stage."
/women-bmi-calculator/,p,"A waist measurement above 35 inches indicates increased risk of heart disease, type 2 diabetes, and metabolic syndrome."
/women-bmi-calculator/,p,"Two women with the same BMI can have very different health risk profiles depending on where they carry their fat. A woman with a BMI of 24 and a waist measurement of 38 inches faces significantly higher cardiovascular risk than a woman with the same BMI but a 30-inch waist. This is because visceral fat (deep abdominal fat surrounding organs) produces inflammatory substances that contribute to insulin resistance, high blood pressure, and abnormal cholesterol levels. Understanding these BMI-relate"
/women-bmi-calculator/,p,"No, the BMI formula is the same for both sexes : weight (kg) divided by height (m) squared. However, women naturally carry more body fat than men at the same BMI. A BMI of 22 may correspond to about 25% body fat in women but only 18% in men. That is why some experts suggest women consider additional metrics like waist circumference or body fat percentage for a more complete assessment. Our men's BMI calculator uses the same formula but provides male-specific interpretation. For a deep dive into "
/women-bmi-calculator/,p,"Menopause does not change how BMI is calculated, but hormonal changes can cause weight redistribution . Many women gain 5-10 pounds during the menopausal transition, with fat shifting from the hips and thighs toward the abdomen. This visceral fat accumulation increases cardiovascular risk even if overall BMI stays the same. Monitoring waist circumference (keeping it under 35 inches) alongside BMI becomes especially important during this transition. Strength training and adequate protein intake c"
/women-bmi-calculator/,p,"Women require higher essential body fat (10-13%) compared to men (2-5%) for critical biological functions including hormone regulation, reproductive health, and fetal development. Estrogen directs fat storage to the breasts, hips, and thighs. This is not unhealthy; it is a fundamental aspect of female biology. A healthy body fat percentage for women is 21-31%, while for men it is 14-24%. Dropping below the essential fat threshold can lead to hormonal disruption, loss of menstrual periods (amenor"
