dataset,population,age_group,sex,group_type,group,survey_period,midpoint_year,measure,percent,standard_error,estimate_type,note,source,source_url
HE111_T1_adults_20-74,adults,20-74,all,all,all,1960-1962,1961.5,overweight,31.5,0.5,age-adjusted,1960-1962 NHES included ages 18-79,NCHS Health E-Stat 111 (Feb 2026),https://www.cdc.gov/nchs/data/hestat/hestat111.htm
HE111_T1_adults_20-74,adults,20-74,all,all,all,1960-1962,1961.5,obesity,13.4,0.5,age-adjusted,1960-1962 NHES included ages 18-79,NCHS Health E-Stat 111 (Feb 2026),https://www.cdc.gov/nchs/data/hestat/hestat111.htm
HE111_T1_adults_20-74,adults,20-74,all,all,all,1960-1962,1961.5,severe obesity,0.9,0.1,age-adjusted,1960-1962 NHES included ages 18-79,NCHS Health E-Stat 111 (Feb 2026),https://www.cdc.gov/nchs/data/hestat/hestat111.htm
HE111_T1_adults_20-74,adults,20-74,men,all,all,1960-1962,1961.5,overweight,38.7,0.7,age-adjusted,1960-1962 NHES included ages 18-79,NCHS Health E-Stat 111 (Feb 2026),https://www.cdc.gov/nchs/data/hestat/hestat111.htm
HE111_T1_adults_20-74,adults,20-74,men,all,all,1960-1962,1961.5,obesity,10.7,0.7,age-adjusted,1960-1962 NHES included ages 18-79,NCHS Health E-Stat 111 (Feb 2026),https://www.cdc.gov/nchs/data/hestat/hestat111.htm
HE111_T1_adults_20-74,adults,20-74,men,all,all,1960-1962,1961.5,severe obesity,0.3,0.1,age-adjusted,1960-1962 NHES included ages 18-79,NCHS Health E-Stat 111 (Feb 2026),https://www.cdc.gov/nchs/data/hestat/hestat111.htm
HE111_T1_adults_20-74,adults,20-74,women,all,all,1960-1962,1961.5,overweight,24.7,0.8,age-adjusted,1960-1962 NHES included ages 18-79,NCHS Health E-Stat 111 (Feb 2026),https://www.cdc.gov/nchs/data/hestat/hestat111.htm
HE111_T1_adults_20-74,adults,20-74,women,all,all,1960-1962,1961.5,obesity,15.8,0.6,age-adjusted,1960-1962 NHES included ages 18-79,NCHS Health E-Stat 111 (Feb 2026),https://www.cdc.gov/nchs/data/hestat/hestat111.htm
HE111_T1_adults_20-74,adults,20-74,women,all,all,1960-1962,1961.5,severe obesity,1.4,0.2,age-adjusted,1960-1962 NHES included ages 18-79,NCHS Health E-Stat 111 (Feb 2026),https://www.cdc.gov/nchs/data/hestat/hestat111.htm
HE111_T1_adults_20-74,adults,20-74,all,all,all,1971-1974,1973.0,overweight,32.7,0.6,age-adjusted,,NCHS Health E-Stat 111 (Feb 2026),https://www.cdc.gov/nchs/data/hestat/hestat111.htm
HE111_T1_adults_20-74,adults,20-74,all,all,all,1971-1974,1973.0,obesity,14.5,0.4,age-adjusted,,NCHS Health E-Stat 111 (Feb 2026),https://www.cdc.gov/nchs/data/hestat/hestat111.htm
HE111_T1_adults_20-74,adults,20-74,all,all,all,1971-1974,1973.0,severe obesity,1.3,0.2,age-adjusted,,NCHS Health E-Stat 111 (Feb 2026),https://www.cdc.gov/nchs/data/hestat/hestat111.htm
HE111_T1_adults_20-74,adults,20-74,men,all,all,1971-1974,1973.0,overweight,41.7,1.1,age-adjusted,,NCHS Health E-Stat 111 (Feb 2026),https://www.cdc.gov/nchs/data/hestat/hestat111.htm
HE111_T1_adults_20-74,adults,20-74,men,all,all,1971-1974,1973.0,obesity,12.1,0.6,age-adjusted,,NCHS Health E-Stat 111 (Feb 2026),https://www.cdc.gov/nchs/data/hestat/hestat111.htm
HE111_T1_adults_20-74,adults,20-74,men,all,all,1971-1974,1973.0,severe obesity,0.6,0.2,age-adjusted,,NCHS Health E-Stat 111 (Feb 2026),https://www.cdc.gov/nchs/data/hestat/hestat111.htm
HE111_T1_adults_20-74,adults,20-74,women,all,all,1971-1974,1973.0,overweight,24.3,0.7,age-adjusted,,NCHS Health E-Stat 111 (Feb 2026),https://www.cdc.gov/nchs/data/hestat/hestat111.htm
HE111_T1_adults_20-74,adults,20-74,women,all,all,1971-1974,1973.0,obesity,16.6,0.6,age-adjusted,,NCHS Health E-Stat 111 (Feb 2026),https://www.cdc.gov/nchs/data/hestat/hestat111.htm
HE111_T1_adults_20-74,adults,20-74,women,all,all,1971-1974,1973.0,severe obesity,2.0,0.3,age-adjusted,,NCHS Health E-Stat 111 (Feb 2026),https://www.cdc.gov/nchs/data/hestat/hestat111.htm
HE111_T1_adults_20-74,adults,20-74,all,all,all,1976-1980,1978.5,overweight,32.1,0.6,age-adjusted,,NCHS Health E-Stat 111 (Feb 2026),https://www.cdc.gov/nchs/data/hestat/hestat111.htm
HE111_T1_adults_20-74,adults,20-74,all,all,all,1976-1980,1978.5,obesity,15.0,0.4,age-adjusted,,NCHS Health E-Stat 111 (Feb 2026),https://www.cdc.gov/nchs/data/hestat/hestat111.htm
HE111_T1_adults_20-74,adults,20-74,all,all,all,1976-1980,1978.5,severe obesity,1.4,0.1,age-adjusted,,NCHS Health E-Stat 111 (Feb 2026),https://www.cdc.gov/nchs/data/hestat/hestat111.htm
HE111_T1_adults_20-74,adults,20-74,men,all,all,1976-1980,1978.5,overweight,39.9,0.8,age-adjusted,,NCHS Health E-Stat 111 (Feb 2026),https://www.cdc.gov/nchs/data/hestat/hestat111.htm
HE111_T1_adults_20-74,adults,20-74,men,all,all,1976-1980,1978.5,obesity,12.7,0.6,age-adjusted,,NCHS Health E-Stat 111 (Feb 2026),https://www.cdc.gov/nchs/data/hestat/hestat111.htm
HE111_T1_adults_20-74,adults,20-74,men,all,all,1976-1980,1978.5,severe obesity,0.4,0.1,age-adjusted,,NCHS Health E-Stat 111 (Feb 2026),https://www.cdc.gov/nchs/data/hestat/hestat111.htm
HE111_T1_adults_20-74,adults,20-74,women,all,all,1976-1980,1978.5,overweight,24.9,0.8,age-adjusted,,NCHS Health E-Stat 111 (Feb 2026),https://www.cdc.gov/nchs/data/hestat/hestat111.htm
HE111_T1_adults_20-74,adults,20-74,women,all,all,1976-1980,1978.5,obesity,17.0,0.6,age-adjusted,,NCHS Health E-Stat 111 (Feb 2026),https://www.cdc.gov/nchs/data/hestat/hestat111.htm
HE111_T1_adults_20-74,adults,20-74,women,all,all,1976-1980,1978.5,severe obesity,2.2,0.3,age-adjusted,,NCHS Health E-Stat 111 (Feb 2026),https://www.cdc.gov/nchs/data/hestat/hestat111.htm
HE111_T1_adults_20-74,adults,20-74,all,all,all,1988-1994,1991.5,overweight,32.6,0.6,age-adjusted,,NCHS Health E-Stat 111 (Feb 2026),https://www.cdc.gov/nchs/data/hestat/hestat111.htm
HE111_T1_adults_20-74,adults,20-74,all,all,all,1988-1994,1991.5,obesity,23.2,0.7,age-adjusted,,NCHS Health E-Stat 111 (Feb 2026),https://www.cdc.gov/nchs/data/hestat/hestat111.htm
HE111_T1_adults_20-74,adults,20-74,all,all,all,1988-1994,1991.5,severe obesity,3.0,0.3,age-adjusted,,NCHS Health E-Stat 111 (Feb 2026),https://www.cdc.gov/nchs/data/hestat/hestat111.htm
HE111_T1_adults_20-74,adults,20-74,men,all,all,1988-1994,1991.5,overweight,40.3,0.8,age-adjusted,,NCHS Health E-Stat 111 (Feb 2026),https://www.cdc.gov/nchs/data/hestat/hestat111.htm
HE111_T1_adults_20-74,adults,20-74,men,all,all,1988-1994,1991.5,obesity,20.5,0.7,age-adjusted,,NCHS Health E-Stat 111 (Feb 2026),https://www.cdc.gov/nchs/data/hestat/hestat111.htm
HE111_T1_adults_20-74,adults,20-74,men,all,all,1988-1994,1991.5,severe obesity,1.8,0.3,age-adjusted,,NCHS Health E-Stat 111 (Feb 2026),https://www.cdc.gov/nchs/data/hestat/hestat111.htm
HE111_T1_adults_20-74,adults,20-74,women,all,all,1988-1994,1991.5,overweight,25.1,0.8,age-adjusted,,NCHS Health E-Stat 111 (Feb 2026),https://www.cdc.gov/nchs/data/hestat/hestat111.htm
HE111_T1_adults_20-74,adults,20-74,women,all,all,1988-1994,1991.5,obesity,25.9,1.0,age-adjusted,,NCHS Health E-Stat 111 (Feb 2026),https://www.cdc.gov/nchs/data/hestat/hestat111.htm
HE111_T1_adults_20-74,adults,20-74,women,all,all,1988-1994,1991.5,severe obesity,4.1,0.3,age-adjusted,,NCHS Health E-Stat 111 (Feb 2026),https://www.cdc.gov/nchs/data/hestat/hestat111.htm
HE111_T1_adults_20-74,adults,20-74,all,all,all,1999-2000,2000.0,overweight,33.6,1.1,age-adjusted,,NCHS Health E-Stat 111 (Feb 2026),https://www.cdc.gov/nchs/data/hestat/hestat111.htm
HE111_T1_adults_20-74,adults,20-74,all,all,all,1999-2000,2000.0,obesity,30.9,1.6,age-adjusted,,NCHS Health E-Stat 111 (Feb 2026),https://www.cdc.gov/nchs/data/hestat/hestat111.htm
HE111_T1_adults_20-74,adults,20-74,all,all,all,1999-2000,2000.0,severe obesity,5.0,0.6,age-adjusted,,NCHS Health E-Stat 111 (Feb 2026),https://www.cdc.gov/nchs/data/hestat/hestat111.htm
HE111_T1_adults_20-74,adults,20-74,men,all,all,1999-2000,2000.0,overweight,39.2,1.5,age-adjusted,,NCHS Health E-Stat 111 (Feb 2026),https://www.cdc.gov/nchs/data/hestat/hestat111.htm
HE111_T1_adults_20-74,adults,20-74,men,all,all,1999-2000,2000.0,obesity,27.7,1.6,age-adjusted,,NCHS Health E-Stat 111 (Feb 2026),https://www.cdc.gov/nchs/data/hestat/hestat111.htm
HE111_T1_adults_20-74,adults,20-74,men,all,all,1999-2000,2000.0,severe obesity,3.3,0.7,age-adjusted,,NCHS Health E-Stat 111 (Feb 2026),https://www.cdc.gov/nchs/data/hestat/hestat111.htm
HE111_T1_adults_20-74,adults,20-74,women,all,all,1999-2000,2000.0,overweight,28.0,1.7,age-adjusted,,NCHS Health E-Stat 111 (Feb 2026),https://www.cdc.gov/nchs/data/hestat/hestat111.htm
HE111_T1_adults_20-74,adults,20-74,women,all,all,1999-2000,2000.0,obesity,34.0,1.8,age-adjusted,,NCHS Health E-Stat 111 (Feb 2026),https://www.cdc.gov/nchs/data/hestat/hestat111.htm
HE111_T1_adults_20-74,adults,20-74,women,all,all,1999-2000,2000.0,severe obesity,6.6,0.8,age-adjusted,,NCHS Health E-Stat 111 (Feb 2026),https://www.cdc.gov/nchs/data/hestat/hestat111.htm
HE111_T1_adults_20-74,adults,20-74,all,all,all,2001-2002,2002.0,overweight,34.4,1.1,age-adjusted,,NCHS Health E-Stat 111 (Feb 2026),https://www.cdc.gov/nchs/data/hestat/hestat111.htm
HE111_T1_adults_20-74,adults,20-74,all,all,all,2001-2002,2002.0,obesity,31.2,1.1,age-adjusted,,NCHS Health E-Stat 111 (Feb 2026),https://www.cdc.gov/nchs/data/hestat/hestat111.htm
HE111_T1_adults_20-74,adults,20-74,all,all,all,2001-2002,2002.0,severe obesity,5.4,0.5,age-adjusted,,NCHS Health E-Stat 111 (Feb 2026),https://www.cdc.gov/nchs/data/hestat/hestat111.htm
HE111_T1_adults_20-74,adults,20-74,men,all,all,2001-2002,2002.0,overweight,41.5,1.4,age-adjusted,,NCHS Health E-Stat 111 (Feb 2026),https://www.cdc.gov/nchs/data/hestat/hestat111.htm
HE111_T1_adults_20-74,adults,20-74,men,all,all,2001-2002,2002.0,obesity,28.3,1.1,age-adjusted,,NCHS Health E-Stat 111 (Feb 2026),https://www.cdc.gov/nchs/data/hestat/hestat111.htm
HE111_T1_adults_20-74,adults,20-74,men,all,all,2001-2002,2002.0,severe obesity,3.9,0.7,age-adjusted,,NCHS Health E-Stat 111 (Feb 2026),https://www.cdc.gov/nchs/data/hestat/hestat111.htm
HE111_T1_adults_20-74,adults,20-74,women,all,all,2001-2002,2002.0,overweight,27.3,1.6,age-adjusted,,NCHS Health E-Stat 111 (Feb 2026),https://www.cdc.gov/nchs/data/hestat/hestat111.htm
HE111_T1_adults_20-74,adults,20-74,women,all,all,2001-2002,2002.0,obesity,34.1,1.6,age-adjusted,,NCHS Health E-Stat 111 (Feb 2026),https://www.cdc.gov/nchs/data/hestat/hestat111.htm
HE111_T1_adults_20-74,adults,20-74,women,all,all,2001-2002,2002.0,severe obesity,6.8,0.6,age-adjusted,,NCHS Health E-Stat 111 (Feb 2026),https://www.cdc.gov/nchs/data/hestat/hestat111.htm
HE111_T1_adults_20-74,adults,20-74,all,all,all,2003-2004,2004.0,overweight,33.4,1.2,age-adjusted,,NCHS Health E-Stat 111 (Feb 2026),https://www.cdc.gov/nchs/data/hestat/hestat111.htm
HE111_T1_adults_20-74,adults,20-74,all,all,all,2003-2004,2004.0,obesity,32.9,1.3,age-adjusted,,NCHS Health E-Stat 111 (Feb 2026),https://www.cdc.gov/nchs/data/hestat/hestat111.htm
HE111_T1_adults_20-74,adults,20-74,all,all,all,2003-2004,2004.0,severe obesity,5.1,0.6,age-adjusted,,NCHS Health E-Stat 111 (Feb 2026),https://www.cdc.gov/nchs/data/hestat/hestat111.htm
HE111_T1_adults_20-74,adults,20-74,men,all,all,2003-2004,2004.0,overweight,39.4,1.5,age-adjusted,,NCHS Health E-Stat 111 (Feb 2026),https://www.cdc.gov/nchs/data/hestat/hestat111.htm
HE111_T1_adults_20-74,adults,20-74,men,all,all,2003-2004,2004.0,obesity,31.7,1.4,age-adjusted,,NCHS Health E-Stat 111 (Feb 2026),https://www.cdc.gov/nchs/data/hestat/hestat111.htm
HE111_T1_adults_20-74,adults,20-74,men,all,all,2003-2004,2004.0,severe obesity,3.0,0.4,age-adjusted,,NCHS Health E-Stat 111 (Feb 2026),https://www.cdc.gov/nchs/data/hestat/hestat111.htm
HE111_T1_adults_20-74,adults,20-74,women,all,all,2003-2004,2004.0,overweight,27.3,1.3,age-adjusted,,NCHS Health E-Stat 111 (Feb 2026),https://www.cdc.gov/nchs/data/hestat/hestat111.htm
HE111_T1_adults_20-74,adults,20-74,women,all,all,2003-2004,2004.0,obesity,34.0,1.9,age-adjusted,,NCHS Health E-Stat 111 (Feb 2026),https://www.cdc.gov/nchs/data/hestat/hestat111.htm
HE111_T1_adults_20-74,adults,20-74,women,all,all,2003-2004,2004.0,severe obesity,7.3,1.0,age-adjusted,,NCHS Health E-Stat 111 (Feb 2026),https://www.cdc.gov/nchs/data/hestat/hestat111.htm
HE111_T1_adults_20-74,adults,20-74,all,all,all,2005-2006,2006.0,overweight,32.2,0.9,age-adjusted,,NCHS Health E-Stat 111 (Feb 2026),https://www.cdc.gov/nchs/data/hestat/hestat111.htm
HE111_T1_adults_20-74,adults,20-74,all,all,all,2005-2006,2006.0,obesity,35.1,1.5,age-adjusted,,NCHS Health E-Stat 111 (Feb 2026),https://www.cdc.gov/nchs/data/hestat/hestat111.htm
HE111_T1_adults_20-74,adults,20-74,all,all,all,2005-2006,2006.0,severe obesity,6.2,0.5,age-adjusted,,NCHS Health E-Stat 111 (Feb 2026),https://www.cdc.gov/nchs/data/hestat/hestat111.htm
HE111_T1_adults_20-74,adults,20-74,men,all,all,2005-2006,2006.0,overweight,39.7,1.3,age-adjusted,,NCHS Health E-Stat 111 (Feb 2026),https://www.cdc.gov/nchs/data/hestat/hestat111.htm
HE111_T1_adults_20-74,adults,20-74,men,all,all,2005-2006,2006.0,obesity,33.8,2.2,age-adjusted,,NCHS Health E-Stat 111 (Feb 2026),https://www.cdc.gov/nchs/data/hestat/hestat111.htm
HE111_T1_adults_20-74,adults,20-74,men,all,all,2005-2006,2006.0,severe obesity,4.3,0.5,age-adjusted,,NCHS Health E-Stat 111 (Feb 2026),https://www.cdc.gov/nchs/data/hestat/hestat111.htm
HE111_T1_adults_20-74,adults,20-74,women,all,all,2005-2006,2006.0,overweight,24.7,1.3,age-adjusted,,NCHS Health E-Stat 111 (Feb 2026),https://www.cdc.gov/nchs/data/hestat/hestat111.htm
HE111_T1_adults_20-74,adults,20-74,women,all,all,2005-2006,2006.0,obesity,36.3,1.5,age-adjusted,,NCHS Health E-Stat 111 (Feb 2026),https://www.cdc.gov/nchs/data/hestat/hestat111.htm
HE111_T1_adults_20-74,adults,20-74,women,all,all,2005-2006,2006.0,severe obesity,7.9,0.8,age-adjusted,,NCHS Health E-Stat 111 (Feb 2026),https://www.cdc.gov/nchs/data/hestat/hestat111.htm
HE111_T1_adults_20-74,adults,20-74,all,all,all,2007-2008,2008.0,overweight,33.6,0.8,age-adjusted,,NCHS Health E-Stat 111 (Feb 2026),https://www.cdc.gov/nchs/data/hestat/hestat111.htm
HE111_T1_adults_20-74,adults,20-74,all,all,all,2007-2008,2008.0,obesity,34.3,1.2,age-adjusted,,NCHS Health E-Stat 111 (Feb 2026),https://www.cdc.gov/nchs/data/hestat/hestat111.htm
HE111_T1_adults_20-74,adults,20-74,all,all,all,2007-2008,2008.0,severe obesity,6.0,0.4,age-adjusted,,NCHS Health E-Stat 111 (Feb 2026),https://www.cdc.gov/nchs/data/hestat/hestat111.htm
HE111_T1_adults_20-74,adults,20-74,men,all,all,2007-2008,2008.0,overweight,39.4,1.4,age-adjusted,,NCHS Health E-Stat 111 (Feb 2026),https://www.cdc.gov/nchs/data/hestat/hestat111.htm
HE111_T1_adults_20-74,adults,20-74,men,all,all,2007-2008,2008.0,obesity,32.5,1.5,age-adjusted,,NCHS Health E-Stat 111 (Feb 2026),https://www.cdc.gov/nchs/data/hestat/hestat111.htm
HE111_T1_adults_20-74,adults,20-74,men,all,all,2007-2008,2008.0,severe obesity,4.4,0.5,age-adjusted,,NCHS Health E-Stat 111 (Feb 2026),https://www.cdc.gov/nchs/data/hestat/hestat111.htm
HE111_T1_adults_20-74,adults,20-74,women,all,all,2007-2008,2008.0,overweight,27.9,1.2,age-adjusted,,NCHS Health E-Stat 111 (Feb 2026),https://www.cdc.gov/nchs/data/hestat/hestat111.htm
HE111_T1_adults_20-74,adults,20-74,women,all,all,2007-2008,2008.0,obesity,36.2,1.3,age-adjusted,,NCHS Health E-Stat 111 (Feb 2026),https://www.cdc.gov/nchs/data/hestat/hestat111.htm
HE111_T1_adults_20-74,adults,20-74,women,all,all,2007-2008,2008.0,severe obesity,7.6,0.6,age-adjusted,,NCHS Health E-Stat 111 (Feb 2026),https://www.cdc.gov/nchs/data/hestat/hestat111.htm
HE111_T1_adults_20-74,adults,20-74,all,all,all,2009-2010,2010.0,overweight,32.7,1.0,age-adjusted,,NCHS Health E-Stat 111 (Feb 2026),https://www.cdc.gov/nchs/data/hestat/hestat111.htm
HE111_T1_adults_20-74,adults,20-74,all,all,all,2009-2010,2010.0,obesity,36.1,0.9,age-adjusted,,NCHS Health E-Stat 111 (Feb 2026),https://www.cdc.gov/nchs/data/hestat/hestat111.htm
HE111_T1_adults_20-74,adults,20-74,all,all,all,2009-2010,2010.0,severe obesity,6.6,0.2,age-adjusted,,NCHS Health E-Stat 111 (Feb 2026),https://www.cdc.gov/nchs/data/hestat/hestat111.htm
HE111_T1_adults_20-74,adults,20-74,men,all,all,2009-2010,2010.0,overweight,38.0,1.2,age-adjusted,,NCHS Health E-Stat 111 (Feb 2026),https://www.cdc.gov/nchs/data/hestat/hestat111.htm
HE111_T1_adults_20-74,adults,20-74,men,all,all,2009-2010,2010.0,obesity,35.9,1.7,age-adjusted,,NCHS Health E-Stat 111 (Feb 2026),https://www.cdc.gov/nchs/data/hestat/hestat111.htm
HE111_T1_adults_20-74,adults,20-74,men,all,all,2009-2010,2010.0,severe obesity,4.6,0.4,age-adjusted,,NCHS Health E-Stat 111 (Feb 2026),https://www.cdc.gov/nchs/data/hestat/hestat111.htm
HE111_T1_adults_20-74,adults,20-74,women,all,all,2009-2010,2010.0,overweight,27.5,1.5,age-adjusted,,NCHS Health E-Stat 111 (Feb 2026),https://www.cdc.gov/nchs/data/hestat/hestat111.htm
HE111_T1_adults_20-74,adults,20-74,women,all,all,2009-2010,2010.0,obesity,36.1,0.9,age-adjusted,,NCHS Health E-Stat 111 (Feb 2026),https://www.cdc.gov/nchs/data/hestat/hestat111.htm
HE111_T1_adults_20-74,adults,20-74,women,all,all,2009-2010,2010.0,severe obesity,8.5,0.5,age-adjusted,,NCHS Health E-Stat 111 (Feb 2026),https://www.cdc.gov/nchs/data/hestat/hestat111.htm
HE111_T1_adults_20-74,adults,20-74,all,all,all,2011-2012,2012.0,overweight,33.3,1.4,age-adjusted,,NCHS Health E-Stat 111 (Feb 2026),https://www.cdc.gov/nchs/data/hestat/hestat111.htm
HE111_T1_adults_20-74,adults,20-74,all,all,all,2011-2012,2012.0,obesity,35.3,1.4,age-adjusted,,NCHS Health E-Stat 111 (Feb 2026),https://www.cdc.gov/nchs/data/hestat/hestat111.htm
HE111_T1_adults_20-74,adults,20-74,all,all,all,2011-2012,2012.0,severe obesity,6.6,0.6,age-adjusted,,NCHS Health E-Stat 111 (Feb 2026),https://www.cdc.gov/nchs/data/hestat/hestat111.htm
HE111_T1_adults_20-74,adults,20-74,men,all,all,2011-2012,2012.0,overweight,37.3,1.5,age-adjusted,,NCHS Health E-Stat 111 (Feb 2026),https://www.cdc.gov/nchs/data/hestat/hestat111.htm
HE111_T1_adults_20-74,adults,20-74,men,all,all,2011-2012,2012.0,obesity,33.9,1.5,age-adjusted,,NCHS Health E-Stat 111 (Feb 2026),https://www.cdc.gov/nchs/data/hestat/hestat111.htm
HE111_T1_adults_20-74,adults,20-74,men,all,all,2011-2012,2012.0,severe obesity,4.5,1.0,age-adjusted,,NCHS Health E-Stat 111 (Feb 2026),https://www.cdc.gov/nchs/data/hestat/hestat111.htm
HE111_T1_adults_20-74,adults,20-74,women,all,all,2011-2012,2012.0,overweight,29.5,2.0,age-adjusted,,NCHS Health E-Stat 111 (Feb 2026),https://www.cdc.gov/nchs/data/hestat/hestat111.htm
HE111_T1_adults_20-74,adults,20-74,women,all,all,2011-2012,2012.0,obesity,36.6,1.6,age-adjusted,,NCHS Health E-Stat 111 (Feb 2026),https://www.cdc.gov/nchs/data/hestat/hestat111.htm
HE111_T1_adults_20-74,adults,20-74,women,all,all,2011-2012,2012.0,severe obesity,8.6,0.7,age-adjusted,,NCHS Health E-Stat 111 (Feb 2026),https://www.cdc.gov/nchs/data/hestat/hestat111.htm
HE111_T1_adults_20-74,adults,20-74,all,all,all,2013-2014,2014.0,overweight,31.9,0.8,age-adjusted,,NCHS Health E-Stat 111 (Feb 2026),https://www.cdc.gov/nchs/data/hestat/hestat111.htm
HE111_T1_adults_20-74,adults,20-74,all,all,all,2013-2014,2014.0,obesity,38.2,1.0,age-adjusted,,NCHS Health E-Stat 111 (Feb 2026),https://www.cdc.gov/nchs/data/hestat/hestat111.htm
HE111_T1_adults_20-74,adults,20-74,all,all,all,2013-2014,2014.0,severe obesity,8.1,0.8,age-adjusted,,NCHS Health E-Stat 111 (Feb 2026),https://www.cdc.gov/nchs/data/hestat/hestat111.htm
HE111_T1_adults_20-74,adults,20-74,men,all,all,2013-2014,2014.0,overweight,38.2,1.3,age-adjusted,,NCHS Health E-Stat 111 (Feb 2026),https://www.cdc.gov/nchs/data/hestat/hestat111.htm
HE111_T1_adults_20-74,adults,20-74,men,all,all,2013-2014,2014.0,obesity,35.5,1.2,age-adjusted,,NCHS Health E-Stat 111 (Feb 2026),https://www.cdc.gov/nchs/data/hestat/hestat111.htm
HE111_T1_adults_20-74,adults,20-74,men,all,all,2013-2014,2014.0,severe obesity,5.7,0.7,age-adjusted,,NCHS Health E-Stat 111 (Feb 2026),https://www.cdc.gov/nchs/data/hestat/hestat111.htm
HE111_T1_adults_20-74,adults,20-74,women,all,all,2013-2014,2014.0,overweight,25.8,0.9,age-adjusted,,NCHS Health E-Stat 111 (Feb 2026),https://www.cdc.gov/nchs/data/hestat/hestat111.htm
HE111_T1_adults_20-74,adults,20-74,women,all,all,2013-2014,2014.0,obesity,41.0,1.4,age-adjusted,,NCHS Health E-Stat 111 (Feb 2026),https://www.cdc.gov/nchs/data/hestat/hestat111.htm
HE111_T1_adults_20-74,adults,20-74,women,all,all,2013-2014,2014.0,severe obesity,10.5,1.0,age-adjusted,,NCHS Health E-Stat 111 (Feb 2026),https://www.cdc.gov/nchs/data/hestat/hestat111.htm
HE111_T1_adults_20-74,adults,20-74,all,all,all,2015-2016,2016.0,overweight,31.0,0.8,age-adjusted,,NCHS Health E-Stat 111 (Feb 2026),https://www.cdc.gov/nchs/data/hestat/hestat111.htm
HE111_T1_adults_20-74,adults,20-74,all,all,all,2015-2016,2016.0,obesity,40.0,1.8,age-adjusted,,NCHS Health E-Stat 111 (Feb 2026),https://www.cdc.gov/nchs/data/hestat/hestat111.htm
HE111_T1_adults_20-74,adults,20-74,all,all,all,2015-2016,2016.0,severe obesity,8.0,0.6,age-adjusted,,NCHS Health E-Stat 111 (Feb 2026),https://www.cdc.gov/nchs/data/hestat/hestat111.htm
HE111_T1_adults_20-74,adults,20-74,men,all,all,2015-2016,2016.0,overweight,35.8,1.8,age-adjusted,,NCHS Health E-Stat 111 (Feb 2026),https://www.cdc.gov/nchs/data/hestat/hestat111.htm
HE111_T1_adults_20-74,adults,20-74,men,all,all,2015-2016,2016.0,obesity,38.3,2.4,age-adjusted,,NCHS Health E-Stat 111 (Feb 2026),https://www.cdc.gov/nchs/data/hestat/hestat111.htm
HE111_T1_adults_20-74,adults,20-74,men,all,all,2015-2016,2016.0,severe obesity,5.9,0.8,age-adjusted,,NCHS Health E-Stat 111 (Feb 2026),https://www.cdc.gov/nchs/data/hestat/hestat111.htm
HE111_T1_adults_20-74,adults,20-74,women,all,all,2015-2016,2016.0,overweight,26.3,1.1,age-adjusted,,NCHS Health E-Stat 111 (Feb 2026),https://www.cdc.gov/nchs/data/hestat/hestat111.htm
HE111_T1_adults_20-74,adults,20-74,women,all,all,2015-2016,2016.0,obesity,41.6,1.7,age-adjusted,,NCHS Health E-Stat 111 (Feb 2026),https://www.cdc.gov/nchs/data/hestat/hestat111.htm
HE111_T1_adults_20-74,adults,20-74,women,all,all,2015-2016,2016.0,severe obesity,10.1,0.7,age-adjusted,,NCHS Health E-Stat 111 (Feb 2026),https://www.cdc.gov/nchs/data/hestat/hestat111.htm
HE111_T1_adults_20-74,adults,20-74,all,all,all,2017-2018,2018.0,overweight,30.3,1.2,age-adjusted,,NCHS Health E-Stat 111 (Feb 2026),https://www.cdc.gov/nchs/data/hestat/hestat111.htm
HE111_T1_adults_20-74,adults,20-74,all,all,all,2017-2018,2018.0,obesity,42.8,1.9,age-adjusted,,NCHS Health E-Stat 111 (Feb 2026),https://www.cdc.gov/nchs/data/hestat/hestat111.htm
HE111_T1_adults_20-74,adults,20-74,all,all,all,2017-2018,2018.0,severe obesity,9.6,1.0,age-adjusted,,NCHS Health E-Stat 111 (Feb 2026),https://www.cdc.gov/nchs/data/hestat/hestat111.htm
HE111_T1_adults_20-74,adults,20-74,men,all,all,2017-2018,2018.0,overweight,33.7,1.9,age-adjusted,,NCHS Health E-Stat 111 (Feb 2026),https://www.cdc.gov/nchs/data/hestat/hestat111.htm
HE111_T1_adults_20-74,adults,20-74,men,all,all,2017-2018,2018.0,obesity,43.5,2.7,age-adjusted,,NCHS Health E-Stat 111 (Feb 2026),https://www.cdc.gov/nchs/data/hestat/hestat111.htm
HE111_T1_adults_20-74,adults,20-74,men,all,all,2017-2018,2018.0,severe obesity,7.3,1.0,age-adjusted,,NCHS Health E-Stat 111 (Feb 2026),https://www.cdc.gov/nchs/data/hestat/hestat111.htm
HE111_T1_adults_20-74,adults,20-74,women,all,all,2017-2018,2018.0,overweight,26.9,0.9,age-adjusted,,NCHS Health E-Stat 111 (Feb 2026),https://www.cdc.gov/nchs/data/hestat/hestat111.htm
HE111_T1_adults_20-74,adults,20-74,women,all,all,2017-2018,2018.0,obesity,42.1,2.1,age-adjusted,,NCHS Health E-Stat 111 (Feb 2026),https://www.cdc.gov/nchs/data/hestat/hestat111.htm
HE111_T1_adults_20-74,adults,20-74,women,all,all,2017-2018,2018.0,severe obesity,12.0,1.5,age-adjusted,,NCHS Health E-Stat 111 (Feb 2026),https://www.cdc.gov/nchs/data/hestat/hestat111.htm
HE111_T1_adults_20-74,adults,20-74,all,all,all,Aug 2021-Aug 2023,2022.6,overweight,31.3,0.9,age-adjusted,,NCHS Health E-Stat 111 (Feb 2026),https://www.cdc.gov/nchs/data/hestat/hestat111.htm
HE111_T1_adults_20-74,adults,20-74,all,all,all,Aug 2021-Aug 2023,2022.6,obesity,40.8,2.0,age-adjusted,,NCHS Health E-Stat 111 (Feb 2026),https://www.cdc.gov/nchs/data/hestat/hestat111.htm
HE111_T1_adults_20-74,adults,20-74,all,all,all,Aug 2021-Aug 2023,2022.6,severe obesity,10.2,0.8,age-adjusted,,NCHS Health E-Stat 111 (Feb 2026),https://www.cdc.gov/nchs/data/hestat/hestat111.htm
HE111_T1_adults_20-74,adults,20-74,men,all,all,Aug 2021-Aug 2023,2022.6,overweight,35.1,1.4,age-adjusted,,NCHS Health E-Stat 111 (Feb 2026),https://www.cdc.gov/nchs/data/hestat/hestat111.htm
HE111_T1_adults_20-74,adults,20-74,men,all,all,Aug 2021-Aug 2023,2022.6,obesity,39.7,1.9,age-adjusted,,NCHS Health E-Stat 111 (Feb 2026),https://www.cdc.gov/nchs/data/hestat/hestat111.htm
HE111_T1_adults_20-74,adults,20-74,men,all,all,Aug 2021-Aug 2023,2022.6,severe obesity,7.2,0.8,age-adjusted,,NCHS Health E-Stat 111 (Feb 2026),https://www.cdc.gov/nchs/data/hestat/hestat111.htm
HE111_T1_adults_20-74,adults,20-74,women,all,all,Aug 2021-Aug 2023,2022.6,overweight,27.6,1.0,age-adjusted,,NCHS Health E-Stat 111 (Feb 2026),https://www.cdc.gov/nchs/data/hestat/hestat111.htm
HE111_T1_adults_20-74,adults,20-74,women,all,all,Aug 2021-Aug 2023,2022.6,obesity,42.0,2.4,age-adjusted,,NCHS Health E-Stat 111 (Feb 2026),https://www.cdc.gov/nchs/data/hestat/hestat111.htm
HE111_T1_adults_20-74,adults,20-74,women,all,all,Aug 2021-Aug 2023,2022.6,severe obesity,13.2,1.1,age-adjusted,,NCHS Health E-Stat 111 (Feb 2026),https://www.cdc.gov/nchs/data/hestat/hestat111.htm
HE111_T1_adults_20plus,adults,20+,all,all,all,1988-1994,1991.5,overweight,33.1,0.6,age-adjusted,,NCHS Health E-Stat 111 (Feb 2026),https://www.cdc.gov/nchs/data/hestat/hestat111.htm
HE111_T1_adults_20plus,adults,20+,all,all,all,1988-1994,1991.5,obesity,22.9,0.7,age-adjusted,,NCHS Health E-Stat 111 (Feb 2026),https://www.cdc.gov/nchs/data/hestat/hestat111.htm
HE111_T1_adults_20plus,adults,20+,all,all,all,1988-1994,1991.5,severe obesity,2.8,0.2,age-adjusted,,NCHS Health E-Stat 111 (Feb 2026),https://www.cdc.gov/nchs/data/hestat/hestat111.htm
HE111_T1_adults_20plus,adults,20+,men,all,all,1988-1994,1991.5,overweight,40.7,0.8,age-adjusted,,NCHS Health E-Stat 111 (Feb 2026),https://www.cdc.gov/nchs/data/hestat/hestat111.htm
HE111_T1_adults_20plus,adults,20+,men,all,all,1988-1994,1991.5,obesity,20.2,0.7,age-adjusted,,NCHS Health E-Stat 111 (Feb 2026),https://www.cdc.gov/nchs/data/hestat/hestat111.htm
HE111_T1_adults_20plus,adults,20+,men,all,all,1988-1994,1991.5,severe obesity,1.7,0.3,age-adjusted,,NCHS Health E-Stat 111 (Feb 2026),https://www.cdc.gov/nchs/data/hestat/hestat111.htm
HE111_T1_adults_20plus,adults,20+,women,all,all,1988-1994,1991.5,overweight,25.9,0.7,age-adjusted,,NCHS Health E-Stat 111 (Feb 2026),https://www.cdc.gov/nchs/data/hestat/hestat111.htm
HE111_T1_adults_20plus,adults,20+,women,all,all,1988-1994,1991.5,obesity,25.4,0.9,age-adjusted,,NCHS Health E-Stat 111 (Feb 2026),https://www.cdc.gov/nchs/data/hestat/hestat111.htm
HE111_T1_adults_20plus,adults,20+,women,all,all,1988-1994,1991.5,severe obesity,3.9,0.3,age-adjusted,,NCHS Health E-Stat 111 (Feb 2026),https://www.cdc.gov/nchs/data/hestat/hestat111.htm
HE111_T1_adults_20plus,adults,20+,all,all,all,1999-2000,2000.0,overweight,34.0,1.0,age-adjusted,,NCHS Health E-Stat 111 (Feb 2026),https://www.cdc.gov/nchs/data/hestat/hestat111.htm
HE111_T1_adults_20plus,adults,20+,all,all,all,1999-2000,2000.0,obesity,30.5,1.5,age-adjusted,,NCHS Health E-Stat 111 (Feb 2026),https://www.cdc.gov/nchs/data/hestat/hestat111.htm
HE111_T1_adults_20plus,adults,20+,all,all,all,1999-2000,2000.0,severe obesity,4.7,0.6,age-adjusted,,NCHS Health E-Stat 111 (Feb 2026),https://www.cdc.gov/nchs/data/hestat/hestat111.htm
HE111_T1_adults_20plus,adults,20+,men,all,all,1999-2000,2000.0,overweight,39.7,1.4,age-adjusted,,NCHS Health E-Stat 111 (Feb 2026),https://www.cdc.gov/nchs/data/hestat/hestat111.htm
HE111_T1_adults_20plus,adults,20+,men,all,all,1999-2000,2000.0,obesity,27.5,1.5,age-adjusted,,NCHS Health E-Stat 111 (Feb 2026),https://www.cdc.gov/nchs/data/hestat/hestat111.htm
HE111_T1_adults_20plus,adults,20+,men,all,all,1999-2000,2000.0,severe obesity,3.1,0.7,age-adjusted,,NCHS Health E-Stat 111 (Feb 2026),https://www.cdc.gov/nchs/data/hestat/hestat111.htm
HE111_T1_adults_20plus,adults,20+,women,all,all,1999-2000,2000.0,overweight,28.6,1.6,age-adjusted,,NCHS Health E-Stat 111 (Feb 2026),https://www.cdc.gov/nchs/data/hestat/hestat111.htm
HE111_T1_adults_20plus,adults,20+,women,all,all,1999-2000,2000.0,obesity,33.4,1.7,age-adjusted,,NCHS Health E-Stat 111 (Feb 2026),https://www.cdc.gov/nchs/data/hestat/hestat111.htm
HE111_T1_adults_20plus,adults,20+,women,all,all,1999-2000,2000.0,severe obesity,6.2,0.7,age-adjusted,,NCHS Health E-Stat 111 (Feb 2026),https://www.cdc.gov/nchs/data/hestat/hestat111.htm
HE111_T1_adults_20plus,adults,20+,all,all,all,2001-2002,2002.0,overweight,35.1,1.1,age-adjusted,,NCHS Health E-Stat 111 (Feb 2026),https://www.cdc.gov/nchs/data/hestat/hestat111.htm
HE111_T1_adults_20plus,adults,20+,all,all,all,2001-2002,2002.0,obesity,30.5,1.1,age-adjusted,,NCHS Health E-Stat 111 (Feb 2026),https://www.cdc.gov/nchs/data/hestat/hestat111.htm
HE111_T1_adults_20plus,adults,20+,all,all,all,2001-2002,2002.0,severe obesity,5.1,0.5,age-adjusted,,NCHS Health E-Stat 111 (Feb 2026),https://www.cdc.gov/nchs/data/hestat/hestat111.htm
HE111_T1_adults_20plus,adults,20+,men,all,all,2001-2002,2002.0,overweight,42.2,1.3,age-adjusted,,NCHS Health E-Stat 111 (Feb 2026),https://www.cdc.gov/nchs/data/hestat/hestat111.htm
HE111_T1_adults_20plus,adults,20+,men,all,all,2001-2002,2002.0,obesity,27.7,1.0,age-adjusted,,NCHS Health E-Stat 111 (Feb 2026),https://www.cdc.gov/nchs/data/hestat/hestat111.htm
HE111_T1_adults_20plus,adults,20+,men,all,all,2001-2002,2002.0,severe obesity,3.6,0.6,age-adjusted,,NCHS Health E-Stat 111 (Feb 2026),https://www.cdc.gov/nchs/data/hestat/hestat111.htm
HE111_T1_adults_20plus,adults,20+,women,all,all,2001-2002,2002.0,overweight,28.2,1.7,age-adjusted,,NCHS Health E-Stat 111 (Feb 2026),https://www.cdc.gov/nchs/data/hestat/hestat111.htm
HE111_T1_adults_20plus,adults,20+,women,all,all,2001-2002,2002.0,obesity,33.2,1.5,age-adjusted,,NCHS Health E-Stat 111 (Feb 2026),https://www.cdc.gov/nchs/data/hestat/hestat111.htm
HE111_T1_adults_20plus,adults,20+,women,all,all,2001-2002,2002.0,severe obesity,6.5,0.6,age-adjusted,,NCHS Health E-Stat 111 (Feb 2026),https://www.cdc.gov/nchs/data/hestat/hestat111.htm
HE111_T1_adults_20plus,adults,20+,all,all,all,2003-2004,2004.0,overweight,34.1,1.1,age-adjusted,,NCHS Health E-Stat 111 (Feb 2026),https://www.cdc.gov/nchs/data/hestat/hestat111.htm
HE111_T1_adults_20plus,adults,20+,all,all,all,2003-2004,2004.0,obesity,32.2,1.2,age-adjusted,,NCHS Health E-Stat 111 (Feb 2026),https://www.cdc.gov/nchs/data/hestat/hestat111.htm
HE111_T1_adults_20plus,adults,20+,all,all,all,2003-2004,2004.0,severe obesity,4.8,0.6,age-adjusted,,NCHS Health E-Stat 111 (Feb 2026),https://www.cdc.gov/nchs/data/hestat/hestat111.htm
HE111_T1_adults_20plus,adults,20+,men,all,all,2003-2004,2004.0,overweight,39.7,1.5,age-adjusted,,NCHS Health E-Stat 111 (Feb 2026),https://www.cdc.gov/nchs/data/hestat/hestat111.htm
HE111_T1_adults_20plus,adults,20+,men,all,all,2003-2004,2004.0,obesity,31.1,1.3,age-adjusted,,NCHS Health E-Stat 111 (Feb 2026),https://www.cdc.gov/nchs/data/hestat/hestat111.htm
HE111_T1_adults_20plus,adults,20+,men,all,all,2003-2004,2004.0,severe obesity,2.8,0.4,age-adjusted,,NCHS Health E-Stat 111 (Feb 2026),https://www.cdc.gov/nchs/data/hestat/hestat111.htm
HE111_T1_adults_20plus,adults,20+,women,all,all,2003-2004,2004.0,overweight,28.6,1.2,age-adjusted,,NCHS Health E-Stat 111 (Feb 2026),https://www.cdc.gov/nchs/data/hestat/hestat111.htm
HE111_T1_adults_20plus,adults,20+,women,all,all,2003-2004,2004.0,obesity,33.2,1.7,age-adjusted,,NCHS Health E-Stat 111 (Feb 2026),https://www.cdc.gov/nchs/data/hestat/hestat111.htm
HE111_T1_adults_20plus,adults,20+,women,all,all,2003-2004,2004.0,severe obesity,6.9,0.9,age-adjusted,,NCHS Health E-Stat 111 (Feb 2026),https://www.cdc.gov/nchs/data/hestat/hestat111.htm
HE111_T1_adults_20plus,adults,20+,all,all,all,2005-2006,2006.0,overweight,32.6,0.8,age-adjusted,,NCHS Health E-Stat 111 (Feb 2026),https://www.cdc.gov/nchs/data/hestat/hestat111.htm
HE111_T1_adults_20plus,adults,20+,all,all,all,2005-2006,2006.0,obesity,34.3,1.4,age-adjusted,,NCHS Health E-Stat 111 (Feb 2026),https://www.cdc.gov/nchs/data/hestat/hestat111.htm
HE111_T1_adults_20plus,adults,20+,all,all,all,2005-2006,2006.0,severe obesity,5.9,0.5,age-adjusted,,NCHS Health E-Stat 111 (Feb 2026),https://www.cdc.gov/nchs/data/hestat/hestat111.htm
HE111_T1_adults_20plus,adults,20+,men,all,all,2005-2006,2006.0,overweight,39.9,1.3,age-adjusted,,NCHS Health E-Stat 111 (Feb 2026),https://www.cdc.gov/nchs/data/hestat/hestat111.htm
HE111_T1_adults_20plus,adults,20+,men,all,all,2005-2006,2006.0,obesity,33.3,2.0,age-adjusted,,NCHS Health E-Stat 111 (Feb 2026),https://www.cdc.gov/nchs/data/hestat/hestat111.htm
HE111_T1_adults_20plus,adults,20+,men,all,all,2005-2006,2006.0,severe obesity,4.2,0.5,age-adjusted,,NCHS Health E-Stat 111 (Feb 2026),https://www.cdc.gov/nchs/data/hestat/hestat111.htm
HE111_T1_adults_20plus,adults,20+,women,all,all,2005-2006,2006.0,overweight,25.5,1.2,age-adjusted,,NCHS Health E-Stat 111 (Feb 2026),https://www.cdc.gov/nchs/data/hestat/hestat111.htm
HE111_T1_adults_20plus,adults,20+,women,all,all,2005-2006,2006.0,obesity,35.3,1.4,age-adjusted,,NCHS Health E-Stat 111 (Feb 2026),https://www.cdc.gov/nchs/data/hestat/hestat111.htm
HE111_T1_adults_20plus,adults,20+,women,all,all,2005-2006,2006.0,severe obesity,7.4,0.7,age-adjusted,,NCHS Health E-Stat 111 (Feb 2026),https://www.cdc.gov/nchs/data/hestat/hestat111.htm
HE111_T1_adults_20plus,adults,20+,all,all,all,2007-2008,2008.0,overweight,34.3,0.8,age-adjusted,,NCHS Health E-Stat 111 (Feb 2026),https://www.cdc.gov/nchs/data/hestat/hestat111.htm
HE111_T1_adults_20plus,adults,20+,all,all,all,2007-2008,2008.0,obesity,33.7,1.1,age-adjusted,,NCHS Health E-Stat 111 (Feb 2026),https://www.cdc.gov/nchs/data/hestat/hestat111.htm
HE111_T1_adults_20plus,adults,20+,all,all,all,2007-2008,2008.0,severe obesity,5.7,0.4,age-adjusted,,NCHS Health E-Stat 111 (Feb 2026),https://www.cdc.gov/nchs/data/hestat/hestat111.htm
HE111_T1_adults_20plus,adults,20+,men,all,all,2007-2008,2008.0,overweight,40.1,1.4,age-adjusted,,NCHS Health E-Stat 111 (Feb 2026),https://www.cdc.gov/nchs/data/hestat/hestat111.htm
HE111_T1_adults_20plus,adults,20+,men,all,all,2007-2008,2008.0,obesity,32.2,1.4,age-adjusted,,NCHS Health E-Stat 111 (Feb 2026),https://www.cdc.gov/nchs/data/hestat/hestat111.htm
HE111_T1_adults_20plus,adults,20+,men,all,all,2007-2008,2008.0,severe obesity,4.2,0.5,age-adjusted,,NCHS Health E-Stat 111 (Feb 2026),https://www.cdc.gov/nchs/data/hestat/hestat111.htm
HE111_T1_adults_20plus,adults,20+,women,all,all,2007-2008,2008.0,overweight,28.6,1.2,age-adjusted,,NCHS Health E-Stat 111 (Feb 2026),https://www.cdc.gov/nchs/data/hestat/hestat111.htm
HE111_T1_adults_20plus,adults,20+,women,all,all,2007-2008,2008.0,obesity,35.4,1.1,age-adjusted,,NCHS Health E-Stat 111 (Feb 2026),https://www.cdc.gov/nchs/data/hestat/hestat111.htm
HE111_T1_adults_20plus,adults,20+,women,all,all,2007-2008,2008.0,severe obesity,7.3,0.6,age-adjusted,,NCHS Health E-Stat 111 (Feb 2026),https://www.cdc.gov/nchs/data/hestat/hestat111.htm
HE111_T1_adults_20plus,adults,20+,all,all,all,2009-2010,2010.0,overweight,33.0,1.0,age-adjusted,,NCHS Health E-Stat 111 (Feb 2026),https://www.cdc.gov/nchs/data/hestat/hestat111.htm
HE111_T1_adults_20plus,adults,20+,all,all,all,2009-2010,2010.0,obesity,35.7,0.9,age-adjusted,,NCHS Health E-Stat 111 (Feb 2026),https://www.cdc.gov/nchs/data/hestat/hestat111.htm
HE111_T1_adults_20plus,adults,20+,all,all,all,2009-2010,2010.0,severe obesity,6.3,0.2,age-adjusted,,NCHS Health E-Stat 111 (Feb 2026),https://www.cdc.gov/nchs/data/hestat/hestat111.htm
HE111_T1_adults_20plus,adults,20+,men,all,all,2009-2010,2010.0,overweight,38.4,1.1,age-adjusted,,NCHS Health E-Stat 111 (Feb 2026),https://www.cdc.gov/nchs/data/hestat/hestat111.htm
HE111_T1_adults_20plus,adults,20+,men,all,all,2009-2010,2010.0,obesity,35.5,1.7,age-adjusted,,NCHS Health E-Stat 111 (Feb 2026),https://www.cdc.gov/nchs/data/hestat/hestat111.htm
HE111_T1_adults_20plus,adults,20+,men,all,all,2009-2010,2010.0,severe obesity,4.4,0.3,age-adjusted,,NCHS Health E-Stat 111 (Feb 2026),https://www.cdc.gov/nchs/data/hestat/hestat111.htm
HE111_T1_adults_20plus,adults,20+,women,all,all,2009-2010,2010.0,overweight,27.9,1.4,age-adjusted,,NCHS Health E-Stat 111 (Feb 2026),https://www.cdc.gov/nchs/data/hestat/hestat111.htm
HE111_T1_adults_20plus,adults,20+,women,all,all,2009-2010,2010.0,obesity,35.8,0.9,age-adjusted,,NCHS Health E-Stat 111 (Feb 2026),https://www.cdc.gov/nchs/data/hestat/hestat111.htm
HE111_T1_adults_20plus,adults,20+,women,all,all,2009-2010,2010.0,severe obesity,8.1,0.5,age-adjusted,,NCHS Health E-Stat 111 (Feb 2026),https://www.cdc.gov/nchs/data/hestat/hestat111.htm
HE111_T1_adults_20plus,adults,20+,all,all,all,2011-2012,2012.0,overweight,33.6,1.3,age-adjusted,,NCHS Health E-Stat 111 (Feb 2026),https://www.cdc.gov/nchs/data/hestat/hestat111.htm
HE111_T1_adults_20plus,adults,20+,all,all,all,2011-2012,2012.0,obesity,34.9,1.4,age-adjusted,,NCHS Health E-Stat 111 (Feb 2026),https://www.cdc.gov/nchs/data/hestat/hestat111.htm
HE111_T1_adults_20plus,adults,20+,all,all,all,2011-2012,2012.0,severe obesity,6.4,0.6,age-adjusted,,NCHS Health E-Stat 111 (Feb 2026),https://www.cdc.gov/nchs/data/hestat/hestat111.htm
HE111_T1_adults_20plus,adults,20+,men,all,all,2011-2012,2012.0,overweight,37.8,1.5,age-adjusted,,NCHS Health E-Stat 111 (Feb 2026),https://www.cdc.gov/nchs/data/hestat/hestat111.htm
HE111_T1_adults_20plus,adults,20+,men,all,all,2011-2012,2012.0,obesity,33.5,1.4,age-adjusted,,NCHS Health E-Stat 111 (Feb 2026),https://www.cdc.gov/nchs/data/hestat/hestat111.htm
HE111_T1_adults_20plus,adults,20+,men,all,all,2011-2012,2012.0,severe obesity,4.4,0.9,age-adjusted,,NCHS Health E-Stat 111 (Feb 2026),https://www.cdc.gov/nchs/data/hestat/hestat111.htm
HE111_T1_adults_20plus,adults,20+,women,all,all,2011-2012,2012.0,overweight,29.7,1.8,age-adjusted,,NCHS Health E-Stat 111 (Feb 2026),https://www.cdc.gov/nchs/data/hestat/hestat111.htm
HE111_T1_adults_20plus,adults,20+,women,all,all,2011-2012,2012.0,obesity,36.1,1.7,age-adjusted,,NCHS Health E-Stat 111 (Feb 2026),https://www.cdc.gov/nchs/data/hestat/hestat111.htm
HE111_T1_adults_20plus,adults,20+,women,all,all,2011-2012,2012.0,severe obesity,8.3,0.7,age-adjusted,,NCHS Health E-Stat 111 (Feb 2026),https://www.cdc.gov/nchs/data/hestat/hestat111.htm
HE111_T1_adults_20plus,adults,20+,all,all,all,2013-2014,2014.0,overweight,32.5,0.8,age-adjusted,,NCHS Health E-Stat 111 (Feb 2026),https://www.cdc.gov/nchs/data/hestat/hestat111.htm
HE111_T1_adults_20plus,adults,20+,all,all,all,2013-2014,2014.0,obesity,37.7,0.9,age-adjusted,,NCHS Health E-Stat 111 (Feb 2026),https://www.cdc.gov/nchs/data/hestat/hestat111.htm
HE111_T1_adults_20plus,adults,20+,all,all,all,2013-2014,2014.0,severe obesity,7.7,0.7,age-adjusted,,NCHS Health E-Stat 111 (Feb 2026),https://www.cdc.gov/nchs/data/hestat/hestat111.htm
HE111_T1_adults_20plus,adults,20+,men,all,all,2013-2014,2014.0,overweight,38.7,1.2,age-adjusted,,NCHS Health E-Stat 111 (Feb 2026),https://www.cdc.gov/nchs/data/hestat/hestat111.htm
HE111_T1_adults_20plus,adults,20+,men,all,all,2013-2014,2014.0,obesity,35.0,1.1,age-adjusted,,NCHS Health E-Stat 111 (Feb 2026),https://www.cdc.gov/nchs/data/hestat/hestat111.htm
HE111_T1_adults_20plus,adults,20+,men,all,all,2013-2014,2014.0,severe obesity,5.5,0.6,age-adjusted,,NCHS Health E-Stat 111 (Feb 2026),https://www.cdc.gov/nchs/data/hestat/hestat111.htm
HE111_T1_adults_20plus,adults,20+,women,all,all,2013-2014,2014.0,overweight,26.5,0.8,age-adjusted,,NCHS Health E-Stat 111 (Feb 2026),https://www.cdc.gov/nchs/data/hestat/hestat111.htm
HE111_T1_adults_20plus,adults,20+,women,all,all,2013-2014,2014.0,obesity,40.4,1.3,age-adjusted,,NCHS Health E-Stat 111 (Feb 2026),https://www.cdc.gov/nchs/data/hestat/hestat111.htm
HE111_T1_adults_20plus,adults,20+,women,all,all,2013-2014,2014.0,severe obesity,9.9,0.9,age-adjusted,,NCHS Health E-Stat 111 (Feb 2026),https://www.cdc.gov/nchs/data/hestat/hestat111.htm
HE111_T1_adults_20plus,adults,20+,all,all,all,2015-2016,2016.0,overweight,31.6,0.8,age-adjusted,,NCHS Health E-Stat 111 (Feb 2026),https://www.cdc.gov/nchs/data/hestat/hestat111.htm
HE111_T1_adults_20plus,adults,20+,all,all,all,2015-2016,2016.0,obesity,39.6,1.6,age-adjusted,,NCHS Health E-Stat 111 (Feb 2026),https://www.cdc.gov/nchs/data/hestat/hestat111.htm
HE111_T1_adults_20plus,adults,20+,all,all,all,2015-2016,2016.0,severe obesity,7.7,0.6,age-adjusted,,NCHS Health E-Stat 111 (Feb 2026),https://www.cdc.gov/nchs/data/hestat/hestat111.htm
HE111_T1_adults_20plus,adults,20+,men,all,all,2015-2016,2016.0,overweight,36.5,1.6,age-adjusted,,NCHS Health E-Stat 111 (Feb 2026),https://www.cdc.gov/nchs/data/hestat/hestat111.htm
HE111_T1_adults_20plus,adults,20+,men,all,all,2015-2016,2016.0,obesity,37.9,2.3,age-adjusted,,NCHS Health E-Stat 111 (Feb 2026),https://www.cdc.gov/nchs/data/hestat/hestat111.htm
HE111_T1_adults_20plus,adults,20+,men,all,all,2015-2016,2016.0,severe obesity,5.6,0.7,age-adjusted,,NCHS Health E-Stat 111 (Feb 2026),https://www.cdc.gov/nchs/data/hestat/hestat111.htm
HE111_T1_adults_20plus,adults,20+,women,all,all,2015-2016,2016.0,overweight,26.9,1.0,age-adjusted,,NCHS Health E-Stat 111 (Feb 2026),https://www.cdc.gov/nchs/data/hestat/hestat111.htm
HE111_T1_adults_20plus,adults,20+,women,all,all,2015-2016,2016.0,obesity,41.1,1.6,age-adjusted,,NCHS Health E-Stat 111 (Feb 2026),https://www.cdc.gov/nchs/data/hestat/hestat111.htm
HE111_T1_adults_20plus,adults,20+,women,all,all,2015-2016,2016.0,severe obesity,9.7,0.7,age-adjusted,,NCHS Health E-Stat 111 (Feb 2026),https://www.cdc.gov/nchs/data/hestat/hestat111.htm
HE111_T1_adults_20plus,adults,20+,all,all,all,2017-2018,2018.0,overweight,30.7,0.9,age-adjusted,,NCHS Health E-Stat 111 (Feb 2026),https://www.cdc.gov/nchs/data/hestat/hestat111.htm
HE111_T1_adults_20plus,adults,20+,all,all,all,2017-2018,2018.0,obesity,42.4,1.8,age-adjusted,,NCHS Health E-Stat 111 (Feb 2026),https://www.cdc.gov/nchs/data/hestat/hestat111.htm
HE111_T1_adults_20plus,adults,20+,all,all,all,2017-2018,2018.0,severe obesity,9.2,0.9,age-adjusted,,NCHS Health E-Stat 111 (Feb 2026),https://www.cdc.gov/nchs/data/hestat/hestat111.htm
HE111_T1_adults_20plus,adults,20+,men,all,all,2017-2018,2018.0,overweight,34.1,1.8,age-adjusted,,NCHS Health E-Stat 111 (Feb 2026),https://www.cdc.gov/nchs/data/hestat/hestat111.htm
HE111_T1_adults_20plus,adults,20+,men,all,all,2017-2018,2018.0,obesity,43.0,2.7,age-adjusted,,NCHS Health E-Stat 111 (Feb 2026),https://www.cdc.gov/nchs/data/hestat/hestat111.htm
HE111_T1_adults_20plus,adults,20+,men,all,all,2017-2018,2018.0,severe obesity,6.9,1.0,age-adjusted,,NCHS Health E-Stat 111 (Feb 2026),https://www.cdc.gov/nchs/data/hestat/hestat111.htm
HE111_T1_adults_20plus,adults,20+,women,all,all,2017-2018,2018.0,overweight,27.5,1.0,age-adjusted,,NCHS Health E-Stat 111 (Feb 2026),https://www.cdc.gov/nchs/data/hestat/hestat111.htm
HE111_T1_adults_20plus,adults,20+,women,all,all,2017-2018,2018.0,obesity,41.9,2.0,age-adjusted,,NCHS Health E-Stat 111 (Feb 2026),https://www.cdc.gov/nchs/data/hestat/hestat111.htm
HE111_T1_adults_20plus,adults,20+,women,all,all,2017-2018,2018.0,severe obesity,11.5,1.3,age-adjusted,,NCHS Health E-Stat 111 (Feb 2026),https://www.cdc.gov/nchs/data/hestat/hestat111.htm
HE111_T1_adults_20plus,adults,20+,all,all,all,Aug 2021-Aug 2023,2022.6,overweight,31.7,0.9,age-adjusted,,NCHS Health E-Stat 111 (Feb 2026),https://www.cdc.gov/nchs/data/hestat/hestat111.htm
HE111_T1_adults_20plus,adults,20+,all,all,all,Aug 2021-Aug 2023,2022.6,obesity,40.3,1.9,age-adjusted,,NCHS Health E-Stat 111 (Feb 2026),https://www.cdc.gov/nchs/data/hestat/hestat111.htm
HE111_T1_adults_20plus,adults,20+,all,all,all,Aug 2021-Aug 2023,2022.6,severe obesity,9.7,0.7,age-adjusted,,NCHS Health E-Stat 111 (Feb 2026),https://www.cdc.gov/nchs/data/hestat/hestat111.htm
HE111_T1_adults_20plus,adults,20+,men,all,all,Aug 2021-Aug 2023,2022.6,overweight,35.5,1.4,age-adjusted,,NCHS Health E-Stat 111 (Feb 2026),https://www.cdc.gov/nchs/data/hestat/hestat111.htm
HE111_T1_adults_20plus,adults,20+,men,all,all,Aug 2021-Aug 2023,2022.6,obesity,39.3,1.9,age-adjusted,,NCHS Health E-Stat 111 (Feb 2026),https://www.cdc.gov/nchs/data/hestat/hestat111.htm
HE111_T1_adults_20plus,adults,20+,men,all,all,Aug 2021-Aug 2023,2022.6,severe obesity,6.8,0.7,age-adjusted,,NCHS Health E-Stat 111 (Feb 2026),https://www.cdc.gov/nchs/data/hestat/hestat111.htm
HE111_T1_adults_20plus,adults,20+,women,all,all,Aug 2021-Aug 2023,2022.6,overweight,28.1,0.9,age-adjusted,,NCHS Health E-Stat 111 (Feb 2026),https://www.cdc.gov/nchs/data/hestat/hestat111.htm
HE111_T1_adults_20plus,adults,20+,women,all,all,Aug 2021-Aug 2023,2022.6,obesity,41.4,2.3,age-adjusted,,NCHS Health E-Stat 111 (Feb 2026),https://www.cdc.gov/nchs/data/hestat/hestat111.htm
HE111_T1_adults_20plus,adults,20+,women,all,all,Aug 2021-Aug 2023,2022.6,severe obesity,12.6,1.0,age-adjusted,,NCHS Health E-Stat 111 (Feb 2026),https://www.cdc.gov/nchs/data/hestat/hestat111.htm
HE111_T2_obesity_by_age,adults,20-39,all,age,20-39,1988-1994,1991.5,obesity,17.7,0.7,crude,,NCHS Health E-Stat 111 (Feb 2026),https://www.cdc.gov/nchs/data/hestat/hestat111.htm
HE111_T2_obesity_by_age,adults,40-59,all,age,40-59,1988-1994,1991.5,obesity,27.9,1.1,crude,,NCHS Health E-Stat 111 (Feb 2026),https://www.cdc.gov/nchs/data/hestat/hestat111.htm
HE111_T2_obesity_by_age,adults,60+,all,age,60+,1988-1994,1991.5,obesity,23.7,0.9,crude,,NCHS Health E-Stat 111 (Feb 2026),https://www.cdc.gov/nchs/data/hestat/hestat111.htm
HE111_T2_obesity_by_age,adults,20-39,men,age,20-39,1988-1994,1991.5,obesity,14.8,0.8,crude,,NCHS Health E-Stat 111 (Feb 2026),https://www.cdc.gov/nchs/data/hestat/hestat111.htm
HE111_T2_obesity_by_age,adults,40-59,men,age,40-59,1988-1994,1991.5,obesity,25.4,1.2,crude,,NCHS Health E-Stat 111 (Feb 2026),https://www.cdc.gov/nchs/data/hestat/hestat111.htm
HE111_T2_obesity_by_age,adults,60+,men,age,60+,1988-1994,1991.5,obesity,21.2,1.4,crude,,NCHS Health E-Stat 111 (Feb 2026),https://www.cdc.gov/nchs/data/hestat/hestat111.htm
HE111_T2_obesity_by_age,adults,20-39,women,age,20-39,1988-1994,1991.5,obesity,20.7,1.3,crude,,NCHS Health E-Stat 111 (Feb 2026),https://www.cdc.gov/nchs/data/hestat/hestat111.htm
HE111_T2_obesity_by_age,adults,40-59,women,age,40-59,1988-1994,1991.5,obesity,30.3,1.5,crude,,NCHS Health E-Stat 111 (Feb 2026),https://www.cdc.gov/nchs/data/hestat/hestat111.htm
HE111_T2_obesity_by_age,adults,60+,women,age,60+,1988-1994,1991.5,obesity,25.6,1.1,crude,,NCHS Health E-Stat 111 (Feb 2026),https://www.cdc.gov/nchs/data/hestat/hestat111.htm
HE111_T2_obesity_by_age,adults,20-39,all,age,20-39,1999-2000,2000.0,obesity,26.0,1.3,crude,,NCHS Health E-Stat 111 (Feb 2026),https://www.cdc.gov/nchs/data/hestat/hestat111.htm
HE111_T2_obesity_by_age,adults,40-59,all,age,40-59,1999-2000,2000.0,obesity,33.5,3.0,crude,,NCHS Health E-Stat 111 (Feb 2026),https://www.cdc.gov/nchs/data/hestat/hestat111.htm
HE111_T2_obesity_by_age,adults,60+,all,age,60+,1999-2000,2000.0,obesity,33.5,1.7,crude,,NCHS Health E-Stat 111 (Feb 2026),https://www.cdc.gov/nchs/data/hestat/hestat111.htm
HE111_T2_obesity_by_age,adults,20-39,men,age,20-39,1999-2000,2000.0,obesity,23.7,1.6,crude,,NCHS Health E-Stat 111 (Feb 2026),https://www.cdc.gov/nchs/data/hestat/hestat111.htm
HE111_T2_obesity_by_age,adults,40-59,men,age,40-59,1999-2000,2000.0,obesity,28.8,2.9,crude,,NCHS Health E-Stat 111 (Feb 2026),https://www.cdc.gov/nchs/data/hestat/hestat111.htm
HE111_T2_obesity_by_age,adults,60+,men,age,60+,1999-2000,2000.0,obesity,31.7,2.2,crude,,NCHS Health E-Stat 111 (Feb 2026),https://www.cdc.gov/nchs/data/hestat/hestat111.htm
HE111_T2_obesity_by_age,adults,20-39,women,age,20-39,1999-2000,2000.0,obesity,28.3,2.0,crude,,NCHS Health E-Stat 111 (Feb 2026),https://www.cdc.gov/nchs/data/hestat/hestat111.htm
HE111_T2_obesity_by_age,adults,40-59,women,age,40-59,1999-2000,2000.0,obesity,37.7,3.3,crude,,NCHS Health E-Stat 111 (Feb 2026),https://www.cdc.gov/nchs/data/hestat/hestat111.htm
HE111_T2_obesity_by_age,adults,60+,women,age,60+,1999-2000,2000.0,obesity,35.0,2.2,crude,,NCHS Health E-Stat 111 (Feb 2026),https://www.cdc.gov/nchs/data/hestat/hestat111.htm
HE111_T2_obesity_by_age,adults,20-39,all,age,20-39,2001-2002,2002.0,obesity,26.1,1.4,crude,,NCHS Health E-Stat 111 (Feb 2026),https://www.cdc.gov/nchs/data/hestat/hestat111.htm
HE111_T2_obesity_by_age,adults,40-59,all,age,40-59,2001-2002,2002.0,obesity,33.9,1.5,crude,,NCHS Health E-Stat 111 (Feb 2026),https://www.cdc.gov/nchs/data/hestat/hestat111.htm
HE111_T2_obesity_by_age,adults,60+,all,age,60+,2001-2002,2002.0,obesity,32.8,1.6,crude,,NCHS Health E-Stat 111 (Feb 2026),https://www.cdc.gov/nchs/data/hestat/hestat111.htm
HE111_T2_obesity_by_age,adults,20-39,men,age,20-39,2001-2002,2002.0,obesity,22.3,1.5,crude,,NCHS Health E-Stat 111 (Feb 2026),https://www.cdc.gov/nchs/data/hestat/hestat111.htm
HE111_T2_obesity_by_age,adults,40-59,men,age,40-59,2001-2002,2002.0,obesity,32.2,1.7,crude,,NCHS Health E-Stat 111 (Feb 2026),https://www.cdc.gov/nchs/data/hestat/hestat111.htm
HE111_T2_obesity_by_age,adults,60+,men,age,60+,2001-2002,2002.0,obesity,29.9,2.0,crude,,NCHS Health E-Stat 111 (Feb 2026),https://www.cdc.gov/nchs/data/hestat/hestat111.htm
HE111_T2_obesity_by_age,adults,20-39,women,age,20-39,2001-2002,2002.0,obesity,29.8,2.1,crude,,NCHS Health E-Stat 111 (Feb 2026),https://www.cdc.gov/nchs/data/hestat/hestat111.htm
HE111_T2_obesity_by_age,adults,40-59,women,age,40-59,2001-2002,2002.0,obesity,35.7,2.1,crude,,NCHS Health E-Stat 111 (Feb 2026),https://www.cdc.gov/nchs/data/hestat/hestat111.htm
HE111_T2_obesity_by_age,adults,60+,women,age,60+,2001-2002,2002.0,obesity,35.0,2.0,crude,,NCHS Health E-Stat 111 (Feb 2026),https://www.cdc.gov/nchs/data/hestat/hestat111.htm
HE111_T2_obesity_by_age,adults,20-39,all,age,20-39,2003-2004,2004.0,obesity,28.5,1.5,crude,,NCHS Health E-Stat 111 (Feb 2026),https://www.cdc.gov/nchs/data/hestat/hestat111.htm
HE111_T2_obesity_by_age,adults,40-59,all,age,40-59,2003-2004,2004.0,obesity,36.8,1.8,crude,,NCHS Health E-Stat 111 (Feb 2026),https://www.cdc.gov/nchs/data/hestat/hestat111.htm
HE111_T2_obesity_by_age,adults,60+,all,age,60+,2003-2004,2004.0,obesity,31.0,1.3,crude,,NCHS Health E-Stat 111 (Feb 2026),https://www.cdc.gov/nchs/data/hestat/hestat111.htm
HE111_T2_obesity_by_age,adults,20-39,men,age,20-39,2003-2004,2004.0,obesity,28.0,2.2,crude,,NCHS Health E-Stat 111 (Feb 2026),https://www.cdc.gov/nchs/data/hestat/hestat111.htm
HE111_T2_obesity_by_age,adults,40-59,men,age,40-59,2003-2004,2004.0,obesity,34.8,2.5,crude,,NCHS Health E-Stat 111 (Feb 2026),https://www.cdc.gov/nchs/data/hestat/hestat111.htm
HE111_T2_obesity_by_age,adults,60+,men,age,60+,2003-2004,2004.0,obesity,30.4,1.9,crude,,NCHS Health E-Stat 111 (Feb 2026),https://www.cdc.gov/nchs/data/hestat/hestat111.htm
HE111_T2_obesity_by_age,adults,20-39,women,age,20-39,2003-2004,2004.0,obesity,28.9,2.3,crude,,NCHS Health E-Stat 111 (Feb 2026),https://www.cdc.gov/nchs/data/hestat/hestat111.htm
HE111_T2_obesity_by_age,adults,40-59,women,age,40-59,2003-2004,2004.0,obesity,38.8,2.7,crude,,NCHS Health E-Stat 111 (Feb 2026),https://www.cdc.gov/nchs/data/hestat/hestat111.htm
HE111_T2_obesity_by_age,adults,60+,women,age,60+,2003-2004,2004.0,obesity,31.5,1.7,crude,,NCHS Health E-Stat 111 (Feb 2026),https://www.cdc.gov/nchs/data/hestat/hestat111.htm
HE111_T2_obesity_by_age,adults,20-39,all,age,20-39,2005-2006,2006.0,obesity,29.1,2.0,crude,,NCHS Health E-Stat 111 (Feb 2026),https://www.cdc.gov/nchs/data/hestat/hestat111.htm
HE111_T2_obesity_by_age,adults,40-59,all,age,40-59,2005-2006,2006.0,obesity,40.4,2.0,crude,,NCHS Health E-Stat 111 (Feb 2026),https://www.cdc.gov/nchs/data/hestat/hestat111.htm
HE111_T2_obesity_by_age,adults,60+,all,age,60+,2005-2006,2006.0,obesity,33.4,1.1,crude,,NCHS Health E-Stat 111 (Feb 2026),https://www.cdc.gov/nchs/data/hestat/hestat111.htm
HE111_T2_obesity_by_age,adults,20-39,men,age,20-39,2005-2006,2006.0,obesity,27.9,2.8,crude,,NCHS Health E-Stat 111 (Feb 2026),https://www.cdc.gov/nchs/data/hestat/hestat111.htm
HE111_T2_obesity_by_age,adults,40-59,men,age,40-59,2005-2006,2006.0,obesity,39.6,2.9,crude,,NCHS Health E-Stat 111 (Feb 2026),https://www.cdc.gov/nchs/data/hestat/hestat111.htm
HE111_T2_obesity_by_age,adults,60+,men,age,60+,2005-2006,2006.0,obesity,32.2,2.1,crude,,NCHS Health E-Stat 111 (Feb 2026),https://www.cdc.gov/nchs/data/hestat/hestat111.htm
HE111_T2_obesity_by_age,adults,20-39,women,age,20-39,2005-2006,2006.0,obesity,30.5,2.3,crude,,NCHS Health E-Stat 111 (Feb 2026),https://www.cdc.gov/nchs/data/hestat/hestat111.htm
HE111_T2_obesity_by_age,adults,40-59,women,age,40-59,2005-2006,2006.0,obesity,41.1,2.3,crude,,NCHS Health E-Stat 111 (Feb 2026),https://www.cdc.gov/nchs/data/hestat/hestat111.htm
HE111_T2_obesity_by_age,adults,60+,women,age,60+,2005-2006,2006.0,obesity,34.4,2.3,crude,,NCHS Health E-Stat 111 (Feb 2026),https://www.cdc.gov/nchs/data/hestat/hestat111.htm
HE111_T2_obesity_by_age,adults,20-39,all,age,20-39,2007-2008,2008.0,obesity,30.7,2.0,crude,,NCHS Health E-Stat 111 (Feb 2026),https://www.cdc.gov/nchs/data/hestat/hestat111.htm
HE111_T2_obesity_by_age,adults,40-59,all,age,40-59,2007-2008,2008.0,obesity,36.2,1.7,crude,,NCHS Health E-Stat 111 (Feb 2026),https://www.cdc.gov/nchs/data/hestat/hestat111.htm
HE111_T2_obesity_by_age,adults,60+,all,age,60+,2007-2008,2008.0,obesity,35.1,1.0,crude,,NCHS Health E-Stat 111 (Feb 2026),https://www.cdc.gov/nchs/data/hestat/hestat111.htm
HE111_T2_obesity_by_age,adults,20-39,men,age,20-39,2007-2008,2008.0,obesity,27.4,1.9,crude,,NCHS Health E-Stat 111 (Feb 2026),https://www.cdc.gov/nchs/data/hestat/hestat111.htm
HE111_T2_obesity_by_age,adults,40-59,men,age,40-59,2007-2008,2008.0,obesity,34.2,2.3,crude,,NCHS Health E-Stat 111 (Feb 2026),https://www.cdc.gov/nchs/data/hestat/hestat111.htm
HE111_T2_obesity_by_age,adults,60+,men,age,60+,2007-2008,2008.0,obesity,37.0,2.0,crude,,NCHS Health E-Stat 111 (Feb 2026),https://www.cdc.gov/nchs/data/hestat/hestat111.htm
HE111_T2_obesity_by_age,adults,20-39,women,age,20-39,2007-2008,2008.0,obesity,34.0,2.5,crude,,NCHS Health E-Stat 111 (Feb 2026),https://www.cdc.gov/nchs/data/hestat/hestat111.htm
HE111_T2_obesity_by_age,adults,40-59,women,age,40-59,2007-2008,2008.0,obesity,38.1,2.2,crude,,NCHS Health E-Stat 111 (Feb 2026),https://www.cdc.gov/nchs/data/hestat/hestat111.htm
HE111_T2_obesity_by_age,adults,60+,women,age,60+,2007-2008,2008.0,obesity,33.5,1.7,crude,,NCHS Health E-Stat 111 (Feb 2026),https://www.cdc.gov/nchs/data/hestat/hestat111.htm
HE111_T2_obesity_by_age,adults,20-39,all,age,20-39,2009-2010,2010.0,obesity,32.6,1.7,crude,,NCHS Health E-Stat 111 (Feb 2026),https://www.cdc.gov/nchs/data/hestat/hestat111.htm
HE111_T2_obesity_by_age,adults,40-59,all,age,40-59,2009-2010,2010.0,obesity,36.6,1.0,crude,,NCHS Health E-Stat 111 (Feb 2026),https://www.cdc.gov/nchs/data/hestat/hestat111.htm
HE111_T2_obesity_by_age,adults,60+,all,age,60+,2009-2010,2010.0,obesity,39.7,1.5,crude,,NCHS Health E-Stat 111 (Feb 2026),https://www.cdc.gov/nchs/data/hestat/hestat111.htm
HE111_T2_obesity_by_age,adults,20-39,men,age,20-39,2009-2010,2010.0,obesity,33.2,2.7,crude,,NCHS Health E-Stat 111 (Feb 2026),https://www.cdc.gov/nchs/data/hestat/hestat111.htm
HE111_T2_obesity_by_age,adults,40-59,men,age,40-59,2009-2010,2010.0,obesity,37.2,1.8,crude,,NCHS Health E-Stat 111 (Feb 2026),https://www.cdc.gov/nchs/data/hestat/hestat111.htm
HE111_T2_obesity_by_age,adults,60+,men,age,60+,2009-2010,2010.0,obesity,36.6,2.4,crude,,NCHS Health E-Stat 111 (Feb 2026),https://www.cdc.gov/nchs/data/hestat/hestat111.htm
HE111_T2_obesity_by_age,adults,20-39,women,age,20-39,2009-2010,2010.0,obesity,31.9,1.6,crude,,NCHS Health E-Stat 111 (Feb 2026),https://www.cdc.gov/nchs/data/hestat/hestat111.htm
HE111_T2_obesity_by_age,adults,40-59,women,age,40-59,2009-2010,2010.0,obesity,36.0,1.7,crude,,NCHS Health E-Stat 111 (Feb 2026),https://www.cdc.gov/nchs/data/hestat/hestat111.htm
HE111_T2_obesity_by_age,adults,60+,women,age,60+,2009-2010,2010.0,obesity,42.3,1.9,crude,,NCHS Health E-Stat 111 (Feb 2026),https://www.cdc.gov/nchs/data/hestat/hestat111.htm
HE111_T2_obesity_by_age,adults,20-39,all,age,20-39,2011-2012,2012.0,obesity,30.3,1.9,crude,,NCHS Health E-Stat 111 (Feb 2026),https://www.cdc.gov/nchs/data/hestat/hestat111.htm
HE111_T2_obesity_by_age,adults,40-59,all,age,40-59,2011-2012,2012.0,obesity,39.5,1.6,crude,,NCHS Health E-Stat 111 (Feb 2026),https://www.cdc.gov/nchs/data/hestat/hestat111.htm
HE111_T2_obesity_by_age,adults,60+,all,age,60+,2011-2012,2012.0,obesity,35.4,2.0,crude,,NCHS Health E-Stat 111 (Feb 2026),https://www.cdc.gov/nchs/data/hestat/hestat111.htm
HE111_T2_obesity_by_age,adults,20-39,men,age,20-39,2011-2012,2012.0,obesity,29.0,2.6,crude,,NCHS Health E-Stat 111 (Feb 2026),https://www.cdc.gov/nchs/data/hestat/hestat111.htm
HE111_T2_obesity_by_age,adults,40-59,men,age,40-59,2011-2012,2012.0,obesity,39.4,1.6,crude,,NCHS Health E-Stat 111 (Feb 2026),https://www.cdc.gov/nchs/data/hestat/hestat111.htm
HE111_T2_obesity_by_age,adults,60+,men,age,60+,2011-2012,2012.0,obesity,32.0,2.2,crude,,NCHS Health E-Stat 111 (Feb 2026),https://www.cdc.gov/nchs/data/hestat/hestat111.htm
HE111_T2_obesity_by_age,adults,20-39,women,age,20-39,2011-2012,2012.0,obesity,31.8,1.7,crude,,NCHS Health E-Stat 111 (Feb 2026),https://www.cdc.gov/nchs/data/hestat/hestat111.htm
HE111_T2_obesity_by_age,adults,40-59,women,age,40-59,2011-2012,2012.0,obesity,39.5,2.2,crude,,NCHS Health E-Stat 111 (Feb 2026),https://www.cdc.gov/nchs/data/hestat/hestat111.htm
HE111_T2_obesity_by_age,adults,60+,women,age,60+,2011-2012,2012.0,obesity,38.1,2.9,crude,,NCHS Health E-Stat 111 (Feb 2026),https://www.cdc.gov/nchs/data/hestat/hestat111.htm
HE111_T2_obesity_by_age,adults,20-39,all,age,20-39,2013-2014,2014.0,obesity,34.3,1.5,crude,,NCHS Health E-Stat 111 (Feb 2026),https://www.cdc.gov/nchs/data/hestat/hestat111.htm
HE111_T2_obesity_by_age,adults,40-59,all,age,40-59,2013-2014,2014.0,obesity,41.0,2.1,crude,,NCHS Health E-Stat 111 (Feb 2026),https://www.cdc.gov/nchs/data/hestat/hestat111.htm
HE111_T2_obesity_by_age,adults,60+,all,age,60+,2013-2014,2014.0,obesity,38.5,1.6,crude,,NCHS Health E-Stat 111 (Feb 2026),https://www.cdc.gov/nchs/data/hestat/hestat111.htm
HE111_T2_obesity_by_age,adults,20-39,men,age,20-39,2013-2014,2014.0,obesity,31.6,2.1,crude,,NCHS Health E-Stat 111 (Feb 2026),https://www.cdc.gov/nchs/data/hestat/hestat111.htm
HE111_T2_obesity_by_age,adults,40-59,men,age,40-59,2013-2014,2014.0,obesity,37.2,2.4,crude,,NCHS Health E-Stat 111 (Feb 2026),https://www.cdc.gov/nchs/data/hestat/hestat111.htm
HE111_T2_obesity_by_age,adults,60+,men,age,60+,2013-2014,2014.0,obesity,37.5,3.0,crude,,NCHS Health E-Stat 111 (Feb 2026),https://www.cdc.gov/nchs/data/hestat/hestat111.htm
HE111_T2_obesity_by_age,adults,20-39,women,age,20-39,2013-2014,2014.0,obesity,37.0,1.3,crude,,NCHS Health E-Stat 111 (Feb 2026),https://www.cdc.gov/nchs/data/hestat/hestat111.htm
HE111_T2_obesity_by_age,adults,40-59,women,age,40-59,2013-2014,2014.0,obesity,44.6,2.6,crude,,NCHS Health E-Stat 111 (Feb 2026),https://www.cdc.gov/nchs/data/hestat/hestat111.htm
HE111_T2_obesity_by_age,adults,60+,women,age,60+,2013-2014,2014.0,obesity,39.4,1.9,crude,,NCHS Health E-Stat 111 (Feb 2026),https://www.cdc.gov/nchs/data/hestat/hestat111.htm
HE111_T2_obesity_by_age,adults,20-39,all,age,20-39,2015-2016,2016.0,obesity,35.7,1.9,crude,,NCHS Health E-Stat 111 (Feb 2026),https://www.cdc.gov/nchs/data/hestat/hestat111.htm
HE111_T2_obesity_by_age,adults,40-59,all,age,40-59,2015-2016,2016.0,obesity,42.8,2.6,crude,,NCHS Health E-Stat 111 (Feb 2026),https://www.cdc.gov/nchs/data/hestat/hestat111.htm
HE111_T2_obesity_by_age,adults,60+,all,age,60+,2015-2016,2016.0,obesity,41.0,1.9,crude,,NCHS Health E-Stat 111 (Feb 2026),https://www.cdc.gov/nchs/data/hestat/hestat111.htm
HE111_T2_obesity_by_age,adults,20-39,men,age,20-39,2015-2016,2016.0,obesity,34.8,2.8,crude,,NCHS Health E-Stat 111 (Feb 2026),https://www.cdc.gov/nchs/data/hestat/hestat111.htm
HE111_T2_obesity_by_age,adults,40-59,men,age,40-59,2015-2016,2016.0,obesity,40.8,2.9,crude,,NCHS Health E-Stat 111 (Feb 2026),https://www.cdc.gov/nchs/data/hestat/hestat111.htm
HE111_T2_obesity_by_age,adults,60+,men,age,60+,2015-2016,2016.0,obesity,38.5,1.8,crude,,NCHS Health E-Stat 111 (Feb 2026),https://www.cdc.gov/nchs/data/hestat/hestat111.htm
HE111_T2_obesity_by_age,adults,20-39,women,age,20-39,2015-2016,2016.0,obesity,36.5,1.6,crude,,NCHS Health E-Stat 111 (Feb 2026),https://www.cdc.gov/nchs/data/hestat/hestat111.htm
HE111_T2_obesity_by_age,adults,40-59,women,age,40-59,2015-2016,2016.0,obesity,44.7,3.1,crude,,NCHS Health E-Stat 111 (Feb 2026),https://www.cdc.gov/nchs/data/hestat/hestat111.htm
HE111_T2_obesity_by_age,adults,60+,women,age,60+,2015-2016,2016.0,obesity,43.1,2.8,crude,,NCHS Health E-Stat 111 (Feb 2026),https://www.cdc.gov/nchs/data/hestat/hestat111.htm
HE111_T2_obesity_by_age,adults,20-39,all,age,20-39,2017-2018,2018.0,obesity,40.0,2.6,crude,,NCHS Health E-Stat 111 (Feb 2026),https://www.cdc.gov/nchs/data/hestat/hestat111.htm
HE111_T2_obesity_by_age,adults,40-59,all,age,40-59,2017-2018,2018.0,obesity,44.8,1.9,crude,,NCHS Health E-Stat 111 (Feb 2026),https://www.cdc.gov/nchs/data/hestat/hestat111.htm
HE111_T2_obesity_by_age,adults,60+,all,age,60+,2017-2018,2018.0,obesity,42.8,2.5,crude,,NCHS Health E-Stat 111 (Feb 2026),https://www.cdc.gov/nchs/data/hestat/hestat111.htm
HE111_T2_obesity_by_age,adults,20-39,men,age,20-39,2017-2018,2018.0,obesity,40.3,3.8,crude,,NCHS Health E-Stat 111 (Feb 2026),https://www.cdc.gov/nchs/data/hestat/hestat111.htm
HE111_T2_obesity_by_age,adults,40-59,men,age,40-59,2017-2018,2018.0,obesity,46.4,3.2,crude,,NCHS Health E-Stat 111 (Feb 2026),https://www.cdc.gov/nchs/data/hestat/hestat111.htm
HE111_T2_obesity_by_age,adults,60+,men,age,60+,2017-2018,2018.0,obesity,42.2,3.3,crude,,NCHS Health E-Stat 111 (Feb 2026),https://www.cdc.gov/nchs/data/hestat/hestat111.htm
HE111_T2_obesity_by_age,adults,20-39,women,age,20-39,2017-2018,2018.0,obesity,39.7,2.7,crude,,NCHS Health E-Stat 111 (Feb 2026),https://www.cdc.gov/nchs/data/hestat/hestat111.htm
HE111_T2_obesity_by_age,adults,40-59,women,age,40-59,2017-2018,2018.0,obesity,43.3,2.7,crude,,NCHS Health E-Stat 111 (Feb 2026),https://www.cdc.gov/nchs/data/hestat/hestat111.htm
HE111_T2_obesity_by_age,adults,60+,women,age,60+,2017-2018,2018.0,obesity,43.3,3.0,crude,,NCHS Health E-Stat 111 (Feb 2026),https://www.cdc.gov/nchs/data/hestat/hestat111.htm
HE111_T2_obesity_by_age,adults,20-39,all,age,20-39,Aug 2021-Aug 2023,2022.6,obesity,35.5,3.0,crude,,NCHS Health E-Stat 111 (Feb 2026),https://www.cdc.gov/nchs/data/hestat/hestat111.htm
HE111_T2_obesity_by_age,adults,40-59,all,age,40-59,Aug 2021-Aug 2023,2022.6,obesity,46.4,1.8,crude,,NCHS Health E-Stat 111 (Feb 2026),https://www.cdc.gov/nchs/data/hestat/hestat111.htm
HE111_T2_obesity_by_age,adults,60+,all,age,60+,Aug 2021-Aug 2023,2022.6,obesity,38.9,1.5,crude,,NCHS Health E-Stat 111 (Feb 2026),https://www.cdc.gov/nchs/data/hestat/hestat111.htm
HE111_T2_obesity_by_age,adults,20-39,men,age,20-39,Aug 2021-Aug 2023,2022.6,obesity,34.3,2.8,crude,,NCHS Health E-Stat 111 (Feb 2026),https://www.cdc.gov/nchs/data/hestat/hestat111.htm
HE111_T2_obesity_by_age,adults,40-59,men,age,40-59,Aug 2021-Aug 2023,2022.6,obesity,45.4,1.9,crude,,NCHS Health E-Stat 111 (Feb 2026),https://www.cdc.gov/nchs/data/hestat/hestat111.htm
HE111_T2_obesity_by_age,adults,60+,men,age,60+,Aug 2021-Aug 2023,2022.6,obesity,38.0,2.3,crude,,NCHS Health E-Stat 111 (Feb 2026),https://www.cdc.gov/nchs/data/hestat/hestat111.htm
HE111_T2_obesity_by_age,adults,20-39,women,age,20-39,Aug 2021-Aug 2023,2022.6,obesity,36.8,3.6,crude,,NCHS Health E-Stat 111 (Feb 2026),https://www.cdc.gov/nchs/data/hestat/hestat111.htm
HE111_T2_obesity_by_age,adults,40-59,women,age,40-59,Aug 2021-Aug 2023,2022.6,obesity,47.4,2.1,crude,,NCHS Health E-Stat 111 (Feb 2026),https://www.cdc.gov/nchs/data/hestat/hestat111.htm
HE111_T2_obesity_by_age,adults,60+,women,age,60+,Aug 2021-Aug 2023,2022.6,obesity,39.6,1.9,crude,,NCHS Health E-Stat 111 (Feb 2026),https://www.cdc.gov/nchs/data/hestat/hestat111.htm
HE111_T3_obesity_by_race,adults,20+,all,race_ethnicity,"Asian, non-Hispanic",Aug 2021-Aug 2023,2022.6,obesity,13.1,3.2,age-adjusted,,NCHS Health E-Stat 111 (Feb 2026),https://www.cdc.gov/nchs/data/hestat/hestat111.htm
HE111_T3_obesity_by_race,adults,20+,all,race_ethnicity,"Black, non-Hispanic",Aug 2021-Aug 2023,2022.6,obesity,52.1,2.7,age-adjusted,,NCHS Health E-Stat 111 (Feb 2026),https://www.cdc.gov/nchs/data/hestat/hestat111.htm
HE111_T3_obesity_by_race,adults,20+,all,race_ethnicity,"White, non-Hispanic",Aug 2021-Aug 2023,2022.6,obesity,39.3,1.8,age-adjusted,,NCHS Health E-Stat 111 (Feb 2026),https://www.cdc.gov/nchs/data/hestat/hestat111.htm
HE111_T3_obesity_by_race,adults,20+,all,race_ethnicity,Hispanic,Aug 2021-Aug 2023,2022.6,obesity,44.0,3.7,age-adjusted,,NCHS Health E-Stat 111 (Feb 2026),https://www.cdc.gov/nchs/data/hestat/hestat111.htm
HE111_T3_obesity_by_race,adults,20+,all,race_ethnicity,Mexican American,Aug 2021-Aug 2023,2022.6,obesity,48.0,5.0,age-adjusted,,NCHS Health E-Stat 111 (Feb 2026),https://www.cdc.gov/nchs/data/hestat/hestat111.htm
HE111_T3_obesity_by_race,adults,20+,men,race_ethnicity,"Asian, non-Hispanic",Aug 2021-Aug 2023,2022.6,obesity,17.8,3.9,age-adjusted,,NCHS Health E-Stat 111 (Feb 2026),https://www.cdc.gov/nchs/data/hestat/hestat111.htm
HE111_T3_obesity_by_race,adults,20+,men,race_ethnicity,"Black, non-Hispanic",Aug 2021-Aug 2023,2022.6,obesity,47.3,4.4,age-adjusted,NCHS dagger: see Ogden et al. 2025 on race/Hispanic-origin estimates,NCHS Health E-Stat 111 (Feb 2026),https://www.cdc.gov/nchs/data/hestat/hestat111.htm
HE111_T3_obesity_by_race,adults,20+,men,race_ethnicity,"White, non-Hispanic",Aug 2021-Aug 2023,2022.6,obesity,38.3,1.9,age-adjusted,,NCHS Health E-Stat 111 (Feb 2026),https://www.cdc.gov/nchs/data/hestat/hestat111.htm
HE111_T3_obesity_by_race,adults,20+,men,race_ethnicity,Hispanic,Aug 2021-Aug 2023,2022.6,obesity,43.6,3.0,age-adjusted,,NCHS Health E-Stat 111 (Feb 2026),https://www.cdc.gov/nchs/data/hestat/hestat111.htm
HE111_T3_obesity_by_race,adults,20+,men,race_ethnicity,Mexican American,Aug 2021-Aug 2023,2022.6,obesity,44.2,3.7,age-adjusted,,NCHS Health E-Stat 111 (Feb 2026),https://www.cdc.gov/nchs/data/hestat/hestat111.htm
HE111_T3_obesity_by_race,adults,20+,women,race_ethnicity,"Asian, non-Hispanic",Aug 2021-Aug 2023,2022.6,obesity,9.8,3.1,age-adjusted,UNRELIABLE: does not meet NCHS standards of reliability or precision - do not display,NCHS Health E-Stat 111 (Feb 2026),https://www.cdc.gov/nchs/data/hestat/hestat111.htm
HE111_T3_obesity_by_race,adults,20+,women,race_ethnicity,"Black, non-Hispanic",Aug 2021-Aug 2023,2022.6,obesity,56.0,3.4,age-adjusted,,NCHS Health E-Stat 111 (Feb 2026),https://www.cdc.gov/nchs/data/hestat/hestat111.htm
HE111_T3_obesity_by_race,adults,20+,women,race_ethnicity,"White, non-Hispanic",Aug 2021-Aug 2023,2022.6,obesity,40.4,2.0,age-adjusted,,NCHS Health E-Stat 111 (Feb 2026),https://www.cdc.gov/nchs/data/hestat/hestat111.htm
HE111_T3_obesity_by_race,adults,20+,women,race_ethnicity,Hispanic,Aug 2021-Aug 2023,2022.6,obesity,44.6,4.8,age-adjusted,,NCHS Health E-Stat 111 (Feb 2026),https://www.cdc.gov/nchs/data/hestat/hestat111.htm
HE111_T3_obesity_by_race,adults,20+,women,race_ethnicity,Mexican American,Aug 2021-Aug 2023,2022.6,obesity,52.1,7.0,age-adjusted,UNRELIABLE: does not meet NCHS standards of reliability or precision - do not display,NCHS Health E-Stat 111 (Feb 2026),https://www.cdc.gov/nchs/data/hestat/hestat111.htm
DB508_sex_age,adults,20+,all,all,all,Aug 2021-Aug 2023,2022.6,obesity,40.3,1.8,crude,,NCHS Data Brief 508 (Sep 2024),https://www.cdc.gov/nchs/products/databriefs/db508.htm
DB508_sex_age,adults,20-39,all,age,20-39,Aug 2021-Aug 2023,2022.6,obesity,35.5,3.0,crude,,NCHS Data Brief 508 (Sep 2024),https://www.cdc.gov/nchs/products/databriefs/db508.htm
DB508_sex_age,adults,40-59,all,age,40-59,Aug 2021-Aug 2023,2022.6,obesity,46.4,1.8,crude,,NCHS Data Brief 508 (Sep 2024),https://www.cdc.gov/nchs/products/databriefs/db508.htm
DB508_sex_age,adults,60+,all,age,60+,Aug 2021-Aug 2023,2022.6,obesity,38.9,1.5,crude,,NCHS Data Brief 508 (Sep 2024),https://www.cdc.gov/nchs/products/databriefs/db508.htm
DB508_sex_age,adults,20+,men,all,all,Aug 2021-Aug 2023,2022.6,obesity,39.2,1.9,crude,,NCHS Data Brief 508 (Sep 2024),https://www.cdc.gov/nchs/products/databriefs/db508.htm
DB508_sex_age,adults,20-39,men,age,20-39,Aug 2021-Aug 2023,2022.6,obesity,34.3,2.8,crude,,NCHS Data Brief 508 (Sep 2024),https://www.cdc.gov/nchs/products/databriefs/db508.htm
DB508_sex_age,adults,40-59,men,age,40-59,Aug 2021-Aug 2023,2022.6,obesity,45.4,1.9,crude,,NCHS Data Brief 508 (Sep 2024),https://www.cdc.gov/nchs/products/databriefs/db508.htm
DB508_sex_age,adults,60+,men,age,60+,Aug 2021-Aug 2023,2022.6,obesity,38.0,2.3,crude,,NCHS Data Brief 508 (Sep 2024),https://www.cdc.gov/nchs/products/databriefs/db508.htm
DB508_sex_age,adults,20+,women,all,all,Aug 2021-Aug 2023,2022.6,obesity,41.3,2.2,crude,,NCHS Data Brief 508 (Sep 2024),https://www.cdc.gov/nchs/products/databriefs/db508.htm
DB508_sex_age,adults,20-39,women,age,20-39,Aug 2021-Aug 2023,2022.6,obesity,36.8,3.6,crude,,NCHS Data Brief 508 (Sep 2024),https://www.cdc.gov/nchs/products/databriefs/db508.htm
DB508_sex_age,adults,40-59,women,age,40-59,Aug 2021-Aug 2023,2022.6,obesity,47.4,2.1,crude,,NCHS Data Brief 508 (Sep 2024),https://www.cdc.gov/nchs/products/databriefs/db508.htm
DB508_sex_age,adults,60+,women,age,60+,Aug 2021-Aug 2023,2022.6,obesity,39.6,1.9,crude,,NCHS Data Brief 508 (Sep 2024),https://www.cdc.gov/nchs/products/databriefs/db508.htm
DB508_sex_age,adults,20+,all,all,all,Aug 2021-Aug 2023,2022.6,severe obesity,9.4,0.7,crude,,NCHS Data Brief 508 (Sep 2024),https://www.cdc.gov/nchs/products/databriefs/db508.htm
DB508_sex_age,adults,20-39,all,age,20-39,Aug 2021-Aug 2023,2022.6,severe obesity,9.5,1.0,crude,,NCHS Data Brief 508 (Sep 2024),https://www.cdc.gov/nchs/products/databriefs/db508.htm
DB508_sex_age,adults,40-59,all,age,40-59,Aug 2021-Aug 2023,2022.6,severe obesity,12.0,1.0,crude,,NCHS Data Brief 508 (Sep 2024),https://www.cdc.gov/nchs/products/databriefs/db508.htm
DB508_sex_age,adults,60+,all,age,60+,Aug 2021-Aug 2023,2022.6,severe obesity,6.6,0.6,crude,,NCHS Data Brief 508 (Sep 2024),https://www.cdc.gov/nchs/products/databriefs/db508.htm
DB508_sex_age,adults,20+,men,all,all,Aug 2021-Aug 2023,2022.6,severe obesity,6.7,0.7,crude,,NCHS Data Brief 508 (Sep 2024),https://www.cdc.gov/nchs/products/databriefs/db508.htm
DB508_sex_age,adults,20-39,men,age,20-39,Aug 2021-Aug 2023,2022.6,severe obesity,6.1,0.8,crude,,NCHS Data Brief 508 (Sep 2024),https://www.cdc.gov/nchs/products/databriefs/db508.htm
DB508_sex_age,adults,40-59,men,age,40-59,Aug 2021-Aug 2023,2022.6,severe obesity,9.2,1.3,crude,,NCHS Data Brief 508 (Sep 2024),https://www.cdc.gov/nchs/products/databriefs/db508.htm
DB508_sex_age,adults,60+,men,age,60+,Aug 2021-Aug 2023,2022.6,severe obesity,4.3,0.6,crude,,NCHS Data Brief 508 (Sep 2024),https://www.cdc.gov/nchs/products/databriefs/db508.htm
DB508_sex_age,adults,20+,women,all,all,Aug 2021-Aug 2023,2022.6,severe obesity,12.1,0.9,crude,,NCHS Data Brief 508 (Sep 2024),https://www.cdc.gov/nchs/products/databriefs/db508.htm
DB508_sex_age,adults,20-39,women,age,20-39,Aug 2021-Aug 2023,2022.6,severe obesity,13.0,1.5,crude,,NCHS Data Brief 508 (Sep 2024),https://www.cdc.gov/nchs/products/databriefs/db508.htm
DB508_sex_age,adults,40-59,women,age,40-59,Aug 2021-Aug 2023,2022.6,severe obesity,14.7,1.4,crude,,NCHS Data Brief 508 (Sep 2024),https://www.cdc.gov/nchs/products/databriefs/db508.htm
DB508_sex_age,adults,60+,women,age,60+,Aug 2021-Aug 2023,2022.6,severe obesity,8.4,0.8,crude,,NCHS Data Brief 508 (Sep 2024),https://www.cdc.gov/nchs/products/databriefs/db508.htm
DB508_education,adults,20+,all,education,High school diploma or less,Aug 2021-Aug 2023,2022.6,obesity,44.6,2.1,crude,High school diploma or less includes GED,NCHS Data Brief 508 (Sep 2024),https://www.cdc.gov/nchs/products/databriefs/db508.htm
DB508_education,adults,20+,all,education,Some college,Aug 2021-Aug 2023,2022.6,obesity,45.0,1.7,crude,High school diploma or less includes GED,NCHS Data Brief 508 (Sep 2024),https://www.cdc.gov/nchs/products/databriefs/db508.htm
DB508_education,adults,20+,all,education,Bachelor's degree or more,Aug 2021-Aug 2023,2022.6,obesity,31.6,2.5,crude,High school diploma or less includes GED,NCHS Data Brief 508 (Sep 2024),https://www.cdc.gov/nchs/products/databriefs/db508.htm
DB508_education,adults,20+,men,education,High school diploma or less,Aug 2021-Aug 2023,2022.6,obesity,43.3,2.3,crude,High school diploma or less includes GED,NCHS Data Brief 508 (Sep 2024),https://www.cdc.gov/nchs/products/databriefs/db508.htm
DB508_education,adults,20+,men,education,Some college,Aug 2021-Aug 2023,2022.6,obesity,43.0,2.1,crude,High school diploma or less includes GED,NCHS Data Brief 508 (Sep 2024),https://www.cdc.gov/nchs/products/databriefs/db508.htm
DB508_education,adults,20+,men,education,Bachelor's degree or more,Aug 2021-Aug 2023,2022.6,obesity,31.1,3.0,crude,High school diploma or less includes GED,NCHS Data Brief 508 (Sep 2024),https://www.cdc.gov/nchs/products/databriefs/db508.htm
DB508_education,adults,20+,women,education,High school diploma or less,Aug 2021-Aug 2023,2022.6,obesity,46.0,2.8,crude,High school diploma or less includes GED,NCHS Data Brief 508 (Sep 2024),https://www.cdc.gov/nchs/products/databriefs/db508.htm
DB508_education,adults,20+,women,education,Some college,Aug 2021-Aug 2023,2022.6,obesity,46.9,2.4,crude,High school diploma or less includes GED,NCHS Data Brief 508 (Sep 2024),https://www.cdc.gov/nchs/products/databriefs/db508.htm
DB508_education,adults,20+,women,education,Bachelor's degree or more,Aug 2021-Aug 2023,2022.6,obesity,31.9,3.0,crude,High school diploma or less includes GED,NCHS Data Brief 508 (Sep 2024),https://www.cdc.gov/nchs/products/databriefs/db508.htm
DB508_fig4_trend,adults,20+,all,all,all,2017-Mar 2020,2018.6,obesity,41.9,1.2,age-adjusted,2017-March 2020 pre-pandemic cycle; DB 508 found no significant change vs Aug 2021-Aug 2023,NCHS Data Brief 508 (Sep 2024),https://www.cdc.gov/nchs/products/databriefs/db508.htm
DB508_fig4_trend,adults,20+,all,all,all,2017-Mar 2020,2018.6,severe obesity,9.2,0.6,age-adjusted,2017-March 2020 pre-pandemic cycle,NCHS Data Brief 508 (Sep 2024),https://www.cdc.gov/nchs/products/databriefs/db508.htm
HE119_underweight,adults,20+,all,all,all,Aug 2021-Aug 2023,2022.6,underweight,1.6,0.2,age-adjusted,crude estimate also 1.6,NCHS Health E-Stat 119 (Jun 2026),https://www.cdc.gov/nchs/data/hestat/hestat119.htm
HE119_underweight,adults,20+,men,all,all,Aug 2021-Aug 2023,2022.6,underweight,1.1,,crude,,NCHS Health E-Stat 119 (Jun 2026),https://www.cdc.gov/nchs/data/hestat/hestat119.htm
HE119_underweight,adults,20+,women,all,all,Aug 2021-Aug 2023,2022.6,underweight,2.0,,crude,,NCHS Health E-Stat 119 (Jun 2026),https://www.cdc.gov/nchs/data/hestat/hestat119.htm
HE119_underweight,children and adolescents,2-19,all,all,all,Aug 2021-Aug 2023,2022.6,underweight,4.4,0.5,crude,"BMI below 5th percentile, 2000 CDC growth charts",NCHS Health E-Stat 119 (Jun 2026),https://www.cdc.gov/nchs/data/hestat/hestat119.htm
HE111_crude_snapshot,adults,20+,all,all,all,Aug 2021-Aug 2023,2022.6,overweight,32.1,,crude,crude estimates stated in HE-Stat 111 text/footnote,NCHS Health E-Stat 111 (Feb 2026),https://www.cdc.gov/nchs/data/hestat/hestat111.htm
HE111_crude_snapshot,adults,20+,all,all,all,Aug 2021-Aug 2023,2022.6,obesity,40.3,,crude,,NCHS Health E-Stat 111 (Feb 2026),https://www.cdc.gov/nchs/data/hestat/hestat111.htm
HE111_crude_snapshot,adults,20+,all,all,all,Aug 2021-Aug 2023,2022.6,severe obesity,9.4,,crude,severe obesity is a subset of obesity,NCHS Health E-Stat 111 (Feb 2026),https://www.cdc.gov/nchs/data/hestat/hestat111.htm
HE119_underweight,adults,20-74,all,all,all,1960-1962,1961.5,underweight,4.0,,age-adjusted,ages 20-74; used for calculated healthy-weight share,NCHS Health E-Stat 119 (Jun 2026),https://www.cdc.gov/nchs/data/hestat/hestat119.htm
HE119_underweight,adults,20-74,all,all,all,Aug 2021-Aug 2023,2022.6,underweight,1.7,,age-adjusted,ages 20-74; used for calculated healthy-weight share,NCHS Health E-Stat 119 (Jun 2026),https://www.cdc.gov/nchs/data/hestat/hestat119.htm
CALC_derived,adults,20+,all,all,all,Aug 2021-Aug 2023,2022.6,overweight or obesity,72.4,,calculated,= 32.1 overweight + 40.3 obesity (HE-Stat 111 crude),Calculated by CalculateMyBMI from NCHS figures,https://www.cdc.gov/nchs/data/hestat/hestat111.htm
CALC_derived,adults,20+,all,all,all,Aug 2021-Aug 2023,2022.6,healthy weight,26.0,,calculated,"= 100 - 1.6 underweight (HE-Stat 119) - 32.1 overweight - 40.3 obesity (HE-Stat 111), crude",Calculated by CalculateMyBMI from NCHS figures,https://www.cdc.gov/nchs/data/hestat/hestat111.htm
CALC_derived,adults,20+,all,all,all,Aug 2021-Aug 2023,2022.6,obesity excluding severe (BMI 30.0-39.9),30.9,,calculated,= 40.3 obesity - 9.4 severe obesity (HE-Stat 111 crude),Calculated by CalculateMyBMI from NCHS figures,https://www.cdc.gov/nchs/data/hestat/hestat111.htm
CALC_derived,adults,20-74,all,all,all,1960-1962,1961.5,healthy weight,51.1,,calculated,"= 100 - 4.0 underweight (HE-Stat 119) - 31.5 overweight - 13.4 obesity (HE-Stat 111), age-adjusted",Calculated by CalculateMyBMI from NCHS figures,https://www.cdc.gov/nchs/data/hestat/hestat111.htm
CALC_derived,adults,20-74,all,all,all,Aug 2021-Aug 2023,2022.6,healthy weight,26.2,,calculated,"= 100 - 1.7 underweight (HE-Stat 119) - 31.3 overweight - 40.8 obesity (HE-Stat 111), age-adjusted",Calculated by CalculateMyBMI from NCHS figures,https://www.cdc.gov/nchs/data/hestat/hestat111.htm
HE112_T1_children_2-19,children and adolescents,2-19,all,all,all,1971-1974,1973.0,overweight,10.2,0.6,crude,child cutoffs: overweight >=85th to <95th pct; obesity >=95th pct; severe >=120% of 95th pct (2000 CDC growth charts),NCHS Health E-Stat 112 (Feb 2026),https://www.cdc.gov/nchs/data/hestat/hestat112.htm
HE112_T1_children_2-19,children and adolescents,2-19,all,all,all,1971-1974,1973.0,obesity,5.2,0.3,crude,child cutoffs: overweight >=85th to <95th pct; obesity >=95th pct; severe >=120% of 95th pct (2000 CDC growth charts),NCHS Health E-Stat 112 (Feb 2026),https://www.cdc.gov/nchs/data/hestat/hestat112.htm
HE112_T1_children_2-19,children and adolescents,2-19,all,all,all,1971-1974,1973.0,severe obesity,1.0,0.1,crude,child cutoffs: overweight >=85th to <95th pct; obesity >=95th pct; severe >=120% of 95th pct (2000 CDC growth charts),NCHS Health E-Stat 112 (Feb 2026),https://www.cdc.gov/nchs/data/hestat/hestat112.htm
HE112_T1_children_2-19,children and adolescents,2-19,boys,all,all,1971-1974,1973.0,overweight,10.3,0.8,crude,child cutoffs: overweight >=85th to <95th pct; obesity >=95th pct; severe >=120% of 95th pct (2000 CDC growth charts),NCHS Health E-Stat 112 (Feb 2026),https://www.cdc.gov/nchs/data/hestat/hestat112.htm
HE112_T1_children_2-19,children and adolescents,2-19,boys,all,all,1971-1974,1973.0,obesity,5.3,0.5,crude,child cutoffs: overweight >=85th to <95th pct; obesity >=95th pct; severe >=120% of 95th pct (2000 CDC growth charts),NCHS Health E-Stat 112 (Feb 2026),https://www.cdc.gov/nchs/data/hestat/hestat112.htm
HE112_T1_children_2-19,children and adolescents,2-19,boys,all,all,1971-1974,1973.0,severe obesity,1.0,0.2,crude,child cutoffs: overweight >=85th to <95th pct; obesity >=95th pct; severe >=120% of 95th pct (2000 CDC growth charts),NCHS Health E-Stat 112 (Feb 2026),https://www.cdc.gov/nchs/data/hestat/hestat112.htm
HE112_T1_children_2-19,children and adolescents,2-19,girls,all,all,1971-1974,1973.0,overweight,10.1,0.8,crude,child cutoffs: overweight >=85th to <95th pct; obesity >=95th pct; severe >=120% of 95th pct (2000 CDC growth charts),NCHS Health E-Stat 112 (Feb 2026),https://www.cdc.gov/nchs/data/hestat/hestat112.htm
HE112_T1_children_2-19,children and adolescents,2-19,girls,all,all,1971-1974,1973.0,obesity,5.1,0.4,crude,child cutoffs: overweight >=85th to <95th pct; obesity >=95th pct; severe >=120% of 95th pct (2000 CDC growth charts),NCHS Health E-Stat 112 (Feb 2026),https://www.cdc.gov/nchs/data/hestat/hestat112.htm
HE112_T1_children_2-19,children and adolescents,2-19,girls,all,all,1971-1974,1973.0,severe obesity,1.0,0.2,crude,child cutoffs: overweight >=85th to <95th pct; obesity >=95th pct; severe >=120% of 95th pct (2000 CDC growth charts),NCHS Health E-Stat 112 (Feb 2026),https://www.cdc.gov/nchs/data/hestat/hestat112.htm
HE112_T1_children_2-19,children and adolescents,2-19,all,all,all,1976-1980,1978.5,overweight,9.2,0.4,crude,child cutoffs: overweight >=85th to <95th pct; obesity >=95th pct; severe >=120% of 95th pct (2000 CDC growth charts),NCHS Health E-Stat 112 (Feb 2026),https://www.cdc.gov/nchs/data/hestat/hestat112.htm
HE112_T1_children_2-19,children and adolescents,2-19,all,all,all,1976-1980,1978.5,obesity,5.5,0.4,crude,child cutoffs: overweight >=85th to <95th pct; obesity >=95th pct; severe >=120% of 95th pct (2000 CDC growth charts),NCHS Health E-Stat 112 (Feb 2026),https://www.cdc.gov/nchs/data/hestat/hestat112.htm
HE112_T1_children_2-19,children and adolescents,2-19,all,all,all,1976-1980,1978.5,severe obesity,1.3,0.2,crude,child cutoffs: overweight >=85th to <95th pct; obesity >=95th pct; severe >=120% of 95th pct (2000 CDC growth charts),NCHS Health E-Stat 112 (Feb 2026),https://www.cdc.gov/nchs/data/hestat/hestat112.htm
HE112_T1_children_2-19,children and adolescents,2-19,boys,all,all,1976-1980,1978.5,overweight,9.4,0.6,crude,child cutoffs: overweight >=85th to <95th pct; obesity >=95th pct; severe >=120% of 95th pct (2000 CDC growth charts),NCHS Health E-Stat 112 (Feb 2026),https://www.cdc.gov/nchs/data/hestat/hestat112.htm
HE112_T1_children_2-19,children and adolescents,2-19,boys,all,all,1976-1980,1978.5,obesity,5.4,0.4,crude,child cutoffs: overweight >=85th to <95th pct; obesity >=95th pct; severe >=120% of 95th pct (2000 CDC growth charts),NCHS Health E-Stat 112 (Feb 2026),https://www.cdc.gov/nchs/data/hestat/hestat112.htm
HE112_T1_children_2-19,children and adolescents,2-19,boys,all,all,1976-1980,1978.5,severe obesity,1.2,0.3,crude,child cutoffs: overweight >=85th to <95th pct; obesity >=95th pct; severe >=120% of 95th pct (2000 CDC growth charts),NCHS Health E-Stat 112 (Feb 2026),https://www.cdc.gov/nchs/data/hestat/hestat112.htm
HE112_T1_children_2-19,children and adolescents,2-19,girls,all,all,1976-1980,1978.5,overweight,9.0,0.5,crude,child cutoffs: overweight >=85th to <95th pct; obesity >=95th pct; severe >=120% of 95th pct (2000 CDC growth charts),NCHS Health E-Stat 112 (Feb 2026),https://www.cdc.gov/nchs/data/hestat/hestat112.htm
HE112_T1_children_2-19,children and adolescents,2-19,girls,all,all,1976-1980,1978.5,obesity,5.6,0.6,crude,child cutoffs: overweight >=85th to <95th pct; obesity >=95th pct; severe >=120% of 95th pct (2000 CDC growth charts),NCHS Health E-Stat 112 (Feb 2026),https://www.cdc.gov/nchs/data/hestat/hestat112.htm
HE112_T1_children_2-19,children and adolescents,2-19,girls,all,all,1976-1980,1978.5,severe obesity,1.3,0.3,crude,child cutoffs: overweight >=85th to <95th pct; obesity >=95th pct; severe >=120% of 95th pct (2000 CDC growth charts),NCHS Health E-Stat 112 (Feb 2026),https://www.cdc.gov/nchs/data/hestat/hestat112.htm
HE112_T1_children_2-19,children and adolescents,2-19,all,all,all,1988-1994,1991.5,overweight,13.0,0.7,crude,child cutoffs: overweight >=85th to <95th pct; obesity >=95th pct; severe >=120% of 95th pct (2000 CDC growth charts),NCHS Health E-Stat 112 (Feb 2026),https://www.cdc.gov/nchs/data/hestat/hestat112.htm
HE112_T1_children_2-19,children and adolescents,2-19,all,all,all,1988-1994,1991.5,obesity,10.0,0.5,crude,child cutoffs: overweight >=85th to <95th pct; obesity >=95th pct; severe >=120% of 95th pct (2000 CDC growth charts),NCHS Health E-Stat 112 (Feb 2026),https://www.cdc.gov/nchs/data/hestat/hestat112.htm
HE112_T1_children_2-19,children and adolescents,2-19,all,all,all,1988-1994,1991.5,severe obesity,2.6,0.4,crude,child cutoffs: overweight >=85th to <95th pct; obesity >=95th pct; severe >=120% of 95th pct (2000 CDC growth charts),NCHS Health E-Stat 112 (Feb 2026),https://www.cdc.gov/nchs/data/hestat/hestat112.htm
HE112_T1_children_2-19,children and adolescents,2-19,boys,all,all,1988-1994,1991.5,overweight,12.6,0.9,crude,child cutoffs: overweight >=85th to <95th pct; obesity >=95th pct; severe >=120% of 95th pct (2000 CDC growth charts),NCHS Health E-Stat 112 (Feb 2026),https://www.cdc.gov/nchs/data/hestat/hestat112.htm
HE112_T1_children_2-19,children and adolescents,2-19,boys,all,all,1988-1994,1991.5,obesity,10.2,0.7,crude,child cutoffs: overweight >=85th to <95th pct; obesity >=95th pct; severe >=120% of 95th pct (2000 CDC growth charts),NCHS Health E-Stat 112 (Feb 2026),https://www.cdc.gov/nchs/data/hestat/hestat112.htm
HE112_T1_children_2-19,children and adolescents,2-19,boys,all,all,1988-1994,1991.5,severe obesity,2.7,0.5,crude,child cutoffs: overweight >=85th to <95th pct; obesity >=95th pct; severe >=120% of 95th pct (2000 CDC growth charts),NCHS Health E-Stat 112 (Feb 2026),https://www.cdc.gov/nchs/data/hestat/hestat112.htm
HE112_T1_children_2-19,children and adolescents,2-19,girls,all,all,1988-1994,1991.5,overweight,13.4,0.9,crude,child cutoffs: overweight >=85th to <95th pct; obesity >=95th pct; severe >=120% of 95th pct (2000 CDC growth charts),NCHS Health E-Stat 112 (Feb 2026),https://www.cdc.gov/nchs/data/hestat/hestat112.htm
HE112_T1_children_2-19,children and adolescents,2-19,girls,all,all,1988-1994,1991.5,obesity,9.8,0.8,crude,child cutoffs: overweight >=85th to <95th pct; obesity >=95th pct; severe >=120% of 95th pct (2000 CDC growth charts),NCHS Health E-Stat 112 (Feb 2026),https://www.cdc.gov/nchs/data/hestat/hestat112.htm
HE112_T1_children_2-19,children and adolescents,2-19,girls,all,all,1988-1994,1991.5,severe obesity,2.6,0.4,crude,child cutoffs: overweight >=85th to <95th pct; obesity >=95th pct; severe >=120% of 95th pct (2000 CDC growth charts),NCHS Health E-Stat 112 (Feb 2026),https://www.cdc.gov/nchs/data/hestat/hestat112.htm
HE112_T1_children_2-19,children and adolescents,2-19,all,all,all,1999-2000,2000.0,overweight,14.2,0.9,crude,child cutoffs: overweight >=85th to <95th pct; obesity >=95th pct; severe >=120% of 95th pct (2000 CDC growth charts),NCHS Health E-Stat 112 (Feb 2026),https://www.cdc.gov/nchs/data/hestat/hestat112.htm
HE112_T1_children_2-19,children and adolescents,2-19,all,all,all,1999-2000,2000.0,obesity,13.9,0.9,crude,child cutoffs: overweight >=85th to <95th pct; obesity >=95th pct; severe >=120% of 95th pct (2000 CDC growth charts),NCHS Health E-Stat 112 (Feb 2026),https://www.cdc.gov/nchs/data/hestat/hestat112.htm
HE112_T1_children_2-19,children and adolescents,2-19,all,all,all,1999-2000,2000.0,severe obesity,3.6,0.5,crude,child cutoffs: overweight >=85th to <95th pct; obesity >=95th pct; severe >=120% of 95th pct (2000 CDC growth charts),NCHS Health E-Stat 112 (Feb 2026),https://www.cdc.gov/nchs/data/hestat/hestat112.htm
HE112_T1_children_2-19,children and adolescents,2-19,boys,all,all,1999-2000,2000.0,overweight,15.0,1.9,crude,child cutoffs: overweight >=85th to <95th pct; obesity >=95th pct; severe >=120% of 95th pct (2000 CDC growth charts),NCHS Health E-Stat 112 (Feb 2026),https://www.cdc.gov/nchs/data/hestat/hestat112.htm
HE112_T1_children_2-19,children and adolescents,2-19,boys,all,all,1999-2000,2000.0,obesity,14.0,1.2,crude,child cutoffs: overweight >=85th to <95th pct; obesity >=95th pct; severe >=120% of 95th pct (2000 CDC growth charts),NCHS Health E-Stat 112 (Feb 2026),https://www.cdc.gov/nchs/data/hestat/hestat112.htm
HE112_T1_children_2-19,children and adolescents,2-19,boys,all,all,1999-2000,2000.0,severe obesity,3.7,0.7,crude,child cutoffs: overweight >=85th to <95th pct; obesity >=95th pct; severe >=120% of 95th pct (2000 CDC growth charts),NCHS Health E-Stat 112 (Feb 2026),https://www.cdc.gov/nchs/data/hestat/hestat112.htm
HE112_T1_children_2-19,children and adolescents,2-19,girls,all,all,1999-2000,2000.0,overweight,13.4,0.8,crude,child cutoffs: overweight >=85th to <95th pct; obesity >=95th pct; severe >=120% of 95th pct (2000 CDC growth charts),NCHS Health E-Stat 112 (Feb 2026),https://www.cdc.gov/nchs/data/hestat/hestat112.htm
HE112_T1_children_2-19,children and adolescents,2-19,girls,all,all,1999-2000,2000.0,obesity,13.8,1.1,crude,child cutoffs: overweight >=85th to <95th pct; obesity >=95th pct; severe >=120% of 95th pct (2000 CDC growth charts),NCHS Health E-Stat 112 (Feb 2026),https://www.cdc.gov/nchs/data/hestat/hestat112.htm
HE112_T1_children_2-19,children and adolescents,2-19,girls,all,all,1999-2000,2000.0,severe obesity,3.6,0.6,crude,child cutoffs: overweight >=85th to <95th pct; obesity >=95th pct; severe >=120% of 95th pct (2000 CDC growth charts),NCHS Health E-Stat 112 (Feb 2026),https://www.cdc.gov/nchs/data/hestat/hestat112.htm
HE112_T1_children_2-19,children and adolescents,2-19,all,all,all,2001-2002,2002.0,overweight,14.6,0.6,crude,child cutoffs: overweight >=85th to <95th pct; obesity >=95th pct; severe >=120% of 95th pct (2000 CDC growth charts),NCHS Health E-Stat 112 (Feb 2026),https://www.cdc.gov/nchs/data/hestat/hestat112.htm
HE112_T1_children_2-19,children and adolescents,2-19,all,all,all,2001-2002,2002.0,obesity,15.4,0.9,crude,child cutoffs: overweight >=85th to <95th pct; obesity >=95th pct; severe >=120% of 95th pct (2000 CDC growth charts),NCHS Health E-Stat 112 (Feb 2026),https://www.cdc.gov/nchs/data/hestat/hestat112.htm
HE112_T1_children_2-19,children and adolescents,2-19,all,all,all,2001-2002,2002.0,severe obesity,5.2,0.5,crude,child cutoffs: overweight >=85th to <95th pct; obesity >=95th pct; severe >=120% of 95th pct (2000 CDC growth charts),NCHS Health E-Stat 112 (Feb 2026),https://www.cdc.gov/nchs/data/hestat/hestat112.htm
HE112_T1_children_2-19,children and adolescents,2-19,boys,all,all,2001-2002,2002.0,overweight,14.2,0.7,crude,child cutoffs: overweight >=85th to <95th pct; obesity >=95th pct; severe >=120% of 95th pct (2000 CDC growth charts),NCHS Health E-Stat 112 (Feb 2026),https://www.cdc.gov/nchs/data/hestat/hestat112.htm
HE112_T1_children_2-19,children and adolescents,2-19,boys,all,all,2001-2002,2002.0,obesity,16.4,1.0,crude,child cutoffs: overweight >=85th to <95th pct; obesity >=95th pct; severe >=120% of 95th pct (2000 CDC growth charts),NCHS Health E-Stat 112 (Feb 2026),https://www.cdc.gov/nchs/data/hestat/hestat112.htm
HE112_T1_children_2-19,children and adolescents,2-19,boys,all,all,2001-2002,2002.0,severe obesity,6.1,0.8,crude,child cutoffs: overweight >=85th to <95th pct; obesity >=95th pct; severe >=120% of 95th pct (2000 CDC growth charts),NCHS Health E-Stat 112 (Feb 2026),https://www.cdc.gov/nchs/data/hestat/hestat112.htm
HE112_T1_children_2-19,children and adolescents,2-19,girls,all,all,2001-2002,2002.0,overweight,15.0,0.9,crude,child cutoffs: overweight >=85th to <95th pct; obesity >=95th pct; severe >=120% of 95th pct (2000 CDC growth charts),NCHS Health E-Stat 112 (Feb 2026),https://www.cdc.gov/nchs/data/hestat/hestat112.htm
HE112_T1_children_2-19,children and adolescents,2-19,girls,all,all,2001-2002,2002.0,obesity,14.3,1.3,crude,child cutoffs: overweight >=85th to <95th pct; obesity >=95th pct; severe >=120% of 95th pct (2000 CDC growth charts),NCHS Health E-Stat 112 (Feb 2026),https://www.cdc.gov/nchs/data/hestat/hestat112.htm
HE112_T1_children_2-19,children and adolescents,2-19,girls,all,all,2001-2002,2002.0,severe obesity,4.2,0.6,crude,child cutoffs: overweight >=85th to <95th pct; obesity >=95th pct; severe >=120% of 95th pct (2000 CDC growth charts),NCHS Health E-Stat 112 (Feb 2026),https://www.cdc.gov/nchs/data/hestat/hestat112.htm
HE112_T1_children_2-19,children and adolescents,2-19,all,all,all,2003-2004,2004.0,overweight,16.5,0.8,crude,child cutoffs: overweight >=85th to <95th pct; obesity >=95th pct; severe >=120% of 95th pct (2000 CDC growth charts),NCHS Health E-Stat 112 (Feb 2026),https://www.cdc.gov/nchs/data/hestat/hestat112.htm
HE112_T1_children_2-19,children and adolescents,2-19,all,all,all,2003-2004,2004.0,obesity,17.1,1.3,crude,child cutoffs: overweight >=85th to <95th pct; obesity >=95th pct; severe >=120% of 95th pct (2000 CDC growth charts),NCHS Health E-Stat 112 (Feb 2026),https://www.cdc.gov/nchs/data/hestat/hestat112.htm
HE112_T1_children_2-19,children and adolescents,2-19,all,all,all,2003-2004,2004.0,severe obesity,5.1,0.6,crude,child cutoffs: overweight >=85th to <95th pct; obesity >=95th pct; severe >=120% of 95th pct (2000 CDC growth charts),NCHS Health E-Stat 112 (Feb 2026),https://www.cdc.gov/nchs/data/hestat/hestat112.htm
HE112_T1_children_2-19,children and adolescents,2-19,boys,all,all,2003-2004,2004.0,overweight,16.6,1.0,crude,child cutoffs: overweight >=85th to <95th pct; obesity >=95th pct; severe >=120% of 95th pct (2000 CDC growth charts),NCHS Health E-Stat 112 (Feb 2026),https://www.cdc.gov/nchs/data/hestat/hestat112.htm
HE112_T1_children_2-19,children and adolescents,2-19,boys,all,all,2003-2004,2004.0,obesity,18.2,1.5,crude,child cutoffs: overweight >=85th to <95th pct; obesity >=95th pct; severe >=120% of 95th pct (2000 CDC growth charts),NCHS Health E-Stat 112 (Feb 2026),https://www.cdc.gov/nchs/data/hestat/hestat112.htm
HE112_T1_children_2-19,children and adolescents,2-19,boys,all,all,2003-2004,2004.0,severe obesity,5.4,0.8,crude,child cutoffs: overweight >=85th to <95th pct; obesity >=95th pct; severe >=120% of 95th pct (2000 CDC growth charts),NCHS Health E-Stat 112 (Feb 2026),https://www.cdc.gov/nchs/data/hestat/hestat112.htm
HE112_T1_children_2-19,children and adolescents,2-19,girls,all,all,2003-2004,2004.0,overweight,16.3,0.9,crude,child cutoffs: overweight >=85th to <95th pct; obesity >=95th pct; severe >=120% of 95th pct (2000 CDC growth charts),NCHS Health E-Stat 112 (Feb 2026),https://www.cdc.gov/nchs/data/hestat/hestat112.htm
HE112_T1_children_2-19,children and adolescents,2-19,girls,all,all,2003-2004,2004.0,obesity,16.0,1.4,crude,child cutoffs: overweight >=85th to <95th pct; obesity >=95th pct; severe >=120% of 95th pct (2000 CDC growth charts),NCHS Health E-Stat 112 (Feb 2026),https://www.cdc.gov/nchs/data/hestat/hestat112.htm
HE112_T1_children_2-19,children and adolescents,2-19,girls,all,all,2003-2004,2004.0,severe obesity,4.7,0.7,crude,child cutoffs: overweight >=85th to <95th pct; obesity >=95th pct; severe >=120% of 95th pct (2000 CDC growth charts),NCHS Health E-Stat 112 (Feb 2026),https://www.cdc.gov/nchs/data/hestat/hestat112.htm
HE112_T1_children_2-19,children and adolescents,2-19,all,all,all,2005-2006,2006.0,overweight,14.6,0.9,crude,child cutoffs: overweight >=85th to <95th pct; obesity >=95th pct; severe >=120% of 95th pct (2000 CDC growth charts),NCHS Health E-Stat 112 (Feb 2026),https://www.cdc.gov/nchs/data/hestat/hestat112.htm
HE112_T1_children_2-19,children and adolescents,2-19,all,all,all,2005-2006,2006.0,obesity,15.4,1.4,crude,child cutoffs: overweight >=85th to <95th pct; obesity >=95th pct; severe >=120% of 95th pct (2000 CDC growth charts),NCHS Health E-Stat 112 (Feb 2026),https://www.cdc.gov/nchs/data/hestat/hestat112.htm
HE112_T1_children_2-19,children and adolescents,2-19,all,all,all,2005-2006,2006.0,severe obesity,4.7,0.6,crude,child cutoffs: overweight >=85th to <95th pct; obesity >=95th pct; severe >=120% of 95th pct (2000 CDC growth charts),NCHS Health E-Stat 112 (Feb 2026),https://www.cdc.gov/nchs/data/hestat/hestat112.htm
HE112_T1_children_2-19,children and adolescents,2-19,boys,all,all,2005-2006,2006.0,overweight,14.7,1.2,crude,child cutoffs: overweight >=85th to <95th pct; obesity >=95th pct; severe >=120% of 95th pct (2000 CDC growth charts),NCHS Health E-Stat 112 (Feb 2026),https://www.cdc.gov/nchs/data/hestat/hestat112.htm
HE112_T1_children_2-19,children and adolescents,2-19,boys,all,all,2005-2006,2006.0,obesity,15.9,1.5,crude,child cutoffs: overweight >=85th to <95th pct; obesity >=95th pct; severe >=120% of 95th pct (2000 CDC growth charts),NCHS Health E-Stat 112 (Feb 2026),https://www.cdc.gov/nchs/data/hestat/hestat112.htm
HE112_T1_children_2-19,children and adolescents,2-19,boys,all,all,2005-2006,2006.0,severe obesity,4.9,0.8,crude,child cutoffs: overweight >=85th to <95th pct; obesity >=95th pct; severe >=120% of 95th pct (2000 CDC growth charts),NCHS Health E-Stat 112 (Feb 2026),https://www.cdc.gov/nchs/data/hestat/hestat112.htm
HE112_T1_children_2-19,children and adolescents,2-19,girls,all,all,2005-2006,2006.0,overweight,14.6,1.0,crude,child cutoffs: overweight >=85th to <95th pct; obesity >=95th pct; severe >=120% of 95th pct (2000 CDC growth charts),NCHS Health E-Stat 112 (Feb 2026),https://www.cdc.gov/nchs/data/hestat/hestat112.htm
HE112_T1_children_2-19,children and adolescents,2-19,girls,all,all,2005-2006,2006.0,obesity,14.9,1.6,crude,child cutoffs: overweight >=85th to <95th pct; obesity >=95th pct; severe >=120% of 95th pct (2000 CDC growth charts),NCHS Health E-Stat 112 (Feb 2026),https://www.cdc.gov/nchs/data/hestat/hestat112.htm
HE112_T1_children_2-19,children and adolescents,2-19,girls,all,all,2005-2006,2006.0,severe obesity,4.5,0.7,crude,child cutoffs: overweight >=85th to <95th pct; obesity >=95th pct; severe >=120% of 95th pct (2000 CDC growth charts),NCHS Health E-Stat 112 (Feb 2026),https://www.cdc.gov/nchs/data/hestat/hestat112.htm
HE112_T1_children_2-19,children and adolescents,2-19,all,all,all,2007-2008,2008.0,overweight,14.8,0.7,crude,child cutoffs: overweight >=85th to <95th pct; obesity >=95th pct; severe >=120% of 95th pct (2000 CDC growth charts),NCHS Health E-Stat 112 (Feb 2026),https://www.cdc.gov/nchs/data/hestat/hestat112.htm
HE112_T1_children_2-19,children and adolescents,2-19,all,all,all,2007-2008,2008.0,obesity,16.8,1.3,crude,child cutoffs: overweight >=85th to <95th pct; obesity >=95th pct; severe >=120% of 95th pct (2000 CDC growth charts),NCHS Health E-Stat 112 (Feb 2026),https://www.cdc.gov/nchs/data/hestat/hestat112.htm
HE112_T1_children_2-19,children and adolescents,2-19,all,all,all,2007-2008,2008.0,severe obesity,4.9,0.6,crude,child cutoffs: overweight >=85th to <95th pct; obesity >=95th pct; severe >=120% of 95th pct (2000 CDC growth charts),NCHS Health E-Stat 112 (Feb 2026),https://www.cdc.gov/nchs/data/hestat/hestat112.htm
HE112_T1_children_2-19,children and adolescents,2-19,boys,all,all,2007-2008,2008.0,overweight,14.3,0.7,crude,child cutoffs: overweight >=85th to <95th pct; obesity >=95th pct; severe >=120% of 95th pct (2000 CDC growth charts),NCHS Health E-Stat 112 (Feb 2026),https://www.cdc.gov/nchs/data/hestat/hestat112.htm
HE112_T1_children_2-19,children and adolescents,2-19,boys,all,all,2007-2008,2008.0,obesity,17.7,1.4,crude,child cutoffs: overweight >=85th to <95th pct; obesity >=95th pct; severe >=120% of 95th pct (2000 CDC growth charts),NCHS Health E-Stat 112 (Feb 2026),https://www.cdc.gov/nchs/data/hestat/hestat112.htm
HE112_T1_children_2-19,children and adolescents,2-19,boys,all,all,2007-2008,2008.0,severe obesity,5.5,0.8,crude,child cutoffs: overweight >=85th to <95th pct; obesity >=95th pct; severe >=120% of 95th pct (2000 CDC growth charts),NCHS Health E-Stat 112 (Feb 2026),https://www.cdc.gov/nchs/data/hestat/hestat112.htm
HE112_T1_children_2-19,children and adolescents,2-19,girls,all,all,2007-2008,2008.0,overweight,15.4,1.5,crude,child cutoffs: overweight >=85th to <95th pct; obesity >=95th pct; severe >=120% of 95th pct (2000 CDC growth charts),NCHS Health E-Stat 112 (Feb 2026),https://www.cdc.gov/nchs/data/hestat/hestat112.htm
HE112_T1_children_2-19,children and adolescents,2-19,girls,all,all,2007-2008,2008.0,obesity,15.9,1.5,crude,child cutoffs: overweight >=85th to <95th pct; obesity >=95th pct; severe >=120% of 95th pct (2000 CDC growth charts),NCHS Health E-Stat 112 (Feb 2026),https://www.cdc.gov/nchs/data/hestat/hestat112.htm
HE112_T1_children_2-19,children and adolescents,2-19,girls,all,all,2007-2008,2008.0,severe obesity,4.3,0.8,crude,child cutoffs: overweight >=85th to <95th pct; obesity >=95th pct; severe >=120% of 95th pct (2000 CDC growth charts),NCHS Health E-Stat 112 (Feb 2026),https://www.cdc.gov/nchs/data/hestat/hestat112.htm
HE112_T1_children_2-19,children and adolescents,2-19,all,all,all,2009-2010,2010.0,overweight,14.9,0.8,crude,child cutoffs: overweight >=85th to <95th pct; obesity >=95th pct; severe >=120% of 95th pct (2000 CDC growth charts),NCHS Health E-Stat 112 (Feb 2026),https://www.cdc.gov/nchs/data/hestat/hestat112.htm
HE112_T1_children_2-19,children and adolescents,2-19,all,all,all,2009-2010,2010.0,obesity,16.9,0.7,crude,child cutoffs: overweight >=85th to <95th pct; obesity >=95th pct; severe >=120% of 95th pct (2000 CDC growth charts),NCHS Health E-Stat 112 (Feb 2026),https://www.cdc.gov/nchs/data/hestat/hestat112.htm
HE112_T1_children_2-19,children and adolescents,2-19,all,all,all,2009-2010,2010.0,severe obesity,5.6,0.6,crude,child cutoffs: overweight >=85th to <95th pct; obesity >=95th pct; severe >=120% of 95th pct (2000 CDC growth charts),NCHS Health E-Stat 112 (Feb 2026),https://www.cdc.gov/nchs/data/hestat/hestat112.htm
HE112_T1_children_2-19,children and adolescents,2-19,boys,all,all,2009-2010,2010.0,overweight,14.4,1.0,crude,child cutoffs: overweight >=85th to <95th pct; obesity >=95th pct; severe >=120% of 95th pct (2000 CDC growth charts),NCHS Health E-Stat 112 (Feb 2026),https://www.cdc.gov/nchs/data/hestat/hestat112.htm
HE112_T1_children_2-19,children and adolescents,2-19,boys,all,all,2009-2010,2010.0,obesity,18.6,1.1,crude,child cutoffs: overweight >=85th to <95th pct; obesity >=95th pct; severe >=120% of 95th pct (2000 CDC growth charts),NCHS Health E-Stat 112 (Feb 2026),https://www.cdc.gov/nchs/data/hestat/hestat112.htm
HE112_T1_children_2-19,children and adolescents,2-19,boys,all,all,2009-2010,2010.0,severe obesity,6.4,1.0,crude,child cutoffs: overweight >=85th to <95th pct; obesity >=95th pct; severe >=120% of 95th pct (2000 CDC growth charts),NCHS Health E-Stat 112 (Feb 2026),https://www.cdc.gov/nchs/data/hestat/hestat112.htm
HE112_T1_children_2-19,children and adolescents,2-19,girls,all,all,2009-2010,2010.0,overweight,15.4,0.9,crude,child cutoffs: overweight >=85th to <95th pct; obesity >=95th pct; severe >=120% of 95th pct (2000 CDC growth charts),NCHS Health E-Stat 112 (Feb 2026),https://www.cdc.gov/nchs/data/hestat/hestat112.htm
HE112_T1_children_2-19,children and adolescents,2-19,girls,all,all,2009-2010,2010.0,obesity,15.0,0.8,crude,child cutoffs: overweight >=85th to <95th pct; obesity >=95th pct; severe >=120% of 95th pct (2000 CDC growth charts),NCHS Health E-Stat 112 (Feb 2026),https://www.cdc.gov/nchs/data/hestat/hestat112.htm
HE112_T1_children_2-19,children and adolescents,2-19,girls,all,all,2009-2010,2010.0,severe obesity,4.7,0.6,crude,child cutoffs: overweight >=85th to <95th pct; obesity >=95th pct; severe >=120% of 95th pct (2000 CDC growth charts),NCHS Health E-Stat 112 (Feb 2026),https://www.cdc.gov/nchs/data/hestat/hestat112.htm
HE112_T1_children_2-19,children and adolescents,2-19,all,all,all,2011-2012,2012.0,overweight,14.9,0.9,crude,child cutoffs: overweight >=85th to <95th pct; obesity >=95th pct; severe >=120% of 95th pct (2000 CDC growth charts),NCHS Health E-Stat 112 (Feb 2026),https://www.cdc.gov/nchs/data/hestat/hestat112.htm
HE112_T1_children_2-19,children and adolescents,2-19,all,all,all,2011-2012,2012.0,obesity,16.9,1.0,crude,child cutoffs: overweight >=85th to <95th pct; obesity >=95th pct; severe >=120% of 95th pct (2000 CDC growth charts),NCHS Health E-Stat 112 (Feb 2026),https://www.cdc.gov/nchs/data/hestat/hestat112.htm
HE112_T1_children_2-19,children and adolescents,2-19,all,all,all,2011-2012,2012.0,severe obesity,5.6,0.7,crude,child cutoffs: overweight >=85th to <95th pct; obesity >=95th pct; severe >=120% of 95th pct (2000 CDC growth charts),NCHS Health E-Stat 112 (Feb 2026),https://www.cdc.gov/nchs/data/hestat/hestat112.htm
HE112_T1_children_2-19,children and adolescents,2-19,boys,all,all,2011-2012,2012.0,overweight,15.4,1.3,crude,child cutoffs: overweight >=85th to <95th pct; obesity >=95th pct; severe >=120% of 95th pct (2000 CDC growth charts),NCHS Health E-Stat 112 (Feb 2026),https://www.cdc.gov/nchs/data/hestat/hestat112.htm
HE112_T1_children_2-19,children and adolescents,2-19,boys,all,all,2011-2012,2012.0,obesity,16.7,1.4,crude,child cutoffs: overweight >=85th to <95th pct; obesity >=95th pct; severe >=120% of 95th pct (2000 CDC growth charts),NCHS Health E-Stat 112 (Feb 2026),https://www.cdc.gov/nchs/data/hestat/hestat112.htm
HE112_T1_children_2-19,children and adolescents,2-19,boys,all,all,2011-2012,2012.0,severe obesity,5.7,0.9,crude,child cutoffs: overweight >=85th to <95th pct; obesity >=95th pct; severe >=120% of 95th pct (2000 CDC growth charts),NCHS Health E-Stat 112 (Feb 2026),https://www.cdc.gov/nchs/data/hestat/hestat112.htm
HE112_T1_children_2-19,children and adolescents,2-19,girls,all,all,2011-2012,2012.0,overweight,14.5,1.4,crude,child cutoffs: overweight >=85th to <95th pct; obesity >=95th pct; severe >=120% of 95th pct (2000 CDC growth charts),NCHS Health E-Stat 112 (Feb 2026),https://www.cdc.gov/nchs/data/hestat/hestat112.htm
HE112_T1_children_2-19,children and adolescents,2-19,girls,all,all,2011-2012,2012.0,obesity,17.2,1.2,crude,child cutoffs: overweight >=85th to <95th pct; obesity >=95th pct; severe >=120% of 95th pct (2000 CDC growth charts),NCHS Health E-Stat 112 (Feb 2026),https://www.cdc.gov/nchs/data/hestat/hestat112.htm
HE112_T1_children_2-19,children and adolescents,2-19,girls,all,all,2011-2012,2012.0,severe obesity,5.5,0.8,crude,child cutoffs: overweight >=85th to <95th pct; obesity >=95th pct; severe >=120% of 95th pct (2000 CDC growth charts),NCHS Health E-Stat 112 (Feb 2026),https://www.cdc.gov/nchs/data/hestat/hestat112.htm
HE112_T1_children_2-19,children and adolescents,2-19,all,all,all,2013-2014,2014.0,overweight,16.2,0.6,crude,child cutoffs: overweight >=85th to <95th pct; obesity >=95th pct; severe >=120% of 95th pct (2000 CDC growth charts),NCHS Health E-Stat 112 (Feb 2026),https://www.cdc.gov/nchs/data/hestat/hestat112.htm
HE112_T1_children_2-19,children and adolescents,2-19,all,all,all,2013-2014,2014.0,obesity,17.2,1.1,crude,child cutoffs: overweight >=85th to <95th pct; obesity >=95th pct; severe >=120% of 95th pct (2000 CDC growth charts),NCHS Health E-Stat 112 (Feb 2026),https://www.cdc.gov/nchs/data/hestat/hestat112.htm
HE112_T1_children_2-19,children and adolescents,2-19,all,all,all,2013-2014,2014.0,severe obesity,6.0,0.6,crude,child cutoffs: overweight >=85th to <95th pct; obesity >=95th pct; severe >=120% of 95th pct (2000 CDC growth charts),NCHS Health E-Stat 112 (Feb 2026),https://www.cdc.gov/nchs/data/hestat/hestat112.htm
HE112_T1_children_2-19,children and adolescents,2-19,boys,all,all,2013-2014,2014.0,overweight,16.4,0.8,crude,child cutoffs: overweight >=85th to <95th pct; obesity >=95th pct; severe >=120% of 95th pct (2000 CDC growth charts),NCHS Health E-Stat 112 (Feb 2026),https://www.cdc.gov/nchs/data/hestat/hestat112.htm
HE112_T1_children_2-19,children and adolescents,2-19,boys,all,all,2013-2014,2014.0,obesity,17.2,1.3,crude,child cutoffs: overweight >=85th to <95th pct; obesity >=95th pct; severe >=120% of 95th pct (2000 CDC growth charts),NCHS Health E-Stat 112 (Feb 2026),https://www.cdc.gov/nchs/data/hestat/hestat112.htm
HE112_T1_children_2-19,children and adolescents,2-19,boys,all,all,2013-2014,2014.0,severe obesity,5.6,0.6,crude,child cutoffs: overweight >=85th to <95th pct; obesity >=95th pct; severe >=120% of 95th pct (2000 CDC growth charts),NCHS Health E-Stat 112 (Feb 2026),https://www.cdc.gov/nchs/data/hestat/hestat112.htm
HE112_T1_children_2-19,children and adolescents,2-19,girls,all,all,2013-2014,2014.0,overweight,16.0,1.0,crude,child cutoffs: overweight >=85th to <95th pct; obesity >=95th pct; severe >=120% of 95th pct (2000 CDC growth charts),NCHS Health E-Stat 112 (Feb 2026),https://www.cdc.gov/nchs/data/hestat/hestat112.htm
HE112_T1_children_2-19,children and adolescents,2-19,girls,all,all,2013-2014,2014.0,obesity,17.1,1.6,crude,child cutoffs: overweight >=85th to <95th pct; obesity >=95th pct; severe >=120% of 95th pct (2000 CDC growth charts),NCHS Health E-Stat 112 (Feb 2026),https://www.cdc.gov/nchs/data/hestat/hestat112.htm
HE112_T1_children_2-19,children and adolescents,2-19,girls,all,all,2013-2014,2014.0,severe obesity,6.3,0.9,crude,child cutoffs: overweight >=85th to <95th pct; obesity >=95th pct; severe >=120% of 95th pct (2000 CDC growth charts),NCHS Health E-Stat 112 (Feb 2026),https://www.cdc.gov/nchs/data/hestat/hestat112.htm
HE112_T1_children_2-19,children and adolescents,2-19,all,all,all,2015-2016,2016.0,overweight,16.6,0.8,crude,child cutoffs: overweight >=85th to <95th pct; obesity >=95th pct; severe >=120% of 95th pct (2000 CDC growth charts),NCHS Health E-Stat 112 (Feb 2026),https://www.cdc.gov/nchs/data/hestat/hestat112.htm
HE112_T1_children_2-19,children and adolescents,2-19,all,all,all,2015-2016,2016.0,obesity,18.5,1.3,crude,child cutoffs: overweight >=85th to <95th pct; obesity >=95th pct; severe >=120% of 95th pct (2000 CDC growth charts),NCHS Health E-Stat 112 (Feb 2026),https://www.cdc.gov/nchs/data/hestat/hestat112.htm
HE112_T1_children_2-19,children and adolescents,2-19,all,all,all,2015-2016,2016.0,severe obesity,5.6,0.8,crude,child cutoffs: overweight >=85th to <95th pct; obesity >=95th pct; severe >=120% of 95th pct (2000 CDC growth charts),NCHS Health E-Stat 112 (Feb 2026),https://www.cdc.gov/nchs/data/hestat/hestat112.htm
HE112_T1_children_2-19,children and adolescents,2-19,boys,all,all,2015-2016,2016.0,overweight,15.7,1.0,crude,child cutoffs: overweight >=85th to <95th pct; obesity >=95th pct; severe >=120% of 95th pct (2000 CDC growth charts),NCHS Health E-Stat 112 (Feb 2026),https://www.cdc.gov/nchs/data/hestat/hestat112.htm
HE112_T1_children_2-19,children and adolescents,2-19,boys,all,all,2015-2016,2016.0,obesity,19.1,1.7,crude,child cutoffs: overweight >=85th to <95th pct; obesity >=95th pct; severe >=120% of 95th pct (2000 CDC growth charts),NCHS Health E-Stat 112 (Feb 2026),https://www.cdc.gov/nchs/data/hestat/hestat112.htm
HE112_T1_children_2-19,children and adolescents,2-19,boys,all,all,2015-2016,2016.0,severe obesity,6.3,1.0,crude,child cutoffs: overweight >=85th to <95th pct; obesity >=95th pct; severe >=120% of 95th pct (2000 CDC growth charts),NCHS Health E-Stat 112 (Feb 2026),https://www.cdc.gov/nchs/data/hestat/hestat112.htm
HE112_T1_children_2-19,children and adolescents,2-19,girls,all,all,2015-2016,2016.0,overweight,17.6,1.2,crude,child cutoffs: overweight >=85th to <95th pct; obesity >=95th pct; severe >=120% of 95th pct (2000 CDC growth charts),NCHS Health E-Stat 112 (Feb 2026),https://www.cdc.gov/nchs/data/hestat/hestat112.htm
HE112_T1_children_2-19,children and adolescents,2-19,girls,all,all,2015-2016,2016.0,obesity,17.8,1.2,crude,child cutoffs: overweight >=85th to <95th pct; obesity >=95th pct; severe >=120% of 95th pct (2000 CDC growth charts),NCHS Health E-Stat 112 (Feb 2026),https://www.cdc.gov/nchs/data/hestat/hestat112.htm
HE112_T1_children_2-19,children and adolescents,2-19,girls,all,all,2015-2016,2016.0,severe obesity,4.9,0.9,crude,child cutoffs: overweight >=85th to <95th pct; obesity >=95th pct; severe >=120% of 95th pct (2000 CDC growth charts),NCHS Health E-Stat 112 (Feb 2026),https://www.cdc.gov/nchs/data/hestat/hestat112.htm
HE112_T1_children_2-19,children and adolescents,2-19,all,all,all,2017-2018,2018.0,overweight,16.1,0.8,crude,child cutoffs: overweight >=85th to <95th pct; obesity >=95th pct; severe >=120% of 95th pct (2000 CDC growth charts),NCHS Health E-Stat 112 (Feb 2026),https://www.cdc.gov/nchs/data/hestat/hestat112.htm
HE112_T1_children_2-19,children and adolescents,2-19,all,all,all,2017-2018,2018.0,obesity,19.3,1.0,crude,child cutoffs: overweight >=85th to <95th pct; obesity >=95th pct; severe >=120% of 95th pct (2000 CDC growth charts),NCHS Health E-Stat 112 (Feb 2026),https://www.cdc.gov/nchs/data/hestat/hestat112.htm
HE112_T1_children_2-19,children and adolescents,2-19,all,all,all,2017-2018,2018.0,severe obesity,6.1,0.7,crude,child cutoffs: overweight >=85th to <95th pct; obesity >=95th pct; severe >=120% of 95th pct (2000 CDC growth charts),NCHS Health E-Stat 112 (Feb 2026),https://www.cdc.gov/nchs/data/hestat/hestat112.htm
HE112_T1_children_2-19,children and adolescents,2-19,boys,all,all,2017-2018,2018.0,overweight,14.7,1.2,crude,child cutoffs: overweight >=85th to <95th pct; obesity >=95th pct; severe >=120% of 95th pct (2000 CDC growth charts),NCHS Health E-Stat 112 (Feb 2026),https://www.cdc.gov/nchs/data/hestat/hestat112.htm
HE112_T1_children_2-19,children and adolescents,2-19,boys,all,all,2017-2018,2018.0,obesity,20.5,1.1,crude,child cutoffs: overweight >=85th to <95th pct; obesity >=95th pct; severe >=120% of 95th pct (2000 CDC growth charts),NCHS Health E-Stat 112 (Feb 2026),https://www.cdc.gov/nchs/data/hestat/hestat112.htm
HE112_T1_children_2-19,children and adolescents,2-19,boys,all,all,2017-2018,2018.0,severe obesity,6.9,0.9,crude,child cutoffs: overweight >=85th to <95th pct; obesity >=95th pct; severe >=120% of 95th pct (2000 CDC growth charts),NCHS Health E-Stat 112 (Feb 2026),https://www.cdc.gov/nchs/data/hestat/hestat112.htm
HE112_T1_children_2-19,children and adolescents,2-19,girls,all,all,2017-2018,2018.0,overweight,17.6,1.1,crude,child cutoffs: overweight >=85th to <95th pct; obesity >=95th pct; severe >=120% of 95th pct (2000 CDC growth charts),NCHS Health E-Stat 112 (Feb 2026),https://www.cdc.gov/nchs/data/hestat/hestat112.htm
HE112_T1_children_2-19,children and adolescents,2-19,girls,all,all,2017-2018,2018.0,obesity,18.0,1.4,crude,child cutoffs: overweight >=85th to <95th pct; obesity >=95th pct; severe >=120% of 95th pct (2000 CDC growth charts),NCHS Health E-Stat 112 (Feb 2026),https://www.cdc.gov/nchs/data/hestat/hestat112.htm
HE112_T1_children_2-19,children and adolescents,2-19,girls,all,all,2017-2018,2018.0,severe obesity,5.2,0.7,crude,child cutoffs: overweight >=85th to <95th pct; obesity >=95th pct; severe >=120% of 95th pct (2000 CDC growth charts),NCHS Health E-Stat 112 (Feb 2026),https://www.cdc.gov/nchs/data/hestat/hestat112.htm
HE112_T1_children_2-19,children and adolescents,2-19,all,all,all,Aug 2021-Aug 2023,2022.6,overweight,15.1,1.0,crude,child cutoffs: overweight >=85th to <95th pct; obesity >=95th pct; severe >=120% of 95th pct (2000 CDC growth charts),NCHS Health E-Stat 112 (Feb 2026),https://www.cdc.gov/nchs/data/hestat/hestat112.htm
HE112_T1_children_2-19,children and adolescents,2-19,all,all,all,Aug 2021-Aug 2023,2022.6,obesity,21.1,1.1,crude,child cutoffs: overweight >=85th to <95th pct; obesity >=95th pct; severe >=120% of 95th pct (2000 CDC growth charts),NCHS Health E-Stat 112 (Feb 2026),https://www.cdc.gov/nchs/data/hestat/hestat112.htm
HE112_T1_children_2-19,children and adolescents,2-19,all,all,all,Aug 2021-Aug 2023,2022.6,severe obesity,7.0,0.6,crude,child cutoffs: overweight >=85th to <95th pct; obesity >=95th pct; severe >=120% of 95th pct (2000 CDC growth charts),NCHS Health E-Stat 112 (Feb 2026),https://www.cdc.gov/nchs/data/hestat/hestat112.htm
HE112_T1_children_2-19,children and adolescents,2-19,boys,all,all,Aug 2021-Aug 2023,2022.6,overweight,13.0,0.9,crude,child cutoffs: overweight >=85th to <95th pct; obesity >=95th pct; severe >=120% of 95th pct (2000 CDC growth charts),NCHS Health E-Stat 112 (Feb 2026),https://www.cdc.gov/nchs/data/hestat/hestat112.htm
HE112_T1_children_2-19,children and adolescents,2-19,boys,all,all,Aug 2021-Aug 2023,2022.6,obesity,23.0,1.4,crude,child cutoffs: overweight >=85th to <95th pct; obesity >=95th pct; severe >=120% of 95th pct (2000 CDC growth charts),NCHS Health E-Stat 112 (Feb 2026),https://www.cdc.gov/nchs/data/hestat/hestat112.htm
HE112_T1_children_2-19,children and adolescents,2-19,boys,all,all,Aug 2021-Aug 2023,2022.6,severe obesity,7.8,1.2,crude,child cutoffs: overweight >=85th to <95th pct; obesity >=95th pct; severe >=120% of 95th pct (2000 CDC growth charts),NCHS Health E-Stat 112 (Feb 2026),https://www.cdc.gov/nchs/data/hestat/hestat112.htm
HE112_T1_children_2-19,children and adolescents,2-19,girls,all,all,Aug 2021-Aug 2023,2022.6,overweight,17.5,1.5,crude,child cutoffs: overweight >=85th to <95th pct; obesity >=95th pct; severe >=120% of 95th pct (2000 CDC growth charts),NCHS Health E-Stat 112 (Feb 2026),https://www.cdc.gov/nchs/data/hestat/hestat112.htm
HE112_T1_children_2-19,children and adolescents,2-19,girls,all,all,Aug 2021-Aug 2023,2022.6,obesity,19.1,1.5,crude,child cutoffs: overweight >=85th to <95th pct; obesity >=95th pct; severe >=120% of 95th pct (2000 CDC growth charts),NCHS Health E-Stat 112 (Feb 2026),https://www.cdc.gov/nchs/data/hestat/hestat112.htm
HE112_T1_children_2-19,children and adolescents,2-19,girls,all,all,Aug 2021-Aug 2023,2022.6,severe obesity,6.3,0.8,crude,child cutoffs: overweight >=85th to <95th pct; obesity >=95th pct; severe >=120% of 95th pct (2000 CDC growth charts),NCHS Health E-Stat 112 (Feb 2026),https://www.cdc.gov/nchs/data/hestat/hestat112.htm
HE112_T2_children_by_age,children and adolescents,6-11,all,age,6-11,1963-1965,1964.5,obesity,4.2,0.4,crude,,NCHS Health E-Stat 112 (Feb 2026),https://www.cdc.gov/nchs/data/hestat/hestat112.htm
HE112_T2_children_by_age,children and adolescents,12-19,all,age,12-19,1966-1970,1968.5,obesity,4.6,0.3,crude,"1966-1970 value is ages 12-17, not 12-19",NCHS Health E-Stat 112 (Feb 2026),https://www.cdc.gov/nchs/data/hestat/hestat112.htm
HE112_T2_children_by_age,children and adolescents,2-5,all,age,2-5,1971-1974,1973.0,obesity,5.0,0.6,crude,,NCHS Health E-Stat 112 (Feb 2026),https://www.cdc.gov/nchs/data/hestat/hestat112.htm
HE112_T2_children_by_age,children and adolescents,6-11,all,age,6-11,1971-1974,1973.0,obesity,4.0,0.5,crude,,NCHS Health E-Stat 112 (Feb 2026),https://www.cdc.gov/nchs/data/hestat/hestat112.htm
HE112_T2_children_by_age,children and adolescents,12-19,all,age,12-19,1971-1974,1973.0,obesity,6.1,0.6,crude,,NCHS Health E-Stat 112 (Feb 2026),https://www.cdc.gov/nchs/data/hestat/hestat112.htm
HE112_T2_children_by_age,children and adolescents,2-5,all,age,2-5,1976-1980,1978.5,obesity,5.0,0.6,crude,,NCHS Health E-Stat 112 (Feb 2026),https://www.cdc.gov/nchs/data/hestat/hestat112.htm
HE112_T2_children_by_age,children and adolescents,6-11,all,age,6-11,1976-1980,1978.5,obesity,6.5,0.6,crude,,NCHS Health E-Stat 112 (Feb 2026),https://www.cdc.gov/nchs/data/hestat/hestat112.htm
HE112_T2_children_by_age,children and adolescents,12-19,all,age,12-19,1976-1980,1978.5,obesity,5.0,0.5,crude,,NCHS Health E-Stat 112 (Feb 2026),https://www.cdc.gov/nchs/data/hestat/hestat112.htm
HE112_T2_children_by_age,children and adolescents,2-5,all,age,2-5,1988-1994,1991.5,obesity,7.2,0.7,crude,,NCHS Health E-Stat 112 (Feb 2026),https://www.cdc.gov/nchs/data/hestat/hestat112.htm
HE112_T2_children_by_age,children and adolescents,6-11,all,age,6-11,1988-1994,1991.5,obesity,11.3,1.0,crude,,NCHS Health E-Stat 112 (Feb 2026),https://www.cdc.gov/nchs/data/hestat/hestat112.htm
HE112_T2_children_by_age,children and adolescents,12-19,all,age,12-19,1988-1994,1991.5,obesity,10.5,0.9,crude,,NCHS Health E-Stat 112 (Feb 2026),https://www.cdc.gov/nchs/data/hestat/hestat112.htm
HE112_T2_children_by_age,children and adolescents,2-5,all,age,2-5,1999-2000,2000.0,obesity,10.3,1.7,crude,,NCHS Health E-Stat 112 (Feb 2026),https://www.cdc.gov/nchs/data/hestat/hestat112.htm
HE112_T2_children_by_age,children and adolescents,6-11,all,age,6-11,1999-2000,2000.0,obesity,15.1,1.4,crude,,NCHS Health E-Stat 112 (Feb 2026),https://www.cdc.gov/nchs/data/hestat/hestat112.htm
HE112_T2_children_by_age,children and adolescents,12-19,all,age,12-19,1999-2000,2000.0,obesity,14.8,0.9,crude,,NCHS Health E-Stat 112 (Feb 2026),https://www.cdc.gov/nchs/data/hestat/hestat112.htm
HE112_T2_children_by_age,children and adolescents,2-5,all,age,2-5,2001-2002,2002.0,obesity,10.6,1.8,crude,,NCHS Health E-Stat 112 (Feb 2026),https://www.cdc.gov/nchs/data/hestat/hestat112.htm
HE112_T2_children_by_age,children and adolescents,6-11,all,age,6-11,2001-2002,2002.0,obesity,16.2,1.6,crude,,NCHS Health E-Stat 112 (Feb 2026),https://www.cdc.gov/nchs/data/hestat/hestat112.htm
HE112_T2_children_by_age,children and adolescents,12-19,all,age,12-19,2001-2002,2002.0,obesity,16.7,1.1,crude,,NCHS Health E-Stat 112 (Feb 2026),https://www.cdc.gov/nchs/data/hestat/hestat112.htm
HE112_T2_children_by_age,children and adolescents,2-5,all,age,2-5,2003-2004,2004.0,obesity,13.9,1.6,crude,,NCHS Health E-Stat 112 (Feb 2026),https://www.cdc.gov/nchs/data/hestat/hestat112.htm
HE112_T2_children_by_age,children and adolescents,6-11,all,age,6-11,2003-2004,2004.0,obesity,18.8,1.3,crude,,NCHS Health E-Stat 112 (Feb 2026),https://www.cdc.gov/nchs/data/hestat/hestat112.htm
HE112_T2_children_by_age,children and adolescents,12-19,all,age,12-19,2003-2004,2004.0,obesity,17.4,1.7,crude,,NCHS Health E-Stat 112 (Feb 2026),https://www.cdc.gov/nchs/data/hestat/hestat112.htm
HE112_T2_children_by_age,children and adolescents,2-5,all,age,2-5,2005-2006,2006.0,obesity,10.7,1.1,crude,,NCHS Health E-Stat 112 (Feb 2026),https://www.cdc.gov/nchs/data/hestat/hestat112.htm
HE112_T2_children_by_age,children and adolescents,6-11,all,age,6-11,2005-2006,2006.0,obesity,15.1,2.1,crude,,NCHS Health E-Stat 112 (Feb 2026),https://www.cdc.gov/nchs/data/hestat/hestat112.htm
HE112_T2_children_by_age,children and adolescents,12-19,all,age,12-19,2005-2006,2006.0,obesity,17.8,1.8,crude,,NCHS Health E-Stat 112 (Feb 2026),https://www.cdc.gov/nchs/data/hestat/hestat112.htm
HE112_T2_children_by_age,children and adolescents,2-5,all,age,2-5,2007-2008,2008.0,obesity,10.1,1.2,crude,,NCHS Health E-Stat 112 (Feb 2026),https://www.cdc.gov/nchs/data/hestat/hestat112.htm
HE112_T2_children_by_age,children and adolescents,6-11,all,age,6-11,2007-2008,2008.0,obesity,19.6,1.2,crude,,NCHS Health E-Stat 112 (Feb 2026),https://www.cdc.gov/nchs/data/hestat/hestat112.htm
HE112_T2_children_by_age,children and adolescents,12-19,all,age,12-19,2007-2008,2008.0,obesity,18.1,1.7,crude,,NCHS Health E-Stat 112 (Feb 2026),https://www.cdc.gov/nchs/data/hestat/hestat112.htm
HE112_T2_children_by_age,children and adolescents,2-5,all,age,2-5,2009-2010,2010.0,obesity,12.1,1.2,crude,,NCHS Health E-Stat 112 (Feb 2026),https://www.cdc.gov/nchs/data/hestat/hestat112.htm
HE112_T2_children_by_age,children and adolescents,6-11,all,age,6-11,2009-2010,2010.0,obesity,18.0,0.8,crude,,NCHS Health E-Stat 112 (Feb 2026),https://www.cdc.gov/nchs/data/hestat/hestat112.htm
HE112_T2_children_by_age,children and adolescents,12-19,all,age,12-19,2009-2010,2010.0,obesity,18.4,1.3,crude,,NCHS Health E-Stat 112 (Feb 2026),https://www.cdc.gov/nchs/data/hestat/hestat112.htm
HE112_T2_children_by_age,children and adolescents,2-5,all,age,2-5,2011-2012,2012.0,obesity,8.4,1.3,crude,,NCHS Health E-Stat 112 (Feb 2026),https://www.cdc.gov/nchs/data/hestat/hestat112.htm
HE112_T2_children_by_age,children and adolescents,6-11,all,age,6-11,2011-2012,2012.0,obesity,17.7,1.6,crude,,NCHS Health E-Stat 112 (Feb 2026),https://www.cdc.gov/nchs/data/hestat/hestat112.htm
HE112_T2_children_by_age,children and adolescents,12-19,all,age,12-19,2011-2012,2012.0,obesity,20.5,1.7,crude,,NCHS Health E-Stat 112 (Feb 2026),https://www.cdc.gov/nchs/data/hestat/hestat112.htm
HE112_T2_children_by_age,children and adolescents,2-5,all,age,2-5,2013-2014,2014.0,obesity,9.4,1.3,crude,,NCHS Health E-Stat 112 (Feb 2026),https://www.cdc.gov/nchs/data/hestat/hestat112.htm
HE112_T2_children_by_age,children and adolescents,6-11,all,age,6-11,2013-2014,2014.0,obesity,17.4,1.7,crude,,NCHS Health E-Stat 112 (Feb 2026),https://www.cdc.gov/nchs/data/hestat/hestat112.htm
HE112_T2_children_by_age,children and adolescents,12-19,all,age,12-19,2013-2014,2014.0,obesity,20.6,2.1,crude,,NCHS Health E-Stat 112 (Feb 2026),https://www.cdc.gov/nchs/data/hestat/hestat112.htm
HE112_T2_children_by_age,children and adolescents,2-5,all,age,2-5,2015-2016,2016.0,obesity,13.9,1.1,crude,,NCHS Health E-Stat 112 (Feb 2026),https://www.cdc.gov/nchs/data/hestat/hestat112.htm
HE112_T2_children_by_age,children and adolescents,6-11,all,age,6-11,2015-2016,2016.0,obesity,18.4,1.7,crude,,NCHS Health E-Stat 112 (Feb 2026),https://www.cdc.gov/nchs/data/hestat/hestat112.htm
HE112_T2_children_by_age,children and adolescents,12-19,all,age,12-19,2015-2016,2016.0,obesity,20.6,2.0,crude,,NCHS Health E-Stat 112 (Feb 2026),https://www.cdc.gov/nchs/data/hestat/hestat112.htm
HE112_T2_children_by_age,children and adolescents,2-5,all,age,2-5,2017-2018,2018.0,obesity,13.4,1.3,crude,,NCHS Health E-Stat 112 (Feb 2026),https://www.cdc.gov/nchs/data/hestat/hestat112.htm
HE112_T2_children_by_age,children and adolescents,6-11,all,age,6-11,2017-2018,2018.0,obesity,20.3,1.8,crude,,NCHS Health E-Stat 112 (Feb 2026),https://www.cdc.gov/nchs/data/hestat/hestat112.htm
HE112_T2_children_by_age,children and adolescents,12-19,all,age,12-19,2017-2018,2018.0,obesity,21.2,1.3,crude,,NCHS Health E-Stat 112 (Feb 2026),https://www.cdc.gov/nchs/data/hestat/hestat112.htm
HE112_T2_children_by_age,children and adolescents,2-5,all,age,2-5,Aug 2021-Aug 2023,2022.6,obesity,14.9,1.3,crude,,NCHS Health E-Stat 112 (Feb 2026),https://www.cdc.gov/nchs/data/hestat/hestat112.htm
HE112_T2_children_by_age,children and adolescents,6-11,all,age,6-11,Aug 2021-Aug 2023,2022.6,obesity,22.1,2.0,crude,,NCHS Health E-Stat 112 (Feb 2026),https://www.cdc.gov/nchs/data/hestat/hestat112.htm
HE112_T2_children_by_age,children and adolescents,12-19,all,age,12-19,Aug 2021-Aug 2023,2022.6,obesity,22.9,1.7,crude,,NCHS Health E-Stat 112 (Feb 2026),https://www.cdc.gov/nchs/data/hestat/hestat112.htm
