page,location,decision,original_text,new_text,source_url,note
/,external anchor 'Harvard Health on BMI',DELETE,https://www.health.harvard.edu/blog/how-useful-is-the-body-mass-index-bmi-201603309339,,,secondary source (health.harvard.edu)
/,external anchor 'Harvard Health perspective on BMI',DELETE,https://www.health.harvard.edu/blog/how-useful-is-the-body-mass-index-bmi-201603309339,,,secondary source (health.harvard.edu)
/,external anchor 'Harvard Health',DELETE,https://www.health.harvard.edu/blog/how-useful-is-the-body-mass-index-bmi-201603309339,,,secondary source (health.harvard.edu)
/,external anchor 'Mayo Clinic obesity overview',DELETE,https://www.mayoclinic.org/diseases-conditions/obesity/symptoms-causes/syc-20375742,,,secondary source (mayoclinic.org)
/,external anchor 'Mayo Clinic',DELETE,https://www.mayoclinic.org/diseases-conditions/obesity/symptoms-causes/syc-20375742,,,secondary source (mayoclinic.org)
/,external anchor 'Cleveland Clinic's BMI overview',DELETE,https://my.clevelandclinic.org/health/articles/9464-body-mass-index-bmi,,,secondary source (my.clevelandclinic.org)
/,body-text brand mention \bHarvard Health\b,DELETE,3 occurrence(s),,,brand text scrubbed
/,body-text brand mention \bMayo Clinic\b,DELETE,2 occurrence(s),,,brand text scrubbed
/,body-text brand mention \bCleveland Clinic\b,DELETE,1 occurrence(s),,,brand text scrubbed
/,WHO fact-sheet outside definition/table,DELETE,https://www.who.int/news-room/fact-sheets/detail/obesity-and-overweight,,,WHO fact-sheet outside definition — unlinked
/,WHO fact-sheet outside definition/table,DELETE,https://www.who.int/news-room/fact-sheets/detail/obesity-and-overweight,,,WHO fact-sheet outside definition — unlinked
/,WHO fact-sheet outside definition/table,DELETE,https://www.who.int/news-room/fact-sheets/detail/obesity-and-overweight,,,WHO fact-sheet outside definition — unlinked
/,WHO fact-sheet outside definition/table,DELETE,https://www.who.int/news-room/fact-sheets/detail/obesity-and-overweight,,,WHO fact-sheet outside definition — unlinked
/,WHO fact-sheet outside definition/table,DELETE,https://www.who.int/news-room/fact-sheets/detail/obesity-and-overweight,,,WHO fact-sheet outside definition — unlinked
/,WHO fact-sheet outside definition/table,DELETE,https://www.who.int/news-room/fact-sheets/detail/obesity-and-overweight,,,WHO fact-sheet outside definition — unlinked
/,WHO fact-sheet outside definition/table,DELETE,https://www.who.int/news-room/fact-sheets/detail/obesity-and-overweight,,,WHO fact-sheet outside definition — unlinked
/,WHO fact-sheet outside definition/table,DELETE,https://www.who.int/news-room/fact-sheets/detail/obesity-and-overweight,,,WHO fact-sheet outside definition — unlinked
/women-bmi-calculator/,external anchor 'Harvard Health researchers explain',DELETE,https://www.health.harvard.edu/blog/how-useful-is-the-body-mass-index-bmi-201603309339,,,secondary source (health.harvard.edu)
/women-bmi-calculator/,external anchor 'Harvard Health - How Useful Is BMI?',DELETE,https://www.health.harvard.edu/blog/how-useful-is-the-body-mass-index-bmi-201603309339,,,secondary source (health.harvard.edu)
/women-bmi-calculator/,external anchor 'Mayo Clinic - Obesity',DELETE,https://www.mayoclinic.org/diseases-conditions/obesity/symptoms-causes/syc-20375742,,,secondary source (mayoclinic.org)
/women-bmi-calculator/,external anchor 'NHS BMI Calculator',DELETE,https://www.nhs.uk/live-well/healthy-weight/bmi-calculator/,,,secondary source (nhs.uk)
/women-bmi-calculator/,external anchor 'American Council on Exercise (ACE)',DELETE,https://www.acefitness.org/resources/everyone/tools-calculators/percent-body-fat-calculator/,,,secondary source (acefitness.org)
/women-bmi-calculator/,external anchor 'American Council on Exercise (ACE) Body Fat Norms',DELETE,https://www.acefitness.org/resources/everyone/tools-calculators/percent-body-fat-calculator/,,,secondary source (acefitness.org)
/women-bmi-calculator/,external anchor 'ACE Body Fat Calculator',DELETE,https://www.acefitness.org/resources/everyone/tools-calculators/percent-body-fat-calculator/,,,secondary source (acefitness.org)
/women-bmi-calculator/,body-text brand mention \bHarvard Health\b,DELETE,2 occurrence(s),,,brand text scrubbed
/women-bmi-calculator/,body-text brand mention \bMayo Clinic\b,DELETE,1 occurrence(s),,,brand text scrubbed
/women-bmi-calculator/,body-text brand mention \bAmerican Council on Exercise\b,DELETE,2 occurrence(s),,,brand text scrubbed
/women-bmi-calculator/,WHO fact-sheet outside definition/table,DELETE,https://www.who.int/news-room/fact-sheets/detail/obesity-and-overweight,,,WHO fact-sheet outside definition — unlinked
/women-bmi-calculator/,WHO fact-sheet outside definition/table,DELETE,https://www.who.int/news-room/fact-sheets/detail/obesity-and-overweight,,,WHO fact-sheet outside definition — unlinked
/women-bmi-calculator/,WHO fact-sheet outside definition/table,DELETE,https://www.who.int/news-room/fact-sheets/detail/obesity-and-overweight,,,WHO fact-sheet outside definition — unlinked
/women-bmi-calculator/,WHO fact-sheet outside definition/table,DELETE,https://www.who.int/news-room/fact-sheets/detail/obesity-and-overweight,,,WHO fact-sheet outside definition — unlinked
/women-bmi-calculator/,WHO fact-sheet outside definition/table,DELETE,https://www.who.int/news-room/fact-sheets/detail/obesity-and-overweight,,,WHO fact-sheet outside definition — unlinked
/women-bmi-calculator/,WHO fact-sheet outside definition/table,DELETE,https://www.who.int/news-room/fact-sheets/detail/obesity-and-overweight,,,WHO fact-sheet outside definition — unlinked
/women-bmi-calculator/,ACE body-fat tier table,DELETE,Category Body Fat % (Women) Body Fat % (Men) Description Essential Fat 10 - 13% 2 - 5% Minimum for survival; dropping below risks organ failure Athletes 14 - 20% 6 - 13% Competitive athletes; lean and muscular Fitness 21 - 24% 14 - 17% Active women who exercise regularly; healthy and toned Average 25 - 31% 18 - 24% Acceptable range for general health; typical for most women Obese 32%+ 25%+ Increas,,,R6: ACE body-fat tiers deleted
/men-bmi-calculator/,external anchor 'Harvard Health',DELETE,https://www.health.harvard.edu/blog/how-useful-is-the-body-mass-index-bmi-201603309339,,,secondary source (health.harvard.edu)
/men-bmi-calculator/,external anchor 'Harvard Health',DELETE,https://www.health.harvard.edu/blog/how-useful-is-the-body-mass-index-bmi-201603309339,,,secondary source (health.harvard.edu)
/men-bmi-calculator/,external anchor 'Mayo Clinic',DELETE,https://www.mayoclinic.org/diseases-conditions/obesity/symptoms-causes/syc-20375742,,,secondary source (mayoclinic.org)
/men-bmi-calculator/,external anchor 'American Heart Association',DELETE,https://www.heart.org/en/healthy-living/healthy-eating/losing-weight/bmi-in-adults,,,secondary source (heart.org)
/men-bmi-calculator/,external anchor 'American Heart Association guidance on BMI in adults',DELETE,https://www.heart.org/en/healthy-living/healthy-eating/losing-weight/bmi-in-adults,,,secondary source (heart.org)
/men-bmi-calculator/,body-text brand mention \bHarvard Health\b,DELETE,2 occurrence(s),,,brand text scrubbed
/men-bmi-calculator/,body-text brand mention \bMayo Clinic\b,DELETE,1 occurrence(s),,,brand text scrubbed
/men-bmi-calculator/,body-text brand mention \bAmerican Heart Association\b,DELETE,2 occurrence(s),,,brand text scrubbed
/men-bmi-calculator/,body-text brand mention \bAmerican Council on Exercise\b,DELETE,1 occurrence(s),,,brand text scrubbed
/men-bmi-calculator/,WHO fact-sheet in category table,re-cited,https://www.who.int/news-room/fact-sheets/detail/obesity-and-overweight,https://www.cdc.gov/bmi/adult-calculator/bmi-categories.html,https://www.cdc.gov/bmi/adult-calculator/bmi-categories.html,repointed per R5
/men-bmi-calculator/,WHO fact-sheet outside definition/table,DELETE,https://www.who.int/news-room/fact-sheets/detail/obesity-and-overweight,,,WHO fact-sheet outside definition — unlinked
/men-bmi-calculator/,WHO fact-sheet outside definition/table,DELETE,https://www.who.int/news-room/fact-sheets/detail/obesity-and-overweight,,,WHO fact-sheet outside definition — unlinked
/age-bmi-calculator/,external anchor 'Harvard Health analysis of BMI usefulness',DELETE,https://www.health.harvard.edu/blog/how-useful-is-the-body-mass-index-bmi-201603309339,,,secondary source (health.harvard.edu)
/age-bmi-calculator/,external anchor 'Mayo Clinic's healthy aging guide',DELETE,https://www.mayoclinic.org/healthy-lifestyle/healthy-aging/in-depth/aging/art-20046070,,,secondary source (mayoclinic.org)
/age-bmi-calculator/,external anchor 'Mayo Clinic on menopause and weight',DELETE,https://www.mayoclinic.org/healthy-lifestyle/womens-health/in-depth/menopause-weight-gain/art-20046058,,,secondary source (mayoclinic.org)
/age-bmi-calculator/,body-text brand mention \bHarvard Health\b,DELETE,2 occurrence(s),,,brand text scrubbed
/age-bmi-calculator/,body-text brand mention \bMayo Clinic\b,DELETE,3 occurrence(s),,,brand text scrubbed
/age-bmi-calculator/,WHO fact-sheet in category table,re-cited,https://www.who.int/news-room/fact-sheets/detail/obesity-and-overweight,https://www.cdc.gov/bmi/adult-calculator/bmi-categories.html,https://www.cdc.gov/bmi/adult-calculator/bmi-categories.html,repointed per R5
/age-bmi-calculator/,WHO fact-sheet outside definition/table,DELETE,https://www.who.int/news-room/fact-sheets/detail/obesity-and-overweight,,,WHO fact-sheet outside definition — unlinked
/age-bmi-calculator/,WHO fact-sheet outside definition/table,DELETE,https://www.who.int/news-room/fact-sheets/detail/obesity-and-overweight,,,WHO fact-sheet outside definition — unlinked
/kids-bmi-calculator/,external anchor 'Mayo Clinic's childhood obesity page',DELETE,https://www.mayoclinic.org/diseases-conditions/childhood-obesity/symptoms-causes/syc-20354827,,,secondary source (mayoclinic.org)
/kids-bmi-calculator/,external anchor 'Visit Mayo Clinic &rarr;',DELETE,https://www.mayoclinic.org/diseases-conditions/childhood-obesity/symptoms-causes/syc-20354827,,,secondary source (mayoclinic.org)
/kids-bmi-calculator/,external anchor 'Visit NHS Guide &rarr;',DELETE,https://www.nhs.uk/live-well/healthy-weight/childrens-weight/overweight-children-advice-for-parents/,,,secondary source (nhs.uk)
/kids-bmi-calculator/,body-text brand mention \bHarvard Health\b,DELETE,1 occurrence(s),,,brand text scrubbed
/kids-bmi-calculator/,body-text brand mention \bMayo Clinic\b,DELETE,3 occurrence(s),,,brand text scrubbed
/kids-bmi-calculator/,WHO fact-sheet outside definition/table,DELETE,https://www.who.int/news-room/fact-sheets/detail/obesity-and-overweight,,,WHO fact-sheet outside definition — unlinked
/kids-bmi-calculator/,WHO fact-sheet outside definition/table,DELETE,https://www.who.int/news-room/fact-sheets/detail/obesity-and-overweight,,,WHO fact-sheet outside definition — unlinked
/kids-bmi-calculator/,WHO child-growth-standards link,DELETE,https://www.who.int/tools/child-growth-standards,,,WHO non-definition link unlinked
/kids-bmi-calculator/,WHO child-growth-standards link,DELETE,https://www.who.int/tools/child-growth-standards,,,WHO non-definition link unlinked
/ideal-weight/,external anchor 'Mayo Clinic',DELETE,https://www.mayoclinic.org/healthy-lifestyle/weight-loss/in-depth/healthy-weight/art-20046942,,,secondary source (mayoclinic.org)
/ideal-weight/,external anchor 'NHS',DELETE,https://www.nhs.uk/live-well/healthy-weight/bmi-calculator/,,,secondary source (nhs.uk)
/ideal-weight/,external anchor 'NHS -- BMI Healthy Weight Calculator',DELETE,https://www.nhs.uk/live-well/healthy-weight/bmi-calculator/,,,secondary source (nhs.uk)
/ideal-weight/,body-text brand mention \bHarvard Health\b,DELETE,1 occurrence(s),,,brand text scrubbed
/ideal-weight/,body-text brand mention \bMayo Clinic\b,DELETE,2 occurrence(s),,,brand text scrubbed
/ideal-weight/,body-text brand mention \bAmerican College of Sports Medicine\b,DELETE,1 occurrence(s),,,brand text scrubbed
/ideal-weight/,WHO fact-sheet outside definition/table,DELETE,https://www.who.int/news-room/fact-sheets/detail/obesity-and-overweight,,,WHO fact-sheet outside definition — unlinked
/ideal-weight/,WHO fact-sheet outside definition/table,DELETE,https://www.who.int/news-room/fact-sheets/detail/obesity-and-overweight,,,WHO fact-sheet outside definition — unlinked
/ideal-weight/,WHO fact-sheet outside definition/table,DELETE,https://www.who.int/news-room/fact-sheets/detail/obesity-and-overweight,,,WHO fact-sheet outside definition — unlinked
/lean-body-mass/,external anchor 'Harvard Health',DELETE,https://www.health.harvard.edu/blog/how-useful-is-the-body-mass-index-bmi-201603309339,,,secondary source (health.harvard.edu)
/lean-body-mass/,external anchor 'Harvard Health: How Useful Is the BMI?',DELETE,https://www.health.harvard.edu/blog/how-useful-is-the-body-mass-index-bmi-201603309339,,,secondary source (health.harvard.edu)
/lean-body-mass/,external anchor 'Mayo Clinic',DELETE,https://www.mayoclinic.org/healthy-lifestyle/fitness/expert-answers/body-fat/faq-20058497,,,secondary source (mayoclinic.org)
/lean-body-mass/,external anchor 'Mayo Clinic: What's a Good Body Fat Percentage?',DELETE,https://www.mayoclinic.org/healthy-lifestyle/fitness/expert-answers/body-fat/faq-20058497,,,secondary source (mayoclinic.org)
/lean-body-mass/,external anchor 'American Council on Exercise (ACE)',DELETE,https://www.acefitness.org/resources/everyone/tools-calculators/percent-body-fat-calculator/,,,secondary source (acefitness.org)
/lean-body-mass/,external anchor 'ACE Body Fat Percentage Calculator',DELETE,https://www.acefitness.org/resources/everyone/tools-calculators/percent-body-fat-calculator/,,,secondary source (acefitness.org)
/lean-body-mass/,attribution lead-in,DELETE,"According to Harvard Health, ",,,secondary attribution stripped
/lean-body-mass/,body-text brand mention \bHarvard Health\b,DELETE,1 occurrence(s),,,brand text scrubbed
/lean-body-mass/,body-text brand mention \bMayo Clinic\b,DELETE,2 occurrence(s),,,brand text scrubbed
/lean-body-mass/,body-text brand mention \bAmerican Council on Exercise\b,DELETE,3 occurrence(s),,,brand text scrubbed
/lean-body-mass/,body-text brand mention \bAmerican College of Sports Medicine\b,DELETE,2 occurrence(s),,,brand text scrubbed
/lean-body-mass/,body-text brand mention \bACSM\b,DELETE,2 occurrence(s),,,brand text scrubbed
/lean-body-mass/,body-text brand mention \bNSCA\b,DELETE,1 occurrence(s),,,brand text scrubbed
/lean-body-mass/,ACE body-fat tier table,DELETE,"Category Body Fat % Description Essential Fat 10 - 13% Minimum fat required for basic physiological function. Going below this level is dangerous and can cause hormonal disruption, amenorrhea, and organ damage. Athletes 14 - 20% Typical range for female competitive athletes. Visible muscle definition. Requires dedicated training and nutrition to maintain. Fitness 21 - 24% Active women who exercise",,,R6: ACE body-fat tiers deleted
/lean-body-mass/,ACE body-fat tier table,DELETE,Category Body Fat % Description Essential Fat 2 - 5% Minimum fat needed for survival. Only seen in competition-level bodybuilders for brief periods. Extremely difficult and unhealthy to maintain long-term. Athletes 6 - 13% Competitive athletes and very fit individuals. Visible six-pack abs typically appear below 12%. Requires consistent training and structured nutrition. Fitness 14 - 17% Regularly,,,R6: ACE body-fat tiers deleted
/new-bmi-calculator/,external anchor 'Harvard Health's analysis of BMI usefulness',DELETE,https://www.health.harvard.edu/blog/how-useful-is-the-body-mass-index-bmi-201603309339,,,secondary source (health.harvard.edu)
/new-bmi-calculator/,external anchor 'Harvard Health - How Useful Is BMI?',DELETE,https://www.health.harvard.edu/blog/how-useful-is-the-body-mass-index-bmi-201603309339,,,secondary source (health.harvard.edu)
/new-bmi-calculator/,external anchor 'Harvard Health - Muscle Mass and Health',DELETE,https://www.health.harvard.edu/staying-healthy/preserve-your-muscle-mass,,,secondary source (health.harvard.edu)
/new-bmi-calculator/,external anchor 'Mayo Clinic - Obesity',DELETE,https://www.mayoclinic.org/diseases-conditions/obesity/symptoms-causes/syc-20375742,,,secondary source (mayoclinic.org)
/new-bmi-calculator/,external anchor 'NHS (United Kingdom)',DELETE,https://www.nhs.uk/live-well/healthy-weight/bmi-calculator/,,,secondary source (nhs.uk)
/new-bmi-calculator/,external anchor 'NHS BMI Calculator',DELETE,https://www.nhs.uk/live-well/healthy-weight/bmi-calculator/,,,secondary source (nhs.uk)
/new-bmi-calculator/,external anchor 'ACE Body Fat Calculator',DELETE,https://www.acefitness.org/resources/everyone/tools-calculators/percent-body-fat-calculator/,,,secondary source (acefitness.org)
/new-bmi-calculator/,body-text brand mention \bHarvard Health\b,DELETE,3 occurrence(s),,,brand text scrubbed
/new-bmi-calculator/,body-text brand mention \bMayo Clinic\b,DELETE,1 occurrence(s),,,brand text scrubbed
/new-bmi-calculator/,WHO fact-sheet outside definition/table,DELETE,https://www.who.int/news-room/fact-sheets/detail/obesity-and-overweight,,,WHO fact-sheet outside definition — unlinked
/new-bmi-calculator/,WHO fact-sheet outside definition/table,DELETE,https://www.who.int/news-room/fact-sheets/detail/obesity-and-overweight,,,WHO fact-sheet outside definition — unlinked
/new-bmi-calculator/,WHO fact-sheet outside definition/table,DELETE,https://www.who.int/news-room/fact-sheets/detail/obesity-and-overweight,,,WHO fact-sheet outside definition — unlinked
/new-bmi-calculator/,WHO fact-sheet outside definition/table,DELETE,https://www.who.int/news-room/fact-sheets/detail/obesity-and-overweight,,,WHO fact-sheet outside definition — unlinked
/calculators/,external anchor 'Harvard on BMI &rarr;',DELETE,https://www.health.harvard.edu/blog/how-useful-is-the-body-mass-index-bmi-201603309339,,,secondary source (health.harvard.edu)
/calculators/,external anchor 'Mayo Clinic on Obesity &rarr;',DELETE,https://www.mayoclinic.org/diseases-conditions/obesity/symptoms-causes/syc-20375742,,,secondary source (mayoclinic.org)
/calculators/,external anchor 'NHS BMI Calculator &rarr;',DELETE,https://www.nhs.uk/live-well/healthy-weight/bmi-calculator/,,,secondary source (nhs.uk)
/calculators/,body-text brand mention \bHarvard Health\b,DELETE,1 occurrence(s),,,brand text scrubbed
/calculators/,body-text brand mention \bMayo Clinic\b,DELETE,2 occurrence(s),,,brand text scrubbed
/calculators/,WHO fact-sheet outside definition/table,DELETE,https://www.who.int/news-room/fact-sheets/detail/obesity-and-overweight,,,WHO fact-sheet outside definition — unlinked
/calculators/,WHO fact-sheet outside definition/table,DELETE,https://www.who.int/news-room/fact-sheets/detail/obesity-and-overweight,,,WHO fact-sheet outside definition — unlinked
/calculators/,WHO fact-sheet outside definition/table,DELETE,https://www.who.int/news-room/fact-sheets/detail/obesity-and-overweight,,,WHO fact-sheet outside definition — unlinked
/blog/healthy-bmi-range/,external anchor 'Mayo Clinic',DELETE,https://www.mayoclinic.org/diseases-conditions/obesity/symptoms-causes/syc-20375742,,,secondary source (mayoclinic.org)
/blog/healthy-bmi-range/,external anchor 'Cleveland Clinic',DELETE,https://my.clevelandclinic.org/health/articles/9464-body-mass-index-bmi,,,secondary source (my.clevelandclinic.org)
/blog/healthy-bmi-range/,external anchor 'NHS (UK)',DELETE,https://www.nhs.uk/live-well/healthy-weight/managing-your-weight/understanding-calories/,,,secondary source (nhs.uk)
/blog/healthy-bmi-range/,attribution lead-in,DELETE,"According to Mayo Clinic, ",,,secondary attribution stripped
/blog/healthy-bmi-range/,body-text brand mention \bCleveland Clinic\b,DELETE,1 occurrence(s),,,brand text scrubbed
/blog/healthy-bmi-range/,WHO fact-sheet outside definition/table,DELETE,https://www.who.int/news-room/fact-sheets/detail/obesity-and-overweight,,,WHO fact-sheet outside definition — unlinked
/blog/healthy-bmi-range/,WHO fact-sheet outside definition/table,DELETE,https://www.who.int/news-room/fact-sheets/detail/obesity-and-overweight,,,WHO fact-sheet outside definition — unlinked
/blog/body-fat-vs-bmi/,body-text brand mention \bAmerican Council on Exercise\b,DELETE,1 occurrence(s),,,brand text scrubbed
/blog/body-fat-vs-bmi/,ACE body-fat tier table,DELETE,"Category Men Women Description Essential Fat 2-5% 10-13% Minimum for survival and basic functions Athletes 6-13% 14-20% Competitive and professional athletes Fitness 14-17% 21-24% Regular exercisers, visibly fit Average/Acceptable 18-24% 25-31% General population, healthy range Obese > 25% > 32% Increased health risks",,,R6: ACE body-fat tiers deleted
/blog/bmi-categories/,external anchor 'Harvard Health',DELETE,https://www.health.harvard.edu/topics/obesity,,,secondary source (health.harvard.edu)
/blog/bmi-categories/,external anchor 'Obesity &mdash; symptoms and causes',DELETE,https://www.mayoclinic.org/diseases-conditions/obesity/symptoms-causes/syc-20375742,,,secondary source (mayoclinic.org)
/blog/bmi-categories/,external anchor 'Cleveland Clinic',DELETE,https://my.clevelandclinic.org/health/diseases/21989-class-iii-obesity-formerly-known-as-morbid-obesity,,,secondary source (my.clevelandclinic.org)
/blog/bmi-categories/,external anchor 'Class III obesity',DELETE,https://my.clevelandclinic.org/health/diseases/21989-class-iii-obesity-formerly-known-as-morbid-obesity,,,secondary source (my.clevelandclinic.org)
/blog/bmi-categories/,attribution lead-in,DELETE,"According to Cleveland Clinic, ",,,secondary attribution stripped
/blog/bmi-categories/,body-text brand mention \bHarvard Health\b,DELETE,1 occurrence(s),,,brand text scrubbed
/blog/bmi-categories/,body-text brand mention \bMayo Clinic\b,DELETE,1 occurrence(s),,,brand text scrubbed
/blog/bmi-categories/,body-text brand mention \bCleveland Clinic\b,DELETE,1 occurrence(s),,,brand text scrubbed
/blog/bmi-categories/,WHO fact-sheet in category table,re-cited,https://www.who.int/news-room/fact-sheets/detail/obesity-and-overweight,https://www.cdc.gov/bmi/adult-calculator/bmi-categories.html,https://www.cdc.gov/bmi/adult-calculator/bmi-categories.html,repointed per R5
/blog/bmi-categories/,WHO fact-sheet outside definition/table,DELETE,https://www.who.int/news-room/fact-sheets/detail/obesity-and-overweight,,,WHO fact-sheet outside definition — unlinked
/,ledger block=li,n/a,"Different ethnic groups may have different risk cutoffs — e.g., Asian populations use 23 as overweig",,,text no longer present after P1
/,ledger block=p,KEEP-DERIVED,"The number 703 bridges the gap between imperial and metric units. One kilogram equals approximately 2.20462 pounds, and one meter equals approximately 39.3701 inches. When you work through the unit conversion mathematically — dividing 39.3701² by 2.20462 — you get approximately 703.06, which is rounded to 703 for practical use. This factor ensures that using pounds and inches produces the same BMI as using kilograms and meters. For a complete walkthrough of all variations, see our BMI formula ex","The number 703 bridges the gap between imperial and metric units. One kilogram equals approximately 2.20462 pounds, and one meter equals approximately 39.3701 inches. When you work through the unit conversion mathematically — dividing 39.3701² by 2.20462 — you get approximately 703.06, which is rounded to 703 for practical use. This factor ensures that using pounds and inches produces the same BMI as using kilograms and meters. For a complete walkthrough of all variations, see our BMI formula ex",,derived from formula/definition
/,ledger block=p,KEEP-DERIVED,"Health risks at the same BMI level vary across ethnic groups. Asian populations experience elevated risks at lower BMI values, which is why some countries use a BMI cutoff of 23 for overweight rather than 25.","Health risks at the same BMI level vary across ethnic groups. Asian populations experience elevated risks at lower BMI values, which is why some countries use a BMI cutoff of 23 for overweight rather than 25.",,derived from formula/definition
/,ledger block=p,KEEP-DERIVED,"Being underweight carries significant health risks that are often underappreciated. Individuals with a BMI below 18.5 may experience malnutrition and vitamin deficiencies, a weakened immune system leading to increased susceptibility to infections, osteoporosis and increased fracture risk, anemia, fertility problems in both women and men, and delayed wound healing. Severe underweight (BMI < 16) is associated with significantly increased mortality risk. Underlying causes can include eating disorde","Being underweight carries significant health risks that are often underappreciated. Individuals with a BMI below 18.5 may experience malnutrition and vitamin deficiencies, a weakened immune system leading to increased susceptibility to infections, osteoporosis and increased fracture risk, anemia, fertility problems in both women and men, and delayed wound healing. Severe underweight (BMI < 16) is associated with significantly increased mortality risk. Underlying causes can include eating disorde",,derived from formula/definition
/,ledger block=p,KEEP-DERIVED,"Carrying excess weight in the overweight range increases the risk of developing several chronic conditions. These include type 2 diabetes (risk increases even within the upper-normal BMI range), cardiovascular disease including hypertension and elevated cholesterol, sleep apnea, joint problems especially in the knees and hips, gallbladder disease, and certain cancers including colon, breast (post-menopausal), and kidney cancers. However, the overweight category is also where BMI's limitations ar","Carrying excess weight in the overweight range increases the risk of developing several chronic conditions. These include type 2 diabetes (risk increases even within the upper-normal BMI range), cardiovascular disease including hypertension and elevated cholesterol, sleep apnea, joint problems especially in the knees and hips, gallbladder disease, and certain cancers including colon, breast (post-menopausal), and kidney cancers. However, the overweight category is also where BMI's limitations ar",,general sentence
/,ledger block=li,n/a,Rapid unintentional weight loss (>5% in 6 months),,,text no longer present after P1
/,ledger block=p,KEEP-DERIVED,"{ ""@context"": ""https://schema.org"", ""@graph"": [ { ""@type"": ""WebSite"", ""@id"": ""https://calculatemybmi.net/#website"", ""name"": ""CalculateMyBMI"", ""url"": ""https://calculatemybmi.net/"", ""description"": ""Free BMI calculator for adults, men, women, and children"", ""publisher"": {""@id"": ""https://calculatemybmi.net/#organization""}, ""potentialAction"": { ""@type"": ""SearchAction"", ""target"": ""https://calculatemybmi.net/?q={search_term_string}"", ""query-input"": ""required name=search_term_string"" } }, { ""@type"": ""We","{ ""@context"": ""https://schema.org"", ""@graph"": [ { ""@type"": ""WebSite"", ""@id"": ""https://calculatemybmi.net/#website"", ""name"": ""CalculateMyBMI"", ""url"": ""https://calculatemybmi.net/"", ""description"": ""Free BMI calculator for adults, men, women, and children"", ""publisher"": {""@id"": ""https://calculatemybmi.net/#organization""}, ""potentialAction"": { ""@type"": ""SearchAction"", ""target"": ""https://calculatemybmi.net/?q={search_term_string}"", ""query-input"": ""required name=search_term_string"" } }, { ""@type"": ""We",,derived from formula/definition
/,ledger block=p,KEEP-DERIVED,"Both are valuable, and they're best used together. BMI gives you an overall weight status, while waist circumference specifically measures abdominal fat, which is more strongly linked to heart disease, type 2 diabetes, and metabolic syndrome. Men should aim for a waist circumference below 40 inches (102 cm) and women below 35 inches (88 cm). Someone with a ""normal"" BMI but a high waist circumference may be at greater risk than their BMI alone suggests. The combination of BMI and waist circumfere","Both are valuable, and they're best used together. BMI gives you an overall weight status, while waist circumference specifically measures abdominal fat, which is more strongly linked to heart disease, type 2 diabetes, and metabolic syndrome. Men should aim for a waist circumference below 40 inches (102 cm) and women below 35 inches (88 cm). Someone with a ""normal"" BMI but a high waist circumference may be at greater risk than their BMI alone suggests. The combination of BMI and waist circumfere",,general sentence
/,ledger block=p,KEEP-DERIVED,"{ ""@context"": ""https://schema.org"", ""@graph"": [ { ""@type"": ""WebSite"", ""@id"": ""https://calculatemybmi.net/#website"", ""name"": ""CalculateMyBMI"", ""url"": ""https://calculatemybmi.net/"", ""description"": ""Free BMI calculator for adults, men, women, and children"", ""publisher"": {""@id"": ""https://calculatemybmi.net/#organization""}, ""potentialAction"": { ""@type"": ""SearchAction"", ""target"": ""https://calculatemybmi.net/?q={search_term_string}"", ""query-input"": ""required name=search_term_string"" } }, { ""@type"": ""We","{ ""@context"": ""https://schema.org"", ""@graph"": [ { ""@type"": ""WebSite"", ""@id"": ""https://calculatemybmi.net/#website"", ""name"": ""CalculateMyBMI"", ""url"": ""https://calculatemybmi.net/"", ""description"": ""Free BMI calculator for adults, men, women, and children"", ""publisher"": {""@id"": ""https://calculatemybmi.net/#organization""}, ""potentialAction"": { ""@type"": ""SearchAction"", ""target"": ""https://calculatemybmi.net/?q={search_term_string}"", ""query-input"": ""required name=search_term_string"" } }, { ""@type"": ""We",,derived from formula/definition
/,ledger block=p,KEEP-DERIVED,"Current US adult prevalence (adults 20+), from NHANES August 2021–August 2023:","Current US adult prevalence (adults 20+), from NHANES August 2021–August 2023:",,general sentence
/,ledger block=p,KEEP-DERIVED,"Age-adjusted interpretation, including the Winter 2014 older-adult mortality plateau.","Age-adjusted interpretation, including the Winter 2014 older-adult mortality plateau.",,general sentence
/age-bmi-calculator/,ledger block=li,n/a,"Adults 65+ (Winter 2014 meta-analysis, n=197,940): lowest all-cause mortality observed across BMI 23",,,text no longer present after P1
/age-bmi-calculator/,ledger block=p,n/a,"Beginning around age 30, adults lose approximately 3-8% of muscle mass per decade . This accelerates",,,text no longer present after P1
/age-bmi-calculator/,ledger block=p,DELETE,"Bone mass peaks in your late 20s and gradually declines thereafter. Women experience accelerated bone loss after menopause due to declining estrogen levels, losing up to 20% of bone density in the five to seven years following menopause.",,,unsourced specific claim
/age-bmi-calculator/,ledger block=p,KEEP-DERIVED,"With age, fat moves from subcutaneous deposits (under the skin) to visceral deposits (around organs). Visceral fat is metabolically active and linked to increased risk of type 2 diabetes, cardiovascular disease, and certain cancers.","With age, fat moves from subcutaneous deposits (under the skin) to visceral deposits (around organs). Visceral fat is metabolically active and linked to increased risk of type 2 diabetes, cardiovascular disease, and certain cancers.",,general sentence
/age-bmi-calculator/,ledger block=p,n/a,"Most people lose 1-3 inches (2.5-7.5 cm) of height between age 30 and age 80, primarily due to compr",,,text no longer present after P1
/age-bmi-calculator/,ledger block=p,KEEP-DERIVED,"For example, a person who was 5'8"" at age 30 and shrinks to 5'6"" at age 70 would see their BMI increase by roughly 1.5 points purely from height loss, not weight gain. Learn more about how the BMI formula works.","For example, a person who was 5'8"" at age 30 and shrinks to 5'6"" at age 70 would see their BMI increase by roughly 1.5 points purely from height loss, not weight gain. Learn more about how the BMI formula works.",,general sentence
/age-bmi-calculator/,ledger block=p,n/a,"Basal metabolic rate (BMR) declines by approximately 1-2% per decade after age 20, largely driven by",,,text no longer present after P1
/age-bmi-calculator/,ledger block=p,KEEP-DERIVED,"The ""obesity paradox"" is an observational finding: in some large cohort studies, older adults classified as overweight (BMI 25–29.9) have shown similar or slightly lower all-cause mortality than those in the WHO normal range. It is an association in cohort data — not a clinical recommendation to gain weight. The current WHO healthy adult range (18.5–24.9) has not changed on the basis of these findings. See also the limitations of BMI.","The ""obesity paradox"" is an observational finding: in some large cohort studies, older adults classified as overweight (BMI 25–29.9) have shown similar or slightly lower all-cause mortality than those in the WHO normal range. It is an association in cohort data — not a clinical recommendation to gain weight. The current WHO healthy adult range (18.5–24.9) has not changed on the basis of these findings. See also the limitations of BMI.",,derived from formula/definition
/age-bmi-calculator/,ledger block=figcaption,n/a,Qualitative — no numeric mortality scale shown. Plateau band reflects the Winter 2014 finding cited ,,,text no longer present after P1
/age-bmi-calculator/,ledger block=li,n/a,Overweight (BMI 25–29.9): hazard ratio 0.94 (95% CI 0.91–0.96) — ~6% lower all-cause mortality,,,text no longer present after P1
/age-bmi-calculator/,ledger block=li,n/a,Grade 1 obesity (BMI 30–34.9): hazard ratio 0.95 (95% CI 0.88–1.01) — not statistically distinguisha,,,text no longer present after P1
/age-bmi-calculator/,ledger block=li,n/a,Grade 2+ obesity (BMI ≥35): hazard ratio 1.29 (95% CI 1.18–1.41) — ~29% higher mortality,,,text no longer present after P1
/age-bmi-calculator/,ledger block=p,DELETE,"In your 30s, you will notice the first signs of age-related metabolic slowdown. Muscle mass begins its gradual decline (about 3-5% per decade), and many adults experience their first noticeable weight gain, particularly around the midsection. Career stress, sleep deprivation from young children, and reduced physical activity all contribute.",,,unsourced specific claim
/age-bmi-calculator/,ledger block=p,DELETE,"Your 40s bring significant hormonal changes for both men and women. Women may enter perimenopause, experiencing fluctuating estrogen levels that promote abdominal fat storage. Men experience gradual testosterone decline (about 1% per year after age 30), reducing muscle-building capacity. Metabolic rate drops more noticeably, and recovery from exercise takes longer.",,,unsourced specific claim
/age-bmi-calculator/,ledger block=p,KEEP-DERIVED,WHO BMI range: 18.5–24.9,WHO BMI range: 18.5–24.9,,derived from formula/definition
/age-bmi-calculator/,ledger block=p,KEEP-DERIVED,"In your 60s, unintentional weight loss becomes a bigger concern than being mildly overweight. Sarcopenia accelerates and the risk of falls and fractures rises. Maintaining adequate nutrition and physical function takes priority.","In your 60s, unintentional weight loss becomes a bigger concern than being mildly overweight. Sarcopenia accelerates and the risk of falls and fractures rises. Maintaining adequate nutrition and physical function takes priority.",,general sentence
/age-bmi-calculator/,ledger block=p,KEEP-DERIVED,WHO BMI range: 18.5–24.9,WHO BMI range: 18.5–24.9,,derived from formula/definition
/age-bmi-calculator/,ledger block=p,KEEP-DERIVED,"Obesity is a recognised risk factor for a range of conditions that become more prevalent later in life: type 2 diabetes, cardiovascular disease, several cancers (including postmenopausal breast, colorectal, endometrial, and kidney), obstructive sleep apnea, osteoarthritis, and non-alcoholic fatty liver disease. Being underweight in later life carries its own risks, including osteoporosis, sarcopenia, frailty, and elevated all-cause mortality. Waist circumference and grip strength add information","Obesity is a recognised risk factor for a range of conditions that become more prevalent later in life: type 2 diabetes, cardiovascular disease, several cancers (including postmenopausal breast, colorectal, endometrial, and kidney), obstructive sleep apnea, osteoarthritis, and non-alcoholic fatty liver disease. Being underweight in later life carries its own risks, including osteoporosis, sarcopenia, frailty, and elevated all-cause mortality. Waist circumference and grip strength add information",,general sentence
/age-bmi-calculator/,ledger block=li,n/a,Sleep: 7-9 hours; poor sleep in young adults correlates with future obesity,,,text no longer present after P1
/age-bmi-calculator/,ledger block=li,n/a,Nutrition: Reduce caloric intake by 100-200 kcal/day compared to your 20s; increase protein to 1.0 g,,,text no longer present after P1
/age-bmi-calculator/,ledger block=li,n/a,Monitoring: Report any unintentional weight loss of 5%+ to your doctor. In observational data on adu,,,text no longer present after P1
/age-bmi-calculator/,ledger block=p,KEEP-R1,"{ ""@context"": ""https://schema.org"", ""@type"": ""WebApplication"", ""name"": ""BMI Calculator by Age"", ""description"": ""Age-adjusted BMI calculator with personalized healthy weight ranges for different life stages"", ""url"": ""https://calculatemybmi.net/age-bmi-calculator/"", ""applicationCategory"": ""HealthApplication"", ""operatingSystem"": ""Any"", ""browserRequirements"": ""Requires JavaScript"", ""offers"": { ""@type"": ""Offer"", ""price"": ""0"", ""priceCurrency"": ""USD"" } } { ""@context"": ""https://schema.org"", ""@type"": ""Br","{ ""@context"": ""https://schema.org"", ""@type"": ""WebApplication"", ""name"": ""BMI Calculator by Age"", ""description"": ""Age-adjusted BMI calculator with personalized healthy weight ranges for different life stages"", ""url"": ""https://calculatemybmi.net/age-bmi-calculator/"", ""applicationCategory"": ""HealthApplication"", ""operatingSystem"": ""Any"", ""browserRequirements"": ""Requires JavaScript"", ""offers"": { ""@type"": ""Offer"", ""price"": ""0"", ""priceCurrency"": ""USD"" } } { ""@context"": ""https://schema.org"", ""@type"": ""Br",https://pubmed.ncbi.nlm.nih.gov/24452240/,R1: Winter 2014 (PubMed)
/age-bmi-calculator/,ledger block=p,KEEP-R1,"{ ""@context"": ""https://schema.org"", ""@type"": ""WebApplication"", ""name"": ""BMI Calculator by Age"", ""description"": ""Age-adjusted BMI calculator with personalized healthy weight ranges for different life stages"", ""url"": ""https://calculatemybmi.net/age-bmi-calculator/"", ""applicationCategory"": ""HealthApplication"", ""operatingSystem"": ""Any"", ""browserRequirements"": ""Requires JavaScript"", ""offers"": { ""@type"": ""Offer"", ""price"": ""0"", ""priceCurrency"": ""USD"" } } { ""@context"": ""https://schema.org"", ""@type"": ""Br","{ ""@context"": ""https://schema.org"", ""@type"": ""WebApplication"", ""name"": ""BMI Calculator by Age"", ""description"": ""Age-adjusted BMI calculator with personalized healthy weight ranges for different life stages"", ""url"": ""https://calculatemybmi.net/age-bmi-calculator/"", ""applicationCategory"": ""HealthApplication"", ""operatingSystem"": ""Any"", ""browserRequirements"": ""Requires JavaScript"", ""offers"": { ""@type"": ""Offer"", ""price"": ""0"", ""priceCurrency"": ""USD"" } } { ""@context"": ""https://schema.org"", ""@type"": ""Br",https://pubmed.ncbi.nlm.nih.gov/24452240/,R1: Winter 2014 (PubMed)
/age-bmi-calculator/,ledger block=p,KEEP-R1,"{ ""@context"": ""https://schema.org"", ""@type"": ""WebApplication"", ""name"": ""BMI Calculator by Age"", ""description"": ""Age-adjusted BMI calculator with personalized healthy weight ranges for different life stages"", ""url"": ""https://calculatemybmi.net/age-bmi-calculator/"", ""applicationCategory"": ""HealthApplication"", ""operatingSystem"": ""Any"", ""browserRequirements"": ""Requires JavaScript"", ""offers"": { ""@type"": ""Offer"", ""price"": ""0"", ""priceCurrency"": ""USD"" } } { ""@context"": ""https://schema.org"", ""@type"": ""Br","{ ""@context"": ""https://schema.org"", ""@type"": ""WebApplication"", ""name"": ""BMI Calculator by Age"", ""description"": ""Age-adjusted BMI calculator with personalized healthy weight ranges for different life stages"", ""url"": ""https://calculatemybmi.net/age-bmi-calculator/"", ""applicationCategory"": ""HealthApplication"", ""operatingSystem"": ""Any"", ""browserRequirements"": ""Requires JavaScript"", ""offers"": { ""@type"": ""Offer"", ""price"": ""0"", ""priceCurrency"": ""USD"" } } { ""@context"": ""https://schema.org"", ""@type"": ""Br",https://pubmed.ncbi.nlm.nih.gov/24452240/,R1: Winter 2014 (PubMed)
/age-bmi-calculator/,ledger block=p,KEEP-R1,"{ ""@context"": ""https://schema.org"", ""@type"": ""WebApplication"", ""name"": ""BMI Calculator by Age"", ""description"": ""Age-adjusted BMI calculator with personalized healthy weight ranges for different life stages"", ""url"": ""https://calculatemybmi.net/age-bmi-calculator/"", ""applicationCategory"": ""HealthApplication"", ""operatingSystem"": ""Any"", ""browserRequirements"": ""Requires JavaScript"", ""offers"": { ""@type"": ""Offer"", ""price"": ""0"", ""priceCurrency"": ""USD"" } } { ""@context"": ""https://schema.org"", ""@type"": ""Br","{ ""@context"": ""https://schema.org"", ""@type"": ""WebApplication"", ""name"": ""BMI Calculator by Age"", ""description"": ""Age-adjusted BMI calculator with personalized healthy weight ranges for different life stages"", ""url"": ""https://calculatemybmi.net/age-bmi-calculator/"", ""applicationCategory"": ""HealthApplication"", ""operatingSystem"": ""Any"", ""browserRequirements"": ""Requires JavaScript"", ""offers"": { ""@type"": ""Offer"", ""price"": ""0"", ""priceCurrency"": ""USD"" } } { ""@context"": ""https://schema.org"", ""@type"": ""Br",https://pubmed.ncbi.nlm.nih.gov/24452240/,R1: Winter 2014 (PubMed)
/age-bmi-calculator/,ledger block=p,KEEP-R1,"{ ""@context"": ""https://schema.org"", ""@type"": ""WebApplication"", ""name"": ""BMI Calculator by Age"", ""description"": ""Age-adjusted BMI calculator with personalized healthy weight ranges for different life stages"", ""url"": ""https://calculatemybmi.net/age-bmi-calculator/"", ""applicationCategory"": ""HealthApplication"", ""operatingSystem"": ""Any"", ""browserRequirements"": ""Requires JavaScript"", ""offers"": { ""@type"": ""Offer"", ""price"": ""0"", ""priceCurrency"": ""USD"" } } { ""@context"": ""https://schema.org"", ""@type"": ""Br","{ ""@context"": ""https://schema.org"", ""@type"": ""WebApplication"", ""name"": ""BMI Calculator by Age"", ""description"": ""Age-adjusted BMI calculator with personalized healthy weight ranges for different life stages"", ""url"": ""https://calculatemybmi.net/age-bmi-calculator/"", ""applicationCategory"": ""HealthApplication"", ""operatingSystem"": ""Any"", ""browserRequirements"": ""Requires JavaScript"", ""offers"": { ""@type"": ""Offer"", ""price"": ""0"", ""priceCurrency"": ""USD"" } } { ""@context"": ""https://schema.org"", ""@type"": ""Br",https://pubmed.ncbi.nlm.nih.gov/24452240/,R1: Winter 2014 (PubMed)
/blog/bmi-by-age/,ledger block=p,KEEP-DERIVED,"People often expect the healthy BMI range to shift as they get older — a common assumption is that it should be higher for a 60-year-old than for a 25-year-old. This guide explains what the category bodies actually publish, shows how obesity prevalence varies by age in the US, and covers the observational evidence for adults aged 65 and over.","People often expect the healthy BMI range to shift as they get older — a common assumption is that it should be higher for a 60-year-old than for a 25-year-old. This guide explains what the category bodies actually publish, shows how obesity prevalence varies by age in the US, and covers the observational evidence for adults aged 65 and over.",,derived from formula/definition
/blog/bmi-by-age/,ledger block=p,n/a,"In an individual-patient-data meta-analysis of 197,940 adults aged 65 and over, Winter et al. ( Amer",,,text no longer present after P1
/blog/bmi-by-age/,ledger block=li,n/a,"Prevalence figures: from NCHS Data Brief 508 (NHANES August 2021–August 2023, adults 20+) and NCHS H",,,text no longer present after P1
/blog/bmi-by-age/,ledger block=p,KEEP-DERIVED,"No. The CDC and WHO adult BMI category cut-offs are the same at 25 as at 75. Observational research reports a wider mortality plateau in adults aged 65 and over, but the published categories themselves don’t shift.","No. The CDC and WHO adult BMI category cut-offs are the same at 25 as at 75. Observational research reports a wider mortality plateau in adults aged 65 and over, but the published categories themselves don’t shift.",,derived from formula/definition
/blog/bmi-by-age/,ledger block=p,n/a,Because children’s bodies change rapidly with age and sex. A fixed cut-off like 25 would misclassify,,,text no longer present after P1
/blog/bmi-by-age/,ledger block=p,KEEP-DERIVED,"There is no fixed age. BMI is a population-level screening tool at every adult age. Its main limitations — it doesn’t distinguish muscle from fat, doesn’t measure fat distribution — apply to all age groups. In older adults, the 65+ mortality plateau reported by Winter et al. 2014 is one reason to interpret a BMI result together with clinical context, not in isolation.","There is no fixed age. BMI is a population-level screening tool at every adult age. Its main limitations — it doesn’t distinguish muscle from fat, doesn’t measure fat distribution — apply to all age groups. In older adults, the 65+ mortality plateau reported by Winter et al. 2014 is one reason to interpret a BMI result together with clinical context, not in isolation.",,general sentence
/blog/bmi-categories/,ledger block=li,n/a,Normal BMI range: 18.5 – 24.9 is associated with the lowest health risk for most adults,,,text no longer present after P1
/blog/bmi-categories/,ledger block=p,n/a,Note that children and teens (ages 2–19) use a completely different system based on age- and sex-spe,,,text no longer present after P1
/blog/bmi-categories/,ledger block=p,KEEP-DERIVED,"A BMI below 16.0 indicates severe underweight, a condition associated with significant medical risk. At this BMI, the body lacks sufficient energy reserves and may be catabolizing (breaking down) muscle tissue and organs for fuel. For more information about underweight categories, see our underweight BMI risks guide.","A BMI below 16.0 indicates severe underweight, a condition associated with significant medical risk. At this BMI, the body lacks sufficient energy reserves and may be catabolizing (breaking down) muscle tissue and organs for fuel. For more information about underweight categories, see our underweight BMI risks guide.",,general sentence
/blog/bmi-categories/,ledger block=p,DELETE,"If your BMI is below 17.0, or if you have experienced unintentional weight loss exceeding 5% of your body weight in the past 6–12 months, consult a healthcare provider promptly. Rapid or unintentional weight loss can be a marker of undiagnosed disease.",,,unsourced specific claim
/blog/bmi-categories/,ledger block=p,DELETE,"As the table shows, the difference between low normal and high normal is about 33–50 lbs depending on height. Both ends of this range are considered healthy. For more on target ranges, see our Healthy BMI Range guide.",,,unsourced specific claim
/blog/bmi-categories/,ledger block=p,KEEP-DERIVED,"While the entire 18.5–24.9 range is classified as normal, research suggests the lowest mortality risk occurs around BMI 22–23 for younger adults. Some studies suggest slightly different optimal ranges for men (20–25) and women (19–24). For detailed sex-specific analysis, see our guides for BMI for Women and BMI for Men.","While the entire 18.5–24.9 range is classified as normal, research suggests the lowest mortality risk occurs around BMI 22–23 for younger adults. Some studies suggest slightly different optimal ranges for men (20–25) and women (19–24). For detailed sex-specific analysis, see our guides for BMI for Women and BMI for Men.",,derived from formula/definition
/blog/bmi-categories/,ledger block=li,n/a,Type 2 diabetes: Risk begins to rise above BMI 25 and increases progressively,,,text no longer present after P1
/blog/bmi-categories/,ledger block=p,KEEP-DERIVED,"The overweight category is the most debated BMI classification. Several large studies have found that people in this range, particularly those with BMI 25–27, may have equal or slightly lower mortality than those in the normal range. This “overweight paradox” likely reflects the fact that some people classified as overweight are muscular rather than fat, that moderate weight reserves may be protective during illness, and that the 25 cutoff may be too strict for older adults.","The overweight category is the most debated BMI classification. Several large studies have found that people in this range, particularly those with BMI 25–27, may have equal or slightly lower mortality than those in the normal range. This “overweight paradox” likely reflects the fact that some people classified as overweight are muscular rather than fat, that moderate weight reserves may be protective during illness, and that the 25 cutoff may be too strict for older adults.",,derived from formula/definition
/blog/bmi-categories/,ledger block=p,n/a,"For people in the upper end of this range (BMI 28–29.9), especially those with additional risk facto",,,text no longer present after P1
/blog/bmi-categories/,ledger block=li,n/a,Type 2 diabetes: risk is substantially elevated compared with normal weight and rises further into c,,,text no longer present after P1
/blog/bmi-categories/,ledger block=li,n/a,Cancer: increased risk of at least 13 types of cancer (see the IARC-identified list summarised on ou,,,text no longer present after P1
/blog/bmi-categories/,ledger block=li,n/a,Reduced life expectancy: 5–8 years of reduced life expectancy on average,,,text no longer present after P1
/blog/bmi-categories/,ledger block=li,n/a,Life expectancy: Reduced by 8–14 years compared to normal BMI,,,text no longer present after P1
/blog/bmi-categories/,ledger block=p,KEEP-DERIVED,Headline prevalence figures for U.S. Adults from CDC NHANES August 2021–August 2023. Only these three figures are shown because they trace to a specific NCHS publication; the class-by-class breakdown is not reported in the same brief.,Headline prevalence figures for U.S. Adults from CDC NHANES August 2021–August 2023. Only these three figures are shown because they trace to a specific NCHS publication; the class-by-class breakdown is not reported in the same brief.,,general sentence
/blog/bmi-categories/,ledger block=p,n/a,Adults with obesity (BMI ≥ 30) together with those in the overweight range account for the majority ,,,text no longer present after P1
/blog/bmi-categories/,ledger block=li,n/a,"1985: The National Institutes of Health defined obesity as BMI ≥ 27.8 for men and ≥ 27.3 for women, ",,,text no longer present after P1
/blog/bmi-categories/,ledger block=li,n/a,"1995: The WHO recommended unified cutoffs of 25 (overweight) and 30 (obesity) regardless of sex, bas",,,text no longer present after P1
/blog/bmi-categories/,ledger block=li,n/a,1998: The NIH aligned U.S. Guidelines with the WHO cutoffs. This single change reclassified approxim,,,text no longer present after P1
/blog/bmi-categories/,ledger block=p,KEEP-DERIVED,"The choice of 25 and 30 reflects points on the risk curve where health consequences become statistically more likely, but these are not sharp biological thresholds. A person with a BMI of 24.9 is not meaningfully healthier than one at 25.1 — the categories represent points on a continuous spectrum. Learn more about the formula behind these numbers in our BMI Formula guide.","The choice of 25 and 30 reflects points on the risk curve where health consequences become statistically more likely, but these are not sharp biological thresholds. A person with a BMI of 24.9 is not meaningfully healthier than one at 25.1 — the categories represent points on a continuous spectrum. Learn more about the formula behind these numbers in our BMI Formula guide.",,derived from formula/definition
/blog/bmi-categories/,ledger block=li,n/a,Modest weight loss (5–10% of body weight) can move you back to the overweight category and produce m,,,text no longer present after P1
/blog/bmi-categories/,ledger block=p,KEEP-DERIVED,"{ ""@context"": ""https://schema.org"", ""@type"": ""Article"", ""headline"": ""BMI Categories: All Weight Classifications Explained"", ""image"": ""https://calculatemybmi.net/assets/images/og/bmi-categories-scale.png"", ""description"": ""Complete guide to all BMI categories from underweight to morbid obesity, including WHO classification, health risks, weight ranges by height, and what each category means."", ""author"": {""@type"": ""Person"", ""@id"": ""https://calculatemybmi.net/about/#author-bio""}, ""publisher"": {""@typ","{ ""@context"": ""https://schema.org"", ""@type"": ""Article"", ""headline"": ""BMI Categories: All Weight Classifications Explained"", ""image"": ""https://calculatemybmi.net/assets/images/og/bmi-categories-scale.png"", ""description"": ""Complete guide to all BMI categories from underweight to morbid obesity, including WHO classification, health risks, weight ranges by height, and what each category means."", ""author"": {""@type"": ""Person"", ""@id"": ""https://calculatemybmi.net/about/#author-bio""}, ""publisher"": {""@typ",,derived from formula/definition
/blog/bmi-categories/,ledger block=p,KEEP-DERIVED,"{ ""@context"": ""https://schema.org"", ""@type"": ""Article"", ""headline"": ""BMI Categories: All Weight Classifications Explained"", ""image"": ""https://calculatemybmi.net/assets/images/og/bmi-categories-scale.png"", ""description"": ""Complete guide to all BMI categories from underweight to morbid obesity, including WHO classification, health risks, weight ranges by height, and what each category means."", ""author"": {""@type"": ""Person"", ""@id"": ""https://calculatemybmi.net/about/#author-bio""}, ""publisher"": {""@typ","{ ""@context"": ""https://schema.org"", ""@type"": ""Article"", ""headline"": ""BMI Categories: All Weight Classifications Explained"", ""image"": ""https://calculatemybmi.net/assets/images/og/bmi-categories-scale.png"", ""description"": ""Complete guide to all BMI categories from underweight to morbid obesity, including WHO classification, health risks, weight ranges by height, and what each category means."", ""author"": {""@type"": ""Person"", ""@id"": ""https://calculatemybmi.net/about/#author-bio""}, ""publisher"": {""@typ",,derived from formula/definition
/blog/bmi-categories/,ledger block=p,KEEP-DERIVED,"{ ""@context"": ""https://schema.org"", ""@type"": ""Article"", ""headline"": ""BMI Categories: All Weight Classifications Explained"", ""image"": ""https://calculatemybmi.net/assets/images/og/bmi-categories-scale.png"", ""description"": ""Complete guide to all BMI categories from underweight to morbid obesity, including WHO classification, health risks, weight ranges by height, and what each category means."", ""author"": {""@type"": ""Person"", ""@id"": ""https://calculatemybmi.net/about/#author-bio""}, ""publisher"": {""@typ","{ ""@context"": ""https://schema.org"", ""@type"": ""Article"", ""headline"": ""BMI Categories: All Weight Classifications Explained"", ""image"": ""https://calculatemybmi.net/assets/images/og/bmi-categories-scale.png"", ""description"": ""Complete guide to all BMI categories from underweight to morbid obesity, including WHO classification, health risks, weight ranges by height, and what each category means."", ""author"": {""@type"": ""Person"", ""@id"": ""https://calculatemybmi.net/about/#author-bio""}, ""publisher"": {""@typ",,derived from formula/definition
/blog/bmi-chart-men/,ledger block=p,n/a,CDC and WHO adult BMI cut-offs do not shift with age — 18.5 to 24.9 remains the healthy range across,,,text no longer present after P1
/blog/bmi-chart-men/,ledger block=p,KEEP-DERIVED,"The CDC and WHO cut-offs do not change with age. There is observational evidence from Winter et al. 2014 that men aged 65+ have a mortality plateau across a wider BMI range, but the healthy band on the chart is still 18.5 to 24.9. See the BMI by age guide.","The CDC and WHO cut-offs do not change with age. There is observational evidence from Winter et al. 2014 that men aged 65+ have a mortality plateau across a wider BMI range, but the healthy band on the chart is still 18.5 to 24.9. See the BMI by age guide.",,derived from formula/definition
/blog/bmi-chart-women/,ledger block=p,n/a,The CDC and WHO adult BMI cut-offs do not shift with age — 18.5 to 24.9 remains the healthy range fo,,,text no longer present after P1
/blog/body-fat-vs-bmi/,ledger block=li,n/a,"Healthy body fat ranges differ by sex: 10-20% for men, 18-28% for women",,,text no longer present after P1
/blog/body-fat-vs-bmi/,ledger block=li,n/a,DEXA scans are the gold standard for body fat measurement (1-2% accuracy),,,text no longer present after P1
/blog/body-fat-vs-bmi/,ledger block=p,KEEP-DERIVED,"Body Mass Index, or BMI, is a simple mathematical formula that relates your weight to your height. Developed in the 1830s by Belgian mathematician Adolphe Quetelet, BMI was originally designed for population-level health studies, not individual assessment. The formula divides your weight in kilograms by the square of your height in meters:","Body Mass Index, or BMI, is a simple mathematical formula that relates your weight to your height. Developed in the 1830s by Belgian mathematician Adolphe Quetelet, BMI was originally designed for population-level health studies, not individual assessment. The formula divides your weight in kilograms by the square of your height in meters:",,derived from formula/definition
/blog/body-fat-vs-bmi/,ledger block=li,n/a,"Essential fat: Required for normal physiological function, including hormone regulation, vitamin abs",,,text no longer present after P1
/blog/body-fat-vs-bmi/,ledger block=p,KEEP-DERIVED,"People with normal weight obesity face increased risks for type 2 diabetes, cardiovascular disease, and metabolic syndrome - risks that wouldn't be detected by BMI alone.","People with normal weight obesity face increased risks for type 2 diabetes, cardiovascular disease, and metabolic syndrome - risks that wouldn't be detected by BMI alone.",,general sentence
/blog/body-fat-vs-bmi/,ledger block=p,DELETE,"The athlete paradox is one of the most well-documented limitations of BMI. Muscle tissue is approximately 18% denser than fat tissue by volume. This means a muscular athlete weighs more than a sedentary person of the same size, resulting in a higher BMI.",,,unsourced specific claim
/blog/body-fat-vs-bmi/,ledger block=p,KEEP-DERIVED,Aim for 300-500 calories below maintenance. Aggressive dieting leads to muscle loss. Use our ideal weight calculator to set realistic targets.,Aim for 300-500 calories below maintenance. Aggressive dieting leads to muscle loss. Use our ideal weight calculator to set realistic targets.,,general sentence
/blog/body-fat-vs-bmi/,ledger block=p,KEEP-DERIVED,"Aim for 7-9 hours of quality sleep. Poor sleep increases hunger hormones, reduces muscle protein synthesis, and impairs fat loss.","Aim for 7-9 hours of quality sleep. Poor sleep increases hunger hormones, reduces muscle protein synthesis, and impairs fat loss.",,general sentence
/blog/body-fat-vs-bmi/,ledger block=p,DELETE,"Body fat percentage is generally more accurate for assessing individual health because it directly measures fat mass rather than just weight. BMI cannot distinguish between muscle, fat, bone, and water weight. However, the accuracy of body fat measurement depends on the method used - DEXA scans are accurate to within 1-2%, while home BIA scales may vary by 3-5%. For most people, BMI provides a reasonable estimate, but body fat percentage gives a more complete picture.",,,unsourced specific claim
/blog/body-fat-vs-bmi/,ledger block=p,KEEP-DERIVED,"Yes, this condition is called ""normal weight obesity"" or colloquially ""skinny fat."" Someone can have a BMI in the healthy range (18.5-24.9) while having excess body fat and low muscle mass. Cardiometabolic risk markers (blood pressure, lipids, fasting glucose) can be abnormal in this phenotype, which is one reason body composition assessment adds information beyond BMI alone.","Yes, this condition is called ""normal weight obesity"" or colloquially ""skinny fat."" Someone can have a BMI in the healthy range (18.5-24.9) while having excess body fat and low muscle mass. Cardiometabolic risk markers (blood pressure, lipids, fasting glucose) can be abnormal in this phenotype, which is one reason body composition assessment adds information beyond BMI alone.",,derived from formula/definition
/blog/body-fat-vs-bmi/,ledger block=p,DELETE,"Healthy body fat ranges differ between men and women due to physiological differences. For men, a healthy range is typically 10-20%, with athletes often at 6-13%. For women, a healthy range is 18-28%, with athletes at 14-20%. Essential fat (the minimum needed for health) is 2-5% for men and 10-13% for women. Women require higher essential fat for reproductive health and hormone function. These ranges also adjust slightly with age, with older adults typically having slightly higher healthy ranges",,,unsourced specific claim
/blog/body-fat-vs-bmi/,ledger block=p,DELETE,"The athlete paradox is one of the most well-documented limitations of BMI. Muscle tissue is approximately 18% denser than fat tissue by volume. This means a muscular athlete weighs more than a sedentary person of the same size, resulting in a higher BMI.",,,unsourced specific claim
/blog/body-fat-vs-bmi/,ledger block=p,KEEP-DERIVED,"{ ""@context"": ""https://schema.org"", ""@type"": ""Article"", ""headline"": ""Body Fat vs BMI: Complete Guide to Understanding Both Metrics"", ""image"": ""https://calculatemybmi.net/assets/images/og/body-fat-vs-bmi-pair.png"", ""description"": ""Compare body fat percentage and BMI to understand which health metric is right for you. Includes healthy ranges, measurement methods, and expert insights."", ""datePublished"": ""2026-02-01"", ""dateModified"": ""2026-08-12"", ""author"": {""@type"": ""Person"", ""@id"": ""https://calcul","{ ""@context"": ""https://schema.org"", ""@type"": ""Article"", ""headline"": ""Body Fat vs BMI: Complete Guide to Understanding Both Metrics"", ""image"": ""https://calculatemybmi.net/assets/images/og/body-fat-vs-bmi-pair.png"", ""description"": ""Compare body fat percentage and BMI to understand which health metric is right for you. Includes healthy ranges, measurement methods, and expert insights."", ""datePublished"": ""2026-02-01"", ""dateModified"": ""2026-08-12"", ""author"": {""@type"": ""Person"", ""@id"": ""https://calcul",,derived from formula/definition
/blog/healthy-bmi-range/,ledger block=p,KEEP-DERIVED,"A healthy BMI falls between 18.5 and 24.9 for most adults. But what does that actually mean for your body, your health risks, and your daily life? This guide explains everything you need to know about the healthy BMI range, including how it varies by sex, age, and ethnicity, and what you can do to reach or maintain it.","A healthy BMI falls between 18.5 and 24.9 for most adults. But what does that actually mean for your body, your health risks, and your daily life? This guide explains everything you need to know about the healthy BMI range, including how it varies by sex, age, and ethnicity, and what you can do to reach or maintain it.",,derived from formula/definition
/blog/healthy-bmi-range/,ledger block=li,n/a,Older adults (65+): 23 – 28 may carry the lowest mortality risk,,,text no longer present after P1
/blog/healthy-bmi-range/,ledger block=p,n/a,"Notice that the healthy range spans 33–53 lbs depending on height. This is a wide range, reflecting ",,,text no longer present after P1
/blog/healthy-bmi-range/,ledger block=li,n/a,"Higher essential fat: Women need 10–13% essential body fat (vs. 2–5% for men) for hormonal function,",,,text no longer present after P1
/blog/healthy-bmi-range/,ledger block=li,n/a,"Menstrual health: A BMI below 19 may disrupt menstrual cycles (amenorrhea), while a BMI above 24 is ",,,text no longer present after P1
/blog/healthy-bmi-range/,ledger block=li,n/a,"Bone health: Very low BMI (below 18.5) significantly increases osteoporosis risk in women, particula",,,text no longer present after P1
/blog/healthy-bmi-range/,ledger block=p,n/a,"For men, some researchers suggest an optimal range of 20 to 25 , which is slightly higher than the f",,,text no longer present after P1
/blog/healthy-bmi-range/,ledger block=li,n/a,"Greater muscle mass: Men carry approximately 30–35% more muscle than women, which adds weight withou",,,text no longer present after P1
/blog/healthy-bmi-range/,ledger block=li,n/a,"Lower body fat: Men with BMI 20–25 typically have 15–20% body fat, which is the healthy range for ma",,,text no longer present after P1
/blog/healthy-bmi-range/,ledger block=li,n/a,"Cardiovascular risk: For men, the lowest cardiovascular disease risk is observed in the BMI 20–25 ra",,,text no longer present after P1
/blog/healthy-bmi-range/,ledger block=p,KEEP-DERIVED,The 65+ row reflects one large observational meta-analysis. It does not replace the WHO healthy range as a clinical target — individual assessment always dominates.,The 65+ row reflects one large observational meta-analysis. It does not replace the WHO healthy range as a clinical target — individual assessment always dominates.,,general sentence
/blog/healthy-bmi-range/,ledger block=p,n/a,"Children and teens aged 2–19 cannot be assessed using the adult BMI cutoffs. Instead, pediatric BMI ",,,text no longer present after P1
/blog/healthy-bmi-range/,ledger block=p,KEEP-DERIVED,"A child at the 50th percentile has a BMI that is average for their age and sex. The healthy range (5th–84th percentile) is deliberately wide because children’s bodies change rapidly during growth and development. For more information, see our Pediatric BMI Calculator guide.","A child at the 50th percentile has a BMI that is average for their age and sex. The healthy range (5th–84th percentile) is deliberately wide because children’s bodies change rapidly during growth and development. For more information, see our Pediatric BMI Calculator guide.",,general sentence
/blog/healthy-bmi-range/,ledger block=p,KEEP-DERIVED,"Chart represents relative risk for cardiovascular disease, type 2 diabetes, and all-cause mortality based on epidemiological data.","Chart represents relative risk for cardiovascular disease, type 2 diabetes, and all-cause mortality based on epidemiological data.",,general sentence
/blog/healthy-bmi-range/,ledger block=p,DELETE,"Maintaining a healthy BMI is associated with significantly lower lifetime healthcare costs. Obesity-related medical costs have been reported at approximately $1,429 higher per year than those for people at healthy weight. Over a lifetime, maintaining a healthy BMI can save tens of thousands of dollars in medical expenses.",,,unsourced specific claim
/blog/healthy-bmi-range/,ledger block=p,n/a,"People with a BMI of 25–27 who are physically active, have normal blood pressure, cholesterol, and b",,,text no longer present after P1
/blog/healthy-bmi-range/,ledger block=p,n/a,Aim for 300–500 fewer calories per day than you burn. This produces a safe weight loss of 0.5–1 lb p,,,text no longer present after P1
/blog/healthy-bmi-range/,ledger block=p,n/a,Aim for 150–300 minutes of moderate aerobic activity per week plus 2 sessions of strength training. ,,,text no longer present after P1
/blog/healthy-bmi-range/,ledger block=p,n/a,Add 300–500 calories per day above your maintenance level. Focus on nutrient-dense foods rather than,,,text no longer present after P1
/blog/healthy-bmi-range/,ledger block=li,n/a,"Sleep quality: Aim for 7–9 hours per night. Poor sleep disrupts hunger hormones (increasing ghrelin,",,,text no longer present after P1
/blog/healthy-bmi-range/,ledger block=li,n/a,"Body fat percentage: 20–25% for women, 15–20% for men",,,text no longer present after P1
/blog/healthy-bmi-range/,ledger block=p,KEEP-DERIVED,"{ ""@context"": ""https://schema.org"", ""@type"": ""Article"", ""headline"": ""Healthy BMI Range: What Is a Normal BMI for Adults, Men & Women"", ""image"": ""https://calculatemybmi.net/assets/images/og/healthy-bmi-envelope.png"", ""description"": ""Comprehensive guide to healthy BMI ranges for adults, men, women, children, and older adults, including weight tables and tips for reaching a healthy BMI."", ""author"": {""@type"": ""Person"", ""@id"": ""https://calculatemybmi.net/about/#author-bio""}, ""publisher"": {""@type"": ""O","{ ""@context"": ""https://schema.org"", ""@type"": ""Article"", ""headline"": ""Healthy BMI Range: What Is a Normal BMI for Adults, Men & Women"", ""image"": ""https://calculatemybmi.net/assets/images/og/healthy-bmi-envelope.png"", ""description"": ""Comprehensive guide to healthy BMI ranges for adults, men, women, children, and older adults, including weight tables and tips for reaching a healthy BMI."", ""author"": {""@type"": ""Person"", ""@id"": ""https://calculatemybmi.net/about/#author-bio""}, ""publisher"": {""@type"": ""O",,derived from formula/definition
/blog/healthy-bmi-range/,ledger block=p,KEEP-DERIVED,"{ ""@context"": ""https://schema.org"", ""@type"": ""Article"", ""headline"": ""Healthy BMI Range: What Is a Normal BMI for Adults, Men & Women"", ""image"": ""https://calculatemybmi.net/assets/images/og/healthy-bmi-envelope.png"", ""description"": ""Comprehensive guide to healthy BMI ranges for adults, men, women, children, and older adults, including weight tables and tips for reaching a healthy BMI."", ""author"": {""@type"": ""Person"", ""@id"": ""https://calculatemybmi.net/about/#author-bio""}, ""publisher"": {""@type"": ""O","{ ""@context"": ""https://schema.org"", ""@type"": ""Article"", ""headline"": ""Healthy BMI Range: What Is a Normal BMI for Adults, Men & Women"", ""image"": ""https://calculatemybmi.net/assets/images/og/healthy-bmi-envelope.png"", ""description"": ""Comprehensive guide to healthy BMI ranges for adults, men, women, children, and older adults, including weight tables and tips for reaching a healthy BMI."", ""author"": {""@type"": ""Person"", ""@id"": ""https://calculatemybmi.net/about/#author-bio""}, ""publisher"": {""@type"": ""O",,derived from formula/definition
/blog/healthy-bmi-range/,ledger block=p,KEEP-DERIVED,"{ ""@context"": ""https://schema.org"", ""@type"": ""Article"", ""headline"": ""Healthy BMI Range: What Is a Normal BMI for Adults, Men & Women"", ""image"": ""https://calculatemybmi.net/assets/images/og/healthy-bmi-envelope.png"", ""description"": ""Comprehensive guide to healthy BMI ranges for adults, men, women, children, and older adults, including weight tables and tips for reaching a healthy BMI."", ""author"": {""@type"": ""Person"", ""@id"": ""https://calculatemybmi.net/about/#author-bio""}, ""publisher"": {""@type"": ""O","{ ""@context"": ""https://schema.org"", ""@type"": ""Article"", ""headline"": ""Healthy BMI Range: What Is a Normal BMI for Adults, Men & Women"", ""image"": ""https://calculatemybmi.net/assets/images/og/healthy-bmi-envelope.png"", ""description"": ""Comprehensive guide to healthy BMI ranges for adults, men, women, children, and older adults, including weight tables and tips for reaching a healthy BMI."", ""author"": {""@type"": ""Person"", ""@id"": ""https://calculatemybmi.net/about/#author-bio""}, ""publisher"": {""@type"": ""O",,derived from formula/definition
/blog/healthy-bmi-range/,ledger block=p,KEEP-DERIVED,"{ ""@context"": ""https://schema.org"", ""@type"": ""Article"", ""headline"": ""Healthy BMI Range: What Is a Normal BMI for Adults, Men & Women"", ""image"": ""https://calculatemybmi.net/assets/images/og/healthy-bmi-envelope.png"", ""description"": ""Comprehensive guide to healthy BMI ranges for adults, men, women, children, and older adults, including weight tables and tips for reaching a healthy BMI."", ""author"": {""@type"": ""Person"", ""@id"": ""https://calculatemybmi.net/about/#author-bio""}, ""publisher"": {""@type"": ""O","{ ""@context"": ""https://schema.org"", ""@type"": ""Article"", ""headline"": ""Healthy BMI Range: What Is a Normal BMI for Adults, Men & Women"", ""image"": ""https://calculatemybmi.net/assets/images/og/healthy-bmi-envelope.png"", ""description"": ""Comprehensive guide to healthy BMI ranges for adults, men, women, children, and older adults, including weight tables and tips for reaching a healthy BMI."", ""author"": {""@type"": ""Person"", ""@id"": ""https://calculatemybmi.net/about/#author-bio""}, ""publisher"": {""@type"": ""O",,derived from formula/definition
/blog/healthy-bmi-range/,ledger block=p,KEEP-DERIVED,"{ ""@context"": ""https://schema.org"", ""@type"": ""Article"", ""headline"": ""Healthy BMI Range: What Is a Normal BMI for Adults, Men & Women"", ""image"": ""https://calculatemybmi.net/assets/images/og/healthy-bmi-envelope.png"", ""description"": ""Comprehensive guide to healthy BMI ranges for adults, men, women, children, and older adults, including weight tables and tips for reaching a healthy BMI."", ""author"": {""@type"": ""Person"", ""@id"": ""https://calculatemybmi.net/about/#author-bio""}, ""publisher"": {""@type"": ""O","{ ""@context"": ""https://schema.org"", ""@type"": ""Article"", ""headline"": ""Healthy BMI Range: What Is a Normal BMI for Adults, Men & Women"", ""image"": ""https://calculatemybmi.net/assets/images/og/healthy-bmi-envelope.png"", ""description"": ""Comprehensive guide to healthy BMI ranges for adults, men, women, children, and older adults, including weight tables and tips for reaching a healthy BMI."", ""author"": {""@type"": ""Person"", ""@id"": ""https://calculatemybmi.net/about/#author-bio""}, ""publisher"": {""@type"": ""O",,derived from formula/definition
/blog/healthy-bmi-range/,ledger block=p,KEEP-DERIVED,"{ ""@context"": ""https://schema.org"", ""@type"": ""Article"", ""headline"": ""Healthy BMI Range: What Is a Normal BMI for Adults, Men & Women"", ""image"": ""https://calculatemybmi.net/assets/images/og/healthy-bmi-envelope.png"", ""description"": ""Comprehensive guide to healthy BMI ranges for adults, men, women, children, and older adults, including weight tables and tips for reaching a healthy BMI."", ""author"": {""@type"": ""Person"", ""@id"": ""https://calculatemybmi.net/about/#author-bio""}, ""publisher"": {""@type"": ""O","{ ""@context"": ""https://schema.org"", ""@type"": ""Article"", ""headline"": ""Healthy BMI Range: What Is a Normal BMI for Adults, Men & Women"", ""image"": ""https://calculatemybmi.net/assets/images/og/healthy-bmi-envelope.png"", ""description"": ""Comprehensive guide to healthy BMI ranges for adults, men, women, children, and older adults, including weight tables and tips for reaching a healthy BMI."", ""author"": {""@type"": ""Person"", ""@id"": ""https://calculatemybmi.net/about/#author-bio""}, ""publisher"": {""@type"": ""O",,derived from formula/definition
/calculators/,ledger block=p,DELETE,Approximately 42% of U.S. adults have obesity (BMI ≥30). Learn more in our comprehensive BMI guide.,,,unsourced specific claim
/calculators/,ledger block=p,n/a,Male-specific interpretation with the NHLBI 40-inch (102 cm) waist-circumference elevated-risk thres,,,text no longer present after P1
/calculators/,ledger block=p,KEEP-DERIVED,"Uses the WHO adult 18.5–24.9 range for all adults, then adds the Winter 2014 observational finding: the BMI band with the lowest observed mortality in adults 65+ is 23–33.","Uses the WHO adult 18.5–24.9 range for all adults, then adds the Winter 2014 observational finding: the BMI band with the lowest observed mortality in adults 65+ is 23–33.",,derived from formula/definition
/calculators/,ledger block=p,n/a,"Percentile-based, ages 2–19, sex-specific. Adult fixed cutoffs do not apply below 20 — a child’s BMI",,,text no longer present after P1
/calculators/,ledger block=p,KEEP-DERIVED,"Splits total body weight into lean mass and fat mass. Boer (1984) is the primary formula; James (1976) and Hume (1966) provide the comparison — typical spread is under 2 kg for average bodies, wider for heavier individuals.","Splits total body weight into lean mass and fat mass. Boer (1984) is the primary formula; James (1976) and Hume (1966) provide the comparison — typical spread is under 2 kg for average bodies, wider for heavier individuals.",,general sentence
/calculators/,ledger block=p,DELETE,".calc-cards-grid { display:grid;grid-template-columns:1fr 1fr;gap:1.25rem;margin:1.5rem 0; } .calc-card { background:white;border:1px solid var(--gray-200);border-radius:var(--radius-lg);padding:1.5rem;box-shadow:0 1px 3px rgba(0,0,0,0.06);transition:box-shadow 0.2s; } .calc-card:hover { box-shadow:0 4px 12px rgba(0,0,0,0.1); } .calc-card h2 { font-size:1.125rem;margin:0 0 0.625rem;color:var(--gray-900); } .calc-card-desc { font-size:0.875rem;color:var(--gray-600);margin:0 0 0.75rem; } .calc-car",,,unsourced specific claim
/calculators/,ledger block=p,n/a,The BMI formula itself is identical for men and women — BMI = weight (kg) / height (m)² regardless o,,,text no longer present after P1
/calculators/,ledger block=p,n/a,"The Standard , Women , Men , and New BMI calculators are designed for adults aged 20 and older . The",,,text no longer present after P1
/calculators/,ledger block=p,n/a,"You can, but be aware that BMI frequently misclassifies athletes and muscular individuals . Because ",,,text no longer present after P1
/ideal-weight/,ledger block=p,KEEP-DERIVED,"With a baseline of 56.2 kg for men and 53.1 kg for women, the Miller formula gives the most ""generous"" ideal weight for people of average height. It was designed to reflect that many healthy people weigh more than Devine's estimates.","With a baseline of 56.2 kg for men and 53.1 kg for women, the Miller formula gives the most ""generous"" ideal weight for people of average height. It was designed to reflect that many healthy people weigh more than Devine's estimates.",,general sentence
/ideal-weight/,ledger block=p,KEEP-DERIVED,"Average: 59.6 kg (131.4 lbs). The four formulas agree closely at this height, ranging from about 129 to 135 lbs. Compare this with the BMI calculator for women to see the healthy BMI range.","Average: 59.6 kg (131.4 lbs). The four formulas agree closely at this height, ranging from about 129 to 135 lbs. Compare this with the BMI calculator for women to see the healthy BMI range.",,derived from formula/definition
/ideal-weight/,ledger block=p,KEEP-DERIVED,"Average: 72.3 kg (159.4 lbs). At this height, the formulas show more variation -- from 155 to 165 lbs. The Hamwi formula gives the highest result, while Miller gives the lowest. You can cross-check this with the BMI calculator for men.","Average: 72.3 kg (159.4 lbs). At this height, the formulas show more variation -- from 155 to 165 lbs. The Hamwi formula gives the highest result, while Miller gives the lowest. You can cross-check this with the BMI calculator for men.",,derived from formula/definition
/ideal-weight/,ledger block=p,KEEP-DERIVED,"Body frame refers to the size of your skeletal structure. People with larger frames naturally carry more bone and tissue mass, so their healthy weight is higher than someone of the same height with a smaller frame. Our calculator adjusts the formula results by approximately -10% for small frames and +10% for large frames. Understanding your frame is also important when interpreting BMI results, as noted in our article on BMI accuracy.","Body frame refers to the size of your skeletal structure. People with larger frames naturally carry more bone and tissue mass, so their healthy weight is higher than someone of the same height with a smaller frame. Our calculator adjusts the formula results by approximately -10% for small frames and +10% for large frames. Understanding your frame is also important when interpreting BMI results, as noted in our article on BMI accuracy.",,derived from formula/definition
/ideal-weight/,ledger block=p,KEEP-DERIVED,"For example, if your medium-frame ideal weight is 150 lbs, a small frame person of the same height would target about 135 lbs, while a large frame person would target about 165 lbs. Learn more about how body composition interacts with weight metrics in our body fat vs BMI guide.","For example, if your medium-frame ideal weight is 150 lbs, a small frame person of the same height would target about 135 lbs, while a large frame person would target about 165 lbs. Learn more about how body composition interacts with weight metrics in our body fat vs BMI guide.",,derived from formula/definition
/ideal-weight/,ledger block=p,KEEP-DERIVED,"A 5'8"" woman could have an ideal weight of about 137 lbs according to the averaged formulas. But the healthy BMI range for this height spans from approximately 122 to 164 lbs. That is a 42-pound window in which a person can be considered medically healthy. The single ""ideal"" number falls roughly in the middle of that range, but aiming for an exact number can lead to unnecessary frustration and unhealthy behaviors.","A 5'8"" woman could have an ideal weight of about 137 lbs according to the averaged formulas. But the healthy BMI range for this height spans from approximately 122 to 164 lbs. That is a 42-pound window in which a person can be considered medically healthy. The single ""ideal"" number falls roughly in the middle of that range, but aiming for an exact number can lead to unnecessary frustration and unhealthy behaviors.",,derived from formula/definition
/ideal-weight/,ledger block=p,KEEP-DERIVED,"The modern concept of ideal weight began with the Metropolitan Life Insurance Company in the 1940s. MetLife analyzed mortality data from millions of policyholders and published ""desirable weight"" tables based on height and frame size. These tables defined the weight range associated with the lowest mortality risk. While groundbreaking for their time, they were based almost entirely on white, middle-class Americans who could afford life insurance, introducing significant demographic bias.","The modern concept of ideal weight began with the Metropolitan Life Insurance Company in the 1940s. MetLife analyzed mortality data from millions of policyholders and published ""desirable weight"" tables based on height and frame size. These tables defined the weight range associated with the lowest mortality risk. While groundbreaking for their time, they were based almost entirely on white, middle-class Americans who could afford life insurance, introducing significant demographic bias.",,general sentence
/ideal-weight/,ledger block=p,KEEP-DERIVED,"By the 1980s, researchers recognized that the Devine formula might not be the best estimate for all populations. Robinson et al. And Miller et al. Independently published revised formulas in the same year, each attempting to better represent the relationship between height and ideal weight. The Robinson formula aimed to correct perceived biases in the Devine formula, while the Miller formula used a different mathematical approach that produced higher baseline weights.","By the 1980s, researchers recognized that the Devine formula might not be the best estimate for all populations. Robinson et al. And Miller et al. Independently published revised formulas in the same year, each attempting to better represent the relationship between height and ideal weight. The Robinson formula aimed to correct perceived biases in the Devine formula, while the Miller formula used a different mathematical approach that produced higher baseline weights.",,general sentence
/ideal-weight/,ledger block=p,KEEP-DERIVED,"{ ""@context"": ""https://schema.org"", ""@type"": ""WebApplication"", ""name"": ""Ideal Weight Calculator"", ""description"": ""Calculate your ideal body weight using multiple clinical formulas including Devine, Robinson, Miller, and Hamwi"", ""url"": ""https://calculatemybmi.net/ideal-weight/"", ""applicationCategory"": ""HealthApplication"", ""operatingSystem"": ""Any"", ""browserRequirements"": ""Requires JavaScript"", ""offers"": { ""@type"": ""Offer"", ""price"": ""0"", ""priceCurrency"": ""USD"" } } { ""@context"": ""https://schema.org""","{ ""@context"": ""https://schema.org"", ""@type"": ""WebApplication"", ""name"": ""Ideal Weight Calculator"", ""description"": ""Calculate your ideal body weight using multiple clinical formulas including Devine, Robinson, Miller, and Hamwi"", ""url"": ""https://calculatemybmi.net/ideal-weight/"", ""applicationCategory"": ""HealthApplication"", ""operatingSystem"": ""Any"", ""browserRequirements"": ""Requires JavaScript"", ""offers"": { ""@type"": ""Offer"", ""price"": ""0"", ""priceCurrency"": ""USD"" } } { ""@context"": ""https://schema.org""",,derived from formula/definition
/ideal-weight/,ledger block=p,n/a,"No. ""Ideal weight"" formulas give a single target number based on height and sex, while ""healthy weig",,,text no longer present after P1
/ideal-weight/,ledger block=p,KEEP-DERIVED,"{ ""@context"": ""https://schema.org"", ""@type"": ""WebApplication"", ""name"": ""Ideal Weight Calculator"", ""description"": ""Calculate your ideal body weight using multiple clinical formulas including Devine, Robinson, Miller, and Hamwi"", ""url"": ""https://calculatemybmi.net/ideal-weight/"", ""applicationCategory"": ""HealthApplication"", ""operatingSystem"": ""Any"", ""browserRequirements"": ""Requires JavaScript"", ""offers"": { ""@type"": ""Offer"", ""price"": ""0"", ""priceCurrency"": ""USD"" } } { ""@context"": ""https://schema.org""","{ ""@context"": ""https://schema.org"", ""@type"": ""WebApplication"", ""name"": ""Ideal Weight Calculator"", ""description"": ""Calculate your ideal body weight using multiple clinical formulas including Devine, Robinson, Miller, and Hamwi"", ""url"": ""https://calculatemybmi.net/ideal-weight/"", ""applicationCategory"": ""HealthApplication"", ""operatingSystem"": ""Any"", ""browserRequirements"": ""Requires JavaScript"", ""offers"": { ""@type"": ""Offer"", ""price"": ""0"", ""priceCurrency"": ""USD"" } } { ""@context"": ""https://schema.org""",,derived from formula/definition
/ideal-weight/,ledger block=p,KEEP-DERIVED,"{ ""@context"": ""https://schema.org"", ""@type"": ""WebApplication"", ""name"": ""Ideal Weight Calculator"", ""description"": ""Calculate your ideal body weight using multiple clinical formulas including Devine, Robinson, Miller, and Hamwi"", ""url"": ""https://calculatemybmi.net/ideal-weight/"", ""applicationCategory"": ""HealthApplication"", ""operatingSystem"": ""Any"", ""browserRequirements"": ""Requires JavaScript"", ""offers"": { ""@type"": ""Offer"", ""price"": ""0"", ""priceCurrency"": ""USD"" } } { ""@context"": ""https://schema.org""","{ ""@context"": ""https://schema.org"", ""@type"": ""WebApplication"", ""name"": ""Ideal Weight Calculator"", ""description"": ""Calculate your ideal body weight using multiple clinical formulas including Devine, Robinson, Miller, and Hamwi"", ""url"": ""https://calculatemybmi.net/ideal-weight/"", ""applicationCategory"": ""HealthApplication"", ""operatingSystem"": ""Any"", ""browserRequirements"": ""Requires JavaScript"", ""offers"": { ""@type"": ""Offer"", ""price"": ""0"", ""priceCurrency"": ""USD"" } } { ""@context"": ""https://schema.org""",,derived from formula/definition
/ideal-weight/,ledger block=p,KEEP-DERIVED,"{ ""@context"": ""https://schema.org"", ""@type"": ""WebApplication"", ""name"": ""Ideal Weight Calculator"", ""description"": ""Calculate your ideal body weight using multiple clinical formulas including Devine, Robinson, Miller, and Hamwi"", ""url"": ""https://calculatemybmi.net/ideal-weight/"", ""applicationCategory"": ""HealthApplication"", ""operatingSystem"": ""Any"", ""browserRequirements"": ""Requires JavaScript"", ""offers"": { ""@type"": ""Offer"", ""price"": ""0"", ""priceCurrency"": ""USD"" } } { ""@context"": ""https://schema.org""","{ ""@context"": ""https://schema.org"", ""@type"": ""WebApplication"", ""name"": ""Ideal Weight Calculator"", ""description"": ""Calculate your ideal body weight using multiple clinical formulas including Devine, Robinson, Miller, and Hamwi"", ""url"": ""https://calculatemybmi.net/ideal-weight/"", ""applicationCategory"": ""HealthApplication"", ""operatingSystem"": ""Any"", ""browserRequirements"": ""Requires JavaScript"", ""offers"": { ""@type"": ""Offer"", ""price"": ""0"", ""priceCurrency"": ""USD"" } } { ""@context"": ""https://schema.org""",,derived from formula/definition
/ideal-weight/,ledger block=p,KEEP-DERIVED,"{ ""@context"": ""https://schema.org"", ""@type"": ""WebApplication"", ""name"": ""Ideal Weight Calculator"", ""description"": ""Calculate your ideal body weight using multiple clinical formulas including Devine, Robinson, Miller, and Hamwi"", ""url"": ""https://calculatemybmi.net/ideal-weight/"", ""applicationCategory"": ""HealthApplication"", ""operatingSystem"": ""Any"", ""browserRequirements"": ""Requires JavaScript"", ""offers"": { ""@type"": ""Offer"", ""price"": ""0"", ""priceCurrency"": ""USD"" } } { ""@context"": ""https://schema.org""","{ ""@context"": ""https://schema.org"", ""@type"": ""WebApplication"", ""name"": ""Ideal Weight Calculator"", ""description"": ""Calculate your ideal body weight using multiple clinical formulas including Devine, Robinson, Miller, and Hamwi"", ""url"": ""https://calculatemybmi.net/ideal-weight/"", ""applicationCategory"": ""HealthApplication"", ""operatingSystem"": ""Any"", ""browserRequirements"": ""Requires JavaScript"", ""offers"": { ""@type"": ""Offer"", ""price"": ""0"", ""priceCurrency"": ""USD"" } } { ""@context"": ""https://schema.org""",,derived from formula/definition
/ideal-weight/,ledger block=p,KEEP-DERIVED,"{ ""@context"": ""https://schema.org"", ""@type"": ""WebApplication"", ""name"": ""Ideal Weight Calculator"", ""description"": ""Calculate your ideal body weight using multiple clinical formulas including Devine, Robinson, Miller, and Hamwi"", ""url"": ""https://calculatemybmi.net/ideal-weight/"", ""applicationCategory"": ""HealthApplication"", ""operatingSystem"": ""Any"", ""browserRequirements"": ""Requires JavaScript"", ""offers"": { ""@type"": ""Offer"", ""price"": ""0"", ""priceCurrency"": ""USD"" } } { ""@context"": ""https://schema.org""","{ ""@context"": ""https://schema.org"", ""@type"": ""WebApplication"", ""name"": ""Ideal Weight Calculator"", ""description"": ""Calculate your ideal body weight using multiple clinical formulas including Devine, Robinson, Miller, and Hamwi"", ""url"": ""https://calculatemybmi.net/ideal-weight/"", ""applicationCategory"": ""HealthApplication"", ""operatingSystem"": ""Any"", ""browserRequirements"": ""Requires JavaScript"", ""offers"": { ""@type"": ""Offer"", ""price"": ""0"", ""priceCurrency"": ""USD"" } } { ""@context"": ""https://schema.org""",,derived from formula/definition
/kids-bmi-calculator/,ledger block=p,KEEP-DERIVED,"Calculate BMI for children and teens ages 2-19. Unlike adults, children's BMI is interpreted using age and sex-specific percentiles based on CDC growth charts.","Calculate BMI for children and teens ages 2-19. Unlike adults, children's BMI is interpreted using age and sex-specific percentiles based on CDC growth charts.",,general sentence
/kids-bmi-calculator/,ledger block=p,DELETE,Based on CDC growth chart percentiles. The healthy range spans 80% of the distribution.,,,unsourced specific claim
/kids-bmi-calculator/,ledger block=li,n/a,Underweight: below 5th percentile — may indicate nutritional concerns,,,text no longer present after P1
/kids-bmi-calculator/,ledger block=li,n/a,Healthy weight: 5th to 84th percentile — normal range for children,,,text no longer present after P1
/kids-bmi-calculator/,ledger block=li,n/a,Overweight: 85th to 94th percentile — above normal for age and sex,,,text no longer present after P1
/kids-bmi-calculator/,ledger block=li,n/a,Obese: 95th percentile or above — significantly above normal,,,text no longer present after P1
/kids-bmi-calculator/,ledger block=h2,n/a,Average BMI by Age and Sex (50th Percentile),,,text no longer present after P1
/kids-bmi-calculator/,ledger block=p,n/a,"If you have used a standard BMI calculator for adults, you know that the categories are straightforw",,,text no longer present after P1
/kids-bmi-calculator/,ledger block=p,KEEP-DERIVED,"Children's body composition is in constant flux. Infants and toddlers carry a relatively high percentage of body fat, which is normal and necessary for brain development and energy reserves. Between ages 2 and 6, children naturally become leaner as they grow taller and more physically active. After the adiposity rebound (typically around ages 5-7), body fat gradually increases again through adolescence. A BMI of 16 might be perfectly normal for a 4-year-old but would be severely underweight for ","Children's body composition is in constant flux. Infants and toddlers carry a relatively high percentage of body fat, which is normal and necessary for brain development and energy reserves. Between ages 2 and 6, children naturally become leaner as they grow taller and more physically active. After the adiposity rebound (typically around ages 5-7), body fat gradually increases again through adolescence. A BMI of 16 might be perfectly normal for a 4-year-old but would be severely underweight for ",,general sentence
/kids-bmi-calculator/,ledger block=p,KEEP-DERIVED,"Puberty transforms body composition dramatically, and it happens at different ages and rates for boys and girls. Girls typically enter puberty between ages 8 and 13 and naturally accumulate more body fat in their hips, thighs, and breasts. Boys typically enter puberty between ages 9 and 14 and tend to gain more muscle mass relative to fat. These differences mean that a ""healthy"" BMI number looks different for a 13-year-old girl than a 13-year-old boy, even if they are the same height. Sex-specif","Puberty transforms body composition dramatically, and it happens at different ages and rates for boys and girls. Girls typically enter puberty between ages 8 and 13 and naturally accumulate more body fat in their hips, thighs, and breasts. Boys typically enter puberty between ages 9 and 14 and tend to gain more muscle mass relative to fat. These differences mean that a ""healthy"" BMI number looks different for a 13-year-old girl than a 13-year-old boy, even if they are the same height. Sex-specif",,general sentence
/kids-bmi-calculator/,ledger block=p,DELETE,"Consider this: the 50th percentile BMI for a 5-year-old boy is approximately 15.5. For a 15-year-old boy, the 50th percentile BMI is approximately 20.5. If you applied the adult BMI scale to the 5-year-old, a BMI of 15.5 would classify that child as severely underweight. And if you used a child's standard for the teenager, a BMI of 20.5 might look high. The percentile system resolves this problem by always comparing a child to the appropriate reference group, ensuring that the interpretation is ",,,unsourced specific claim
/kids-bmi-calculator/,ledger block=p,DELETE,"A growth chart plots a child's measurement (such as BMI, weight, height, or head circumference) against their age. The chart contains several curved lines, each representing a specific percentile (typically the 5th, 10th, 25th, 50th, 75th, 90th, and 95th). When your pediatrician plots your child's BMI on the chart, the point where it falls relative to these curves tells you what percentage of same-age, same-sex children have a lower BMI. For example, a child at the 70th percentile has a BMI high",,,unsourced specific claim
/kids-bmi-calculator/,ledger block=p,KEEP-DERIVED,"A common misunderstanding is that higher percentiles are always better or that the 50th percentile is a ""target."" Neither is true. The 50th percentile simply represents the statistical median. A child at the 25th percentile is not ""below average"" in a concerning way; they are simply on the smaller side of normal. Similarly, a child at the 75th percentile is not ""above average"" in a worrying way; they are on the larger side of normal. The entire range from the 5th to the 84th percentile is consid","A common misunderstanding is that higher percentiles are always better or that the 50th percentile is a ""target."" Neither is true. The 50th percentile simply represents the statistical median. A child at the 25th percentile is not ""below average"" in a concerning way; they are simply on the smaller side of normal. Similarly, a child at the 75th percentile is not ""above average"" in a worrying way; they are on the larger side of normal. The entire range from the 5th to the 84th percentile is consid",,derived from formula/definition
/kids-bmi-calculator/,ledger block=p,KEEP-DERIVED,"The most valuable information from growth charts comes from plotting multiple measurements over months and years. A child who has consistently tracked along the 30th percentile since age 2 is following a normal, expected growth pattern, even though their BMI is below the median. Conversely, a child who was at the 50th percentile at age 6 but has climbed to the 85th percentile by age 9 is showing a trend that warrants investigation, even though they are not yet classified as obese. Pediatricians ","The most valuable information from growth charts comes from plotting multiple measurements over months and years. A child who has consistently tracked along the 30th percentile since age 2 is following a normal, expected growth pattern, even though their BMI is below the median. Conversely, a child who was at the 50th percentile at age 6 but has climbed to the 85th percentile by age 9 is showing a trend that warrants investigation, even though they are not yet classified as obese. Pediatricians ",,general sentence
/kids-bmi-calculator/,ledger block=li,n/a,Approximately 19.7% of children and adolescents aged 2-19 are affected by obesity in the United Stat,,,text no longer present after P1
/kids-bmi-calculator/,ledger block=li,KEEP-R2,"According to CDC data on childhood obesity, the prevalence of obesity among children and adolescents in the United States has more than tripled since the 1970s. Key statistics include: Approximately 19.7% of children and adolescents aged 2-19 are affected by obesity in the United States, representing roughly 14.7 million young people. Obesity rates are highest among adolescents aged 12-19 (22.2%), followed by children aged 6-11 (20.7%) and children aged 2-5 (12.7%). Severe obesity (BMI at or abo","According to CDC data on childhood obesity, the prevalence of obesity among children and adolescents in the United States has more than tripled since the 1970s. Key statistics include: Approximately 19.7% of children and adolescents aged 2-19 are affected by obesity in the United States, representing roughly 14.7 million young people. Obesity rates are highest among adolescents aged 12-19 (22.2%), followed by children aged 6-11 (20.7%) and children aged 2-5 (12.7%). Severe obesity (BMI at or abo",https://www.cdc.gov/obesity/php/about/childhood-obesity-facts.html,R2-unverified
/kids-bmi-calculator/,ledger block=li,KEEP-R2,"According to CDC data on childhood obesity, the prevalence of obesity among children and adolescents in the United States has more than tripled since the 1970s. Key statistics include: Approximately 19.7% of children and adolescents aged 2-19 are affected by obesity in the United States, representing roughly 14.7 million young people. Obesity rates are highest among adolescents aged 12-19 (22.2%), followed by children aged 6-11 (20.7%) and children aged 2-5 (12.7%). Severe obesity (BMI at or abo","According to CDC data on childhood obesity, the prevalence of obesity among children and adolescents in the United States has more than tripled since the 1970s. Key statistics include: Approximately 19.7% of children and adolescents aged 2-19 are affected by obesity in the United States, representing roughly 14.7 million young people. Obesity rates are highest among adolescents aged 12-19 (22.2%), followed by children aged 6-11 (20.7%) and children aged 2-5 (12.7%). Severe obesity (BMI at or abo",https://www.cdc.gov/obesity/php/about/childhood-obesity-facts.html,R2-unverified
/kids-bmi-calculator/,ledger block=li,n/a,Crossing percentile lines: If your child's BMI percentile has jumped significantly upward or downwar,,,text no longer present after P1
/kids-bmi-calculator/,ledger block=li,n/a,Persistent underweight: If your child consistently falls below the 5th percentile and is not growing,,,text no longer present after P1
/kids-bmi-calculator/,ledger block=li,KEEP-DERIVED,"You should contact your child's pediatrician if any of the red flags above apply, but also consider scheduling an appointment specifically to discuss weight and growth if: Your child's BMI consistently falls in the overweight or obese percentile range (85th percentile or above). Our pediatric BMI calculator guide explains what these thresholds mean. You are concerned about your child's eating habits, portion sizes, or food preferences. Your child is significantly less active than their peers or ","You should contact your child's pediatrician if any of the red flags above apply, but also consider scheduling an appointment specifically to discuss weight and growth if: Your child's BMI consistently falls in the overweight or obese percentile range (85th percentile or above). Our pediatric BMI calculator guide explains what these thresholds mean. You are concerned about your child's eating habits, portion sizes, or food preferences. Your child is significantly less active than their peers or ",,general sentence
/kids-bmi-calculator/,ledger block=li,n/a,"Limit sugary beverages: Soda, fruit juice, sports drinks, and sweetened teas are major sources of em",,,text no longer present after P1
/kids-bmi-calculator/,ledger block=p,KEEP-DERIVED,"The CDC recommends that children and adolescents aged 6-17 get at least 60 minutes of moderate-to-vigorous physical activity every day. For children aged 3-5, the goal is being physically active throughout the day (at least 3 hours of activity of any intensity). This may sound like a lot, but it can be broken into shorter sessions throughout the day.","The CDC recommends that children and adolescents aged 6-17 get at least 60 minutes of moderate-to-vigorous physical activity every day. For children aged 3-5, the goal is being physically active throughout the day (at least 3 hours of activity of any intensity). This may sound like a lot, but it can be broken into shorter sessions throughout the day.",,general sentence
/kids-bmi-calculator/,ledger block=li,n/a,Aerobic activity: Most of the 60 minutes should be moderate-to-vigorous aerobic activity such as bri,,,text no longer present after P1
/kids-bmi-calculator/,ledger block=li,n/a,"Muscle-strengthening: Activities like climbing, push-ups, gymnastics, or playing on playground equip",,,text no longer present after P1
/kids-bmi-calculator/,ledger block=li,n/a,"Bone-strengthening: Jumping, running, skipping rope, and sports like basketball or tennis should be ",,,text no longer present after P1
/kids-bmi-calculator/,ledger block=li,n/a,Ages 3-5: 10-13 hours per 24 hours (including naps),,,text no longer present after P1
/kids-bmi-calculator/,ledger block=li,n/a,Ages 6-12: 9-12 hours per 24 hours,,,text no longer present after P1
/kids-bmi-calculator/,ledger block=li,n/a,Ages 13-18: 8-10 hours per 24 hours,,,text no longer present after P1
/kids-bmi-calculator/,ledger block=p,KEEP-R1,"{ ""@context"": ""https://schema.org"", ""@type"": ""WebApplication"", ""name"": ""Pediatric BMI Calculator"", ""description"": ""BMI percentile calculator for children and teens ages 2-19 using CDC growth charts"", ""url"": ""https://calculatemybmi.net/kids-bmi-calculator/"", ""applicationCategory"": ""HealthApplication"", ""operatingSystem"": ""Any"", ""browserRequirements"": ""Requires JavaScript"", ""offers"": { ""@type"": ""Offer"", ""price"": ""0"", ""priceCurrency"": ""USD"" } } { ""@context"": ""https://schema.org"", ""@type"": ""Breadcrum","{ ""@context"": ""https://schema.org"", ""@type"": ""WebApplication"", ""name"": ""Pediatric BMI Calculator"", ""description"": ""BMI percentile calculator for children and teens ages 2-19 using CDC growth charts"", ""url"": ""https://calculatemybmi.net/kids-bmi-calculator/"", ""applicationCategory"": ""HealthApplication"", ""operatingSystem"": ""Any"", ""browserRequirements"": ""Requires JavaScript"", ""offers"": { ""@type"": ""Offer"", ""price"": ""0"", ""priceCurrency"": ""USD"" } } { ""@context"": ""https://schema.org"", ""@type"": ""Breadcrum",https://www.cdc.gov/bmi/child-teen-calculator/bmi-categories.html,R1: CDC Child and Teen BMI Categories
/kids-bmi-calculator/,ledger block=p,KEEP-R1,"{ ""@context"": ""https://schema.org"", ""@type"": ""WebApplication"", ""name"": ""Pediatric BMI Calculator"", ""description"": ""BMI percentile calculator for children and teens ages 2-19 using CDC growth charts"", ""url"": ""https://calculatemybmi.net/kids-bmi-calculator/"", ""applicationCategory"": ""HealthApplication"", ""operatingSystem"": ""Any"", ""browserRequirements"": ""Requires JavaScript"", ""offers"": { ""@type"": ""Offer"", ""price"": ""0"", ""priceCurrency"": ""USD"" } } { ""@context"": ""https://schema.org"", ""@type"": ""Breadcrum","{ ""@context"": ""https://schema.org"", ""@type"": ""WebApplication"", ""name"": ""Pediatric BMI Calculator"", ""description"": ""BMI percentile calculator for children and teens ages 2-19 using CDC growth charts"", ""url"": ""https://calculatemybmi.net/kids-bmi-calculator/"", ""applicationCategory"": ""HealthApplication"", ""operatingSystem"": ""Any"", ""browserRequirements"": ""Requires JavaScript"", ""offers"": { ""@type"": ""Offer"", ""price"": ""0"", ""priceCurrency"": ""USD"" } } { ""@context"": ""https://schema.org"", ""@type"": ""Breadcrum",https://www.cdc.gov/bmi/child-teen-calculator/bmi-categories.html,R1: CDC Child and Teen BMI Categories
/kids-bmi-calculator/,ledger block=p,KEEP-R1,"{ ""@context"": ""https://schema.org"", ""@type"": ""WebApplication"", ""name"": ""Pediatric BMI Calculator"", ""description"": ""BMI percentile calculator for children and teens ages 2-19 using CDC growth charts"", ""url"": ""https://calculatemybmi.net/kids-bmi-calculator/"", ""applicationCategory"": ""HealthApplication"", ""operatingSystem"": ""Any"", ""browserRequirements"": ""Requires JavaScript"", ""offers"": { ""@type"": ""Offer"", ""price"": ""0"", ""priceCurrency"": ""USD"" } } { ""@context"": ""https://schema.org"", ""@type"": ""Breadcrum","{ ""@context"": ""https://schema.org"", ""@type"": ""WebApplication"", ""name"": ""Pediatric BMI Calculator"", ""description"": ""BMI percentile calculator for children and teens ages 2-19 using CDC growth charts"", ""url"": ""https://calculatemybmi.net/kids-bmi-calculator/"", ""applicationCategory"": ""HealthApplication"", ""operatingSystem"": ""Any"", ""browserRequirements"": ""Requires JavaScript"", ""offers"": { ""@type"": ""Offer"", ""price"": ""0"", ""priceCurrency"": ""USD"" } } { ""@context"": ""https://schema.org"", ""@type"": ""Breadcrum",https://www.cdc.gov/bmi/child-teen-calculator/bmi-categories.html,R1: CDC Child and Teen BMI Categories
/kids-bmi-calculator/,ledger block=p,KEEP-R1,"{ ""@context"": ""https://schema.org"", ""@type"": ""WebApplication"", ""name"": ""Pediatric BMI Calculator"", ""description"": ""BMI percentile calculator for children and teens ages 2-19 using CDC growth charts"", ""url"": ""https://calculatemybmi.net/kids-bmi-calculator/"", ""applicationCategory"": ""HealthApplication"", ""operatingSystem"": ""Any"", ""browserRequirements"": ""Requires JavaScript"", ""offers"": { ""@type"": ""Offer"", ""price"": ""0"", ""priceCurrency"": ""USD"" } } { ""@context"": ""https://schema.org"", ""@type"": ""Breadcrum","{ ""@context"": ""https://schema.org"", ""@type"": ""WebApplication"", ""name"": ""Pediatric BMI Calculator"", ""description"": ""BMI percentile calculator for children and teens ages 2-19 using CDC growth charts"", ""url"": ""https://calculatemybmi.net/kids-bmi-calculator/"", ""applicationCategory"": ""HealthApplication"", ""operatingSystem"": ""Any"", ""browserRequirements"": ""Requires JavaScript"", ""offers"": { ""@type"": ""Offer"", ""price"": ""0"", ""priceCurrency"": ""USD"" } } { ""@context"": ""https://schema.org"", ""@type"": ""Breadcrum",https://www.cdc.gov/bmi/child-teen-calculator/bmi-categories.html,R1: CDC Child and Teen BMI Categories
/kids-bmi-calculator/,ledger block=p,KEEP-R1,"{ ""@context"": ""https://schema.org"", ""@type"": ""WebApplication"", ""name"": ""Pediatric BMI Calculator"", ""description"": ""BMI percentile calculator for children and teens ages 2-19 using CDC growth charts"", ""url"": ""https://calculatemybmi.net/kids-bmi-calculator/"", ""applicationCategory"": ""HealthApplication"", ""operatingSystem"": ""Any"", ""browserRequirements"": ""Requires JavaScript"", ""offers"": { ""@type"": ""Offer"", ""price"": ""0"", ""priceCurrency"": ""USD"" } } { ""@context"": ""https://schema.org"", ""@type"": ""Breadcrum","{ ""@context"": ""https://schema.org"", ""@type"": ""WebApplication"", ""name"": ""Pediatric BMI Calculator"", ""description"": ""BMI percentile calculator for children and teens ages 2-19 using CDC growth charts"", ""url"": ""https://calculatemybmi.net/kids-bmi-calculator/"", ""applicationCategory"": ""HealthApplication"", ""operatingSystem"": ""Any"", ""browserRequirements"": ""Requires JavaScript"", ""offers"": { ""@type"": ""Offer"", ""price"": ""0"", ""priceCurrency"": ""USD"" } } { ""@context"": ""https://schema.org"", ""@type"": ""Breadcrum",https://www.cdc.gov/bmi/child-teen-calculator/bmi-categories.html,R1: CDC Child and Teen BMI Categories
/kids-bmi-calculator/,ledger block=p,KEEP-R1,"{ ""@context"": ""https://schema.org"", ""@type"": ""WebApplication"", ""name"": ""Pediatric BMI Calculator"", ""description"": ""BMI percentile calculator for children and teens ages 2-19 using CDC growth charts"", ""url"": ""https://calculatemybmi.net/kids-bmi-calculator/"", ""applicationCategory"": ""HealthApplication"", ""operatingSystem"": ""Any"", ""browserRequirements"": ""Requires JavaScript"", ""offers"": { ""@type"": ""Offer"", ""price"": ""0"", ""priceCurrency"": ""USD"" } } { ""@context"": ""https://schema.org"", ""@type"": ""Breadcrum","{ ""@context"": ""https://schema.org"", ""@type"": ""WebApplication"", ""name"": ""Pediatric BMI Calculator"", ""description"": ""BMI percentile calculator for children and teens ages 2-19 using CDC growth charts"", ""url"": ""https://calculatemybmi.net/kids-bmi-calculator/"", ""applicationCategory"": ""HealthApplication"", ""operatingSystem"": ""Any"", ""browserRequirements"": ""Requires JavaScript"", ""offers"": { ""@type"": ""Offer"", ""price"": ""0"", ""priceCurrency"": ""USD"" } } { ""@context"": ""https://schema.org"", ""@type"": ""Breadcrum",https://www.cdc.gov/bmi/child-teen-calculator/bmi-categories.html,R1: CDC Child and Teen BMI Categories
/kids-bmi-calculator/,ledger block=p,KEEP-R1,"{ ""@context"": ""https://schema.org"", ""@type"": ""WebApplication"", ""name"": ""Pediatric BMI Calculator"", ""description"": ""BMI percentile calculator for children and teens ages 2-19 using CDC growth charts"", ""url"": ""https://calculatemybmi.net/kids-bmi-calculator/"", ""applicationCategory"": ""HealthApplication"", ""operatingSystem"": ""Any"", ""browserRequirements"": ""Requires JavaScript"", ""offers"": { ""@type"": ""Offer"", ""price"": ""0"", ""priceCurrency"": ""USD"" } } { ""@context"": ""https://schema.org"", ""@type"": ""Breadcrum","{ ""@context"": ""https://schema.org"", ""@type"": ""WebApplication"", ""name"": ""Pediatric BMI Calculator"", ""description"": ""BMI percentile calculator for children and teens ages 2-19 using CDC growth charts"", ""url"": ""https://calculatemybmi.net/kids-bmi-calculator/"", ""applicationCategory"": ""HealthApplication"", ""operatingSystem"": ""Any"", ""browserRequirements"": ""Requires JavaScript"", ""offers"": { ""@type"": ""Offer"", ""price"": ""0"", ""priceCurrency"": ""USD"" } } { ""@context"": ""https://schema.org"", ""@type"": ""Breadcrum",https://www.cdc.gov/bmi/child-teen-calculator/bmi-categories.html,R1: CDC Child and Teen BMI Categories
/lean-body-mass/,ledger block=li,n/a,Healthy body fat for women: 20-25% -- essential fat is about 10-13%,,,text no longer present after P1
/lean-body-mass/,ledger block=li,n/a,Healthy body fat for men: 15-20% -- essential fat is about 2-5%,,,text no longer present after P1
/lean-body-mass/,ledger block=p,KEEP-DERIVED,"The Boer formula is generally considered one of the most balanced options. The James formula (1976) tends to overestimate LBM in heavier individuals, while the Hume formula (1966) can underestimate LBM in shorter individuals. Studies have shown that the Boer formula provides estimates closest to DEXA scan results across a wide range of body types, which is why it is the preferred choice for this calculator. For more on how body composition relates to standard metrics, see our BMI accuracy guide.","The Boer formula is generally considered one of the most balanced options. The James formula (1976) tends to overestimate LBM in heavier individuals, while the Hume formula (1966) can underestimate LBM in shorter individuals. Studies have shown that the Boer formula provides estimates closest to DEXA scan results across a wide range of body types, which is why it is the preferred choice for this calculator. For more on how body composition relates to standard metrics, see our BMI accuracy guide.",,derived from formula/definition
/lean-body-mass/,ledger block=li,KEEP-DERIVED,"As the table shows, the formulas tend to agree most closely for individuals of average height and weight, but diverge more for heavier or more extreme body types. The James formula in particular tends to produce higher LBM estimates for heavier individuals, which may overestimate lean mass in those who are carrying excess fat. The Boer formula tends to produce the most moderate, middle-ground estimates, which is why it is widely preferred in clinical settings. Boer/James/Hume LBM formula compari","As the table shows, the formulas tend to agree most closely for individuals of average height and weight, but diverge more for heavier or more extreme body types. The James formula in particular tends to produce higher LBM estimates for heavier individuals, which may overestimate lean mass in those who are carrying excess fat. The Boer formula tends to produce the most moderate, middle-ground estimates, which is why it is widely preferred in clinical settings. Boer/James/Hume LBM formula compari",,derived from formula/definition
/lean-body-mass/,ledger block=li,KEEP-DERIVED,"As the table shows, the formulas tend to agree most closely for individuals of average height and weight, but diverge more for heavier or more extreme body types. The James formula in particular tends to produce higher LBM estimates for heavier individuals, which may overestimate lean mass in those who are carrying excess fat. The Boer formula tends to produce the most moderate, middle-ground estimates, which is why it is widely preferred in clinical settings. Boer/James/Hume LBM formula compari","As the table shows, the formulas tend to agree most closely for individuals of average height and weight, but diverge more for heavier or more extreme body types. The James formula in particular tends to produce higher LBM estimates for heavier individuals, which may overestimate lean mass in those who are carrying excess fat. The Boer formula tends to produce the most moderate, middle-ground estimates, which is why it is widely preferred in clinical settings. Boer/James/Hume LBM formula compari",,derived from formula/definition
/lean-body-mass/,ledger block=p,KEEP-DERIVED,"Protein requirements are most accurately calculated based on lean body mass, not total body weight. The general recommendation of 0.7-1.0 grams of protein per pound of body weight is actually meant to approximate protein per pound of LBM. For someone at 25% body fat weighing 200 lbs, their LBM is 150 lbs, and their protein target should be 105-150 grams per day. Without knowing LBM, an obese person might overshoot protein targets while a very lean person might undershoot them. This connects dire","Protein requirements are most accurately calculated based on lean body mass, not total body weight. The general recommendation of 0.7-1.0 grams of protein per pound of body weight is actually meant to approximate protein per pound of LBM. For someone at 25% body fat weighing 200 lbs, their LBM is 150 lbs, and their protein target should be 105-150 grams per day. Without knowing LBM, an obese person might overshoot protein targets while a very lean person might undershoot them. This connects dire",,derived from formula/definition
/lean-body-mass/,ledger block=li,KEEP-DERIVED,"Resistance training (weight lifting, bodyweight exercises, resistance bands) is the single most effective way to increase lean body mass. When you challenge your muscles against resistance, you create microscopic damage that triggers repair and growth, resulting in larger and stronger muscle fibers. Common resistance-training guidance is to work each major muscle group 2-3 times per week. Start with compound movements: squats, deadlifts, bench press, rows, overhead press Aim for 3-4 training ses","Resistance training (weight lifting, bodyweight exercises, resistance bands) is the single most effective way to increase lean body mass. When you challenge your muscles against resistance, you create microscopic damage that triggers repair and growth, resulting in larger and stronger muscle fibers. Common resistance-training guidance is to work each major muscle group 2-3 times per week. Start with compound movements: squats, deadlifts, bench press, rows, overhead press Aim for 3-4 training ses",,general sentence
/lean-body-mass/,ledger block=p,KEEP-DERIVED,"Protein provides the amino acids your body needs to build and repair muscle tissue. Research consistently shows that consuming 0.7-1.0 grams of protein per pound of body weight per day is optimal for supporting muscle growth and preservation. For someone who already knows their LBM, using 1.0-1.2 grams per pound of lean body mass is even more precise. Distribute protein intake across 3-5 meals throughout the day, with at least 20-30 grams per meal to maximize muscle protein synthesis.","Protein provides the amino acids your body needs to build and repair muscle tissue. Research consistently shows that consuming 0.7-1.0 grams of protein per pound of body weight per day is optimal for supporting muscle growth and preservation. For someone who already knows their LBM, using 1.0-1.2 grams per pound of lean body mass is even more precise. Distribute protein intake across 3-5 meals throughout the day, with at least 20-30 grams per meal to maximize muscle protein synthesis.",,general sentence
/lean-body-mass/,ledger block=p,KEEP-DERIVED,"Muscle growth happens during recovery, not during training. Growth hormone, which plays a critical role in muscle repair and fat metabolism, is primarily released during deep sleep. Aim for 7-9 hours of quality sleep per night. Chronic sleep deprivation has been shown to increase cortisol levels, promote fat storage, and impair muscle protein synthesis -- all of which worsen body composition even if training and nutrition are optimized.","Muscle growth happens during recovery, not during training. Growth hormone, which plays a critical role in muscle repair and fat metabolism, is primarily released during deep sleep. Aim for 7-9 hours of quality sleep per night. Chronic sleep deprivation has been shown to increase cortisol levels, promote fat storage, and impair muscle protein synthesis -- all of which worsen body composition even if training and nutrition are optimized.",,general sentence
/lean-body-mass/,ledger block=li,DELETE,"Muscle growth happens during recovery, not during training. Growth hormone, which plays a critical role in muscle repair and fat metabolism, is primarily released during deep sleep. Aim for 7-9 hours of quality sleep per night. Chronic sleep deprivation has been shown to increase cortisol levels, promote fat storage, and impair muscle protein synthesis -- all of which worsen body composition even if training and nutrition are optimized. Maintain a consistent sleep schedule, even on weekends Avoi",,,unsourced specific claim
/lean-body-mass/,ledger block=li,DELETE,"Muscle growth happens during recovery, not during training. Growth hormone, which plays a critical role in muscle repair and fat metabolism, is primarily released during deep sleep. Aim for 7-9 hours of quality sleep per night. Chronic sleep deprivation has been shown to increase cortisol levels, promote fat storage, and impair muscle protein synthesis -- all of which worsen body composition even if training and nutrition are optimized. Maintain a consistent sleep schedule, even on weekends Avoi",,,unsourced specific claim
/lean-body-mass/,ledger block=p,DELETE,"While a calorie deficit is necessary for fat loss, extreme deficits (more than 500-750 calories below maintenance) cause significant lean mass loss alongside fat loss. Research shows that aggressive dieting can result in 20-30% of weight lost coming from lean tissue rather than fat, which is counterproductive for body composition. A moderate deficit of 300-500 calories per day, combined with resistance training and adequate protein, ensures that the majority of weight lost is fat while lean mass",,,unsourced specific claim
/lean-body-mass/,ledger block=p,KEEP-DERIVED,".hidden { display: none !important; } .chart-donut, .chart-bar-h { box-shadow: 0 1px 3px rgba(0,0,0,0.08); } .chart-donut:hover, .chart-bar-h:hover { box-shadow: 0 4px 12px rgba(0,0,0,0.1); } { ""@context"": ""https://schema.org"", ""@type"": ""WebApplication"", ""name"": ""Lean Body Mass Calculator"", ""description"": ""Estimate your lean body mass, fat mass, and body fat percentage using the Boer formula"", ""url"": ""https://calculatemybmi.net/lean-body-mass/"", ""applicationCategory"": ""HealthApplication"", ""opera",".hidden { display: none !important; } .chart-donut, .chart-bar-h { box-shadow: 0 1px 3px rgba(0,0,0,0.08); } .chart-donut:hover, .chart-bar-h:hover { box-shadow: 0 4px 12px rgba(0,0,0,0.1); } { ""@context"": ""https://schema.org"", ""@type"": ""WebApplication"", ""name"": ""Lean Body Mass Calculator"", ""description"": ""Estimate your lean body mass, fat mass, and body fat percentage using the Boer formula"", ""url"": ""https://calculatemybmi.net/lean-body-mass/"", ""applicationCategory"": ""HealthApplication"", ""opera",,derived from formula/definition
/lean-body-mass/,ledger block=p,KEEP-DERIVED,".hidden { display: none !important; } .chart-donut, .chart-bar-h { box-shadow: 0 1px 3px rgba(0,0,0,0.08); } .chart-donut:hover, .chart-bar-h:hover { box-shadow: 0 4px 12px rgba(0,0,0,0.1); } { ""@context"": ""https://schema.org"", ""@type"": ""WebApplication"", ""name"": ""Lean Body Mass Calculator"", ""description"": ""Estimate your lean body mass, fat mass, and body fat percentage using the Boer formula"", ""url"": ""https://calculatemybmi.net/lean-body-mass/"", ""applicationCategory"": ""HealthApplication"", ""opera",".hidden { display: none !important; } .chart-donut, .chart-bar-h { box-shadow: 0 1px 3px rgba(0,0,0,0.08); } .chart-donut:hover, .chart-bar-h:hover { box-shadow: 0 4px 12px rgba(0,0,0,0.1); } { ""@context"": ""https://schema.org"", ""@type"": ""WebApplication"", ""name"": ""Lean Body Mass Calculator"", ""description"": ""Estimate your lean body mass, fat mass, and body fat percentage using the Boer formula"", ""url"": ""https://calculatemybmi.net/lean-body-mass/"", ""applicationCategory"": ""HealthApplication"", ""opera",,derived from formula/definition
/lean-body-mass/,ledger block=p,KEEP-DERIVED,".hidden { display: none !important; } .chart-donut, .chart-bar-h { box-shadow: 0 1px 3px rgba(0,0,0,0.08); } .chart-donut:hover, .chart-bar-h:hover { box-shadow: 0 4px 12px rgba(0,0,0,0.1); } { ""@context"": ""https://schema.org"", ""@type"": ""WebApplication"", ""name"": ""Lean Body Mass Calculator"", ""description"": ""Estimate your lean body mass, fat mass, and body fat percentage using the Boer formula"", ""url"": ""https://calculatemybmi.net/lean-body-mass/"", ""applicationCategory"": ""HealthApplication"", ""opera",".hidden { display: none !important; } .chart-donut, .chart-bar-h { box-shadow: 0 1px 3px rgba(0,0,0,0.08); } .chart-donut:hover, .chart-bar-h:hover { box-shadow: 0 4px 12px rgba(0,0,0,0.1); } { ""@context"": ""https://schema.org"", ""@type"": ""WebApplication"", ""name"": ""Lean Body Mass Calculator"", ""description"": ""Estimate your lean body mass, fat mass, and body fat percentage using the Boer formula"", ""url"": ""https://calculatemybmi.net/lean-body-mass/"", ""applicationCategory"": ""HealthApplication"", ""opera",,derived from formula/definition
/lean-body-mass/,ledger block=p,KEEP-DERIVED,".hidden { display: none !important; } .chart-donut, .chart-bar-h { box-shadow: 0 1px 3px rgba(0,0,0,0.08); } .chart-donut:hover, .chart-bar-h:hover { box-shadow: 0 4px 12px rgba(0,0,0,0.1); } { ""@context"": ""https://schema.org"", ""@type"": ""WebApplication"", ""name"": ""Lean Body Mass Calculator"", ""description"": ""Estimate your lean body mass, fat mass, and body fat percentage using the Boer formula"", ""url"": ""https://calculatemybmi.net/lean-body-mass/"", ""applicationCategory"": ""HealthApplication"", ""opera",".hidden { display: none !important; } .chart-donut, .chart-bar-h { box-shadow: 0 1px 3px rgba(0,0,0,0.08); } .chart-donut:hover, .chart-bar-h:hover { box-shadow: 0 4px 12px rgba(0,0,0,0.1); } { ""@context"": ""https://schema.org"", ""@type"": ""WebApplication"", ""name"": ""Lean Body Mass Calculator"", ""description"": ""Estimate your lean body mass, fat mass, and body fat percentage using the Boer formula"", ""url"": ""https://calculatemybmi.net/lean-body-mass/"", ""applicationCategory"": ""HealthApplication"", ""opera",,derived from formula/definition
/lean-body-mass/,ledger block=p,KEEP-DERIVED,".hidden { display: none !important; } .chart-donut, .chart-bar-h { box-shadow: 0 1px 3px rgba(0,0,0,0.08); } .chart-donut:hover, .chart-bar-h:hover { box-shadow: 0 4px 12px rgba(0,0,0,0.1); } { ""@context"": ""https://schema.org"", ""@type"": ""WebApplication"", ""name"": ""Lean Body Mass Calculator"", ""description"": ""Estimate your lean body mass, fat mass, and body fat percentage using the Boer formula"", ""url"": ""https://calculatemybmi.net/lean-body-mass/"", ""applicationCategory"": ""HealthApplication"", ""opera",".hidden { display: none !important; } .chart-donut, .chart-bar-h { box-shadow: 0 1px 3px rgba(0,0,0,0.08); } .chart-donut:hover, .chart-bar-h:hover { box-shadow: 0 4px 12px rgba(0,0,0,0.1); } { ""@context"": ""https://schema.org"", ""@type"": ""WebApplication"", ""name"": ""Lean Body Mass Calculator"", ""description"": ""Estimate your lean body mass, fat mass, and body fat percentage using the Boer formula"", ""url"": ""https://calculatemybmi.net/lean-body-mass/"", ""applicationCategory"": ""HealthApplication"", ""opera",,derived from formula/definition
/lean-body-mass/,ledger block=p,KEEP-DERIVED,".hidden { display: none !important; } .chart-donut, .chart-bar-h { box-shadow: 0 1px 3px rgba(0,0,0,0.08); } .chart-donut:hover, .chart-bar-h:hover { box-shadow: 0 4px 12px rgba(0,0,0,0.1); } { ""@context"": ""https://schema.org"", ""@type"": ""WebApplication"", ""name"": ""Lean Body Mass Calculator"", ""description"": ""Estimate your lean body mass, fat mass, and body fat percentage using the Boer formula"", ""url"": ""https://calculatemybmi.net/lean-body-mass/"", ""applicationCategory"": ""HealthApplication"", ""opera",".hidden { display: none !important; } .chart-donut, .chart-bar-h { box-shadow: 0 1px 3px rgba(0,0,0,0.08); } .chart-donut:hover, .chart-bar-h:hover { box-shadow: 0 4px 12px rgba(0,0,0,0.1); } { ""@context"": ""https://schema.org"", ""@type"": ""WebApplication"", ""name"": ""Lean Body Mass Calculator"", ""description"": ""Estimate your lean body mass, fat mass, and body fat percentage using the Boer formula"", ""url"": ""https://calculatemybmi.net/lean-body-mass/"", ""applicationCategory"": ""HealthApplication"", ""opera",,derived from formula/definition
/lean-body-mass/,ledger block=p,KEEP-DERIVED,".hidden { display: none !important; } .chart-donut, .chart-bar-h { box-shadow: 0 1px 3px rgba(0,0,0,0.08); } .chart-donut:hover, .chart-bar-h:hover { box-shadow: 0 4px 12px rgba(0,0,0,0.1); } { ""@context"": ""https://schema.org"", ""@type"": ""WebApplication"", ""name"": ""Lean Body Mass Calculator"", ""description"": ""Estimate your lean body mass, fat mass, and body fat percentage using the Boer formula"", ""url"": ""https://calculatemybmi.net/lean-body-mass/"", ""applicationCategory"": ""HealthApplication"", ""opera",".hidden { display: none !important; } .chart-donut, .chart-bar-h { box-shadow: 0 1px 3px rgba(0,0,0,0.08); } .chart-donut:hover, .chart-bar-h:hover { box-shadow: 0 4px 12px rgba(0,0,0,0.1); } { ""@context"": ""https://schema.org"", ""@type"": ""WebApplication"", ""name"": ""Lean Body Mass Calculator"", ""description"": ""Estimate your lean body mass, fat mass, and body fat percentage using the Boer formula"", ""url"": ""https://calculatemybmi.net/lean-body-mass/"", ""applicationCategory"": ""HealthApplication"", ""opera",,derived from formula/definition
/men-bmi-calculator/,ledger block=p,KEEP-DERIVED,"On average, men carry 10-15 pounds more skeletal muscle than women of the same height. Testosterone drives this difference from puberty onward. Because BMI only measures total body weight relative to height, it cannot distinguish between lean mass and fat mass. A man with well-developed musculature may register as ""overweight"" on the BMI scale despite having a low body fat percentage. Our guide on muscle mass and BMI explores this relationship in depth.","On average, men carry 10-15 pounds more skeletal muscle than women of the same height. Testosterone drives this difference from puberty onward. Because BMI only measures total body weight relative to height, it cannot distinguish between lean mass and fat mass. A man with well-developed musculature may register as ""overweight"" on the BMI scale despite having a low body fat percentage. Our guide on muscle mass and BMI explores this relationship in depth.",,general sentence
/men-bmi-calculator/,ledger block=p,KEEP-DERIVED,"Professional athletes, weightlifters, football players, and recreational bodybuilders frequently have BMIs between 25 and 30 while maintaining body fat percentages in the 8-15% range. BMI does not account for frame size, bone density, or muscle distribution. Read more about why this happens in our BMI for athletes guide, and consider using the Lean Body Mass Calculator for a more complete picture. Our BMI for athletes guide provides additional context for strength-trained men.","Professional athletes, weightlifters, football players, and recreational bodybuilders frequently have BMIs between 25 and 30 while maintaining body fat percentages in the 8-15% range. BMI does not account for frame size, bone density, or muscle distribution. Read more about why this happens in our BMI for athletes guide, and consider using the Lean Body Mass Calculator for a more complete picture. Our BMI for athletes guide provides additional context for strength-trained men.",,derived from formula/definition
/men-bmi-calculator/,ledger block=p,DELETE,"Testosterone is the primary driver of male body composition. Higher testosterone levels promote muscle protein synthesis, increase bone mineral density, and reduce fat storage. As men age and testosterone declines (typically 1-2% per year after age 30), they tend to lose muscle and accumulate fat even if their weight -- and BMI -- stays the same. This means the same BMI number can represent very different body compositions at age 25 vs. age 55. Our BMI and metabolism article covers this topic in",,,unsourced specific claim
/men-bmi-calculator/,ledger block=p,KEEP-DERIVED,"Given the limitations above, current cardiometabolic guidance is to combine BMI with waist circumference measurements. A waist measurement over 40 inches (102 cm) indicates increased disease risk regardless of BMI. For a more accurate assessment, combine your BMI result with our waist-related measurements or explore the BMI vs. body composition guide.","Given the limitations above, current cardiometabolic guidance is to combine BMI with waist circumference measurements. A waist measurement over 40 inches (102 cm) indicates increased disease risk regardless of BMI. For a more accurate assessment, combine your BMI result with our waist-related measurements or explore the BMI vs. body composition guide.",,general sentence
/men-bmi-calculator/,ledger block=figcaption,KEEP-R2,"According to the National Heart, Lung, and Blood Institute (NHLBI) and the CDC, waist circumference is one of the most important complementary measurements to BMI for assessing health risk in men. NHLBI waist-circumference scale for men with the 40-inch (102 cm) elevated-risk threshold marked A horizontal ruler-style scale from 30 to 50 inches, with a bold vertical marker at 40 inches (also labelled 102 cm). To the left of the marker, the band is coloured green (below the elevated-risk threshold","According to the National Heart, Lung, and Blood Institute (NHLBI) and the CDC, waist circumference is one of the most important complementary measurements to BMI for assessing health risk in men. NHLBI waist-circumference scale for men with the 40-inch (102 cm) elevated-risk threshold marked A horizontal ruler-style scale from 30 to 50 inches, with a bold vertical marker at 40 inches (also labelled 102 cm). To the left of the marker, the band is coloured green (below the elevated-risk threshold",https://www.nhlbi.nih.gov/health/overweight-and-obesity,R2-unverified
/men-bmi-calculator/,ledger block=p,KEEP-DERIVED,"Significantly elevated risk for heart disease, type 2 diabetes, and metabolic syndrome. Action recommended.","Significantly elevated risk for heart disease, type 2 diabetes, and metabolic syndrome. Action recommended.",,general sentence
/men-bmi-calculator/,ledger block=p,KEEP-DERIVED,"The waist-to-hip ratio (WHR) divides your waist measurement by your hip measurement. For men, a WHR above 0.90 is associated with increased cardiovascular risk. A ratio below 0.90 is considered healthy. This metric is especially useful for men who carry weight around their midsection. Our waist-to-height ratio guide explores related measurements in more detail.","The waist-to-hip ratio (WHR) divides your waist measurement by your hip measurement. For men, a WHR above 0.90 is associated with increased cardiovascular risk. A ratio below 0.90 is considered healthy. This metric is especially useful for men who carry weight around their midsection. Our waist-to-height ratio guide explores related measurements in more detail.",,derived from formula/definition
/men-bmi-calculator/,ledger block=p,KEEP-DERIVED,"Every extra pound of body weight adds approximately 4 pounds of pressure on the knee joints. Men with a BMI over 30 are at significantly higher risk for osteoarthritis, particularly in the knees, hips, and lower back. Active men who carry excess weight put even more strain on joints during exercise. Read more about the risks of being overweight.","Every extra pound of body weight adds approximately 4 pounds of pressure on the knee joints. Men with a BMI over 30 are at significantly higher risk for osteoarthritis, particularly in the knees, hips, and lower back. Active men who carry excess weight put even more strain on joints during exercise. Read more about the risks of being overweight.",,derived from formula/definition
/men-bmi-calculator/,ledger block=p,n/a,"For men on the other end of the spectrum, being underweight (BMI under 18.5) also carries health ris",,,text no longer present after P1
/men-bmi-calculator/,ledger block=p,KEEP-DERIVED,"{ ""@context"": ""https://schema.org"", ""@type"": ""WebApplication"", ""name"": ""BMI Calculator for Men"", ""description"": ""Calculate your Body Mass Index with men-specific healthy weight ranges and recommendations"", ""url"": ""https://calculatemybmi.net/men-bmi-calculator/"", ""applicationCategory"": ""HealthApplication"", ""operatingSystem"": ""Any"", ""browserRequirements"": ""Requires JavaScript"", ""offers"": { ""@type"": ""Offer"", ""price"": ""0"", ""priceCurrency"": ""USD"" } } { ""@context"": ""https://schema.org"", ""@type"": ""Brea","{ ""@context"": ""https://schema.org"", ""@type"": ""WebApplication"", ""name"": ""BMI Calculator for Men"", ""description"": ""Calculate your Body Mass Index with men-specific healthy weight ranges and recommendations"", ""url"": ""https://calculatemybmi.net/men-bmi-calculator/"", ""applicationCategory"": ""HealthApplication"", ""operatingSystem"": ""Any"", ""browserRequirements"": ""Requires JavaScript"", ""offers"": { ""@type"": ""Offer"", ""price"": ""0"", ""priceCurrency"": ""USD"" } } { ""@context"": ""https://schema.org"", ""@type"": ""Brea",,derived from formula/definition
/men-bmi-calculator/,ledger block=p,KEEP-DERIVED,"{ ""@context"": ""https://schema.org"", ""@type"": ""WebApplication"", ""name"": ""BMI Calculator for Men"", ""description"": ""Calculate your Body Mass Index with men-specific healthy weight ranges and recommendations"", ""url"": ""https://calculatemybmi.net/men-bmi-calculator/"", ""applicationCategory"": ""HealthApplication"", ""operatingSystem"": ""Any"", ""browserRequirements"": ""Requires JavaScript"", ""offers"": { ""@type"": ""Offer"", ""price"": ""0"", ""priceCurrency"": ""USD"" } } { ""@context"": ""https://schema.org"", ""@type"": ""Brea","{ ""@context"": ""https://schema.org"", ""@type"": ""WebApplication"", ""name"": ""BMI Calculator for Men"", ""description"": ""Calculate your Body Mass Index with men-specific healthy weight ranges and recommendations"", ""url"": ""https://calculatemybmi.net/men-bmi-calculator/"", ""applicationCategory"": ""HealthApplication"", ""operatingSystem"": ""Any"", ""browserRequirements"": ""Requires JavaScript"", ""offers"": { ""@type"": ""Offer"", ""price"": ""0"", ""priceCurrency"": ""USD"" } } { ""@context"": ""https://schema.org"", ""@type"": ""Brea",,derived from formula/definition
/new-bmi-calculator/,ledger block=li,n/a,Short people get slightly higher New BMI — typically +0.5 to +2 points compared to traditional BMI,,,text no longer present after P1
/new-bmi-calculator/,ledger block=li,n/a,Tall people get slightly lower New BMI — typically -0.5 to -2 points compared to traditional BMI,,,text no longer present after P1
/new-bmi-calculator/,ledger block=p,KEEP-DERIVED,"The traditional BMI formula divides weight by height squared. However, human bodies are three-dimensional objects, and as a person grows taller, their volume (and therefore mass) scales more closely with height cubed than height squared. The traditional exponent of 2 was originally chosen as a compromise that worked well for average-height individuals, but it introduces systematic errors at the extremes of height. This is one reason why BMI accuracy varies across different populations.","The traditional BMI formula divides weight by height squared. However, human bodies are three-dimensional objects, and as a person grows taller, their volume (and therefore mass) scales more closely with height cubed than height squared. The traditional exponent of 2 was originally chosen as a compromise that worked well for average-height individuals, but it introduces systematic errors at the extremes of height. This is one reason why BMI accuracy varies across different populations.",,derived from formula/definition
/new-bmi-calculator/,ledger block=p,KEEP-DERIVED,"Trefethen argued that the ideal exponent should be somewhere between 2 (pure area scaling) and 3 (pure volume scaling). After analyzing population data and the dimensional relationship between height and mass, he settled on 2.5 as the best fit. The factor of 1.3 is a scaling constant that ensures the New BMI produces values in the same range as the traditional BMI for people of average height (around 5'7"" or 170 cm), so the existing BMI category thresholds (18.5, 25, 30) remain applicable withou","Trefethen argued that the ideal exponent should be somewhere between 2 (pure area scaling) and 3 (pure volume scaling). After analyzing population data and the dimensional relationship between height and mass, he settled on 2.5 as the best fit. The factor of 1.3 is a scaling constant that ensures the New BMI produces values in the same range as the traditional BMI for people of average height (around 5'7"" or 170 cm), so the existing BMI category thresholds (18.5, 25, 30) remain applicable withou",,derived from formula/definition
/new-bmi-calculator/,ledger block=p,DELETE,"Trefethen examined how body mass scales with height across population data and through dimensional analysis. He found that an exponent of approximately 2.5 provides the best fit: it sits between the area-based scaling of 2 (where we imagine people are flat) and the volume-based scaling of 3 (where people are perfect cubes). The 2.5 exponent better captures how human bodies actually grow taller — we get proportionally wider and deeper, but not as fast as a perfect cube would predict.",,,unsourced specific claim
/new-bmi-calculator/,ledger block=p,n/a,New BMI is typically +0.5 to +2 points higher than traditional BMI. The traditional formula was slig,,,text no longer present after P1
/new-bmi-calculator/,ledger block=h3,KEEP-DERIVED,"New BMI is typically +0.5 to +2 points higher than traditional BMI. The traditional formula was slightly flattering short individuals, and the New BMI corrects this by increasing their score. For someone at 5'0"", the difference can be as much as +2.1 points at higher weights. This could push a person from ""normal"" to ""overweight"" or from ""overweight"" to ""obese"" in some cases. Average Height (5'6"" - 5'10"" / 168-178 cm) New BMI is within -0.5 to +0.5 points of traditional BMI. At average height, b","New BMI is typically +0.5 to +2 points higher than traditional BMI. The traditional formula was slightly flattering short individuals, and the New BMI corrects this by increasing their score. For someone at 5'0"", the difference can be as much as +2.1 points at higher weights. This could push a person from ""normal"" to ""overweight"" or from ""overweight"" to ""obese"" in some cases. Average Height (5'6"" - 5'10"" / 168-178 cm) New BMI is within -0.5 to +0.5 points of traditional BMI. At average height, b",,derived from formula/definition
/new-bmi-calculator/,ledger block=p,n/a,"New BMI is within -0.5 to +0.5 points of traditional BMI. At average height, both formulas produce e",,,text no longer present after P1
/new-bmi-calculator/,ledger block=p,n/a,New BMI is typically -0.5 to -2 points lower than traditional BMI. The traditional formula was sligh,,,text no longer present after P1
/new-bmi-calculator/,ledger block=p,DELETE,"All values calculated for a weight of 160 lbs (72.6 kg). The crossover point where both formulas agree is approximately 5'7"" (170 cm). For sex-specific analysis, see our BMI calculator for women and BMI calculator for men.",,,unsourced specific claim
/new-bmi-calculator/,ledger block=p,n/a,"For medical and clinical purposes, use the traditional BMI . This is what your doctor uses, what hea",,,text no longer present after P1
/new-bmi-calculator/,ledger block=p,KEEP-DERIVED,"{ ""@context"": ""https://schema.org"", ""@type"": ""WebApplication"", ""name"": ""New BMI Calculator (Trefethen Formula)"", ""description"": ""Calculate your Body Mass Index using the updated Trefethen formula and compare it with the traditional BMI calculation"", ""url"": ""https://calculatemybmi.net/new-bmi-calculator/"", ""applicationCategory"": ""HealthApplication"", ""operatingSystem"": ""Any"", ""browserRequirements"": ""Requires JavaScript"", ""offers"": { ""@type"": ""Offer"", ""price"": ""0"", ""priceCurrency"": ""USD"" } } { ""@co","{ ""@context"": ""https://schema.org"", ""@type"": ""WebApplication"", ""name"": ""New BMI Calculator (Trefethen Formula)"", ""description"": ""Calculate your Body Mass Index using the updated Trefethen formula and compare it with the traditional BMI calculation"", ""url"": ""https://calculatemybmi.net/new-bmi-calculator/"", ""applicationCategory"": ""HealthApplication"", ""operatingSystem"": ""Any"", ""browserRequirements"": ""Requires JavaScript"", ""offers"": { ""@type"": ""Offer"", ""price"": ""0"", ""priceCurrency"": ""USD"" } } { ""@co",,derived from formula/definition
/women-bmi-calculator/,ledger block=li,n/a,Women naturally have higher body fat — typically 20-25% vs 15-20% for men,,,text no longer present after P1
/women-bmi-calculator/,ledger block=p,n/a,Women naturally carry 6-11% more body fat than men. This is biologically essential for hormone produ,,,text no longer present after P1
/women-bmi-calculator/,ledger block=p,KEEP-DERIVED,"This chart illustrates why the same BMI number means different things for women and men. At an identical BMI of 22, women typically carry significantly more body fat due to biological differences. Understanding body fat vs BMI helps you interpret your results more accurately.","This chart illustrates why the same BMI number means different things for women and men. At an identical BMI of 22, women typically carry significantly more body fat due to biological differences. Understanding body fat vs BMI helps you interpret your results more accurately.",,general sentence
/women-bmi-calculator/,ledger block=p,KEEP-DERIVED,"During puberty, girls naturally gain body fat as part of healthy development. BMI-for-age percentiles (not adult BMI categories) should be used during this period. A girl in the 5th-85th percentile is considered healthy weight. Rapid growth spurts mean BMI can fluctuate significantly year to year. Use our kids BMI calculator for ages 2-19.","During puberty, girls naturally gain body fat as part of healthy development. BMI-for-age percentiles (not adult BMI categories) should be used during this period. A girl in the 5th-85th percentile is considered healthy weight. Rapid growth spurts mean BMI can fluctuate significantly year to year. Use our kids BMI calculator for ages 2-19.",,general sentence
/women-bmi-calculator/,ledger block=li,n/a,Underweight (BMI < 18.5): gain 28-40 lbs,,,text no longer present after P1
/women-bmi-calculator/,ledger block=li,KEEP-R2,"Do not use BMI during pregnancy to assess weight status. Instead, your pre-pregnancy BMI determines your recommended weight gain during pregnancy according to ACOG guidelines: Underweight (BMI < 18.5): gain 28-40 lbs Normal weight (BMI 18.5-24.9): gain 25-35 lbs Overweight (BMI 25-29.9): gain 15-25 lbs Obese (BMI 30+): gain 11-20 lbs ACOG recommended pregnancy weight-gain ranges by pre-pregnancy BMI category Four horizontal range bars, one per pre-pregnancy BMI category. Underweight (BMI under 1","Do not use BMI during pregnancy to assess weight status. Instead, your pre-pregnancy BMI determines your recommended weight gain during pregnancy according to ACOG guidelines: Underweight (BMI < 18.5): gain 28-40 lbs Normal weight (BMI 18.5-24.9): gain 25-35 lbs Overweight (BMI 25-29.9): gain 15-25 lbs Obese (BMI 30+): gain 11-20 lbs ACOG recommended pregnancy weight-gain ranges by pre-pregnancy BMI category Four horizontal range bars, one per pre-pregnancy BMI category. Underweight (BMI under 1",https://www.acog.org/womens-health/faqs/obesity-and-pregnancy,R2-unverified
/women-bmi-calculator/,ledger block=li,KEEP-R2,"Do not use BMI during pregnancy to assess weight status. Instead, your pre-pregnancy BMI determines your recommended weight gain during pregnancy according to ACOG guidelines: Underweight (BMI < 18.5): gain 28-40 lbs Normal weight (BMI 18.5-24.9): gain 25-35 lbs Overweight (BMI 25-29.9): gain 15-25 lbs Obese (BMI 30+): gain 11-20 lbs ACOG recommended pregnancy weight-gain ranges by pre-pregnancy BMI category Four horizontal range bars, one per pre-pregnancy BMI category. Underweight (BMI under 1","Do not use BMI during pregnancy to assess weight status. Instead, your pre-pregnancy BMI determines your recommended weight gain during pregnancy according to ACOG guidelines: Underweight (BMI < 18.5): gain 28-40 lbs Normal weight (BMI 18.5-24.9): gain 25-35 lbs Overweight (BMI 25-29.9): gain 15-25 lbs Obese (BMI 30+): gain 11-20 lbs ACOG recommended pregnancy weight-gain ranges by pre-pregnancy BMI category Four horizontal range bars, one per pre-pregnancy BMI category. Underweight (BMI under 1",https://www.acog.org/womens-health/faqs/obesity-and-pregnancy,R2-unverified
/women-bmi-calculator/,ledger block=li,n/a,Obese (BMI 30+): gain 11-20 lbs,,,text no longer present after P1
/women-bmi-calculator/,ledger block=p,KEEP-DERIVED,"As estrogen levels decline, fat redistributes from the hips and thighs to the abdomen. The average woman gains 5-10 lbs during the menopausal transition. Even if your BMI stays the same, your body composition and health risks may change because of this shift to visceral (abdominal) fat. Waist circumference becomes an especially important metric during this stage.","As estrogen levels decline, fat redistributes from the hips and thighs to the abdomen. The average woman gains 5-10 lbs during the menopausal transition. Even if your BMI stays the same, your body composition and health risks may change because of this shift to visceral (abdominal) fat. Waist circumference becomes an especially important metric during this stage.",,derived from formula/definition
/women-bmi-calculator/,ledger block=p,KEEP-DERIVED,"A waist measurement above 35 inches indicates increased risk of heart disease, type 2 diabetes, and metabolic syndrome.","A waist measurement above 35 inches indicates increased risk of heart disease, type 2 diabetes, and metabolic syndrome.",,general sentence
/women-bmi-calculator/,ledger block=p,KEEP-DERIVED,"Two women with the same BMI can have very different health risk profiles depending on where they carry their fat. A woman with a BMI of 24 and a waist measurement of 38 inches faces significantly higher cardiovascular risk than a woman with the same BMI but a 30-inch waist. This is because visceral fat (deep abdominal fat surrounding organs) produces inflammatory substances that contribute to insulin resistance, high blood pressure, and abnormal cholesterol levels. Understanding these BMI-relate","Two women with the same BMI can have very different health risk profiles depending on where they carry their fat. A woman with a BMI of 24 and a waist measurement of 38 inches faces significantly higher cardiovascular risk than a woman with the same BMI but a 30-inch waist. This is because visceral fat (deep abdominal fat surrounding organs) produces inflammatory substances that contribute to insulin resistance, high blood pressure, and abnormal cholesterol levels. Understanding these BMI-relate",,derived from formula/definition
/women-bmi-calculator/,ledger block=p,n/a,"No, the BMI formula is the same for both sexes : weight (kg) divided by height (m) squared. However,",,,text no longer present after P1
/women-bmi-calculator/,ledger block=p,KEEP-DERIVED,"{ ""@context"": ""https://schema.org"", ""@type"": ""WebApplication"", ""name"": ""BMI Calculator for Women"", ""description"": ""Calculate your Body Mass Index with women-specific healthy weight ranges and recommendations"", ""url"": ""https://calculatemybmi.net/women-bmi-calculator/"", ""applicationCategory"": ""HealthApplication"", ""operatingSystem"": ""Any"", ""browserRequirements"": ""Requires JavaScript"", ""offers"": { ""@type"": ""Offer"", ""price"": ""0"", ""priceCurrency"": ""USD"" } } { ""@context"": ""https://schema.org"", ""@type"":","{ ""@context"": ""https://schema.org"", ""@type"": ""WebApplication"", ""name"": ""BMI Calculator for Women"", ""description"": ""Calculate your Body Mass Index with women-specific healthy weight ranges and recommendations"", ""url"": ""https://calculatemybmi.net/women-bmi-calculator/"", ""applicationCategory"": ""HealthApplication"", ""operatingSystem"": ""Any"", ""browserRequirements"": ""Requires JavaScript"", ""offers"": { ""@type"": ""Offer"", ""price"": ""0"", ""priceCurrency"": ""USD"" } } { ""@context"": ""https://schema.org"", ""@type"":",,derived from formula/definition
/women-bmi-calculator/,ledger block=p,KEEP-DERIVED,"{ ""@context"": ""https://schema.org"", ""@type"": ""WebApplication"", ""name"": ""BMI Calculator for Women"", ""description"": ""Calculate your Body Mass Index with women-specific healthy weight ranges and recommendations"", ""url"": ""https://calculatemybmi.net/women-bmi-calculator/"", ""applicationCategory"": ""HealthApplication"", ""operatingSystem"": ""Any"", ""browserRequirements"": ""Requires JavaScript"", ""offers"": { ""@type"": ""Offer"", ""price"": ""0"", ""priceCurrency"": ""USD"" } } { ""@context"": ""https://schema.org"", ""@type"":","{ ""@context"": ""https://schema.org"", ""@type"": ""WebApplication"", ""name"": ""BMI Calculator for Women"", ""description"": ""Calculate your Body Mass Index with women-specific healthy weight ranges and recommendations"", ""url"": ""https://calculatemybmi.net/women-bmi-calculator/"", ""applicationCategory"": ""HealthApplication"", ""operatingSystem"": ""Any"", ""browserRequirements"": ""Requires JavaScript"", ""offers"": { ""@type"": ""Offer"", ""price"": ""0"", ""priceCurrency"": ""USD"" } } { ""@context"": ""https://schema.org"", ""@type"":",,derived from formula/definition
/,anchor 'CDC &mdash; About BMI for Adults',KEEP-R2,https://www.cdc.gov/bmi/about/index.html,https://www.cdc.gov/bmi/about/index.html,https://www.cdc.gov/bmi/about/index.html,R2 host (cdc.gov)
/,anchor 'NHLBI &mdash; Calculate Your BMI',KEEP-R2,https://www.nhlbi.nih.gov/calculate-your-bmi,https://www.nhlbi.nih.gov/calculate-your-bmi,https://www.nhlbi.nih.gov/calculate-your-bmi,R2 host (nhlbi.nih.gov)
/,anchor 'Winter 2014 meta-analysis',KEEP-R1,https://pubmed.ncbi.nlm.nih.gov/24452240/,https://pubmed.ncbi.nlm.nih.gov/24452240/,https://pubmed.ncbi.nlm.nih.gov/24452240/,R1 source
/,anchor 'Centers for Disease Control and Prevention (CDC)',KEEP-R2,https://www.cdc.gov/bmi/about/index.html,https://www.cdc.gov/bmi/about/index.html,https://www.cdc.gov/bmi/about/index.html,R2 host (cdc.gov)
/,"anchor 'National Heart, Lung, and Blood Institute (NHLBI)'",KEEP-R2,https://www.nhlbi.nih.gov/calculate-your-bmi,https://www.nhlbi.nih.gov/calculate-your-bmi,https://www.nhlbi.nih.gov/calculate-your-bmi,R2 host (nhlbi.nih.gov)
/,anchor 'National Institutes of Health (NIH)',KEEP-R2,https://www.nih.gov/news-events/nih-research-matters/health-risks-belly-fat,https://www.nih.gov/news-events/nih-research-matters/health-risks-belly-fat,https://www.nih.gov/news-events/nih-research-matters/health-risks-belly-fat,R2 host (nih.gov)
/,anchor 'Winter 2014 meta-analysis',KEEP-R1,https://pubmed.ncbi.nlm.nih.gov/24452240/,https://pubmed.ncbi.nlm.nih.gov/24452240/,https://pubmed.ncbi.nlm.nih.gov/24452240/,R1 source
/,"anchor 'Emmerich SD et al., NCHS Data Brief No. 508 (September 2024)'",KEEP-R1,https://www.cdc.gov/nchs/products/databriefs/db508.htm,https://www.cdc.gov/nchs/products/databriefs/db508.htm,https://www.cdc.gov/nchs/products/databriefs/db508.htm,R1 source
/,"anchor 'Fryar CD, Afful J, Saif NT. NCHS Health E-Stat 111 (Feb 2026'",KEEP-R1,https://www.cdc.gov/nchs/data/hestat/hestat111.htm,https://www.cdc.gov/nchs/data/hestat/hestat111.htm,https://www.cdc.gov/nchs/data/hestat/hestat111.htm,R1 source
/,anchor 'NCHS Data Brief 508',KEEP-R1,https://www.cdc.gov/nchs/products/databriefs/db508.htm,https://www.cdc.gov/nchs/products/databriefs/db508.htm,https://www.cdc.gov/nchs/products/databriefs/db508.htm,R1 source
/women-bmi-calculator/,"anchor 'Emmerich SD et al., NCHS Data Brief No. 508 (September 2024)'",KEEP-R1,https://www.cdc.gov/nchs/products/databriefs/db508.htm,https://www.cdc.gov/nchs/products/databriefs/db508.htm,https://www.cdc.gov/nchs/products/databriefs/db508.htm,R1 source
/women-bmi-calculator/,anchor 'CDC Adult BMI Categories',KEEP-R1,https://www.cdc.gov/bmi/adult-calculator/bmi-categories.html,https://www.cdc.gov/bmi/adult-calculator/bmi-categories.html,https://www.cdc.gov/bmi/adult-calculator/bmi-categories.html,R1 source
/women-bmi-calculator/,anchor 'NIH's weight management guidelines',KEEP-R2,https://www.nhlbi.nih.gov/health/overweight-and-obesity,https://www.nhlbi.nih.gov/health/overweight-and-obesity,https://www.nhlbi.nih.gov/health/overweight-and-obesity,R2 host (nhlbi.nih.gov)
/women-bmi-calculator/,anchor 'American College of Obstetricians and Gynecologists (ACOG)',KEEP-R2,https://www.acog.org/womens-health/faqs/obesity-and-pregnancy,https://www.acog.org/womens-health/faqs/obesity-and-pregnancy,https://www.acog.org/womens-health/faqs/obesity-and-pregnancy,R2 host (acog.org)
/women-bmi-calculator/,anchor 'ACOG guidelines',KEEP-R2,https://www.acog.org/womens-health/faqs/obesity-and-pregnancy,https://www.acog.org/womens-health/faqs/obesity-and-pregnancy,https://www.acog.org/womens-health/faqs/obesity-and-pregnancy,R2 host (acog.org)
/women-bmi-calculator/,anchor 'ACOG obesity and pregnancy',KEEP-R2,https://www.acog.org/womens-health/faqs/obesity-and-pregnancy,https://www.acog.org/womens-health/faqs/obesity-and-pregnancy,https://www.acog.org/womens-health/faqs/obesity-and-pregnancy,R2 host (acog.org)
/women-bmi-calculator/,"anchor 'National Heart, Lung, and Blood Institute (NHLBI)'",KEEP-R2,https://www.nhlbi.nih.gov/calculate-your-bmi,https://www.nhlbi.nih.gov/calculate-your-bmi,https://www.nhlbi.nih.gov/calculate-your-bmi,R2 host (nhlbi.nih.gov)
/women-bmi-calculator/,anchor 'ACOG',KEEP-R2,https://www.acog.org/womens-health/faqs/obesity-and-pregnancy,https://www.acog.org/womens-health/faqs/obesity-and-pregnancy,https://www.acog.org/womens-health/faqs/obesity-and-pregnancy,R2 host (acog.org)
/women-bmi-calculator/,anchor 'ACOG',KEEP-R2,https://www.acog.org/womens-health/faqs/obesity-and-pregnancy,https://www.acog.org/womens-health/faqs/obesity-and-pregnancy,https://www.acog.org/womens-health/faqs/obesity-and-pregnancy,R2 host (acog.org)
/women-bmi-calculator/,anchor 'ACOG - Obesity and Pregnancy',KEEP-R2,https://www.acog.org/womens-health/faqs/obesity-and-pregnancy,https://www.acog.org/womens-health/faqs/obesity-and-pregnancy,https://www.acog.org/womens-health/faqs/obesity-and-pregnancy,R2 host (acog.org)
/men-bmi-calculator/,anchor 'CDC Adult BMI Categories',KEEP-R1,https://www.cdc.gov/bmi/adult-calculator/bmi-categories.html,https://www.cdc.gov/bmi/adult-calculator/bmi-categories.html,https://www.cdc.gov/bmi/adult-calculator/bmi-categories.html,R1 source
/men-bmi-calculator/,anchor 'Winter 2014',KEEP-R1,https://pubmed.ncbi.nlm.nih.gov/24452240/,https://pubmed.ncbi.nlm.nih.gov/24452240/,https://pubmed.ncbi.nlm.nih.gov/24452240/,R1 source
/men-bmi-calculator/,anchor 'CDC Adult BMI Categories',KEEP-R1,https://www.cdc.gov/bmi/adult-calculator/bmi-categories.html,https://www.cdc.gov/bmi/adult-calculator/bmi-categories.html,https://www.cdc.gov/bmi/adult-calculator/bmi-categories.html,R1 source
/men-bmi-calculator/,anchor 'NIH NHLBI guidelines',KEEP-R2,https://www.nhlbi.nih.gov/health/overweight-and-obesity,https://www.nhlbi.nih.gov/health/overweight-and-obesity,https://www.nhlbi.nih.gov/health/overweight-and-obesity,R2 host (nhlbi.nih.gov)
/men-bmi-calculator/,"anchor 'National Heart, Lung, and Blood Institute (NHLBI)'",KEEP-R2,https://www.nhlbi.nih.gov/health/overweight-and-obesity,https://www.nhlbi.nih.gov/health/overweight-and-obesity,https://www.nhlbi.nih.gov/health/overweight-and-obesity,R2 host (nhlbi.nih.gov)
/men-bmi-calculator/,"anchor 'NIH National Heart, Lung, and Blood Institute'",KEEP-R2,https://www.nhlbi.nih.gov/health/overweight-and-obesity,https://www.nhlbi.nih.gov/health/overweight-and-obesity,https://www.nhlbi.nih.gov/health/overweight-and-obesity,R2 host (nhlbi.nih.gov)
/men-bmi-calculator/,anchor 'CDC's overview of adult BMI',KEEP-R2,https://www.cdc.gov/bmi/about/index.html,https://www.cdc.gov/bmi/about/index.html,https://www.cdc.gov/bmi/about/index.html,R2 host (cdc.gov)
/men-bmi-calculator/,anchor 'Winter 2014 meta-analysis',KEEP-R1,https://pubmed.ncbi.nlm.nih.gov/24452240/,https://pubmed.ncbi.nlm.nih.gov/24452240/,https://pubmed.ncbi.nlm.nih.gov/24452240/,R1 source
/men-bmi-calculator/,anchor 'NHLBI',KEEP-R2,https://www.nhlbi.nih.gov/health/overweight-and-obesity,https://www.nhlbi.nih.gov/health/overweight-and-obesity,https://www.nhlbi.nih.gov/health/overweight-and-obesity,R2 host (nhlbi.nih.gov)
/age-bmi-calculator/,anchor 'CDC Adult BMI Categories',KEEP-R1,https://www.cdc.gov/bmi/adult-calculator/bmi-categories.html,https://www.cdc.gov/bmi/adult-calculator/bmi-categories.html,https://www.cdc.gov/bmi/adult-calculator/bmi-categories.html,R1 source
/age-bmi-calculator/,"anchor 'Winter JE et al., 2014'",KEEP-R1,https://pubmed.ncbi.nlm.nih.gov/24452240/,https://pubmed.ncbi.nlm.nih.gov/24452240/,https://pubmed.ncbi.nlm.nih.gov/24452240/,R1 source
/age-bmi-calculator/,anchor 'National Institute on Aging's guide to maintaining a healthy',KEEP-R2,https://www.nia.nih.gov/health/maintaining-healthy-weight,https://www.nia.nih.gov/health/maintaining-healthy-weight,https://www.nia.nih.gov/health/maintaining-healthy-weight,R2 host (nia.nih.gov)
/age-bmi-calculator/,anchor 'Winter 2014',KEEP-R1,https://pubmed.ncbi.nlm.nih.gov/24452240/,https://pubmed.ncbi.nlm.nih.gov/24452240/,https://pubmed.ncbi.nlm.nih.gov/24452240/,R1 source
/age-bmi-calculator/,anchor 'CDC's overview of BMI',KEEP-R2,https://www.cdc.gov/bmi/about/index.html,https://www.cdc.gov/bmi/about/index.html,https://www.cdc.gov/bmi/about/index.html,R2 host (cdc.gov)
/age-bmi-calculator/,anchor 'National Institute on Aging',KEEP-R2,https://www.nia.nih.gov/health/maintaining-healthy-weight,https://www.nia.nih.gov/health/maintaining-healthy-weight,https://www.nia.nih.gov/health/maintaining-healthy-weight,R2 host (nia.nih.gov)
/age-bmi-calculator/,anchor 'CDC adult obesity facts page',KEEP-R2,https://www.cdc.gov/obesity/php/data-research/adult-obesity-facts.html,https://www.cdc.gov/obesity/php/data-research/adult-obesity-facts.html,https://www.cdc.gov/obesity/php/data-research/adult-obesity-facts.html,R2 host (cdc.gov)
/age-bmi-calculator/,anchor 'Winter 2014',KEEP-R1,https://pubmed.ncbi.nlm.nih.gov/24452240/,https://pubmed.ncbi.nlm.nih.gov/24452240/,https://pubmed.ncbi.nlm.nih.gov/24452240/,R1 source
/kids-bmi-calculator/,anchor 'CDC Child and Teen BMI Categories',KEEP-R1,https://www.cdc.gov/bmi/child-teen-calculator/bmi-categories.html,https://www.cdc.gov/bmi/child-teen-calculator/bmi-categories.html,https://www.cdc.gov/bmi/child-teen-calculator/bmi-categories.html,R1 source
/kids-bmi-calculator/,anchor 'CDC growth charts',KEEP-R2,https://www.cdc.gov/growthcharts/extended-bmi-data-files.htm,https://www.cdc.gov/growthcharts/extended-bmi-data-files.htm,https://www.cdc.gov/growthcharts/extended-bmi-data-files.htm,R2 host (cdc.gov)
/kids-bmi-calculator/,anchor 'Centers for Disease Control and Prevention (CDC)',KEEP-R2,https://www.cdc.gov/growthcharts/,https://www.cdc.gov/growthcharts/,https://www.cdc.gov/growthcharts/,R2 host (cdc.gov)
/kids-bmi-calculator/,anchor 'CDC extended BMI-for-age data files',KEEP-R2,https://www.cdc.gov/growthcharts/extended-bmi-data-files.htm,https://www.cdc.gov/growthcharts/extended-bmi-data-files.htm,https://www.cdc.gov/growthcharts/extended-bmi-data-files.htm,R2 host (cdc.gov)
/kids-bmi-calculator/,anchor 'CDC growth charts',KEEP-R2,https://www.cdc.gov/growthcharts/,https://www.cdc.gov/growthcharts/,https://www.cdc.gov/growthcharts/,R2 host (cdc.gov)
/kids-bmi-calculator/,anchor 'CDC growth charts page',KEEP-R2,https://www.cdc.gov/growthcharts/,https://www.cdc.gov/growthcharts/,https://www.cdc.gov/growthcharts/,R2 host (cdc.gov)
/kids-bmi-calculator/,anchor 'CDC data on childhood obesity',KEEP-R2,https://www.cdc.gov/obesity/php/about/childhood-obesity-facts.html,https://www.cdc.gov/obesity/php/about/childhood-obesity-facts.html,https://www.cdc.gov/obesity/php/about/childhood-obesity-facts.html,R2 host (cdc.gov)
/kids-bmi-calculator/,anchor 'CDC childhood obesity facts page',KEEP-R2,https://www.cdc.gov/obesity/php/about/childhood-obesity-facts.html,https://www.cdc.gov/obesity/php/about/childhood-obesity-facts.html,https://www.cdc.gov/obesity/php/about/childhood-obesity-facts.html,R2 host (cdc.gov)
/kids-bmi-calculator/,anchor 'Visit CDC Growth Charts &rarr;',KEEP-R2,https://www.cdc.gov/growthcharts/,https://www.cdc.gov/growthcharts/,https://www.cdc.gov/growthcharts/,R2 host (cdc.gov)
/kids-bmi-calculator/,anchor 'Visit CDC Obesity Facts &rarr;',KEEP-R2,https://www.cdc.gov/obesity/php/about/childhood-obesity-facts.html,https://www.cdc.gov/obesity/php/about/childhood-obesity-facts.html,https://www.cdc.gov/obesity/php/about/childhood-obesity-facts.html,R2 host (cdc.gov)
/ideal-weight/,anchor 'CDC',KEEP-R2,https://www.cdc.gov/bmi/about/index.html,https://www.cdc.gov/bmi/about/index.html,https://www.cdc.gov/bmi/about/index.html,R2 host (cdc.gov)
/ideal-weight/,anchor 'CDC -- Body Mass Index (BMI)',KEEP-R2,https://www.cdc.gov/bmi/,https://www.cdc.gov/bmi/,https://www.cdc.gov/bmi/,R2 host (cdc.gov)
/ideal-weight/,anchor 'NIH -- Aim for a Healthy Weight',KEEP-R2,https://www.nhlbi.nih.gov/health/overweight-and-obesity,https://www.nhlbi.nih.gov/health/overweight-and-obesity,https://www.nhlbi.nih.gov/health/overweight-and-obesity,R2 host (nhlbi.nih.gov)
/ideal-weight/,anchor 'NIH PubMed Central -- Ideal Body Weight Equations',KEEP-R2,https://pmc.ncbi.nlm.nih.gov/articles/PMC4890841/,https://pmc.ncbi.nlm.nih.gov/articles/PMC4890841/,https://pmc.ncbi.nlm.nih.gov/articles/PMC4890841/,R2 host (pmc.ncbi.nlm.nih.gov)
/lean-body-mass/,anchor 'CDC',KEEP-R2,https://www.cdc.gov/bmi/about/index.html,https://www.cdc.gov/bmi/about/index.html,https://www.cdc.gov/bmi/about/index.html,R2 host (cdc.gov)
/lean-body-mass/,anchor 'NIH body weight planner',KEEP-R2,https://www.niddk.nih.gov/health-information/weight-management/body-weight-planner,https://www.niddk.nih.gov/health-information/weight-management/body-weight-planner,https://www.niddk.nih.gov/health-information/weight-management/body-weight-planner,R2 host (niddk.nih.gov)
/lean-body-mass/,anchor 'CDC: Body Mass Index',KEEP-R2,https://www.cdc.gov/bmi/,https://www.cdc.gov/bmi/,https://www.cdc.gov/bmi/,R2 host (cdc.gov)
/lean-body-mass/,anchor 'NIH Body Weight Planner',KEEP-R2,https://www.niddk.nih.gov/health-information/weight-management/body-weight-planner,https://www.niddk.nih.gov/health-information/weight-management/body-weight-planner,https://www.niddk.nih.gov/health-information/weight-management/body-weight-planner,R2 host (niddk.nih.gov)
/new-bmi-calculator/,anchor 'Nick Trefethen',KEEP-R2,https://people.maths.ox.ac.uk/trefethen/bmi.html,https://people.maths.ox.ac.uk/trefethen/bmi.html,https://people.maths.ox.ac.uk/trefethen/bmi.html,R2 host (people.maths.ox.ac.uk)
/new-bmi-calculator/,anchor 'Trefethen's original BMI page at Oxford University',KEEP-R2,https://people.maths.ox.ac.uk/trefethen/bmi.html,https://people.maths.ox.ac.uk/trefethen/bmi.html,https://people.maths.ox.ac.uk/trefethen/bmi.html,R2 host (people.maths.ox.ac.uk)
/new-bmi-calculator/,anchor 'CDC (United States)',KEEP-R2,https://www.cdc.gov/bmi/about/index.html,https://www.cdc.gov/bmi/about/index.html,https://www.cdc.gov/bmi/about/index.html,R2 host (cdc.gov)
/new-bmi-calculator/,anchor 'his Oxford University page',KEEP-R2,https://people.maths.ox.ac.uk/trefethen/bmi.html,https://people.maths.ox.ac.uk/trefethen/bmi.html,https://people.maths.ox.ac.uk/trefethen/bmi.html,R2 host (people.maths.ox.ac.uk)
/new-bmi-calculator/,anchor 'CDC',KEEP-R2,https://www.cdc.gov/bmi/about/index.html,https://www.cdc.gov/bmi/about/index.html,https://www.cdc.gov/bmi/about/index.html,R2 host (cdc.gov)
/new-bmi-calculator/,anchor 'Nick Trefethen - New BMI (Oxford University)',KEEP-R2,https://people.maths.ox.ac.uk/trefethen/bmi.html,https://people.maths.ox.ac.uk/trefethen/bmi.html,https://people.maths.ox.ac.uk/trefethen/bmi.html,R2 host (people.maths.ox.ac.uk)
/new-bmi-calculator/,anchor 'The Economist - Body Mass Index Letter',KEEP-R2,https://www.economist.com/letters/2013/01/05/body-mass-index,https://www.economist.com/letters/2013/01/05/body-mass-index,https://www.economist.com/letters/2013/01/05/body-mass-index,R2 host (economist.com)
/new-bmi-calculator/,anchor 'CDC - BMI Information',KEEP-R2,https://www.cdc.gov/bmi/,https://www.cdc.gov/bmi/,https://www.cdc.gov/bmi/,R2 host (cdc.gov)
/calculators/,anchor 'CDC BMI Overview &rarr;',KEEP-R2,https://www.cdc.gov/bmi/about/index.html,https://www.cdc.gov/bmi/about/index.html,https://www.cdc.gov/bmi/about/index.html,R2 host (cdc.gov)
/blog/bmi-chart-women/,anchor 'CDC adult BMI categories',KEEP-R1,https://www.cdc.gov/bmi/adult-calculator/bmi-categories.html,https://www.cdc.gov/bmi/adult-calculator/bmi-categories.html,https://www.cdc.gov/bmi/adult-calculator/bmi-categories.html,R1 source
/blog/bmi-chart-women/,anchor 'CDC Adult BMI Categories',KEEP-R1,https://www.cdc.gov/bmi/adult-calculator/bmi-categories.html,https://www.cdc.gov/bmi/adult-calculator/bmi-categories.html,https://www.cdc.gov/bmi/adult-calculator/bmi-categories.html,R1 source
/blog/bmi-chart-women/,anchor 'CDC adult BMI categories',KEEP-R1,https://www.cdc.gov/bmi/adult-calculator/bmi-categories.html,https://www.cdc.gov/bmi/adult-calculator/bmi-categories.html,https://www.cdc.gov/bmi/adult-calculator/bmi-categories.html,R1 source
/blog/bmi-chart-women/,anchor 'CDC adult BMI categories',KEEP-R1,https://www.cdc.gov/bmi/adult-calculator/bmi-categories.html,https://www.cdc.gov/bmi/adult-calculator/bmi-categories.html,https://www.cdc.gov/bmi/adult-calculator/bmi-categories.html,R1 source
/blog/bmi-chart-men/,anchor 'CDC adult BMI categories',KEEP-R1,https://www.cdc.gov/bmi/adult-calculator/bmi-categories.html,https://www.cdc.gov/bmi/adult-calculator/bmi-categories.html,https://www.cdc.gov/bmi/adult-calculator/bmi-categories.html,R1 source
/blog/bmi-chart-men/,anchor 'CDC Adult BMI Categories',KEEP-R1,https://www.cdc.gov/bmi/adult-calculator/bmi-categories.html,https://www.cdc.gov/bmi/adult-calculator/bmi-categories.html,https://www.cdc.gov/bmi/adult-calculator/bmi-categories.html,R1 source
/blog/bmi-chart-men/,anchor 'CDC adult BMI categories',KEEP-R1,https://www.cdc.gov/bmi/adult-calculator/bmi-categories.html,https://www.cdc.gov/bmi/adult-calculator/bmi-categories.html,https://www.cdc.gov/bmi/adult-calculator/bmi-categories.html,R1 source
/blog/bmi-chart-men/,anchor 'CDC adult BMI categories',KEEP-R1,https://www.cdc.gov/bmi/adult-calculator/bmi-categories.html,https://www.cdc.gov/bmi/adult-calculator/bmi-categories.html,https://www.cdc.gov/bmi/adult-calculator/bmi-categories.html,R1 source
/blog/bmi-by-age/,anchor 'CDC adult BMI categories',KEEP-R1,https://www.cdc.gov/bmi/adult-calculator/bmi-categories.html,https://www.cdc.gov/bmi/adult-calculator/bmi-categories.html,https://www.cdc.gov/bmi/adult-calculator/bmi-categories.html,R1 source
/blog/bmi-by-age/,anchor 'CDC Adult BMI Categories',KEEP-R1,https://www.cdc.gov/bmi/adult-calculator/bmi-categories.html,https://www.cdc.gov/bmi/adult-calculator/bmi-categories.html,https://www.cdc.gov/bmi/adult-calculator/bmi-categories.html,R1 source
/blog/bmi-by-age/,anchor 'NCHS Data Brief 508',KEEP-R1,https://www.cdc.gov/nchs/products/databriefs/db508.htm,https://www.cdc.gov/nchs/products/databriefs/db508.htm,https://www.cdc.gov/nchs/products/databriefs/db508.htm,R1 source
/blog/bmi-by-age/,anchor 'NCHS Data Brief 508',KEEP-R1,https://www.cdc.gov/nchs/products/databriefs/db508.htm,https://www.cdc.gov/nchs/products/databriefs/db508.htm,https://www.cdc.gov/nchs/products/databriefs/db508.htm,R1 source
/blog/bmi-by-age/,"anchor 'Fryar CD, Afful J, Saif NT. NCHS Health E-Stat 111 (Feb 2026'",KEEP-R1,https://www.cdc.gov/nchs/data/hestat/hestat111.htm,https://www.cdc.gov/nchs/data/hestat/hestat111.htm,https://www.cdc.gov/nchs/data/hestat/hestat111.htm,R1 source
/blog/bmi-by-age/,anchor 'CDC adult BMI categories',KEEP-R1,https://www.cdc.gov/bmi/adult-calculator/bmi-categories.html,https://www.cdc.gov/bmi/adult-calculator/bmi-categories.html,https://www.cdc.gov/bmi/adult-calculator/bmi-categories.html,R1 source
/blog/healthy-bmi-range/,anchor 'CDC Adult BMI Categories',KEEP-R1,https://www.cdc.gov/bmi/adult-calculator/bmi-categories.html,https://www.cdc.gov/bmi/adult-calculator/bmi-categories.html,https://www.cdc.gov/bmi/adult-calculator/bmi-categories.html,R1 source
/blog/healthy-bmi-range/,anchor 'CDC',KEEP-R2,https://www.cdc.gov/bmi/about/index.html,https://www.cdc.gov/bmi/about/index.html,https://www.cdc.gov/bmi/about/index.html,R2 host (cdc.gov)
/blog/healthy-bmi-range/,"anchor 'National Heart, Lung, and Blood Institute (NHLBI)'",KEEP-R2,https://www.nhlbi.nih.gov/health/overweight-and-obesity,https://www.nhlbi.nih.gov/health/overweight-and-obesity,https://www.nhlbi.nih.gov/health/overweight-and-obesity,R2 host (nhlbi.nih.gov)
/blog/healthy-bmi-range/,anchor 'Winter et al. 2014',KEEP-R1,https://pubmed.ncbi.nlm.nih.gov/24452240/,https://pubmed.ncbi.nlm.nih.gov/24452240/,https://pubmed.ncbi.nlm.nih.gov/24452240/,R1 source
/blog/body-fat-vs-bmi/,anchor 'About Adult BMI',KEEP-R2,https://www.cdc.gov/bmi/,https://www.cdc.gov/bmi/,https://www.cdc.gov/bmi/,R2 host (cdc.gov)
/blog/bmi-categories/,anchor 'CDC Adult BMI Categories',KEEP-R1,https://www.cdc.gov/bmi/adult-calculator/bmi-categories.html,https://www.cdc.gov/bmi/adult-calculator/bmi-categories.html,https://www.cdc.gov/bmi/adult-calculator/bmi-categories.html,R1 source
/blog/bmi-categories/,"anchor 'National Heart, Lung, and Blood Institute (NHLBI)'",KEEP-R2,https://www.nhlbi.nih.gov/calculate-your-bmi,https://www.nhlbi.nih.gov/calculate-your-bmi,https://www.nhlbi.nih.gov/calculate-your-bmi,R2 host (nhlbi.nih.gov)
/blog/bmi-categories/,anchor 'CDC NHANES data',KEEP-R2,https://www.cdc.gov/obesity/php/data-research/adult-obesity-facts.html,https://www.cdc.gov/obesity/php/data-research/adult-obesity-facts.html,https://www.cdc.gov/obesity/php/data-research/adult-obesity-facts.html,R2 host (cdc.gov)
/blog/bmi-categories/,anchor 'NIDDK NAFLD/NASH overview',KEEP-R2,https://www.niddk.nih.gov/health-information/liver-disease/nafld-nash,https://www.niddk.nih.gov/health-information/liver-disease/nafld-nash,https://www.niddk.nih.gov/health-information/liver-disease/nafld-nash,R2 host (niddk.nih.gov)
/blog/bmi-categories/,"anchor 'Emmerich SD, Fryar CD, Stierman B, Ogden CL. NCHS Data Brief'",KEEP-R1,https://www.cdc.gov/nchs/products/databriefs/db508.htm,https://www.cdc.gov/nchs/products/databriefs/db508.htm,https://www.cdc.gov/nchs/products/databriefs/db508.htm,R1 source
/blog/bmi-categories/,"anchor 'Fryar CD, Afful J, Saif NT. NCHS Health E-Stat 111 (Feb 2026'",KEEP-R1,https://www.cdc.gov/nchs/data/hestat/hestat111.htm,https://www.cdc.gov/nchs/data/hestat/hestat111.htm,https://www.cdc.gov/nchs/data/hestat/hestat111.htm,R1 source
/blog/bmi-categories/,anchor 'CDC Adult Obesity Facts',KEEP-R2,https://www.cdc.gov/obesity/adult-obesity-facts/index.html,https://www.cdc.gov/obesity/adult-obesity-facts/index.html,https://www.cdc.gov/obesity/adult-obesity-facts/index.html,R2 host (cdc.gov)
/blog/bmi-categories/,anchor 'CDC's BMI information page',KEEP-R2,https://www.cdc.gov/bmi/about/index.html,https://www.cdc.gov/bmi/about/index.html,https://www.cdc.gov/bmi/about/index.html,R2 host (cdc.gov)
/blog/bmi-categories/,anchor 'Winter 2014 meta-analysis',KEEP-R1,https://pubmed.ncbi.nlm.nih.gov/24452240/,https://pubmed.ncbi.nlm.nih.gov/24452240/,https://pubmed.ncbi.nlm.nih.gov/24452240/,R1 source
/blog/bmi-categories/,anchor 'About adult BMI',KEEP-R2,https://www.cdc.gov/bmi/about/index.html,https://www.cdc.gov/bmi/about/index.html,https://www.cdc.gov/bmi/about/index.html,R2 host (cdc.gov)
/blog/bmi-categories/,anchor 'Overweight and obesity clinical overview',KEEP-R2,https://www.nhlbi.nih.gov/health/overweight-and-obesity,https://www.nhlbi.nih.gov/health/overweight-and-obesity,https://www.nhlbi.nih.gov/health/overweight-and-obesity,R2 host (nhlbi.nih.gov)
/blog/bmi-categories/,anchor 'BMI and all-cause mortality in older adults: a meta-analysis',KEEP-R1,https://pubmed.ncbi.nlm.nih.gov/24452240/,https://pubmed.ncbi.nlm.nih.gov/24452240/,https://pubmed.ncbi.nlm.nih.gov/24452240/,R1 source
/blog/bmi-categories/,anchor 'Association of all-cause mortality with overweight and obesi',KEEP-R2,https://pmc.ncbi.nlm.nih.gov/articles/PMC4855514/,https://pmc.ncbi.nlm.nih.gov/articles/PMC4855514/,https://pmc.ncbi.nlm.nih.gov/articles/PMC4855514/,R2 host (pmc.ncbi.nlm.nih.gov)
/age-bmi-calculator/,external resource card,DELETE,https://www.health.harvard.edu/blog/how-useful-is-the-body-mass-index-bmi-201603309339,,,secondary source (health.harvard.edu) — resource card deleted
/age-bmi-calculator/,external resource card,DELETE,https://www.mayoclinic.org/healthy-lifestyle/healthy-aging/in-depth/aging/art-20046070,,,secondary source (mayoclinic.org) — resource card deleted
/age-bmi-calculator/,external resource card,DELETE,https://www.nhs.uk/live-well/healthy-weight/bmi-calculator/,,,secondary source (nhs.uk) — resource card deleted
/blog/body-fat-vs-bmi/,"li containing ""Aim for 300-500 calories below maintenance""",DELETE,"Physical fitness level: Cardiorespiratory and muscular fitness   How to Reduce Body Fat While Maintaining Muscle If your goal is to improve body composition by reducing fat while preserving (or building) muscle, here are evidence-based strategies:    Create a Moderate Calorie Deficit Aim for 300-500 calories below maintenance. Aggressive dieting leads to muscle loss. Use our ideal weight calculato",,,"A1: prescriptive/unsourced (""Aim for …"")"
/lean-body-mass/,sentence,DELETE,"Consume 0.7-1.0 grams of protein per pound of bodyweight daily, distributed across multiple meals.",,,A1: prescriptive/unsourced
/lean-body-mass/,sentence,DELETE,The general recommendation of 0.7-1.0 grams of protein per pound of body weight is actually meant to approximate protein per pound of LBM.,,,A1: prescriptive/unsourced
/lean-body-mass/,sentence,DELETE,Research consistently shows that consuming 0.7-1.0 grams of protein per pound of body weight per day is optimal for supporting muscle growth and preservation.,,,A1: prescriptive/unsourced
/lean-body-mass/,sentence,DELETE,"Consume 0.7-1.0 grams of protein per pound of bodyweight daily, distributed across multiple meals.",,,A1: prescriptive/unsourced
/lean-body-mass/,sentence,REWRITE,the single most effective way to increase lean body mass.,Resistance training supports lean body mass.,,A1: removed superlative + mechanism detail
/men-bmi-calculator/,sentence,DELETE,"9375rem;"">On average, men carry 10-15 pounds more skeletal muscle than women of the same height.",,,A1: unsourced skeletal muscle stat
/men-bmi-calculator/,athletes sentence,REWRITE,"9375rem;"">Professional athletes, weightlifters, football players, and recreational bodybuilders frequently have BMIs between 25 and 30 while maintaining body fat percentages in the 8-15% range.",Athletes and other very muscular people can have a BMI in the overweight range while carrying little body fat.,,A1: numeric specifics stripped
/women-bmi-calculator/,sentence,DELETE, The average woman gains 5-10 lbs during the menopausal transition.,,,A1: unsourced menopause stat
/women-bmi-calculator/,menopause paragraph,REWRITE,"This distinction is especially important for women going through menopause, when fat distribution shifts from the hips and thighs to the abdomen. Even if the scale does not change, an increasing waist measurement signals a change in health risk. Measuring waist circumference alongside BMI is a widely-endorsed practice for a comprehensive assessment. For guidelines specific to reproductive health, ","Fat distribution can shift around menopause, so waist size can change while BMI stays the same.",,A1: reduced to general statement
/,Winter 2014 wording+URL,re-cited,"<!DOCTYPE html>
<html lang=""en"">
<head> <script> /* Consent Mode v2 defaults — must run before any o","<!DOCTYPE html>
<html lang=""en"">
<head> <script> /* Consent Mode v2 defaults — must run before any o",https://pubmed.ncbi.nlm.nih.gov/24452240/,A1: Winter 2014 wording + URL
/women-bmi-calculator/,Winter 2014 wording+URL,re-cited,"<!DOCTYPE html>
<html lang=""en"">
<head> <script> /* Consent Mode v2 defaults — must run before any o","<!DOCTYPE html>
<html lang=""en"">
<head> <script> /* Consent Mode v2 defaults — must run before any o",https://pubmed.ncbi.nlm.nih.gov/24452240/,A1: Winter 2014 wording + URL
/men-bmi-calculator/,Winter 2014 wording+URL,re-cited,"<!DOCTYPE html>
<html lang=""en"">
<head> <script> /* Consent Mode v2 defaults — must run before any o","<!DOCTYPE html>
<html lang=""en"">
<head> <script> /* Consent Mode v2 defaults — must run before any o",https://pubmed.ncbi.nlm.nih.gov/24452240/,A1: Winter 2014 wording + URL
/age-bmi-calculator/,Winter 2014 wording+URL,re-cited,"<!DOCTYPE html>
<html lang=""en"">
<head> <script> /* Consent Mode v2 defaults — must run before any o","<!DOCTYPE html>
<html lang=""en"">
<head> <script> /* Consent Mode v2 defaults — must run before any o",https://pubmed.ncbi.nlm.nih.gov/24452240/,A1: Winter 2014 wording + URL
/calculators/,Winter 2014 wording+URL,re-cited,"<!DOCTYPE html>
<html lang=""en"">
<head> <script> /* Consent Mode v2 defaults — must run before any o","<!DOCTYPE html>
<html lang=""en"">
<head> <script> /* Consent Mode v2 defaults — must run before any o",https://pubmed.ncbi.nlm.nih.gov/24452240/,A1: Winter 2014 wording + URL
/blog/bmi-chart-women/,Winter 2014 wording+URL,re-cited,"<!DOCTYPE html>
<html lang=""en"">
<head><script> /* Consent Mode v2 defaults — must run before any ot","<!DOCTYPE html>
<html lang=""en"">
<head><script> /* Consent Mode v2 defaults — must run before any ot",https://pubmed.ncbi.nlm.nih.gov/24452240/,A1: Winter 2014 wording + URL
/blog/bmi-chart-men/,Winter 2014 wording+URL,re-cited,"<!DOCTYPE html>
<html lang=""en"">
<head><script> /* Consent Mode v2 defaults — must run before any ot","<!DOCTYPE html>
<html lang=""en"">
<head><script> /* Consent Mode v2 defaults — must run before any ot",https://pubmed.ncbi.nlm.nih.gov/24452240/,A1: Winter 2014 wording + URL
/blog/bmi-by-age/,Winter 2014 wording+URL,re-cited,"<!DOCTYPE html>
<html lang=""en"">
<head><script> /* Consent Mode v2 defaults — must run before any ot","<!DOCTYPE html>
<html lang=""en"">
<head><script> /* Consent Mode v2 defaults — must run before any ot",https://pubmed.ncbi.nlm.nih.gov/24452240/,A1: Winter 2014 wording + URL
/blog/bmi-categories/,Winter 2014 wording+URL,re-cited,"<!DOCTYPE html>
<html lang=""en"">
<head> <script> /* Consent Mode v2 defaults — must run before any o","<!DOCTYPE html>
<html lang=""en"">
<head> <script> /* Consent Mode v2 defaults — must run before any o",https://pubmed.ncbi.nlm.nih.gov/24452240/,A1: Winter 2014 wording + URL
/age-bmi-calculator/,ledger block=p (re-matched),DELETE,"Beginning around age 30, adults lose approximately 3-8% of muscle mass per decade. This accelerates after age 60, when losses can reach 15% per decade. Sarcopenia means that two people with identical BMI values can have vastly different amounts of lean tissue versus fat.",,,unsourced specific claim,A2: re-matched after P1 rewrites
/age-bmi-calculator/,ledger block=p (re-matched),DELETE,"Basal metabolic rate (BMR) declines by approximately 1-2% per decade after age 20, largely driven by the loss of metabolically active muscle tissue. A 70-year-old typically requires 200-400 fewer daily calories than a 30-year-old of the same size.",,,unsourced specific claim,A2: re-matched after P1 rewrites
/blog/bmi-by-age/,ledger block=p (re-matched),KEEP-DERIVED,"Because children's bodies change rapidly with age and sex. A fixed cut-off like 25 would misclassify a normally growing 6-year-old. Instead, BMI is compared to a percentile distribution appropriate to the child's age and sex. Use the pediatric BMI calculator.","Because children's bodies change rapidly with age and sex. A fixed cut-off like 25 would misclassify a normally growing 6-year-old. Instead, BMI is compared to a percentile distribution appropriate to the child's age and sex. Use the pediatric BMI calculator.",,derived from formula/definition,A2: re-matched after P1 rewrites
/blog/bmi-categories/,ledger block=p (re-matched),KEEP-DERIVED,"Note that children and teens (ages 2-19) use a completely different system based on age- and sex-specific percentiles, not these fixed cutoffs. See our Pediatric BMI Calculator guide for children's BMI categories.","Note that children and teens (ages 2-19) use a completely different system based on age- and sex-specific percentiles, not these fixed cutoffs. See our Pediatric BMI Calculator guide for children's BMI categories.",,general sentence,A2: re-matched after P1 rewrites
/blog/bmi-categories/,ledger block=p (re-matched),KEEP-DERIVED,"For people in the upper end of this range (BMI 28-29.9), especially those with additional risk factors like high blood pressure, elevated blood sugar, or a family history of heart disease, the health risks are more clearly established. For a deeper exploration, see our BMI Calculator by Age guide.","For people in the upper end of this range (BMI 28-29.9), especially those with additional risk factors like high blood pressure, elevated blood sugar, or a family history of heart disease, the health risks are more clearly established. For a deeper exploration, see our BMI Calculator by Age guide.",,general sentence,A2: re-matched after P1 rewrites
/blog/bmi-chart-men/,ledger block=p (re-matched),KEEP-R1,"CDC and WHO adult BMI cut-offs do not shift with age - 18.5 to 24.9 remains the healthy range across the adult lifespan. Observational research (Winter et al., Am J Clin Nutr, 2014) reports a risk higher below BMI 23 and beginning to rise above 33 in adults aged 65 and older, but that is an observed pattern rather than a recommendation. See the BMI by age guide for the full discussion.","CDC and WHO adult BMI cut-offs do not shift with age - 18.5 to 24.9 remains the healthy range across the adult lifespan. Observational research (Winter et al., Am J Clin Nutr, 2014) reports a risk higher below BMI 23 and beginning to rise above 33 in adults aged 65 and older, but that is an observed pattern rather than a recommendation. See the BMI by age guide for the full discussion.",https://pubmed.ncbi.nlm.nih.gov/24452240/,Winter 2014,A2: re-matched after P1 rewrites
/blog/bmi-chart-women/,ledger block=p (re-matched),KEEP-R1,"The CDC and WHO adult BMI cut-offs do not shift with age - 18.5 to 24.9 remains the healthy range for adult women across the adult lifespan. Observational research (Winter et al., Am J Clin Nutr, 2014) reports that mortality in adults aged 65 and older is lowest across a somewhat higher BMI range (roughly 23 to 33) than the WHO healthy band, but this is an observed pattern rather than a recommendation from a category body. See the BMI by age guide for the full discussion.","The CDC and WHO adult BMI cut-offs do not shift with age - 18.5 to 24.9 remains the healthy range for adult women across the adult lifespan. Observational research (Winter et al., Am J Clin Nutr, 2014) reports that mortality in adults aged 65 and older is lowest across a somewhat higher BMI range (roughly 23 to 33) than the WHO healthy band, but this is an observed pattern rather than a recommendation from a category body. See the BMI by age guide for the full discussion.",https://pubmed.ncbi.nlm.nih.gov/24452240/,Winter 2014,A2: re-matched after P1 rewrites
/blog/body-fat-vs-bmi/,ledger block=li (re-matched),DELETE,"Healthy body fat ranges differ by sex: 10-20% for men, 18-28% for women",,,unsourced specific claim,A2: re-matched after P1 rewrites
/blog/healthy-bmi-range/,ledger block=p (re-matched),DELETE,"Notice that the healthy range spans 33-53 lbs depending on height. This is a wide range, reflecting the natural diversity in body types, muscle mass, and frame sizes among healthy individuals. Enter your exact height in our BMI calculator for your personalized range, or use our ideal weight calculator to find your target weight.",,,unsourced specific claim,A2: re-matched after P1 rewrites
/blog/healthy-bmi-range/,ledger block=p (re-matched),KEEP-DERIVED,"For men, some researchers suggest an optimal range of 20 to 25, which is slightly higher than the female range. Use our BMI calculator for men for male-specific results. The reasons for the different range include:","For men, some researchers suggest an optimal range of 20 to 25, which is slightly higher than the female range. Use our BMI calculator for men for male-specific results. The reasons for the different range include:",,derived from formula/definition,A2: re-matched after P1 rewrites
/blog/healthy-bmi-range/,ledger block=p (re-matched),KEEP-DERIVED,"People with a BMI of 25-27 who are physically active, have normal blood pressure, cholesterol, and blood sugar, and carry their weight in muscle rather than abdominal fat may not face significantly elevated health risks. This gray zone is where BMI is least reliable as a predictor, and other measurements like waist circumference and body fat percentage become especially important.","People with a BMI of 25-27 who are physically active, have normal blood pressure, cholesterol, and blood sugar, and carry their weight in muscle rather than abdominal fat may not face significantly elevated health risks. This gray zone is where BMI is least reliable as a predictor, and other measurements like waist circumference and body fat percentage become especially important.",,derived from formula/definition,A2: re-matched after P1 rewrites
/calculators/,ledger block=p (re-matched),KEEP-DERIVED,Male-specific interpretation with the NHLBI 40-inch (102 cm) waist-circumference elevated-risk threshold marked on the tool page.,Male-specific interpretation with the NHLBI 40-inch (102 cm) waist-circumference elevated-risk threshold marked on the tool page.,,general sentence,A2: re-matched after P1 rewrites
/calculators/,ledger block=p (re-matched),DELETE,".calc-cards-grid { display:grid;grid-template-columns:1fr 1fr;gap:1.25rem;margin:1.5rem 0; } .calc-card { background:white;border:1px solid var(--gray-200);border-radius:var(--radius-lg);padding:1.5rem;box-shadow:0 1px 3px rgba(0,0,0,0.06);transition:box-shadow 0.2s; } .calc-card:hover { box-shadow:0 4px 12px rgba(0,0,0,0.1); } .calc-card h2 { font-size:1.125rem;margin:0 0 0.625rem;color:var(--gray-900); } .calc-card-desc { font-size:0.875rem;color:var(--gray-600);margin:0 0 0.75rem; } .calc-card-best { font-size:0.8125rem;color:var(--gray-500);margin:0 0 0.5rem; } .calc-card-example { backgro",,,unsourced specific claim,A2: re-matched after P1 rewrites
/calculators/,ledger block=p (re-matched),DELETE,".calc-cards-grid { display:grid;grid-template-columns:1fr 1fr;gap:1.25rem;margin:1.5rem 0; } .calc-card { background:white;border:1px solid var(--gray-200);border-radius:var(--radius-lg);padding:1.5rem;box-shadow:0 1px 3px rgba(0,0,0,0.06);transition:box-shadow 0.2s; } .calc-card:hover { box-shadow:0 4px 12px rgba(0,0,0,0.1); } .calc-card h2 { font-size:1.125rem;margin:0 0 0.625rem;color:var(--gray-900); } .calc-card-desc { font-size:0.875rem;color:var(--gray-600);margin:0 0 0.75rem; } .calc-card-best { font-size:0.8125rem;color:var(--gray-500);margin:0 0 0.5rem; } .calc-card-example { backgro",,,unsourced specific claim,A2: re-matched after P1 rewrites
/kids-bmi-calculator/,ledger block=li (re-matched),KEEP-DERIVED,Healthy weight: 5th to 84th percentile - normal range for children,Healthy weight: 5th to 84th percentile - normal range for children,,general sentence,A2: re-matched after P1 rewrites
/kids-bmi-calculator/,ledger block=li (re-matched),KEEP-DERIVED,Overweight: 85th to 94th percentile - above normal for age and sex,Overweight: 85th to 94th percentile - above normal for age and sex,,general sentence,A2: re-matched after P1 rewrites
/kids-bmi-calculator/,ledger block=li (re-matched),DELETE,Obese: 95th percentile or above - significantly above normal,,,unsourced specific claim,A2: re-matched after P1 rewrites
/kids-bmi-calculator/,ledger block=p (re-matched),KEEP-DERIVED,"If you have used a standard BMI calculator for adults, you know that the categories are straightforward: a BMI under 18.5 is underweight, 18.5 to 24.9 is normal, 25 to 29.9 is overweight, and 30 or above is obese. These fixed numbers work reasonably well for adults because their bodies have finished developing. For children and adolescents, however, fixed cutoffs are meaningless. Here is why pediatric BMI requires age-specific and sex-specific percentiles.","If you have used a standard BMI calculator for adults, you know that the categories are straightforward: a BMI under 18.5 is underweight, 18.5 to 24.9 is normal, 25 to 29.9 is overweight, and 30 or above is obese. These fixed numbers work reasonably well for adults because their bodies have finished developing. For children and adolescents, however, fixed cutoffs are meaningless. Here is why pediatric BMI requires age-specific and sex-specific percentiles.",,derived from formula/definition,A2: re-matched after P1 rewrites
/lean-body-mass/,ledger block=li (re-matched),KEEP-DERIVED,Healthy body fat for women: 20-25% -- essential fat is about 10-13%,Healthy body fat for women: 20-25% -- essential fat is about 10-13%,,derived from formula/definition,A2: re-matched after P1 rewrites
/lean-body-mass/,ledger block=li (re-matched),DELETE,Healthy body fat for men: 15-20% -- essential fat is about 2-5%,,,unsourced specific claim,A2: re-matched after P1 rewrites
/men-bmi-calculator/,ledger block=p (re-matched),KEEP-DERIVED,"For men on the other end of the spectrum, being underweight (BMI under 18.5) also carries health risks including weakened immunity, bone density loss, and nutritional deficiencies. The goal should be to maintain a BMI and body composition that supports overall metabolic health. Understanding the different BMI categories helps you set appropriate health targets.","For men on the other end of the spectrum, being underweight (BMI under 18.5) also carries health risks including weakened immunity, bone density loss, and nutritional deficiencies. The goal should be to maintain a BMI and body composition that supports overall metabolic health. Understanding the different BMI categories helps you set appropriate health targets.",,general sentence,A2: re-matched after P1 rewrites
/new-bmi-calculator/,ledger block=li (re-matched),DELETE,Short people get slightly higher New BMI - typically +0.5 to +2 points compared to traditional BMI,,,unsourced specific claim,A2: re-matched after P1 rewrites
/new-bmi-calculator/,ledger block=li (re-matched),DELETE,Tall people get slightly lower New BMI - typically -0.5 to -2 points compared to traditional BMI,,,unsourced specific claim,A2: re-matched after P1 rewrites
/new-bmi-calculator/,ledger block=p (re-matched),KEEP-DERIVED,"{ ""@context"": ""https://schema.org"", ""@type"": ""WebApplication"", ""name"": ""New BMI Calculator (Trefethen Formula)"", ""description"": ""Calculate your Body Mass Index using the updated Trefethen formula and compare it with the traditional BMI calculation"", ""url"": ""https://calculatemybmi.net/new-bmi-calculator/"", ""applicationCategory"": ""HealthApplication"", ""operatingSystem"": ""Any"", ""browserRequirements"": ""Requires JavaScript"", ""offers"": { ""@type"": ""Offer"", ""price"": ""0"", ""priceCurrency"": ""USD"" } } { ""@context"": ""https://schema.org"", ""@type"": ""BreadcrumbList"", ""itemListElement"": [ { ""@type"": ""ListItem"",","{ ""@context"": ""https://schema.org"", ""@type"": ""WebApplication"", ""name"": ""New BMI Calculator (Trefethen Formula)"", ""description"": ""Calculate your Body Mass Index using the updated Trefethen formula and compare it with the traditional BMI calculation"", ""url"": ""https://calculatemybmi.net/new-bmi-calculator/"", ""applicationCategory"": ""HealthApplication"", ""operatingSystem"": ""Any"", ""browserRequirements"": ""Requires JavaScript"", ""offers"": { ""@type"": ""Offer"", ""price"": ""0"", ""priceCurrency"": ""USD"" } } { ""@context"": ""https://schema.org"", ""@type"": ""BreadcrumbList"", ""itemListElement"": [ { ""@type"": ""ListItem"",",,derived from formula/definition,A2: re-matched after P1 rewrites
/women-bmi-calculator/,ledger block=li (re-matched),DELETE,Women naturally have higher body fat - typically 20-25% vs 15-20% for men,,,unsourced specific claim,A2: re-matched after P1 rewrites
/women-bmi-calculator/,ledger block=p (re-matched),KEEP-R1,"{ ""@context"": ""https://schema.org"", ""@type"": ""WebApplication"", ""name"": ""BMI Calculator for Women"", ""description"": ""Calculate your Body Mass Index with women-specific healthy weight ranges and recommendations"", ""url"": ""https://calculatemybmi.net/women-bmi-calculator/"", ""applicationCategory"": ""HealthApplication"", ""operatingSystem"": ""Any"", ""browserRequirements"": ""Requires JavaScript"", ""offers"": { ""@type"": ""Offer"", ""price"": ""0"", ""priceCurrency"": ""USD"" } } { ""@context"": ""https://schema.org"", ""@type"": ""BreadcrumbList"", ""itemListElement"": [ { ""@type"": ""ListItem"", ""position"": 1, ""name"": ""Home"", ""item""","{ ""@context"": ""https://schema.org"", ""@type"": ""WebApplication"", ""name"": ""BMI Calculator for Women"", ""description"": ""Calculate your Body Mass Index with women-specific healthy weight ranges and recommendations"", ""url"": ""https://calculatemybmi.net/women-bmi-calculator/"", ""applicationCategory"": ""HealthApplication"", ""operatingSystem"": ""Any"", ""browserRequirements"": ""Requires JavaScript"", ""offers"": { ""@type"": ""Offer"", ""price"": ""0"", ""priceCurrency"": ""USD"" } } { ""@context"": ""https://schema.org"", ""@type"": ""BreadcrumbList"", ""itemListElement"": [ { ""@type"": ""ListItem"", ""position"": 1, ""name"": ""Home"", ""item""",https://pubmed.ncbi.nlm.nih.gov/24452240/,Winter 2014,A2: re-matched after P1 rewrites
