page,location,decision,original_text,new_text,source_url,note
/blog/what-is-bmi/index.html,"table cell in ""BMI RangeCategory""",GENERAL,BMI Range,BMI Range,,qualitative non-numeric
/blog/what-is-bmi/index.html,"table cell in ""BMI RangeCategory""",GENERAL,Category,Category,,qualitative non-numeric
/blog/what-is-bmi/index.html,"table cell in ""BMI RangeCategory""",GENERAL,Below 16.0,Below 16.0,,qualitative non-numeric
/blog/what-is-bmi/index.html,"table cell in ""BMI RangeCategory""",GENERAL,Severe Thinness,Severe Thinness,,qualitative non-numeric
/blog/what-is-bmi/index.html,"table cell in ""BMI RangeCategory""",GENERAL,16.0 – 16.9,16.0 – 16.9,,qualitative non-numeric
/blog/what-is-bmi/index.html,"table cell in ""BMI RangeCategory""",GENERAL,Moderate Thinness,Moderate Thinness,,qualitative non-numeric
/blog/what-is-bmi/index.html,"table cell in ""BMI RangeCategory""",GENERAL,17.0 – 18.4,17.0 – 18.4,,qualitative non-numeric
/blog/what-is-bmi/index.html,"table cell in ""BMI RangeCategory""",GENERAL,Mild Thinness,Mild Thinness,,qualitative non-numeric
/blog/what-is-bmi/index.html,"table cell in ""BMI RangeCategory""",GENERAL,18.5 – 24.9,18.5 – 24.9,,qualitative non-numeric
/blog/what-is-bmi/index.html,"table cell in ""BMI RangeCategory""",GENERAL,Normal Weight,Normal Weight,,qualitative non-numeric
/blog/what-is-bmi/index.html,"table cell in ""BMI RangeCategory""",GENERAL,25.0 – 29.9,25.0 – 29.9,,qualitative non-numeric
/blog/what-is-bmi/index.html,"table cell in ""BMI RangeCategory""",GENERAL,Overweight (Pre-obese),Overweight (Pre-obese),,qualitative non-numeric
/blog/what-is-bmi/index.html,"table cell in ""BMI RangeCategory""",GENERAL,30.0 – 34.9,30.0 – 34.9,,qualitative non-numeric
/blog/what-is-bmi/index.html,"table cell in ""BMI RangeCategory""",GENERAL,Obese Class I,Obese Class I,,qualitative non-numeric
/blog/what-is-bmi/index.html,"table cell in ""BMI RangeCategory""",GENERAL,35.0 – 39.9,35.0 – 39.9,,qualitative non-numeric
/blog/what-is-bmi/index.html,"table cell in ""BMI RangeCategory""",GENERAL,Obese Class II,Obese Class II,,qualitative non-numeric
/blog/what-is-bmi/index.html,"table cell in ""BMI RangeCategory""",GENERAL,40.0 and above,40.0 and above,,qualitative non-numeric
/blog/what-is-bmi/index.html,"table cell in ""BMI RangeCategory""",GENERAL,Obese Class III,Obese Class III,,qualitative non-numeric
/blog/what-is-bmi/index.html,"table cell in ""Percentile Range Weight Status Category""",GENERAL,Percentile Range,Percentile Range,,qualitative non-numeric
/blog/what-is-bmi/index.html,"table cell in ""Percentile Range Weight Status Category""",GENERAL,Weight Status Category,Weight Status Category,,qualitative non-numeric
/blog/what-is-bmi/index.html,"table cell in ""Percentile Range Weight Status Category""",GENERAL,Below 5th percentile,Below 5th percentile,,qualitative non-numeric
/blog/what-is-bmi/index.html,"table cell in ""Percentile Range Weight Status Category""",GENERAL,Underweight,Underweight,,qualitative non-numeric
/blog/what-is-bmi/index.html,"table cell in ""Percentile Range Weight Status Category""",GENERAL,5th to 84th percentile,5th to 84th percentile,,qualitative non-numeric
/blog/what-is-bmi/index.html,"table cell in ""Percentile Range Weight Status Category""",GENERAL,Healthy Weight,Healthy Weight,,qualitative non-numeric
/blog/what-is-bmi/index.html,"table cell in ""Percentile Range Weight Status Category""",GENERAL,85th to 94th percentile,85th to 94th percentile,,qualitative non-numeric
/blog/what-is-bmi/index.html,"table cell in ""Percentile Range Weight Status Category""",GENERAL,Overweight,Overweight,,qualitative non-numeric
/blog/what-is-bmi/index.html,"table cell in ""Percentile Range Weight Status Category""",GENERAL,95th percentile and above,95th percentile and above,,qualitative non-numeric
/blog/what-is-bmi/index.html,"table cell in ""Percentile Range Weight Status Category""",GENERAL,Obese,Obese,,qualitative non-numeric
/blog/bmi-formula/index.html,"table cell in ""WeightHeightHeight²BMICategory""",GENERAL,Weight,Weight,,qualitative non-numeric
/blog/bmi-formula/index.html,"table cell in ""WeightHeightHeight²BMICategory""",GENERAL,Height,Height,,qualitative non-numeric
/blog/bmi-formula/index.html,"table cell in ""WeightHeightHeight²BMICategory""",GENERAL,Height²,Height²,,qualitative non-numeric
/blog/bmi-formula/index.html,"table cell in ""WeightHeightHeight²BMICategory""",GENERAL,BMI,BMI,,qualitative non-numeric
/blog/bmi-formula/index.html,"table cell in ""WeightHeightHeight²BMICategory""",GENERAL,Category,Category,,qualitative non-numeric
/blog/bmi-formula/index.html,"table cell in ""WeightHeightHeight²BMICategory""",GENERAL,50 kg,50 kg,,qualitative non-numeric
/blog/bmi-formula/index.html,"table cell in ""WeightHeightHeight²BMICategory""",GENERAL,1.60 m,1.60 m,,qualitative non-numeric
/blog/bmi-formula/index.html,"table cell in ""WeightHeightHeight²BMICategory""",GENERAL,2.5600,2.5600,,qualitative non-numeric
/blog/bmi-formula/index.html,"table cell in ""WeightHeightHeight²BMICategory""",GENERAL,19.5,19.5,,qualitative non-numeric
/blog/bmi-formula/index.html,"table cell in ""WeightHeightHeight²BMICategory""",GENERAL,Normal,Normal,,qualitative non-numeric
/blog/bmi-formula/index.html,"table cell in ""WeightHeightHeight²BMICategory""",GENERAL,65 kg,65 kg,,qualitative non-numeric
/blog/bmi-formula/index.html,"table cell in ""WeightHeightHeight²BMICategory""",GENERAL,1.70 m,1.70 m,,qualitative non-numeric
/blog/bmi-formula/index.html,"table cell in ""WeightHeightHeight²BMICategory""",GENERAL,2.8900,2.8900,,qualitative non-numeric
/blog/bmi-formula/index.html,"table cell in ""WeightHeightHeight²BMICategory""",GENERAL,22.5,22.5,,qualitative non-numeric
/blog/bmi-formula/index.html,"table cell in ""WeightHeightHeight²BMICategory""",GENERAL,Normal,Normal,,qualitative non-numeric
/blog/bmi-formula/index.html,"table cell in ""WeightHeightHeight²BMICategory""",GENERAL,75 kg,75 kg,,qualitative non-numeric
/blog/bmi-formula/index.html,"table cell in ""WeightHeightHeight²BMICategory""",GENERAL,1.78 m,1.78 m,,qualitative non-numeric
/blog/bmi-formula/index.html,"table cell in ""WeightHeightHeight²BMICategory""",GENERAL,3.1684,3.1684,,qualitative non-numeric
/blog/bmi-formula/index.html,"table cell in ""WeightHeightHeight²BMICategory""",GENERAL,23.7,23.7,,qualitative non-numeric
/blog/bmi-formula/index.html,"table cell in ""WeightHeightHeight²BMICategory""",GENERAL,Normal,Normal,,qualitative non-numeric
/blog/bmi-formula/index.html,"table cell in ""WeightHeightHeight²BMICategory""",GENERAL,85 kg,85 kg,,qualitative non-numeric
/blog/bmi-formula/index.html,"table cell in ""WeightHeightHeight²BMICategory""",GENERAL,1.75 m,1.75 m,,qualitative non-numeric
/blog/bmi-formula/index.html,"table cell in ""WeightHeightHeight²BMICategory""",GENERAL,3.0625,3.0625,,qualitative non-numeric
/blog/bmi-formula/index.html,"table cell in ""WeightHeightHeight²BMICategory""",GENERAL,27.8,27.8,,qualitative non-numeric
/blog/bmi-formula/index.html,"table cell in ""WeightHeightHeight²BMICategory""",GENERAL,Overweight,Overweight,,qualitative non-numeric
/blog/bmi-formula/index.html,"table cell in ""WeightHeightHeight²BMICategory""",GENERAL,100 kg,100 kg,,qualitative non-numeric
/blog/bmi-formula/index.html,"table cell in ""WeightHeightHeight²BMICategory""",GENERAL,1.80 m,1.80 m,,qualitative non-numeric
/blog/bmi-formula/index.html,"table cell in ""WeightHeightHeight²BMICategory""",GENERAL,3.2400,3.2400,,qualitative non-numeric
/blog/bmi-formula/index.html,"table cell in ""WeightHeightHeight²BMICategory""",GENERAL,30.9,30.9,,qualitative non-numeric
/blog/bmi-formula/index.html,"table cell in ""WeightHeightHeight²BMICategory""",GENERAL,Obese I,Obese I,,qualitative non-numeric
/blog/bmi-formula/index.html,"table cell in ""WeightHeightHeight²BMICategory""",GENERAL,55 kg,55 kg,,qualitative non-numeric
/blog/bmi-formula/index.html,"table cell in ""WeightHeightHeight²BMICategory""",GENERAL,1.72 m,1.72 m,,qualitative non-numeric
/blog/bmi-formula/index.html,"table cell in ""WeightHeightHeight²BMICategory""",GENERAL,2.9584,2.9584,,qualitative non-numeric
/blog/bmi-formula/index.html,"table cell in ""WeightHeightHeight²BMICategory""",GENERAL,18.6,18.6,,qualitative non-numeric
/blog/bmi-formula/index.html,"table cell in ""WeightHeightHeight²BMICategory""",GENERAL,Normal,Normal,,qualitative non-numeric
/blog/bmi-formula/index.html,"table cell in ""WeightHeightHeight²BMICategory""",GENERAL,45 kg,45 kg,,qualitative non-numeric
/blog/bmi-formula/index.html,"table cell in ""WeightHeightHeight²BMICategory""",GENERAL,1.65 m,1.65 m,,qualitative non-numeric
/blog/bmi-formula/index.html,"table cell in ""WeightHeightHeight²BMICategory""",GENERAL,2.7225,2.7225,,qualitative non-numeric
/blog/bmi-formula/index.html,"table cell in ""WeightHeightHeight²BMICategory""",GENERAL,16.5,16.5,,qualitative non-numeric
/blog/bmi-formula/index.html,"table cell in ""WeightHeightHeight²BMICategory""",GENERAL,Underweight,Underweight,,qualitative non-numeric
/blog/bmi-formula/index.html,"table cell in ""Feet & InchesTotal InchesMeters""",GENERAL,Feet & Inches,Feet & Inches,,qualitative non-numeric
/blog/bmi-formula/index.html,"table cell in ""Feet & InchesTotal InchesMeters""",GENERAL,Total Inches,Total Inches,,qualitative non-numeric
/blog/bmi-formula/index.html,"table cell in ""Feet & InchesTotal InchesMeters""",GENERAL,Meters,Meters,,qualitative non-numeric
/blog/bmi-formula/index.html,"table cell in ""Feet & InchesTotal InchesMeters""",GENERAL,5′0″,5′0″,,qualitative non-numeric
/blog/bmi-formula/index.html,"table cell in ""Feet & InchesTotal InchesMeters""",GENERAL,60,60,,qualitative non-numeric
/blog/bmi-formula/index.html,"table cell in ""Feet & InchesTotal InchesMeters""",GENERAL,1.524,1.524,,qualitative non-numeric
/blog/bmi-formula/index.html,"table cell in ""Feet & InchesTotal InchesMeters""",GENERAL,5′2″,5′2″,,qualitative non-numeric
/blog/bmi-formula/index.html,"table cell in ""Feet & InchesTotal InchesMeters""",GENERAL,62,62,,qualitative non-numeric
/blog/bmi-formula/index.html,"table cell in ""Feet & InchesTotal InchesMeters""",GENERAL,1.575,1.575,,qualitative non-numeric
/blog/bmi-formula/index.html,"table cell in ""Feet & InchesTotal InchesMeters""",GENERAL,5′4″,5′4″,,qualitative non-numeric
/blog/bmi-formula/index.html,"table cell in ""Feet & InchesTotal InchesMeters""",GENERAL,64,64,,qualitative non-numeric
/blog/bmi-formula/index.html,"table cell in ""Feet & InchesTotal InchesMeters""",GENERAL,1.626,1.626,,qualitative non-numeric
/blog/bmi-formula/index.html,"table cell in ""Feet & InchesTotal InchesMeters""",GENERAL,5′6″,5′6″,,qualitative non-numeric
/blog/bmi-formula/index.html,"table cell in ""Feet & InchesTotal InchesMeters""",GENERAL,66,66,,qualitative non-numeric
/blog/bmi-formula/index.html,"table cell in ""Feet & InchesTotal InchesMeters""",GENERAL,1.676,1.676,,qualitative non-numeric
/blog/bmi-formula/index.html,"table cell in ""Feet & InchesTotal InchesMeters""",GENERAL,5′8″,5′8″,,qualitative non-numeric
/blog/bmi-formula/index.html,"table cell in ""Feet & InchesTotal InchesMeters""",GENERAL,68,68,,qualitative non-numeric
/blog/bmi-formula/index.html,"table cell in ""Feet & InchesTotal InchesMeters""",GENERAL,1.727,1.727,,qualitative non-numeric
/blog/bmi-formula/index.html,"table cell in ""Feet & InchesTotal InchesMeters""",GENERAL,5′10″,5′10″,,qualitative non-numeric
/blog/bmi-formula/index.html,"table cell in ""Feet & InchesTotal InchesMeters""",GENERAL,70,70,,qualitative non-numeric
/blog/bmi-formula/index.html,"table cell in ""Feet & InchesTotal InchesMeters""",GENERAL,1.778,1.778,,qualitative non-numeric
/blog/bmi-formula/index.html,"table cell in ""Feet & InchesTotal InchesMeters""",GENERAL,6′0″,6′0″,,qualitative non-numeric
/blog/bmi-formula/index.html,"table cell in ""Feet & InchesTotal InchesMeters""",GENERAL,72,72,,qualitative non-numeric
/blog/bmi-formula/index.html,"table cell in ""Feet & InchesTotal InchesMeters""",GENERAL,1.829,1.829,,qualitative non-numeric
/blog/bmi-formula/index.html,"table cell in ""Feet & InchesTotal InchesMeters""",GENERAL,6′2″,6′2″,,qualitative non-numeric
/blog/bmi-formula/index.html,"table cell in ""Feet & InchesTotal InchesMeters""",GENERAL,74,74,,qualitative non-numeric
/blog/bmi-formula/index.html,"table cell in ""Feet & InchesTotal InchesMeters""",GENERAL,1.880,1.880,,qualitative non-numeric
/blog/bmi-formula/index.html,"table cell in ""Feet & InchesTotal InchesMeters""",GENERAL,6′4″,6′4″,,qualitative non-numeric
/blog/bmi-formula/index.html,"table cell in ""Feet & InchesTotal InchesMeters""",GENERAL,76,76,,qualitative non-numeric
/blog/bmi-formula/index.html,"table cell in ""Feet & InchesTotal InchesMeters""",GENERAL,1.930,1.930,,qualitative non-numeric
/blog/bmi-formula/index.html,"table cell in ""WeightHeightInchesInches²BMICategory""",GENERAL,Weight,Weight,,qualitative non-numeric
/blog/bmi-formula/index.html,"table cell in ""WeightHeightInchesInches²BMICategory""",GENERAL,Height,Height,,qualitative non-numeric
/blog/bmi-formula/index.html,"table cell in ""WeightHeightInchesInches²BMICategory""",GENERAL,Inches,Inches,,qualitative non-numeric
/blog/bmi-formula/index.html,"table cell in ""WeightHeightInchesInches²BMICategory""",GENERAL,Inches²,Inches²,,qualitative non-numeric
/blog/bmi-formula/index.html,"table cell in ""WeightHeightInchesInches²BMICategory""",GENERAL,BMI,BMI,,qualitative non-numeric
/blog/bmi-formula/index.html,"table cell in ""WeightHeightInchesInches²BMICategory""",GENERAL,Category,Category,,qualitative non-numeric
/blog/bmi-formula/index.html,"table cell in ""WeightHeightInchesInches²BMICategory""",GENERAL,120 lbs,120 lbs,,qualitative non-numeric
/blog/bmi-formula/index.html,"table cell in ""WeightHeightInchesInches²BMICategory""",GENERAL,5′2″,5′2″,,qualitative non-numeric
/blog/bmi-formula/index.html,"table cell in ""WeightHeightInchesInches²BMICategory""",GENERAL,62,62,,qualitative non-numeric
/blog/bmi-formula/index.html,"table cell in ""WeightHeightInchesInches²BMICategory""",GENERAL,"3,844","3,844",,qualitative non-numeric
/blog/bmi-formula/index.html,"table cell in ""WeightHeightInchesInches²BMICategory""",GENERAL,21.9,21.9,,qualitative non-numeric
/blog/bmi-formula/index.html,"table cell in ""WeightHeightInchesInches²BMICategory""",GENERAL,Normal,Normal,,qualitative non-numeric
/blog/bmi-formula/index.html,"table cell in ""WeightHeightInchesInches²BMICategory""",GENERAL,140 lbs,140 lbs,,qualitative non-numeric
/blog/bmi-formula/index.html,"table cell in ""WeightHeightInchesInches²BMICategory""",GENERAL,5′5″,5′5″,,qualitative non-numeric
/blog/bmi-formula/index.html,"table cell in ""WeightHeightInchesInches²BMICategory""",GENERAL,65,65,,qualitative non-numeric
/blog/bmi-formula/index.html,"table cell in ""WeightHeightInchesInches²BMICategory""",GENERAL,"4,225","4,225",,qualitative non-numeric
/blog/bmi-formula/index.html,"table cell in ""WeightHeightInchesInches²BMICategory""",GENERAL,23.3,23.3,,qualitative non-numeric
/blog/bmi-formula/index.html,"table cell in ""WeightHeightInchesInches²BMICategory""",GENERAL,Normal,Normal,,qualitative non-numeric
/blog/bmi-formula/index.html,"table cell in ""WeightHeightInchesInches²BMICategory""",GENERAL,165 lbs,165 lbs,,qualitative non-numeric
/blog/bmi-formula/index.html,"table cell in ""WeightHeightInchesInches²BMICategory""",GENERAL,5′10″,5′10″,,qualitative non-numeric
/blog/bmi-formula/index.html,"table cell in ""WeightHeightInchesInches²BMICategory""",GENERAL,70,70,,qualitative non-numeric
/blog/bmi-formula/index.html,"table cell in ""WeightHeightInchesInches²BMICategory""",GENERAL,"4,900","4,900",,qualitative non-numeric
/blog/bmi-formula/index.html,"table cell in ""WeightHeightInchesInches²BMICategory""",GENERAL,23.7,23.7,,qualitative non-numeric
/blog/bmi-formula/index.html,"table cell in ""WeightHeightInchesInches²BMICategory""",GENERAL,Normal,Normal,,qualitative non-numeric
/blog/bmi-formula/index.html,"table cell in ""WeightHeightInchesInches²BMICategory""",GENERAL,185 lbs,185 lbs,,qualitative non-numeric
/blog/bmi-formula/index.html,"table cell in ""WeightHeightInchesInches²BMICategory""",GENERAL,5′9″,5′9″,,qualitative non-numeric
/blog/bmi-formula/index.html,"table cell in ""WeightHeightInchesInches²BMICategory""",GENERAL,69,69,,qualitative non-numeric
/blog/bmi-formula/index.html,"table cell in ""WeightHeightInchesInches²BMICategory""",GENERAL,"4,761","4,761",,qualitative non-numeric
/blog/bmi-formula/index.html,"table cell in ""WeightHeightInchesInches²BMICategory""",GENERAL,27.3,27.3,,qualitative non-numeric
/blog/bmi-formula/index.html,"table cell in ""WeightHeightInchesInches²BMICategory""",GENERAL,Overweight,Overweight,,qualitative non-numeric
/blog/bmi-formula/index.html,"table cell in ""WeightHeightInchesInches²BMICategory""",GENERAL,220 lbs,220 lbs,,qualitative non-numeric
/blog/bmi-formula/index.html,"table cell in ""WeightHeightInchesInches²BMICategory""",GENERAL,6′0″,6′0″,,qualitative non-numeric
/blog/bmi-formula/index.html,"table cell in ""WeightHeightInchesInches²BMICategory""",GENERAL,72,72,,qualitative non-numeric
/blog/bmi-formula/index.html,"table cell in ""WeightHeightInchesInches²BMICategory""",GENERAL,"5,184","5,184",,qualitative non-numeric
/blog/bmi-formula/index.html,"table cell in ""WeightHeightInchesInches²BMICategory""",GENERAL,29.8,29.8,,qualitative non-numeric
/blog/bmi-formula/index.html,"table cell in ""WeightHeightInchesInches²BMICategory""",GENERAL,Overweight,Overweight,,qualitative non-numeric
/blog/bmi-formula/index.html,"table cell in ""WeightHeightInchesInches²BMICategory""",GENERAL,250 lbs,250 lbs,,qualitative non-numeric
/blog/bmi-formula/index.html,"table cell in ""WeightHeightInchesInches²BMICategory""",GENERAL,5′11″,5′11″,,qualitative non-numeric
/blog/bmi-formula/index.html,"table cell in ""WeightHeightInchesInches²BMICategory""",GENERAL,71,71,,qualitative non-numeric
/blog/bmi-formula/index.html,"table cell in ""WeightHeightInchesInches²BMICategory""",GENERAL,"5,041","5,041",,qualitative non-numeric
/blog/bmi-formula/index.html,"table cell in ""WeightHeightInchesInches²BMICategory""",GENERAL,34.9,34.9,,qualitative non-numeric
/blog/bmi-formula/index.html,"table cell in ""WeightHeightInchesInches²BMICategory""",GENERAL,Obese II,Obese II,,qualitative non-numeric
/blog/bmi-formula/index.html,"table cell in ""WeightHeightInchesInches²BMICategory""",GENERAL,110 lbs,110 lbs,,qualitative non-numeric
/blog/bmi-formula/index.html,"table cell in ""WeightHeightInchesInches²BMICategory""",GENERAL,5′7″,5′7″,,qualitative non-numeric
/blog/bmi-formula/index.html,"table cell in ""WeightHeightInchesInches²BMICategory""",GENERAL,67,67,,qualitative non-numeric
/blog/bmi-formula/index.html,"table cell in ""WeightHeightInchesInches²BMICategory""",GENERAL,"4,489","4,489",,qualitative non-numeric
/blog/bmi-formula/index.html,"table cell in ""WeightHeightInchesInches²BMICategory""",GENERAL,17.2,17.2,,qualitative non-numeric
/blog/bmi-formula/index.html,"table cell in ""WeightHeightInchesInches²BMICategory""",GENERAL,Underweight,Underweight,,qualitative non-numeric
/blog/bmi-formula/index.html,"table cell in ""AspectMetric FormulaImperial Formula""",GENERAL,Aspect,Aspect,,qualitative non-numeric
/blog/bmi-formula/index.html,"table cell in ""AspectMetric FormulaImperial Formula""",GENERAL,Metric Formula,Metric Formula,,qualitative non-numeric
/blog/bmi-formula/index.html,"table cell in ""AspectMetric FormulaImperial Formula""",GENERAL,Imperial Formula,Imperial Formula,,qualitative non-numeric
/blog/bmi-formula/index.html,"table cell in ""AspectMetric FormulaImperial Formula""",GENERAL,Formula,Formula,,qualitative non-numeric
/blog/bmi-formula/index.html,"table cell in ""AspectMetric FormulaImperial Formula""",GENERAL,BMI = kg ÷ m²,BMI = kg ÷ m²,,qualitative non-numeric
/blog/bmi-formula/index.html,"table cell in ""AspectMetric FormulaImperial Formula""",GENERAL,BMI = (lbs ÷ in²) × 703,BMI = (lbs ÷ in²) × 703,,qualitative non-numeric
/blog/bmi-formula/index.html,"table cell in ""AspectMetric FormulaImperial Formula""",GENERAL,Weight unit,Weight unit,,qualitative non-numeric
/blog/bmi-formula/index.html,"table cell in ""AspectMetric FormulaImperial Formula""",GENERAL,Kilograms (kg),Kilograms (kg),,qualitative non-numeric
/blog/bmi-formula/index.html,"table cell in ""AspectMetric FormulaImperial Formula""",GENERAL,Pounds (lbs),Pounds (lbs),,qualitative non-numeric
/blog/bmi-formula/index.html,"table cell in ""AspectMetric FormulaImperial Formula""",GENERAL,Height unit,Height unit,,qualitative non-numeric
/blog/bmi-formula/index.html,"table cell in ""AspectMetric FormulaImperial Formula""",GENERAL,Meters (m),Meters (m),,qualitative non-numeric
/blog/bmi-formula/index.html,"table cell in ""AspectMetric FormulaImperial Formula""",GENERAL,Inches (in),Inches (in),,qualitative non-numeric
/blog/bmi-formula/index.html,"table cell in ""AspectMetric FormulaImperial Formula""",GENERAL,Conversion factor,Conversion factor,,qualitative non-numeric
/blog/bmi-formula/index.html,"table cell in ""AspectMetric FormulaImperial Formula""",GENERAL,None needed,None needed,,qualitative non-numeric
/blog/bmi-formula/index.html,"table cell in ""AspectMetric FormulaImperial Formula""",GENERAL,Multiply by 703,Multiply by 703,,qualitative non-numeric
/blog/bmi-formula/index.html,"table cell in ""AspectMetric FormulaImperial Formula""",GENERAL,Most common error,Most common error,,qualitative non-numeric
/blog/bmi-formula/index.html,"table cell in ""AspectMetric FormulaImperial Formula""",GENERAL,Using cm instead of m,Using cm instead of m,,qualitative non-numeric
/blog/bmi-formula/index.html,"table cell in ""AspectMetric FormulaImperial Formula""",GENERAL,Not converting feet to total inches,Not converting feet to total inches,,qualitative non-numeric
/blog/bmi-formula/index.html,"table cell in ""AspectMetric FormulaImperial Formula""",GENERAL,Steps required,Steps required,,qualitative non-numeric
/blog/bmi-formula/index.html,"table cell in ""AspectMetric FormulaImperial Formula""",GENERAL,3 steps,3 steps,,qualitative non-numeric
/blog/bmi-formula/index.html,"table cell in ""AspectMetric FormulaImperial Formula""",GENERAL,4 steps,4 steps,,qualitative non-numeric
/blog/bmi-formula/index.html,"table cell in ""AspectMetric FormulaImperial Formula""",GENERAL,Result,Result,,qualitative non-numeric
/blog/bmi-formula/index.html,"table cell in ""AspectMetric FormulaImperial Formula""",GENERAL,Same BMI value,Same BMI value,,qualitative non-numeric
/blog/bmi-formula/index.html,"table cell in ""AspectMetric FormulaImperial Formula""",GENERAL,Same BMI value,Same BMI value,,qualitative non-numeric
/blog/bmi-formula/index.html,"table cell in ""BMI RangeCategoryHealth Risk""",GENERAL,BMI Range,BMI Range,,qualitative non-numeric
/blog/bmi-formula/index.html,"table cell in ""BMI RangeCategoryHealth Risk""",GENERAL,Category,Category,,qualitative non-numeric
/blog/bmi-formula/index.html,"table cell in ""BMI RangeCategoryHealth Risk""",GENERAL,Health Risk,Health Risk,,qualitative non-numeric
/blog/bmi-formula/index.html,"table cell in ""BMI RangeCategoryHealth Risk""",GENERAL,< 16.0,< 16.0,,qualitative non-numeric
/blog/bmi-formula/index.html,"table cell in ""BMI RangeCategoryHealth Risk""",GENERAL,Severe Thinness,Severe Thinness,,qualitative non-numeric
/blog/bmi-formula/index.html,"table cell in ""BMI RangeCategoryHealth Risk""",GENERAL,Very High,Very High,,qualitative non-numeric
/blog/bmi-formula/index.html,"table cell in ""BMI RangeCategoryHealth Risk""",GENERAL,16.0 – 16.9,16.0 – 16.9,,qualitative non-numeric
/blog/bmi-formula/index.html,"table cell in ""BMI RangeCategoryHealth Risk""",GENERAL,Moderate Thinness,Moderate Thinness,,qualitative non-numeric
/blog/bmi-formula/index.html,"table cell in ""BMI RangeCategoryHealth Risk""",GENERAL,High,High,,qualitative non-numeric
/blog/bmi-formula/index.html,"table cell in ""BMI RangeCategoryHealth Risk""",GENERAL,17.0 – 18.4,17.0 – 18.4,,qualitative non-numeric
/blog/bmi-formula/index.html,"table cell in ""BMI RangeCategoryHealth Risk""",GENERAL,Mild Thinness,Mild Thinness,,qualitative non-numeric
/blog/bmi-formula/index.html,"table cell in ""BMI RangeCategoryHealth Risk""",GENERAL,Moderate,Moderate,,qualitative non-numeric
/blog/bmi-formula/index.html,"table cell in ""BMI RangeCategoryHealth Risk""",GENERAL,18.5 – 24.9,18.5 – 24.9,,qualitative non-numeric
/blog/bmi-formula/index.html,"table cell in ""BMI RangeCategoryHealth Risk""",GENERAL,Normal Weight,Normal Weight,,qualitative non-numeric
/blog/bmi-formula/index.html,"table cell in ""BMI RangeCategoryHealth Risk""",GENERAL,Low,Low,,qualitative non-numeric
/blog/bmi-formula/index.html,"table cell in ""BMI RangeCategoryHealth Risk""",GENERAL,25.0 – 29.9,25.0 – 29.9,,qualitative non-numeric
/blog/bmi-formula/index.html,"table cell in ""BMI RangeCategoryHealth Risk""",GENERAL,Overweight,Overweight,,qualitative non-numeric
/blog/bmi-formula/index.html,"table cell in ""BMI RangeCategoryHealth Risk""",GENERAL,Moderate,Moderate,,qualitative non-numeric
/blog/bmi-formula/index.html,"table cell in ""BMI RangeCategoryHealth Risk""",GENERAL,30.0 – 34.9,30.0 – 34.9,,qualitative non-numeric
/blog/bmi-formula/index.html,"table cell in ""BMI RangeCategoryHealth Risk""",GENERAL,Obese Class I,Obese Class I,,qualitative non-numeric
/blog/bmi-formula/index.html,"table cell in ""BMI RangeCategoryHealth Risk""",GENERAL,High,High,,qualitative non-numeric
/blog/bmi-formula/index.html,"table cell in ""BMI RangeCategoryHealth Risk""",GENERAL,35.0 – 39.9,35.0 – 39.9,,qualitative non-numeric
/blog/bmi-formula/index.html,"table cell in ""BMI RangeCategoryHealth Risk""",GENERAL,Obese Class II,Obese Class II,,qualitative non-numeric
/blog/bmi-formula/index.html,"table cell in ""BMI RangeCategoryHealth Risk""",GENERAL,Very High,Very High,,qualitative non-numeric
/blog/bmi-formula/index.html,"table cell in ""BMI RangeCategoryHealth Risk""",GENERAL,≥ 40.0,≥ 40.0,,qualitative non-numeric
/blog/bmi-formula/index.html,"table cell in ""BMI RangeCategoryHealth Risk""",GENERAL,Obese Class III,Obese Class III,,qualitative non-numeric
/blog/bmi-formula/index.html,"table cell in ""BMI RangeCategoryHealth Risk""",GENERAL,Extremely High,Extremely High,,qualitative non-numeric
/blog/bmi-formula/index.html,"table cell in ""ConvertFormulaExample""",GENERAL,Convert,Convert,,qualitative non-numeric
/blog/bmi-formula/index.html,"table cell in ""ConvertFormulaExample""",GENERAL,Formula,Formula,,qualitative non-numeric
/blog/bmi-formula/index.html,"table cell in ""ConvertFormulaExample""",GENERAL,Example,Example,,qualitative non-numeric
/blog/bmi-formula/index.html,"table cell in ""ConvertFormulaExample""",GENERAL,Pounds to Kilograms,Pounds to Kilograms,,qualitative non-numeric
/blog/bmi-formula/index.html,"table cell in ""ConvertFormulaExample""",GENERAL,lbs ÷ 2.20462,lbs ÷ 2.20462,,qualitative non-numeric
/blog/bmi-formula/index.html,"table cell in ""ConvertFormulaExample""",GENERAL,165 lbs = 74.8 kg,165 lbs = 74.8 kg,,qualitative non-numeric
/blog/bmi-formula/index.html,"table cell in ""ConvertFormulaExample""",GENERAL,Kilograms to Pounds,Kilograms to Pounds,,qualitative non-numeric
/blog/bmi-formula/index.html,"table cell in ""ConvertFormulaExample""",GENERAL,kg × 2.20462,kg × 2.20462,,qualitative non-numeric
/blog/bmi-formula/index.html,"table cell in ""ConvertFormulaExample""",GENERAL,75 kg = 165.3 lbs,75 kg = 165.3 lbs,,qualitative non-numeric
/blog/bmi-formula/index.html,"table cell in ""ConvertFormulaExample""",GENERAL,Inches to Meters,Inches to Meters,,qualitative non-numeric
/blog/bmi-formula/index.html,"table cell in ""ConvertFormulaExample""",GENERAL,inches × 0.0254,inches × 0.0254,,qualitative non-numeric
/blog/bmi-formula/index.html,"table cell in ""ConvertFormulaExample""",GENERAL,70 in = 1.778 m,70 in = 1.778 m,,qualitative non-numeric
/blog/bmi-formula/index.html,"table cell in ""ConvertFormulaExample""",GENERAL,Meters to Inches,Meters to Inches,,qualitative non-numeric
/blog/bmi-formula/index.html,"table cell in ""ConvertFormulaExample""",GENERAL,meters × 39.3701,meters × 39.3701,,qualitative non-numeric
/blog/bmi-formula/index.html,"table cell in ""ConvertFormulaExample""",GENERAL,1.78 m = 70.1 in,1.78 m = 70.1 in,,qualitative non-numeric
/blog/bmi-formula/index.html,"table cell in ""ConvertFormulaExample""",GENERAL,Feet+Inches to Inches,Feet+Inches to Inches,,qualitative non-numeric
/blog/bmi-formula/index.html,"table cell in ""ConvertFormulaExample""",GENERAL,(feet × 12) + inches,(feet × 12) + inches,,qualitative non-numeric
/blog/bmi-formula/index.html,"table cell in ""ConvertFormulaExample""",GENERAL,5′10″ = 70 in,5′10″ = 70 in,,qualitative non-numeric
/blog/bmi-formula/index.html,"table cell in ""ConvertFormulaExample""",GENERAL,Cm to Meters,Cm to Meters,,qualitative non-numeric
/blog/bmi-formula/index.html,"table cell in ""ConvertFormulaExample""",GENERAL,cm ÷ 100,cm ÷ 100,,qualitative non-numeric
/blog/bmi-formula/index.html,"table cell in ""ConvertFormulaExample""",GENERAL,178 cm = 1.78 m,178 cm = 1.78 m,,qualitative non-numeric
/blog/bmi-history/index.html,"table cell in ""YearContributionSignificance""",GENERAL,Year,Year,,qualitative non-numeric
/blog/bmi-history/index.html,"table cell in ""YearContributionSignificance""",GENERAL,Contribution,Contribution,,qualitative non-numeric
/blog/bmi-history/index.html,"table cell in ""YearContributionSignificance""",GENERAL,Significance,Significance,,qualitative non-numeric
/blog/bmi-history/index.html,"table cell in ""YearContributionSignificance""",GENERAL,1823,1823,,qualitative non-numeric
/blog/bmi-history/index.html,"table cell in ""YearContributionSignificance""",GENERAL,Director of Royal Observatory,Director of Royal Observatory,,qualitative non-numeric
/blog/bmi-history/index.html,"table cell in ""YearContributionSignificance""",GENERAL,Established scientific credibility,Established scientific credibility,,qualitative non-numeric
/blog/bmi-history/index.html,"table cell in ""YearContributionSignificance""",GENERAL,1831,1831,,qualitative non-numeric
/blog/bmi-history/index.html,"table cell in ""YearContributionSignificance""",GENERAL,Founded Belgian Statistical Society,Founded Belgian Statistical Society,,qualitative non-numeric
/blog/bmi-history/index.html,"table cell in ""YearContributionSignificance""",GENERAL,Pioneered modern statistics,Pioneered modern statistics,,qualitative non-numeric
/blog/bmi-history/index.html,"table cell in ""YearContributionSignificance""",DELETE,1832-35,,,unsourced specific/magnitude claim
/blog/bmi-history/index.html,"table cell in ""YearContributionSignificance""",GENERAL,Created Quetelet Index,Created Quetelet Index,,qualitative non-numeric
/blog/bmi-history/index.html,"table cell in ""YearContributionSignificance""",GENERAL,The formula we now call BMI,The formula we now call BMI,,qualitative non-numeric
/blog/bmi-history/index.html,"table cell in ""YearContributionSignificance""",GENERAL,1835,1835,,qualitative non-numeric
/blog/bmi-history/index.html,"table cell in ""YearContributionSignificance""",GENERAL,"Published ""Treatise on Man""","Published ""Treatise on Man""",,qualitative non-numeric
/blog/bmi-history/index.html,"table cell in ""YearContributionSignificance""",GENERAL,"Introduced concept of ""average man""","Introduced concept of ""average man""",,qualitative non-numeric
/blog/bmi-history/index.html,"table cell in ""YearContributionSignificance""",GENERAL,1841,1841,,qualitative non-numeric
/blog/bmi-history/index.html,"table cell in ""YearContributionSignificance""",GENERAL,Founded International Statistical Congress,Founded International Statistical Congress,,qualitative non-numeric
/blog/bmi-history/index.html,"table cell in ""YearContributionSignificance""",GENERAL,Standardized global data collection,Standardized global data collection,,qualitative non-numeric
/blog/bmi-history/index.html,"table cell in ""IndexFormulaKeys' Assessment""",GENERAL,Index,Index,,qualitative non-numeric
/blog/bmi-history/index.html,"table cell in ""IndexFormulaKeys' Assessment""",GENERAL,Formula,Formula,,qualitative non-numeric
/blog/bmi-history/index.html,"table cell in ""IndexFormulaKeys' Assessment""",GENERAL,Keys' Assessment,Keys' Assessment,,qualitative non-numeric
/blog/bmi-history/index.html,"table cell in ""IndexFormulaKeys' Assessment""",GENERAL,Weight/Height,Weight/Height,,qualitative non-numeric
/blog/bmi-history/index.html,"table cell in ""IndexFormulaKeys' Assessment""",GENERAL,W/H,W/H,,qualitative non-numeric
/blog/bmi-history/index.html,"table cell in ""IndexFormulaKeys' Assessment""",GENERAL,High correlation with height (biased),High correlation with height (biased),,qualitative non-numeric
/blog/bmi-history/index.html,"table cell in ""IndexFormulaKeys' Assessment""",GENERAL,Weight/Height²,Weight/Height²,,qualitative non-numeric
/blog/bmi-history/index.html,"table cell in ""IndexFormulaKeys' Assessment""",GENERAL,W/H²,W/H²,,qualitative non-numeric
/blog/bmi-history/index.html,"table cell in ""IndexFormulaKeys' Assessment""",GENERAL,"Best balance: low height correlation, high fat correlation","Best balance: low height correlation, high fat correlation",,qualitative non-numeric
/blog/bmi-history/index.html,"table cell in ""IndexFormulaKeys' Assessment""",GENERAL,Weight/Height³,Weight/Height³,,qualitative non-numeric
/blog/bmi-history/index.html,"table cell in ""IndexFormulaKeys' Assessment""",GENERAL,W/H³,W/H³,,qualitative non-numeric
/blog/bmi-history/index.html,"table cell in ""IndexFormulaKeys' Assessment""",GENERAL,Negative correlation with height,Negative correlation with height,,qualitative non-numeric
/blog/bmi-history/index.html,"table cell in ""IndexFormulaKeys' Assessment""",GENERAL,Ponderal Index,Ponderal Index,,qualitative non-numeric
/blog/bmi-history/index.html,"table cell in ""IndexFormulaKeys' Assessment""",GENERAL,H/W1/3,H/W1/3,,qualitative non-numeric
/blog/bmi-history/index.html,"table cell in ""IndexFormulaKeys' Assessment""",GENERAL,Less predictive of body fat,Less predictive of body fat,,qualitative non-numeric
/blog/bmi-history/index.html,"table cell in ""BMI (kg/m²)ClassificationRisk of Comorbidities""",GENERAL,BMI (kg/m²),BMI (kg/m²),,qualitative non-numeric
/blog/bmi-history/index.html,"table cell in ""BMI (kg/m²)ClassificationRisk of Comorbidities""",GENERAL,Classification,Classification,,qualitative non-numeric
/blog/bmi-history/index.html,"table cell in ""BMI (kg/m²)ClassificationRisk of Comorbidities""",GENERAL,Risk of Comorbidities,Risk of Comorbidities,,qualitative non-numeric
/blog/bmi-history/index.html,"table cell in ""BMI (kg/m²)ClassificationRisk of Comorbidities""",GENERAL,< 18.5,< 18.5,,qualitative non-numeric
/blog/bmi-history/index.html,"table cell in ""BMI (kg/m²)ClassificationRisk of Comorbidities""",GENERAL,Underweight,Underweight,,qualitative non-numeric
/blog/bmi-history/index.html,"table cell in ""BMI (kg/m²)ClassificationRisk of Comorbidities""",GENERAL,Low (but other risks),Low (but other risks),,qualitative non-numeric
/blog/bmi-history/index.html,"table cell in ""BMI (kg/m²)ClassificationRisk of Comorbidities""",GENERAL,18.5 - 24.9,18.5 - 24.9,,qualitative non-numeric
/blog/bmi-history/index.html,"table cell in ""BMI (kg/m²)ClassificationRisk of Comorbidities""",GENERAL,Normal range,Normal range,,qualitative non-numeric
/blog/bmi-history/index.html,"table cell in ""BMI (kg/m²)ClassificationRisk of Comorbidities""",GENERAL,Average,Average,,qualitative non-numeric
/blog/bmi-history/index.html,"table cell in ""BMI (kg/m²)ClassificationRisk of Comorbidities""",GENERAL,25.0 - 29.9,25.0 - 29.9,,qualitative non-numeric
/blog/bmi-history/index.html,"table cell in ""BMI (kg/m²)ClassificationRisk of Comorbidities""",GENERAL,Pre-obese (Overweight),Pre-obese (Overweight),,qualitative non-numeric
/blog/bmi-history/index.html,"table cell in ""BMI (kg/m²)ClassificationRisk of Comorbidities""",GENERAL,Increased,Increased,,qualitative non-numeric
/blog/bmi-history/index.html,"table cell in ""BMI (kg/m²)ClassificationRisk of Comorbidities""",GENERAL,30.0 - 34.9,30.0 - 34.9,,qualitative non-numeric
/blog/bmi-history/index.html,"table cell in ""BMI (kg/m²)ClassificationRisk of Comorbidities""",GENERAL,Obese Class I,Obese Class I,,qualitative non-numeric
/blog/bmi-history/index.html,"table cell in ""BMI (kg/m²)ClassificationRisk of Comorbidities""",GENERAL,Moderate,Moderate,,qualitative non-numeric
/blog/bmi-history/index.html,"table cell in ""BMI (kg/m²)ClassificationRisk of Comorbidities""",GENERAL,35.0 - 39.9,35.0 - 39.9,,qualitative non-numeric
/blog/bmi-history/index.html,"table cell in ""BMI (kg/m²)ClassificationRisk of Comorbidities""",GENERAL,Obese Class II,Obese Class II,,qualitative non-numeric
/blog/bmi-history/index.html,"table cell in ""BMI (kg/m²)ClassificationRisk of Comorbidities""",GENERAL,Severe,Severe,,qualitative non-numeric
/blog/bmi-history/index.html,"table cell in ""BMI (kg/m²)ClassificationRisk of Comorbidities""",GENERAL,≥ 40.0,≥ 40.0,,qualitative non-numeric
/blog/bmi-history/index.html,"table cell in ""BMI (kg/m²)ClassificationRisk of Comorbidities""",GENERAL,Obese Class III,Obese Class III,,qualitative non-numeric
/blog/bmi-history/index.html,"table cell in ""BMI (kg/m²)ClassificationRisk of Comorbidities""",GENERAL,Very Severe,Very Severe,,qualitative non-numeric
/blog/bmi-history/index.html,"table cell in ""Year Organization Underweight Normal Overweight Obese""",GENERAL,Year,Year,,qualitative non-numeric
/blog/bmi-history/index.html,"table cell in ""Year Organization Underweight Normal Overweight Obese""",GENERAL,Organization,Organization,,qualitative non-numeric
/blog/bmi-history/index.html,"table cell in ""Year Organization Underweight Normal Overweight Obese""",GENERAL,Underweight,Underweight,,qualitative non-numeric
/blog/bmi-history/index.html,"table cell in ""Year Organization Underweight Normal Overweight Obese""",GENERAL,Normal,Normal,,qualitative non-numeric
/blog/bmi-history/index.html,"table cell in ""Year Organization Underweight Normal Overweight Obese""",GENERAL,Overweight,Overweight,,qualitative non-numeric
/blog/bmi-history/index.html,"table cell in ""Year Organization Underweight Normal Overweight Obese""",GENERAL,Obese,Obese,,qualitative non-numeric
/blog/bmi-history/index.html,"table cell in ""Year Organization Underweight Normal Overweight Obese""",GENERAL,1985,1985,,qualitative non-numeric
/blog/bmi-history/index.html,"table cell in ""Year Organization Underweight Normal Overweight Obese""",GENERAL,NIH (Original),NIH (Original),,qualitative non-numeric
/blog/bmi-history/index.html,"table cell in ""Year Organization Underweight Normal Overweight Obese""",GENERAL,< 20,< 20,,qualitative non-numeric
/blog/bmi-history/index.html,"table cell in ""Year Organization Underweight Normal Overweight Obese""",DELETE,20-24.9,,,unsourced specific/magnitude claim
/blog/bmi-history/index.html,"table cell in ""Year Organization Underweight Normal Overweight Obese""",DELETE,27-29.9,,,unsourced specific/magnitude claim
/blog/bmi-history/index.html,"table cell in ""Year Organization Underweight Normal Overweight Obese""",GENERAL,≥ 30,≥ 30,,qualitative non-numeric
/blog/bmi-history/index.html,"table cell in ""Year Organization Underweight Normal Overweight Obese""",GENERAL,1995,1995,,qualitative non-numeric
/blog/bmi-history/index.html,"table cell in ""Year Organization Underweight Normal Overweight Obese""",GENERAL,WHO,WHO,,qualitative non-numeric
/blog/bmi-history/index.html,"table cell in ""Year Organization Underweight Normal Overweight Obese""",GENERAL,< 18.5,< 18.5,,qualitative non-numeric
/blog/bmi-history/index.html,"table cell in ""Year Organization Underweight Normal Overweight Obese""",DELETE,18.5-24.9,,,unsourced specific/magnitude claim
/blog/bmi-history/index.html,"table cell in ""Year Organization Underweight Normal Overweight Obese""",DELETE,25-29.9,,,unsourced specific/magnitude claim
/blog/bmi-history/index.html,"table cell in ""Year Organization Underweight Normal Overweight Obese""",GENERAL,≥ 30,≥ 30,,qualitative non-numeric
/blog/bmi-history/index.html,"table cell in ""Year Organization Underweight Normal Overweight Obese""",GENERAL,1998,1998,,qualitative non-numeric
/blog/bmi-history/index.html,"table cell in ""Year Organization Underweight Normal Overweight Obese""",GENERAL,NIH (Revised),NIH (Revised),,qualitative non-numeric
/blog/bmi-history/index.html,"table cell in ""Year Organization Underweight Normal Overweight Obese""",GENERAL,< 18.5,< 18.5,,qualitative non-numeric
/blog/bmi-history/index.html,"table cell in ""Year Organization Underweight Normal Overweight Obese""",DELETE,18.5-24.9,,,unsourced specific/magnitude claim
/blog/bmi-history/index.html,"table cell in ""Year Organization Underweight Normal Overweight Obese""",DELETE,25-29.9,,,unsourced specific/magnitude claim
/blog/bmi-history/index.html,"table cell in ""Year Organization Underweight Normal Overweight Obese""",GENERAL,≥ 30,≥ 30,,qualitative non-numeric
/blog/bmi-history/index.html,"table cell in ""Year Organization Underweight Normal Overweight Obese""",GENERAL,2004,2004,,qualitative non-numeric
/blog/bmi-history/index.html,"table cell in ""Year Organization Underweight Normal Overweight Obese""",GENERAL,WHO (Asian),WHO (Asian),,qualitative non-numeric
/blog/bmi-history/index.html,"table cell in ""Year Organization Underweight Normal Overweight Obese""",GENERAL,< 18.5,< 18.5,,qualitative non-numeric
/blog/bmi-history/index.html,"table cell in ""Year Organization Underweight Normal Overweight Obese""",DELETE,18.5-22.9,,,unsourced specific/magnitude claim
/blog/bmi-history/index.html,"table cell in ""Year Organization Underweight Normal Overweight Obese""",DELETE,23-27.4,,,unsourced specific/magnitude claim
/blog/bmi-history/index.html,"table cell in ""Year Organization Underweight Normal Overweight Obese""",GENERAL,≥ 27.5,≥ 27.5,,qualitative non-numeric
/blog/bmi-history/index.html,"table cell in ""Year Organization Underweight Normal Overweight Obese""",GENERAL,2026,2026,,qualitative non-numeric
/blog/bmi-history/index.html,"table cell in ""Year Organization Underweight Normal Overweight Obese""",GENERAL,Current Standard,Current Standard,,qualitative non-numeric
/blog/bmi-history/index.html,"table cell in ""Year Organization Underweight Normal Overweight Obese""",GENERAL,< 18.5,< 18.5,,qualitative non-numeric
/blog/bmi-history/index.html,"table cell in ""Year Organization Underweight Normal Overweight Obese""",DELETE,18.5-24.9,,,unsourced specific/magnitude claim
/blog/bmi-history/index.html,"table cell in ""Year Organization Underweight Normal Overweight Obese""",DELETE,25-29.9,,,unsourced specific/magnitude claim
/blog/bmi-history/index.html,"table cell in ""Year Organization Underweight Normal Overweight Obese""",GENERAL,≥ 30,≥ 30,,qualitative non-numeric
/blog/bmi-history/index.html,"table cell in ""Athlete TypeTypical BMICategoryActual Body Fat""",GENERAL,Athlete Type,Athlete Type,,qualitative non-numeric
/blog/bmi-history/index.html,"table cell in ""Athlete TypeTypical BMICategoryActual Body Fat""",GENERAL,Typical BMI,Typical BMI,,qualitative non-numeric
/blog/bmi-history/index.html,"table cell in ""Athlete TypeTypical BMICategoryActual Body Fat""",GENERAL,Category,Category,,qualitative non-numeric
/blog/bmi-history/index.html,"table cell in ""Athlete TypeTypical BMICategoryActual Body Fat""",GENERAL,Actual Body Fat,Actual Body Fat,,qualitative non-numeric
/blog/bmi-history/index.html,"table cell in ""Athlete TypeTypical BMICategoryActual Body Fat""",GENERAL,NFL Running Back,NFL Running Back,,qualitative non-numeric
/blog/bmi-history/index.html,"table cell in ""Athlete TypeTypical BMICategoryActual Body Fat""",DELETE,28-32,,,unsourced specific/magnitude claim
/blog/bmi-history/index.html,"table cell in ""Athlete TypeTypical BMICategoryActual Body Fat""",GENERAL,Overweight/Obese,Overweight/Obese,,qualitative non-numeric
/blog/bmi-history/index.html,"table cell in ""Athlete TypeTypical BMICategoryActual Body Fat""",DELETE,8-12%,,,unsourced specific/magnitude claim
/blog/bmi-history/index.html,"table cell in ""Athlete TypeTypical BMICategoryActual Body Fat""",GENERAL,Olympic Sprinter,Olympic Sprinter,,qualitative non-numeric
/blog/bmi-history/index.html,"table cell in ""Athlete TypeTypical BMICategoryActual Body Fat""",DELETE,25-28,,,unsourced specific/magnitude claim
/blog/bmi-history/index.html,"table cell in ""Athlete TypeTypical BMICategoryActual Body Fat""",GENERAL,Overweight,Overweight,,qualitative non-numeric
/blog/bmi-history/index.html,"table cell in ""Athlete TypeTypical BMICategoryActual Body Fat""",DELETE,6-10%,,,unsourced specific/magnitude claim
/blog/bmi-history/index.html,"table cell in ""Athlete TypeTypical BMICategoryActual Body Fat""",GENERAL,Professional Bodybuilder,Professional Bodybuilder,,qualitative non-numeric
/blog/bmi-history/index.html,"table cell in ""Athlete TypeTypical BMICategoryActual Body Fat""",DELETE,30-35,,,unsourced specific/magnitude claim
/blog/bmi-history/index.html,"table cell in ""Athlete TypeTypical BMICategoryActual Body Fat""",GENERAL,Obese,Obese,,qualitative non-numeric
/blog/bmi-history/index.html,"table cell in ""Athlete TypeTypical BMICategoryActual Body Fat""",DELETE,5-8%,,,unsourced specific/magnitude claim
/blog/bmi-history/index.html,"table cell in ""Athlete TypeTypical BMICategoryActual Body Fat""",GENERAL,NBA Power Forward,NBA Power Forward,,qualitative non-numeric
/blog/bmi-history/index.html,"table cell in ""Athlete TypeTypical BMICategoryActual Body Fat""",DELETE,26-29,,,unsourced specific/magnitude claim
/blog/bmi-history/index.html,"table cell in ""Athlete TypeTypical BMICategoryActual Body Fat""",GENERAL,Overweight,Overweight,,qualitative non-numeric
/blog/bmi-history/index.html,"table cell in ""Athlete TypeTypical BMICategoryActual Body Fat""",DELETE,8-12%,,,unsourced specific/magnitude claim
/blog/bmi-history/index.html,"table cell in ""MetricWhat It MeasuresAdvantage Over BMILimitation""",GENERAL,Metric,Metric,,qualitative non-numeric
/blog/bmi-history/index.html,"table cell in ""MetricWhat It MeasuresAdvantage Over BMILimitation""",GENERAL,What It Measures,What It Measures,,qualitative non-numeric
/blog/bmi-history/index.html,"table cell in ""MetricWhat It MeasuresAdvantage Over BMILimitation""",GENERAL,Advantage Over BMI,Advantage Over BMI,,qualitative non-numeric
/blog/bmi-history/index.html,"table cell in ""MetricWhat It MeasuresAdvantage Over BMILimitation""",GENERAL,Limitation,Limitation,,qualitative non-numeric
/blog/bmi-history/index.html,"table cell in ""MetricWhat It MeasuresAdvantage Over BMILimitation""",GENERAL,Waist Circumference,Waist Circumference,,qualitative non-numeric
/blog/bmi-history/index.html,"table cell in ""MetricWhat It MeasuresAdvantage Over BMILimitation""",GENERAL,Abdominal fat,Abdominal fat,,qualitative non-numeric
/blog/bmi-history/index.html,"table cell in ""MetricWhat It MeasuresAdvantage Over BMILimitation""",GENERAL,Better predictor of cardiovascular risk,Better predictor of cardiovascular risk,,qualitative non-numeric
/blog/bmi-history/index.html,"table cell in ""MetricWhat It MeasuresAdvantage Over BMILimitation""",GENERAL,Doesn't account for height,Doesn't account for height,,qualitative non-numeric
/blog/bmi-history/index.html,"table cell in ""MetricWhat It MeasuresAdvantage Over BMILimitation""",GENERAL,Waist-to-Hip Ratio,Waist-to-Hip Ratio,,qualitative non-numeric
/blog/bmi-history/index.html,"table cell in ""MetricWhat It MeasuresAdvantage Over BMILimitation""",GENERAL,Fat distribution,Fat distribution,,qualitative non-numeric
/blog/bmi-history/index.html,"table cell in ""MetricWhat It MeasuresAdvantage Over BMILimitation""",GENERAL,"Identifies ""apple"" vs ""pear"" shape","Identifies ""apple"" vs ""pear"" shape",,qualitative non-numeric
/blog/bmi-history/index.html,"table cell in ""MetricWhat It MeasuresAdvantage Over BMILimitation""",GENERAL,Requires two measurements,Requires two measurements,,qualitative non-numeric
/blog/bmi-history/index.html,"table cell in ""MetricWhat It MeasuresAdvantage Over BMILimitation""",GENERAL,Waist-to-Height Ratio,Waist-to-Height Ratio,,qualitative non-numeric
/blog/bmi-history/index.html,"table cell in ""MetricWhat It MeasuresAdvantage Over BMILimitation""",GENERAL,Relative abdominal fat,Relative abdominal fat,,qualitative non-numeric
/blog/bmi-history/index.html,"table cell in ""MetricWhat It MeasuresAdvantage Over BMILimitation""",GENERAL,"Simple, height-adjusted","Simple, height-adjusted",,qualitative non-numeric
/blog/bmi-history/index.html,"table cell in ""MetricWhat It MeasuresAdvantage Over BMILimitation""",GENERAL,Less validated than BMI,Less validated than BMI,,qualitative non-numeric
/blog/bmi-history/index.html,"table cell in ""MetricWhat It MeasuresAdvantage Over BMILimitation""",GENERAL,Body Fat Percentage,Body Fat Percentage,,qualitative non-numeric
/blog/bmi-history/index.html,"table cell in ""MetricWhat It MeasuresAdvantage Over BMILimitation""",GENERAL,Actual adiposity,Actual adiposity,,qualitative non-numeric
/blog/bmi-history/index.html,"table cell in ""MetricWhat It MeasuresAdvantage Over BMILimitation""",GENERAL,Directly measures what matters,Directly measures what matters,,qualitative non-numeric
/blog/bmi-history/index.html,"table cell in ""MetricWhat It MeasuresAdvantage Over BMILimitation""",GENERAL,Requires specialized equipment,Requires specialized equipment,,qualitative non-numeric
/blog/bmi-history/index.html,"table cell in ""MetricWhat It MeasuresAdvantage Over BMILimitation""",GENERAL,ABSI (A Body Shape Index),ABSI (A Body Shape Index),,qualitative non-numeric
/blog/bmi-history/index.html,"table cell in ""MetricWhat It MeasuresAdvantage Over BMILimitation""",GENERAL,Waist relative to BMI,Waist relative to BMI,,qualitative non-numeric
/blog/bmi-history/index.html,"table cell in ""MetricWhat It MeasuresAdvantage Over BMILimitation""",GENERAL,Independent predictor of mortality,Independent predictor of mortality,,qualitative non-numeric
/blog/bmi-history/index.html,"table cell in ""MetricWhat It MeasuresAdvantage Over BMILimitation""",GENERAL,Complex calculation,Complex calculation,,qualitative non-numeric
/blog/bmi-history/index.html,"table cell in ""YearEventKey Figure/OrganizationImpact""",GENERAL,Year,Year,,qualitative non-numeric
/blog/bmi-history/index.html,"table cell in ""YearEventKey Figure/OrganizationImpact""",GENERAL,Event,Event,,qualitative non-numeric
/blog/bmi-history/index.html,"table cell in ""YearEventKey Figure/OrganizationImpact""",GENERAL,Key Figure/Organization,Key Figure/Organization,,qualitative non-numeric
/blog/bmi-history/index.html,"table cell in ""YearEventKey Figure/OrganizationImpact""",GENERAL,Impact,Impact,,qualitative non-numeric
/blog/bmi-history/index.html,"table cell in ""YearEventKey Figure/OrganizationImpact""",DELETE,1832-35,,,unsourced specific/magnitude claim
/blog/bmi-history/index.html,"table cell in ""YearEventKey Figure/OrganizationImpact""",GENERAL,Quetelet Index created,Quetelet Index created,,qualitative non-numeric
/blog/bmi-history/index.html,"table cell in ""YearEventKey Figure/OrganizationImpact""",GENERAL,Adolphe Quetelet,Adolphe Quetelet,,qualitative non-numeric
/blog/bmi-history/index.html,"table cell in ""YearEventKey Figure/OrganizationImpact""",GENERAL,Foundation of BMI formula,Foundation of BMI formula,,qualitative non-numeric
/blog/bmi-history/index.html,"table cell in ""YearEventKey Figure/OrganizationImpact""",GENERAL,1835,1835,,qualitative non-numeric
/blog/bmi-history/index.html,"table cell in ""YearEventKey Figure/OrganizationImpact""",GENERAL,"""Treatise on Man"" published","""Treatise on Man"" published",,qualitative non-numeric
/blog/bmi-history/index.html,"table cell in ""YearEventKey Figure/OrganizationImpact""",GENERAL,Adolphe Quetelet,Adolphe Quetelet,,qualitative non-numeric
/blog/bmi-history/index.html,"table cell in ""YearEventKey Figure/OrganizationImpact""",GENERAL,"Introduced concept of ""average man""","Introduced concept of ""average man""",,qualitative non-numeric
/blog/bmi-history/index.html,"table cell in ""YearEventKey Figure/OrganizationImpact""",GENERAL,1897,1897,,qualitative non-numeric
/blog/bmi-history/index.html,"table cell in ""YearEventKey Figure/OrganizationImpact""",GENERAL,Insurance mortality data collection begins,Insurance mortality data collection begins,,qualitative non-numeric
/blog/bmi-history/index.html,"table cell in ""YearEventKey Figure/OrganizationImpact""",GENERAL,Life Insurance Medical Directors,Life Insurance Medical Directors,,qualitative non-numeric
/blog/bmi-history/index.html,"table cell in ""YearEventKey Figure/OrganizationImpact""",GENERAL,Weight-mortality link established,Weight-mortality link established,,qualitative non-numeric
/blog/bmi-history/index.html,"table cell in ""YearEventKey Figure/OrganizationImpact""",GENERAL,1943,1943,,qualitative non-numeric
/blog/bmi-history/index.html,"table cell in ""YearEventKey Figure/OrganizationImpact""",GENERAL,Metropolitan Life tables published,Metropolitan Life tables published,,qualitative non-numeric
/blog/bmi-history/index.html,"table cell in ""YearEventKey Figure/OrganizationImpact""",GENERAL,Metropolitan Life Insurance,Metropolitan Life Insurance,,qualitative non-numeric
/blog/bmi-history/index.html,"table cell in ""YearEventKey Figure/OrganizationImpact""",GENERAL,Ideal weight becomes clinical tool,Ideal weight becomes clinical tool,,qualitative non-numeric
/blog/bmi-history/index.html,"table cell in ""YearEventKey Figure/OrganizationImpact""",GENERAL,1959,1959,,qualitative non-numeric
/blog/bmi-history/index.html,"table cell in ""YearEventKey Figure/OrganizationImpact""",GENERAL,Updated Metropolitan tables,Updated Metropolitan tables,,qualitative non-numeric
/blog/bmi-history/index.html,"table cell in ""YearEventKey Figure/OrganizationImpact""",GENERAL,Metropolitan Life Insurance,Metropolitan Life Insurance,,qualitative non-numeric
/blog/bmi-history/index.html,"table cell in ""YearEventKey Figure/OrganizationImpact""",DELETE,Refined weight recommendations,,,prescriptive
/blog/bmi-history/index.html,"table cell in ""YearEventKey Figure/OrganizationImpact""",GENERAL,1972,1972,,qualitative non-numeric
/blog/bmi-history/index.html,"table cell in ""YearEventKey Figure/OrganizationImpact""",GENERAL,"""Body Mass Index"" named","""Body Mass Index"" named",,qualitative non-numeric
/blog/bmi-history/index.html,"table cell in ""YearEventKey Figure/OrganizationImpact""",GENERAL,Ancel Keys,Ancel Keys,,qualitative non-numeric
/blog/bmi-history/index.html,"table cell in ""YearEventKey Figure/OrganizationImpact""",GENERAL,BMI enters medical vocabulary,BMI enters medical vocabulary,,qualitative non-numeric
/blog/bmi-history/index.html,"table cell in ""YearEventKey Figure/OrganizationImpact""",GENERAL,1985,1985,,qualitative non-numeric
/blog/bmi-history/index.html,"table cell in ""YearEventKey Figure/OrganizationImpact""",GENERAL,NIH adopts BMI,NIH adopts BMI,,qualitative non-numeric
/blog/bmi-history/index.html,"table cell in ""YearEventKey Figure/OrganizationImpact""",GENERAL,National Institutes of Health,National Institutes of Health,,qualitative non-numeric
/blog/bmi-history/index.html,"table cell in ""YearEventKey Figure/OrganizationImpact""",GENERAL,BMI becomes US medical standard,BMI becomes US medical standard,,qualitative non-numeric
/blog/bmi-history/index.html,"table cell in ""YearEventKey Figure/OrganizationImpact""",GENERAL,1995,1995,,qualitative non-numeric
/blog/bmi-history/index.html,"table cell in ""YearEventKey Figure/OrganizationImpact""",GENERAL,WHO classification established,WHO classification established,,qualitative non-numeric
/blog/bmi-history/index.html,"table cell in ""YearEventKey Figure/OrganizationImpact""",GENERAL,World Health Organization,World Health Organization,,qualitative non-numeric
/blog/bmi-history/index.html,"table cell in ""YearEventKey Figure/OrganizationImpact""",GENERAL,Global BMI categories created,Global BMI categories created,,qualitative non-numeric
/blog/bmi-history/index.html,"table cell in ""YearEventKey Figure/OrganizationImpact""",GENERAL,1998,1998,,qualitative non-numeric
/blog/bmi-history/index.html,"table cell in ""YearEventKey Figure/OrganizationImpact""",GENERAL,NIH lowers overweight cutoff,NIH lowers overweight cutoff,,qualitative non-numeric
/blog/bmi-history/index.html,"table cell in ""YearEventKey Figure/OrganizationImpact""",GENERAL,National Institutes of Health,National Institutes of Health,,qualitative non-numeric
/blog/bmi-history/index.html,"table cell in ""YearEventKey Figure/OrganizationImpact""",GENERAL,29 million reclassified overnight,29 million reclassified overnight,,qualitative non-numeric
/blog/bmi-history/index.html,"table cell in ""YearEventKey Figure/OrganizationImpact""",GENERAL,2000,2000,,qualitative non-numeric
/blog/bmi-history/index.html,"table cell in ""YearEventKey Figure/OrganizationImpact""",GENERAL,WHO obesity report,WHO obesity report,,qualitative non-numeric
/blog/bmi-history/index.html,"table cell in ""YearEventKey Figure/OrganizationImpact""",GENERAL,World Health Organization,World Health Organization,,qualitative non-numeric
/blog/bmi-history/index.html,"table cell in ""YearEventKey Figure/OrganizationImpact""",GENERAL,Obesity declared global epidemic,Obesity declared global epidemic,,qualitative non-numeric
/blog/bmi-history/index.html,"table cell in ""YearEventKey Figure/OrganizationImpact""",GENERAL,2004,2004,,qualitative non-numeric
/blog/bmi-history/index.html,"table cell in ""YearEventKey Figure/OrganizationImpact""",GENERAL,Asian-specific cutoffs proposed,Asian-specific cutoffs proposed,,qualitative non-numeric
/blog/bmi-history/index.html,"table cell in ""YearEventKey Figure/OrganizationImpact""",GENERAL,WHO Expert Consultation,WHO Expert Consultation,,qualitative non-numeric
/blog/bmi-history/index.html,"table cell in ""YearEventKey Figure/OrganizationImpact""",GENERAL,Ethnic variation acknowledged,Ethnic variation acknowledged,,qualitative non-numeric
/blog/bmi-history/index.html,"table cell in ""YearEventKey Figure/OrganizationImpact""",GENERAL,2013,2013,,qualitative non-numeric
/blog/bmi-history/index.html,"table cell in ""YearEventKey Figure/OrganizationImpact""",GENERAL,"""New BMI"" proposed","""New BMI"" proposed",,qualitative non-numeric
/blog/bmi-history/index.html,"table cell in ""YearEventKey Figure/OrganizationImpact""",GENERAL,Nick Trefethen,Nick Trefethen,,qualitative non-numeric
/blog/bmi-history/index.html,"table cell in ""YearEventKey Figure/OrganizationImpact""",GENERAL,Height bias addressed,Height bias addressed,,qualitative non-numeric
/blog/bmi-history/index.html,"table cell in ""YearEventKey Figure/OrganizationImpact""",GENERAL,2023,2023,,qualitative non-numeric
/blog/bmi-history/index.html,"table cell in ""YearEventKey Figure/OrganizationImpact""",GENERAL,AMA acknowledges limitations,AMA acknowledges limitations,,qualitative non-numeric
/blog/bmi-history/index.html,"table cell in ""YearEventKey Figure/OrganizationImpact""",GENERAL,American Medical Association,American Medical Association,,qualitative non-numeric
/blog/bmi-history/index.html,"table cell in ""YearEventKey Figure/OrganizationImpact""",GENERAL,Call for additional metrics,Call for additional metrics,,qualitative non-numeric
/blog/bmi-chart-explained/index.html,"table cell in ""BMI RangeCategoryChart ColorPopulation %*""",GENERAL,BMI Range,BMI Range,,qualitative non-numeric
/blog/bmi-chart-explained/index.html,"table cell in ""BMI RangeCategoryChart ColorPopulation %*""",GENERAL,Category,Category,,qualitative non-numeric
/blog/bmi-chart-explained/index.html,"table cell in ""BMI RangeCategoryChart ColorPopulation %*""",GENERAL,Chart Color,Chart Color,,qualitative non-numeric
/blog/bmi-chart-explained/index.html,"table cell in ""BMI RangeCategoryChart ColorPopulation %*""",GENERAL,Population %*,Population %*,,qualitative non-numeric
/blog/bmi-chart-explained/index.html,"table cell in ""BMI RangeCategoryChart ColorPopulation %*""",GENERAL,< 16.0,< 16.0,,qualitative non-numeric
/blog/bmi-chart-explained/index.html,"table cell in ""BMI RangeCategoryChart ColorPopulation %*""",GENERAL,Severe Thinness,Severe Thinness,,qualitative non-numeric
/blog/bmi-chart-explained/index.html,"table cell in ""BMI RangeCategoryChart ColorPopulation %*""",GENERAL,Blue,Blue,,qualitative non-numeric
/blog/bmi-chart-explained/index.html,"table cell in ""BMI RangeCategoryChart ColorPopulation %*""",DELETE,0.5%,,,unsourced specific/magnitude claim
/blog/bmi-chart-explained/index.html,"table cell in ""BMI RangeCategoryChart ColorPopulation %*""",GENERAL,16.0 - 16.9,16.0 - 16.9,,qualitative non-numeric
/blog/bmi-chart-explained/index.html,"table cell in ""BMI RangeCategoryChart ColorPopulation %*""",GENERAL,Moderate Thinness,Moderate Thinness,,qualitative non-numeric
/blog/bmi-chart-explained/index.html,"table cell in ""BMI RangeCategoryChart ColorPopulation %*""",GENERAL,Light Blue,Light Blue,,qualitative non-numeric
/blog/bmi-chart-explained/index.html,"table cell in ""BMI RangeCategoryChart ColorPopulation %*""",DELETE,0.4%,,,unsourced specific/magnitude claim
/blog/bmi-chart-explained/index.html,"table cell in ""BMI RangeCategoryChart ColorPopulation %*""",GENERAL,17.0 - 18.4,17.0 - 18.4,,qualitative non-numeric
/blog/bmi-chart-explained/index.html,"table cell in ""BMI RangeCategoryChart ColorPopulation %*""",GENERAL,Mild Thinness,Mild Thinness,,qualitative non-numeric
/blog/bmi-chart-explained/index.html,"table cell in ""BMI RangeCategoryChart ColorPopulation %*""",GENERAL,Pale Blue,Pale Blue,,qualitative non-numeric
/blog/bmi-chart-explained/index.html,"table cell in ""BMI RangeCategoryChart ColorPopulation %*""",DELETE,0.7%,,,unsourced specific/magnitude claim
/blog/bmi-chart-explained/index.html,"table cell in ""BMI RangeCategoryChart ColorPopulation %*""",GENERAL,18.5 - 24.9,18.5 - 24.9,,qualitative non-numeric
/blog/bmi-chart-explained/index.html,"table cell in ""BMI RangeCategoryChart ColorPopulation %*""",GENERAL,Normal Weight,Normal Weight,,qualitative non-numeric
/blog/bmi-chart-explained/index.html,"table cell in ""BMI RangeCategoryChart ColorPopulation %*""",GENERAL,Green,Green,,qualitative non-numeric
/blog/bmi-chart-explained/index.html,"table cell in ""BMI RangeCategoryChart ColorPopulation %*""",DELETE,27%,,,unsourced specific/magnitude claim
/blog/bmi-chart-explained/index.html,"table cell in ""BMI RangeCategoryChart ColorPopulation %*""",GENERAL,25.0 - 29.9,25.0 - 29.9,,qualitative non-numeric
/blog/bmi-chart-explained/index.html,"table cell in ""BMI RangeCategoryChart ColorPopulation %*""",GENERAL,Overweight (Pre-obese),Overweight (Pre-obese),,qualitative non-numeric
/blog/bmi-chart-explained/index.html,"table cell in ""BMI RangeCategoryChart ColorPopulation %*""",GENERAL,Yellow/Orange,Yellow/Orange,,qualitative non-numeric
/blog/bmi-chart-explained/index.html,"table cell in ""BMI RangeCategoryChart ColorPopulation %*""",DELETE,31%,,,unsourced specific/magnitude claim
/blog/bmi-chart-explained/index.html,"table cell in ""BMI RangeCategoryChart ColorPopulation %*""",GENERAL,30.0 - 34.9,30.0 - 34.9,,qualitative non-numeric
/blog/bmi-chart-explained/index.html,"table cell in ""BMI RangeCategoryChart ColorPopulation %*""",GENERAL,Obese Class I,Obese Class I,,qualitative non-numeric
/blog/bmi-chart-explained/index.html,"table cell in ""BMI RangeCategoryChart ColorPopulation %*""",GENERAL,Red,Red,,qualitative non-numeric
/blog/bmi-chart-explained/index.html,"table cell in ""BMI RangeCategoryChart ColorPopulation %*""",DELETE,20%,,,unsourced specific/magnitude claim
/blog/bmi-chart-explained/index.html,"table cell in ""BMI RangeCategoryChart ColorPopulation %*""",GENERAL,35.0 - 39.9,35.0 - 39.9,,qualitative non-numeric
/blog/bmi-chart-explained/index.html,"table cell in ""BMI RangeCategoryChart ColorPopulation %*""",GENERAL,Obese Class II,Obese Class II,,qualitative non-numeric
/blog/bmi-chart-explained/index.html,"table cell in ""BMI RangeCategoryChart ColorPopulation %*""",GENERAL,Dark Red,Dark Red,,qualitative non-numeric
/blog/bmi-chart-explained/index.html,"table cell in ""BMI RangeCategoryChart ColorPopulation %*""",DELETE,11%,,,unsourced specific/magnitude claim
/blog/bmi-chart-explained/index.html,"table cell in ""BMI RangeCategoryChart ColorPopulation %*""",GENERAL,≥ 40.0,≥ 40.0,,qualitative non-numeric
/blog/bmi-chart-explained/index.html,"table cell in ""BMI RangeCategoryChart ColorPopulation %*""",GENERAL,Obese Class III,Obese Class III,,qualitative non-numeric
/blog/bmi-chart-explained/index.html,"table cell in ""BMI RangeCategoryChart ColorPopulation %*""",GENERAL,Deep Red,Deep Red,,qualitative non-numeric
/blog/bmi-chart-explained/index.html,"table cell in ""BMI RangeCategoryChart ColorPopulation %*""",DELETE,10%,,,unsourced specific/magnitude claim
/blog/bmi-chart-explained/index.html,"table cell in ""Height 100 lbs(45 kg) 110 lbs(50 kg) 120 lbs(54 kg) 130 lbs(""",GENERAL,Height,Height,,qualitative non-numeric
/blog/bmi-chart-explained/index.html,"table cell in ""Height 100 lbs(45 kg) 110 lbs(50 kg) 120 lbs(54 kg) 130 lbs(""",GENERAL,100 lbs(45 kg),100 lbs(45 kg),,qualitative non-numeric
/blog/bmi-chart-explained/index.html,"table cell in ""Height 100 lbs(45 kg) 110 lbs(50 kg) 120 lbs(54 kg) 130 lbs(""",GENERAL,110 lbs(50 kg),110 lbs(50 kg),,qualitative non-numeric
/blog/bmi-chart-explained/index.html,"table cell in ""Height 100 lbs(45 kg) 110 lbs(50 kg) 120 lbs(54 kg) 130 lbs(""",GENERAL,120 lbs(54 kg),120 lbs(54 kg),,qualitative non-numeric
/blog/bmi-chart-explained/index.html,"table cell in ""Height 100 lbs(45 kg) 110 lbs(50 kg) 120 lbs(54 kg) 130 lbs(""",GENERAL,130 lbs(59 kg),130 lbs(59 kg),,qualitative non-numeric
/blog/bmi-chart-explained/index.html,"table cell in ""Height 100 lbs(45 kg) 110 lbs(50 kg) 120 lbs(54 kg) 130 lbs(""",GENERAL,140 lbs(64 kg),140 lbs(64 kg),,qualitative non-numeric
/blog/bmi-chart-explained/index.html,"table cell in ""Height 100 lbs(45 kg) 110 lbs(50 kg) 120 lbs(54 kg) 130 lbs(""",GENERAL,150 lbs(68 kg),150 lbs(68 kg),,qualitative non-numeric
/blog/bmi-chart-explained/index.html,"table cell in ""Height 100 lbs(45 kg) 110 lbs(50 kg) 120 lbs(54 kg) 130 lbs(""",GENERAL,160 lbs(73 kg),160 lbs(73 kg),,qualitative non-numeric
/blog/bmi-chart-explained/index.html,"table cell in ""Height 100 lbs(45 kg) 110 lbs(50 kg) 120 lbs(54 kg) 130 lbs(""",GENERAL,170 lbs(77 kg),170 lbs(77 kg),,qualitative non-numeric
/blog/bmi-chart-explained/index.html,"table cell in ""Height 100 lbs(45 kg) 110 lbs(50 kg) 120 lbs(54 kg) 130 lbs(""",GENERAL,180 lbs(82 kg),180 lbs(82 kg),,qualitative non-numeric
/blog/bmi-chart-explained/index.html,"table cell in ""Height 100 lbs(45 kg) 110 lbs(50 kg) 120 lbs(54 kg) 130 lbs(""",GENERAL,190 lbs(86 kg),190 lbs(86 kg),,qualitative non-numeric
/blog/bmi-chart-explained/index.html,"table cell in ""Height 100 lbs(45 kg) 110 lbs(50 kg) 120 lbs(54 kg) 130 lbs(""",GENERAL,200 lbs(91 kg),200 lbs(91 kg),,qualitative non-numeric
/blog/bmi-chart-explained/index.html,"table cell in ""Height 100 lbs(45 kg) 110 lbs(50 kg) 120 lbs(54 kg) 130 lbs(""",GENERAL,220 lbs(100 kg),220 lbs(100 kg),,qualitative non-numeric
/blog/bmi-chart-explained/index.html,"table cell in ""Height 100 lbs(45 kg) 110 lbs(50 kg) 120 lbs(54 kg) 130 lbs(""",GENERAL,240 lbs(109 kg),240 lbs(109 kg),,qualitative non-numeric
/blog/bmi-chart-explained/index.html,"table cell in ""Height 100 lbs(45 kg) 110 lbs(50 kg) 120 lbs(54 kg) 130 lbs(""",GENERAL,"4'10""","4'10""",,qualitative non-numeric
/blog/bmi-chart-explained/index.html,"table cell in ""Height 100 lbs(45 kg) 110 lbs(50 kg) 120 lbs(54 kg) 130 lbs(""",GENERAL,21,21,,qualitative non-numeric
/blog/bmi-chart-explained/index.html,"table cell in ""Height 100 lbs(45 kg) 110 lbs(50 kg) 120 lbs(54 kg) 130 lbs(""",GENERAL,23,23,,qualitative non-numeric
/blog/bmi-chart-explained/index.html,"table cell in ""Height 100 lbs(45 kg) 110 lbs(50 kg) 120 lbs(54 kg) 130 lbs(""",GENERAL,25,25,,qualitative non-numeric
/blog/bmi-chart-explained/index.html,"table cell in ""Height 100 lbs(45 kg) 110 lbs(50 kg) 120 lbs(54 kg) 130 lbs(""",GENERAL,27,27,,qualitative non-numeric
/blog/bmi-chart-explained/index.html,"table cell in ""Height 100 lbs(45 kg) 110 lbs(50 kg) 120 lbs(54 kg) 130 lbs(""",GENERAL,29,29,,qualitative non-numeric
/blog/bmi-chart-explained/index.html,"table cell in ""Height 100 lbs(45 kg) 110 lbs(50 kg) 120 lbs(54 kg) 130 lbs(""",GENERAL,31,31,,qualitative non-numeric
/blog/bmi-chart-explained/index.html,"table cell in ""Height 100 lbs(45 kg) 110 lbs(50 kg) 120 lbs(54 kg) 130 lbs(""",GENERAL,33,33,,qualitative non-numeric
/blog/bmi-chart-explained/index.html,"table cell in ""Height 100 lbs(45 kg) 110 lbs(50 kg) 120 lbs(54 kg) 130 lbs(""",GENERAL,36,36,,qualitative non-numeric
/blog/bmi-chart-explained/index.html,"table cell in ""Height 100 lbs(45 kg) 110 lbs(50 kg) 120 lbs(54 kg) 130 lbs(""",GENERAL,38,38,,qualitative non-numeric
/blog/bmi-chart-explained/index.html,"table cell in ""Height 100 lbs(45 kg) 110 lbs(50 kg) 120 lbs(54 kg) 130 lbs(""",GENERAL,40,40,,qualitative non-numeric
/blog/bmi-chart-explained/index.html,"table cell in ""Height 100 lbs(45 kg) 110 lbs(50 kg) 120 lbs(54 kg) 130 lbs(""",GENERAL,42,42,,qualitative non-numeric
/blog/bmi-chart-explained/index.html,"table cell in ""Height 100 lbs(45 kg) 110 lbs(50 kg) 120 lbs(54 kg) 130 lbs(""",GENERAL,46,46,,qualitative non-numeric
/blog/bmi-chart-explained/index.html,"table cell in ""Height 100 lbs(45 kg) 110 lbs(50 kg) 120 lbs(54 kg) 130 lbs(""",GENERAL,50,50,,qualitative non-numeric
/blog/bmi-chart-explained/index.html,"table cell in ""Height 100 lbs(45 kg) 110 lbs(50 kg) 120 lbs(54 kg) 130 lbs(""",GENERAL,"5'0""","5'0""",,qualitative non-numeric
/blog/bmi-chart-explained/index.html,"table cell in ""Height 100 lbs(45 kg) 110 lbs(50 kg) 120 lbs(54 kg) 130 lbs(""",GENERAL,20,20,,qualitative non-numeric
/blog/bmi-chart-explained/index.html,"table cell in ""Height 100 lbs(45 kg) 110 lbs(50 kg) 120 lbs(54 kg) 130 lbs(""",GENERAL,21,21,,qualitative non-numeric
/blog/bmi-chart-explained/index.html,"table cell in ""Height 100 lbs(45 kg) 110 lbs(50 kg) 120 lbs(54 kg) 130 lbs(""",GENERAL,23,23,,qualitative non-numeric
/blog/bmi-chart-explained/index.html,"table cell in ""Height 100 lbs(45 kg) 110 lbs(50 kg) 120 lbs(54 kg) 130 lbs(""",GENERAL,25,25,,qualitative non-numeric
/blog/bmi-chart-explained/index.html,"table cell in ""Height 100 lbs(45 kg) 110 lbs(50 kg) 120 lbs(54 kg) 130 lbs(""",GENERAL,27,27,,qualitative non-numeric
/blog/bmi-chart-explained/index.html,"table cell in ""Height 100 lbs(45 kg) 110 lbs(50 kg) 120 lbs(54 kg) 130 lbs(""",GENERAL,29,29,,qualitative non-numeric
/blog/bmi-chart-explained/index.html,"table cell in ""Height 100 lbs(45 kg) 110 lbs(50 kg) 120 lbs(54 kg) 130 lbs(""",GENERAL,31,31,,qualitative non-numeric
/blog/bmi-chart-explained/index.html,"table cell in ""Height 100 lbs(45 kg) 110 lbs(50 kg) 120 lbs(54 kg) 130 lbs(""",GENERAL,33,33,,qualitative non-numeric
/blog/bmi-chart-explained/index.html,"table cell in ""Height 100 lbs(45 kg) 110 lbs(50 kg) 120 lbs(54 kg) 130 lbs(""",GENERAL,35,35,,qualitative non-numeric
/blog/bmi-chart-explained/index.html,"table cell in ""Height 100 lbs(45 kg) 110 lbs(50 kg) 120 lbs(54 kg) 130 lbs(""",GENERAL,37,37,,qualitative non-numeric
/blog/bmi-chart-explained/index.html,"table cell in ""Height 100 lbs(45 kg) 110 lbs(50 kg) 120 lbs(54 kg) 130 lbs(""",GENERAL,39,39,,qualitative non-numeric
/blog/bmi-chart-explained/index.html,"table cell in ""Height 100 lbs(45 kg) 110 lbs(50 kg) 120 lbs(54 kg) 130 lbs(""",GENERAL,43,43,,qualitative non-numeric
/blog/bmi-chart-explained/index.html,"table cell in ""Height 100 lbs(45 kg) 110 lbs(50 kg) 120 lbs(54 kg) 130 lbs(""",GENERAL,47,47,,qualitative non-numeric
/blog/bmi-chart-explained/index.html,"table cell in ""Height 100 lbs(45 kg) 110 lbs(50 kg) 120 lbs(54 kg) 130 lbs(""",GENERAL,"5'2""","5'2""",,qualitative non-numeric
/blog/bmi-chart-explained/index.html,"table cell in ""Height 100 lbs(45 kg) 110 lbs(50 kg) 120 lbs(54 kg) 130 lbs(""",GENERAL,18,18,,qualitative non-numeric
/blog/bmi-chart-explained/index.html,"table cell in ""Height 100 lbs(45 kg) 110 lbs(50 kg) 120 lbs(54 kg) 130 lbs(""",GENERAL,20,20,,qualitative non-numeric
/blog/bmi-chart-explained/index.html,"table cell in ""Height 100 lbs(45 kg) 110 lbs(50 kg) 120 lbs(54 kg) 130 lbs(""",GENERAL,22,22,,qualitative non-numeric
/blog/bmi-chart-explained/index.html,"table cell in ""Height 100 lbs(45 kg) 110 lbs(50 kg) 120 lbs(54 kg) 130 lbs(""",GENERAL,24,24,,qualitative non-numeric
/blog/bmi-chart-explained/index.html,"table cell in ""Height 100 lbs(45 kg) 110 lbs(50 kg) 120 lbs(54 kg) 130 lbs(""",GENERAL,26,26,,qualitative non-numeric
/blog/bmi-chart-explained/index.html,"table cell in ""Height 100 lbs(45 kg) 110 lbs(50 kg) 120 lbs(54 kg) 130 lbs(""",GENERAL,27,27,,qualitative non-numeric
/blog/bmi-chart-explained/index.html,"table cell in ""Height 100 lbs(45 kg) 110 lbs(50 kg) 120 lbs(54 kg) 130 lbs(""",GENERAL,29,29,,qualitative non-numeric
/blog/bmi-chart-explained/index.html,"table cell in ""Height 100 lbs(45 kg) 110 lbs(50 kg) 120 lbs(54 kg) 130 lbs(""",GENERAL,31,31,,qualitative non-numeric
/blog/bmi-chart-explained/index.html,"table cell in ""Height 100 lbs(45 kg) 110 lbs(50 kg) 120 lbs(54 kg) 130 lbs(""",GENERAL,33,33,,qualitative non-numeric
/blog/bmi-chart-explained/index.html,"table cell in ""Height 100 lbs(45 kg) 110 lbs(50 kg) 120 lbs(54 kg) 130 lbs(""",GENERAL,35,35,,qualitative non-numeric
/blog/bmi-chart-explained/index.html,"table cell in ""Height 100 lbs(45 kg) 110 lbs(50 kg) 120 lbs(54 kg) 130 lbs(""",GENERAL,37,37,,qualitative non-numeric
/blog/bmi-chart-explained/index.html,"table cell in ""Height 100 lbs(45 kg) 110 lbs(50 kg) 120 lbs(54 kg) 130 lbs(""",GENERAL,40,40,,qualitative non-numeric
/blog/bmi-chart-explained/index.html,"table cell in ""Height 100 lbs(45 kg) 110 lbs(50 kg) 120 lbs(54 kg) 130 lbs(""",GENERAL,44,44,,qualitative non-numeric
/blog/bmi-chart-explained/index.html,"table cell in ""Height 100 lbs(45 kg) 110 lbs(50 kg) 120 lbs(54 kg) 130 lbs(""",GENERAL,"5'4""","5'4""",,qualitative non-numeric
/blog/bmi-chart-explained/index.html,"table cell in ""Height 100 lbs(45 kg) 110 lbs(50 kg) 120 lbs(54 kg) 130 lbs(""",GENERAL,17,17,,qualitative non-numeric
/blog/bmi-chart-explained/index.html,"table cell in ""Height 100 lbs(45 kg) 110 lbs(50 kg) 120 lbs(54 kg) 130 lbs(""",GENERAL,19,19,,qualitative non-numeric
/blog/bmi-chart-explained/index.html,"table cell in ""Height 100 lbs(45 kg) 110 lbs(50 kg) 120 lbs(54 kg) 130 lbs(""",GENERAL,21,21,,qualitative non-numeric
/blog/bmi-chart-explained/index.html,"table cell in ""Height 100 lbs(45 kg) 110 lbs(50 kg) 120 lbs(54 kg) 130 lbs(""",GENERAL,22,22,,qualitative non-numeric
/blog/bmi-chart-explained/index.html,"table cell in ""Height 100 lbs(45 kg) 110 lbs(50 kg) 120 lbs(54 kg) 130 lbs(""",GENERAL,24,24,,qualitative non-numeric
/blog/bmi-chart-explained/index.html,"table cell in ""Height 100 lbs(45 kg) 110 lbs(50 kg) 120 lbs(54 kg) 130 lbs(""",GENERAL,26,26,,qualitative non-numeric
/blog/bmi-chart-explained/index.html,"table cell in ""Height 100 lbs(45 kg) 110 lbs(50 kg) 120 lbs(54 kg) 130 lbs(""",GENERAL,27,27,,qualitative non-numeric
/blog/bmi-chart-explained/index.html,"table cell in ""Height 100 lbs(45 kg) 110 lbs(50 kg) 120 lbs(54 kg) 130 lbs(""",GENERAL,29,29,,qualitative non-numeric
/blog/bmi-chart-explained/index.html,"table cell in ""Height 100 lbs(45 kg) 110 lbs(50 kg) 120 lbs(54 kg) 130 lbs(""",GENERAL,31,31,,qualitative non-numeric
/blog/bmi-chart-explained/index.html,"table cell in ""Height 100 lbs(45 kg) 110 lbs(50 kg) 120 lbs(54 kg) 130 lbs(""",GENERAL,33,33,,qualitative non-numeric
/blog/bmi-chart-explained/index.html,"table cell in ""Height 100 lbs(45 kg) 110 lbs(50 kg) 120 lbs(54 kg) 130 lbs(""",GENERAL,34,34,,qualitative non-numeric
/blog/bmi-chart-explained/index.html,"table cell in ""Height 100 lbs(45 kg) 110 lbs(50 kg) 120 lbs(54 kg) 130 lbs(""",GENERAL,38,38,,qualitative non-numeric
/blog/bmi-chart-explained/index.html,"table cell in ""Height 100 lbs(45 kg) 110 lbs(50 kg) 120 lbs(54 kg) 130 lbs(""",GENERAL,41,41,,qualitative non-numeric
/blog/bmi-chart-explained/index.html,"table cell in ""Height 100 lbs(45 kg) 110 lbs(50 kg) 120 lbs(54 kg) 130 lbs(""",GENERAL,"5'6""","5'6""",,qualitative non-numeric
/blog/bmi-chart-explained/index.html,"table cell in ""Height 100 lbs(45 kg) 110 lbs(50 kg) 120 lbs(54 kg) 130 lbs(""",GENERAL,16,16,,qualitative non-numeric
/blog/bmi-chart-explained/index.html,"table cell in ""Height 100 lbs(45 kg) 110 lbs(50 kg) 120 lbs(54 kg) 130 lbs(""",GENERAL,18,18,,qualitative non-numeric
/blog/bmi-chart-explained/index.html,"table cell in ""Height 100 lbs(45 kg) 110 lbs(50 kg) 120 lbs(54 kg) 130 lbs(""",GENERAL,19,19,,qualitative non-numeric
/blog/bmi-chart-explained/index.html,"table cell in ""Height 100 lbs(45 kg) 110 lbs(50 kg) 120 lbs(54 kg) 130 lbs(""",GENERAL,21,21,,qualitative non-numeric
/blog/bmi-chart-explained/index.html,"table cell in ""Height 100 lbs(45 kg) 110 lbs(50 kg) 120 lbs(54 kg) 130 lbs(""",GENERAL,23,23,,qualitative non-numeric
/blog/bmi-chart-explained/index.html,"table cell in ""Height 100 lbs(45 kg) 110 lbs(50 kg) 120 lbs(54 kg) 130 lbs(""",GENERAL,24,24,,qualitative non-numeric
/blog/bmi-chart-explained/index.html,"table cell in ""Height 100 lbs(45 kg) 110 lbs(50 kg) 120 lbs(54 kg) 130 lbs(""",GENERAL,26,26,,qualitative non-numeric
/blog/bmi-chart-explained/index.html,"table cell in ""Height 100 lbs(45 kg) 110 lbs(50 kg) 120 lbs(54 kg) 130 lbs(""",GENERAL,27,27,,qualitative non-numeric
/blog/bmi-chart-explained/index.html,"table cell in ""Height 100 lbs(45 kg) 110 lbs(50 kg) 120 lbs(54 kg) 130 lbs(""",GENERAL,29,29,,qualitative non-numeric
/blog/bmi-chart-explained/index.html,"table cell in ""Height 100 lbs(45 kg) 110 lbs(50 kg) 120 lbs(54 kg) 130 lbs(""",GENERAL,31,31,,qualitative non-numeric
/blog/bmi-chart-explained/index.html,"table cell in ""Height 100 lbs(45 kg) 110 lbs(50 kg) 120 lbs(54 kg) 130 lbs(""",GENERAL,32,32,,qualitative non-numeric
/blog/bmi-chart-explained/index.html,"table cell in ""Height 100 lbs(45 kg) 110 lbs(50 kg) 120 lbs(54 kg) 130 lbs(""",GENERAL,36,36,,qualitative non-numeric
/blog/bmi-chart-explained/index.html,"table cell in ""Height 100 lbs(45 kg) 110 lbs(50 kg) 120 lbs(54 kg) 130 lbs(""",GENERAL,39,39,,qualitative non-numeric
/blog/bmi-chart-explained/index.html,"table cell in ""Height 100 lbs(45 kg) 110 lbs(50 kg) 120 lbs(54 kg) 130 lbs(""",GENERAL,"5'8""","5'8""",,qualitative non-numeric
/blog/bmi-chart-explained/index.html,"table cell in ""Height 100 lbs(45 kg) 110 lbs(50 kg) 120 lbs(54 kg) 130 lbs(""",GENERAL,15,15,,qualitative non-numeric
/blog/bmi-chart-explained/index.html,"table cell in ""Height 100 lbs(45 kg) 110 lbs(50 kg) 120 lbs(54 kg) 130 lbs(""",GENERAL,17,17,,qualitative non-numeric
/blog/bmi-chart-explained/index.html,"table cell in ""Height 100 lbs(45 kg) 110 lbs(50 kg) 120 lbs(54 kg) 130 lbs(""",GENERAL,18,18,,qualitative non-numeric
/blog/bmi-chart-explained/index.html,"table cell in ""Height 100 lbs(45 kg) 110 lbs(50 kg) 120 lbs(54 kg) 130 lbs(""",GENERAL,20,20,,qualitative non-numeric
/blog/bmi-chart-explained/index.html,"table cell in ""Height 100 lbs(45 kg) 110 lbs(50 kg) 120 lbs(54 kg) 130 lbs(""",GENERAL,21,21,,qualitative non-numeric
/blog/bmi-chart-explained/index.html,"table cell in ""Height 100 lbs(45 kg) 110 lbs(50 kg) 120 lbs(54 kg) 130 lbs(""",GENERAL,23,23,,qualitative non-numeric
/blog/bmi-chart-explained/index.html,"table cell in ""Height 100 lbs(45 kg) 110 lbs(50 kg) 120 lbs(54 kg) 130 lbs(""",GENERAL,24,24,,qualitative non-numeric
/blog/bmi-chart-explained/index.html,"table cell in ""Height 100 lbs(45 kg) 110 lbs(50 kg) 120 lbs(54 kg) 130 lbs(""",GENERAL,26,26,,qualitative non-numeric
/blog/bmi-chart-explained/index.html,"table cell in ""Height 100 lbs(45 kg) 110 lbs(50 kg) 120 lbs(54 kg) 130 lbs(""",GENERAL,27,27,,qualitative non-numeric
/blog/bmi-chart-explained/index.html,"table cell in ""Height 100 lbs(45 kg) 110 lbs(50 kg) 120 lbs(54 kg) 130 lbs(""",GENERAL,29,29,,qualitative non-numeric
/blog/bmi-chart-explained/index.html,"table cell in ""Height 100 lbs(45 kg) 110 lbs(50 kg) 120 lbs(54 kg) 130 lbs(""",GENERAL,30,30,,qualitative non-numeric
/blog/bmi-chart-explained/index.html,"table cell in ""Height 100 lbs(45 kg) 110 lbs(50 kg) 120 lbs(54 kg) 130 lbs(""",GENERAL,33,33,,qualitative non-numeric
/blog/bmi-chart-explained/index.html,"table cell in ""Height 100 lbs(45 kg) 110 lbs(50 kg) 120 lbs(54 kg) 130 lbs(""",GENERAL,36,36,,qualitative non-numeric
/blog/bmi-chart-explained/index.html,"table cell in ""Height 100 lbs(45 kg) 110 lbs(50 kg) 120 lbs(54 kg) 130 lbs(""",GENERAL,"5'10""","5'10""",,qualitative non-numeric
/blog/bmi-chart-explained/index.html,"table cell in ""Height 100 lbs(45 kg) 110 lbs(50 kg) 120 lbs(54 kg) 130 lbs(""",GENERAL,14,14,,qualitative non-numeric
/blog/bmi-chart-explained/index.html,"table cell in ""Height 100 lbs(45 kg) 110 lbs(50 kg) 120 lbs(54 kg) 130 lbs(""",GENERAL,16,16,,qualitative non-numeric
/blog/bmi-chart-explained/index.html,"table cell in ""Height 100 lbs(45 kg) 110 lbs(50 kg) 120 lbs(54 kg) 130 lbs(""",GENERAL,17,17,,qualitative non-numeric
/blog/bmi-chart-explained/index.html,"table cell in ""Height 100 lbs(45 kg) 110 lbs(50 kg) 120 lbs(54 kg) 130 lbs(""",GENERAL,19,19,,qualitative non-numeric
/blog/bmi-chart-explained/index.html,"table cell in ""Height 100 lbs(45 kg) 110 lbs(50 kg) 120 lbs(54 kg) 130 lbs(""",GENERAL,20,20,,qualitative non-numeric
/blog/bmi-chart-explained/index.html,"table cell in ""Height 100 lbs(45 kg) 110 lbs(50 kg) 120 lbs(54 kg) 130 lbs(""",GENERAL,22,22,,qualitative non-numeric
/blog/bmi-chart-explained/index.html,"table cell in ""Height 100 lbs(45 kg) 110 lbs(50 kg) 120 lbs(54 kg) 130 lbs(""",GENERAL,23,23,,qualitative non-numeric
/blog/bmi-chart-explained/index.html,"table cell in ""Height 100 lbs(45 kg) 110 lbs(50 kg) 120 lbs(54 kg) 130 lbs(""",GENERAL,24,24,,qualitative non-numeric
/blog/bmi-chart-explained/index.html,"table cell in ""Height 100 lbs(45 kg) 110 lbs(50 kg) 120 lbs(54 kg) 130 lbs(""",GENERAL,26,26,,qualitative non-numeric
/blog/bmi-chart-explained/index.html,"table cell in ""Height 100 lbs(45 kg) 110 lbs(50 kg) 120 lbs(54 kg) 130 lbs(""",GENERAL,27,27,,qualitative non-numeric
/blog/bmi-chart-explained/index.html,"table cell in ""Height 100 lbs(45 kg) 110 lbs(50 kg) 120 lbs(54 kg) 130 lbs(""",GENERAL,29,29,,qualitative non-numeric
/blog/bmi-chart-explained/index.html,"table cell in ""Height 100 lbs(45 kg) 110 lbs(50 kg) 120 lbs(54 kg) 130 lbs(""",GENERAL,32,32,,qualitative non-numeric
/blog/bmi-chart-explained/index.html,"table cell in ""Height 100 lbs(45 kg) 110 lbs(50 kg) 120 lbs(54 kg) 130 lbs(""",GENERAL,34,34,,qualitative non-numeric
/blog/bmi-chart-explained/index.html,"table cell in ""Height 100 lbs(45 kg) 110 lbs(50 kg) 120 lbs(54 kg) 130 lbs(""",GENERAL,"6'0""","6'0""",,qualitative non-numeric
/blog/bmi-chart-explained/index.html,"table cell in ""Height 100 lbs(45 kg) 110 lbs(50 kg) 120 lbs(54 kg) 130 lbs(""",GENERAL,14,14,,qualitative non-numeric
/blog/bmi-chart-explained/index.html,"table cell in ""Height 100 lbs(45 kg) 110 lbs(50 kg) 120 lbs(54 kg) 130 lbs(""",GENERAL,15,15,,qualitative non-numeric
/blog/bmi-chart-explained/index.html,"table cell in ""Height 100 lbs(45 kg) 110 lbs(50 kg) 120 lbs(54 kg) 130 lbs(""",GENERAL,16,16,,qualitative non-numeric
/blog/bmi-chart-explained/index.html,"table cell in ""Height 100 lbs(45 kg) 110 lbs(50 kg) 120 lbs(54 kg) 130 lbs(""",GENERAL,18,18,,qualitative non-numeric
/blog/bmi-chart-explained/index.html,"table cell in ""Height 100 lbs(45 kg) 110 lbs(50 kg) 120 lbs(54 kg) 130 lbs(""",GENERAL,19,19,,qualitative non-numeric
/blog/bmi-chart-explained/index.html,"table cell in ""Height 100 lbs(45 kg) 110 lbs(50 kg) 120 lbs(54 kg) 130 lbs(""",GENERAL,20,20,,qualitative non-numeric
/blog/bmi-chart-explained/index.html,"table cell in ""Height 100 lbs(45 kg) 110 lbs(50 kg) 120 lbs(54 kg) 130 lbs(""",GENERAL,22,22,,qualitative non-numeric
/blog/bmi-chart-explained/index.html,"table cell in ""Height 100 lbs(45 kg) 110 lbs(50 kg) 120 lbs(54 kg) 130 lbs(""",GENERAL,23,23,,qualitative non-numeric
/blog/bmi-chart-explained/index.html,"table cell in ""Height 100 lbs(45 kg) 110 lbs(50 kg) 120 lbs(54 kg) 130 lbs(""",GENERAL,24,24,,qualitative non-numeric
/blog/bmi-chart-explained/index.html,"table cell in ""Height 100 lbs(45 kg) 110 lbs(50 kg) 120 lbs(54 kg) 130 lbs(""",GENERAL,26,26,,qualitative non-numeric
/blog/bmi-chart-explained/index.html,"table cell in ""Height 100 lbs(45 kg) 110 lbs(50 kg) 120 lbs(54 kg) 130 lbs(""",GENERAL,27,27,,qualitative non-numeric
/blog/bmi-chart-explained/index.html,"table cell in ""Height 100 lbs(45 kg) 110 lbs(50 kg) 120 lbs(54 kg) 130 lbs(""",GENERAL,30,30,,qualitative non-numeric
/blog/bmi-chart-explained/index.html,"table cell in ""Height 100 lbs(45 kg) 110 lbs(50 kg) 120 lbs(54 kg) 130 lbs(""",GENERAL,33,33,,qualitative non-numeric
/blog/bmi-chart-explained/index.html,"table cell in ""Height 100 lbs(45 kg) 110 lbs(50 kg) 120 lbs(54 kg) 130 lbs(""",GENERAL,"6'2""","6'2""",,qualitative non-numeric
/blog/bmi-chart-explained/index.html,"table cell in ""Height 100 lbs(45 kg) 110 lbs(50 kg) 120 lbs(54 kg) 130 lbs(""",GENERAL,13,13,,qualitative non-numeric
/blog/bmi-chart-explained/index.html,"table cell in ""Height 100 lbs(45 kg) 110 lbs(50 kg) 120 lbs(54 kg) 130 lbs(""",GENERAL,14,14,,qualitative non-numeric
/blog/bmi-chart-explained/index.html,"table cell in ""Height 100 lbs(45 kg) 110 lbs(50 kg) 120 lbs(54 kg) 130 lbs(""",GENERAL,15,15,,qualitative non-numeric
/blog/bmi-chart-explained/index.html,"table cell in ""Height 100 lbs(45 kg) 110 lbs(50 kg) 120 lbs(54 kg) 130 lbs(""",GENERAL,17,17,,qualitative non-numeric
/blog/bmi-chart-explained/index.html,"table cell in ""Height 100 lbs(45 kg) 110 lbs(50 kg) 120 lbs(54 kg) 130 lbs(""",GENERAL,18,18,,qualitative non-numeric
/blog/bmi-chart-explained/index.html,"table cell in ""Height 100 lbs(45 kg) 110 lbs(50 kg) 120 lbs(54 kg) 130 lbs(""",GENERAL,19,19,,qualitative non-numeric
/blog/bmi-chart-explained/index.html,"table cell in ""Height 100 lbs(45 kg) 110 lbs(50 kg) 120 lbs(54 kg) 130 lbs(""",GENERAL,21,21,,qualitative non-numeric
/blog/bmi-chart-explained/index.html,"table cell in ""Height 100 lbs(45 kg) 110 lbs(50 kg) 120 lbs(54 kg) 130 lbs(""",GENERAL,22,22,,qualitative non-numeric
/blog/bmi-chart-explained/index.html,"table cell in ""Height 100 lbs(45 kg) 110 lbs(50 kg) 120 lbs(54 kg) 130 lbs(""",GENERAL,23,23,,qualitative non-numeric
/blog/bmi-chart-explained/index.html,"table cell in ""Height 100 lbs(45 kg) 110 lbs(50 kg) 120 lbs(54 kg) 130 lbs(""",GENERAL,24,24,,qualitative non-numeric
/blog/bmi-chart-explained/index.html,"table cell in ""Height 100 lbs(45 kg) 110 lbs(50 kg) 120 lbs(54 kg) 130 lbs(""",GENERAL,26,26,,qualitative non-numeric
/blog/bmi-chart-explained/index.html,"table cell in ""Height 100 lbs(45 kg) 110 lbs(50 kg) 120 lbs(54 kg) 130 lbs(""",GENERAL,28,28,,qualitative non-numeric
/blog/bmi-chart-explained/index.html,"table cell in ""Height 100 lbs(45 kg) 110 lbs(50 kg) 120 lbs(54 kg) 130 lbs(""",GENERAL,31,31,,qualitative non-numeric
/blog/bmi-chart-explained/index.html,"table cell in ""Height 100 lbs(45 kg) 110 lbs(50 kg) 120 lbs(54 kg) 130 lbs(""",GENERAL,"6'4""","6'4""",,qualitative non-numeric
/blog/bmi-chart-explained/index.html,"table cell in ""Height 100 lbs(45 kg) 110 lbs(50 kg) 120 lbs(54 kg) 130 lbs(""",GENERAL,12,12,,qualitative non-numeric
/blog/bmi-chart-explained/index.html,"table cell in ""Height 100 lbs(45 kg) 110 lbs(50 kg) 120 lbs(54 kg) 130 lbs(""",GENERAL,13,13,,qualitative non-numeric
/blog/bmi-chart-explained/index.html,"table cell in ""Height 100 lbs(45 kg) 110 lbs(50 kg) 120 lbs(54 kg) 130 lbs(""",GENERAL,15,15,,qualitative non-numeric
/blog/bmi-chart-explained/index.html,"table cell in ""Height 100 lbs(45 kg) 110 lbs(50 kg) 120 lbs(54 kg) 130 lbs(""",GENERAL,16,16,,qualitative non-numeric
/blog/bmi-chart-explained/index.html,"table cell in ""Height 100 lbs(45 kg) 110 lbs(50 kg) 120 lbs(54 kg) 130 lbs(""",GENERAL,17,17,,qualitative non-numeric
/blog/bmi-chart-explained/index.html,"table cell in ""Height 100 lbs(45 kg) 110 lbs(50 kg) 120 lbs(54 kg) 130 lbs(""",GENERAL,18,18,,qualitative non-numeric
/blog/bmi-chart-explained/index.html,"table cell in ""Height 100 lbs(45 kg) 110 lbs(50 kg) 120 lbs(54 kg) 130 lbs(""",GENERAL,19,19,,qualitative non-numeric
/blog/bmi-chart-explained/index.html,"table cell in ""Height 100 lbs(45 kg) 110 lbs(50 kg) 120 lbs(54 kg) 130 lbs(""",GENERAL,21,21,,qualitative non-numeric
/blog/bmi-chart-explained/index.html,"table cell in ""Height 100 lbs(45 kg) 110 lbs(50 kg) 120 lbs(54 kg) 130 lbs(""",GENERAL,22,22,,qualitative non-numeric
/blog/bmi-chart-explained/index.html,"table cell in ""Height 100 lbs(45 kg) 110 lbs(50 kg) 120 lbs(54 kg) 130 lbs(""",GENERAL,23,23,,qualitative non-numeric
/blog/bmi-chart-explained/index.html,"table cell in ""Height 100 lbs(45 kg) 110 lbs(50 kg) 120 lbs(54 kg) 130 lbs(""",GENERAL,24,24,,qualitative non-numeric
/blog/bmi-chart-explained/index.html,"table cell in ""Height 100 lbs(45 kg) 110 lbs(50 kg) 120 lbs(54 kg) 130 lbs(""",GENERAL,27,27,,qualitative non-numeric
/blog/bmi-chart-explained/index.html,"table cell in ""Height 100 lbs(45 kg) 110 lbs(50 kg) 120 lbs(54 kg) 130 lbs(""",GENERAL,29,29,,qualitative non-numeric
/blog/bmi-chart-explained/index.html,"table cell in ""Height 45 kg(99 lbs) 50 kg(110 lbs) 55 kg(121 lbs) 60 kg(132""",GENERAL,Height,Height,,qualitative non-numeric
/blog/bmi-chart-explained/index.html,"table cell in ""Height 45 kg(99 lbs) 50 kg(110 lbs) 55 kg(121 lbs) 60 kg(132""",GENERAL,45 kg(99 lbs),45 kg(99 lbs),,qualitative non-numeric
/blog/bmi-chart-explained/index.html,"table cell in ""Height 45 kg(99 lbs) 50 kg(110 lbs) 55 kg(121 lbs) 60 kg(132""",GENERAL,50 kg(110 lbs),50 kg(110 lbs),,qualitative non-numeric
/blog/bmi-chart-explained/index.html,"table cell in ""Height 45 kg(99 lbs) 50 kg(110 lbs) 55 kg(121 lbs) 60 kg(132""",GENERAL,55 kg(121 lbs),55 kg(121 lbs),,qualitative non-numeric
/blog/bmi-chart-explained/index.html,"table cell in ""Height 45 kg(99 lbs) 50 kg(110 lbs) 55 kg(121 lbs) 60 kg(132""",GENERAL,60 kg(132 lbs),60 kg(132 lbs),,qualitative non-numeric
/blog/bmi-chart-explained/index.html,"table cell in ""Height 45 kg(99 lbs) 50 kg(110 lbs) 55 kg(121 lbs) 60 kg(132""",GENERAL,65 kg(143 lbs),65 kg(143 lbs),,qualitative non-numeric
/blog/bmi-chart-explained/index.html,"table cell in ""Height 45 kg(99 lbs) 50 kg(110 lbs) 55 kg(121 lbs) 60 kg(132""",GENERAL,70 kg(154 lbs),70 kg(154 lbs),,qualitative non-numeric
/blog/bmi-chart-explained/index.html,"table cell in ""Height 45 kg(99 lbs) 50 kg(110 lbs) 55 kg(121 lbs) 60 kg(132""",GENERAL,75 kg(165 lbs),75 kg(165 lbs),,qualitative non-numeric
/blog/bmi-chart-explained/index.html,"table cell in ""Height 45 kg(99 lbs) 50 kg(110 lbs) 55 kg(121 lbs) 60 kg(132""",GENERAL,80 kg(176 lbs),80 kg(176 lbs),,qualitative non-numeric
/blog/bmi-chart-explained/index.html,"table cell in ""Height 45 kg(99 lbs) 50 kg(110 lbs) 55 kg(121 lbs) 60 kg(132""",GENERAL,85 kg(187 lbs),85 kg(187 lbs),,qualitative non-numeric
/blog/bmi-chart-explained/index.html,"table cell in ""Height 45 kg(99 lbs) 50 kg(110 lbs) 55 kg(121 lbs) 60 kg(132""",GENERAL,90 kg(198 lbs),90 kg(198 lbs),,qualitative non-numeric
/blog/bmi-chart-explained/index.html,"table cell in ""Height 45 kg(99 lbs) 50 kg(110 lbs) 55 kg(121 lbs) 60 kg(132""",GENERAL,95 kg(209 lbs),95 kg(209 lbs),,qualitative non-numeric
/blog/bmi-chart-explained/index.html,"table cell in ""Height 45 kg(99 lbs) 50 kg(110 lbs) 55 kg(121 lbs) 60 kg(132""",GENERAL,100 kg(220 lbs),100 kg(220 lbs),,qualitative non-numeric
/blog/bmi-chart-explained/index.html,"table cell in ""Height 45 kg(99 lbs) 50 kg(110 lbs) 55 kg(121 lbs) 60 kg(132""",GENERAL,110 kg(243 lbs),110 kg(243 lbs),,qualitative non-numeric
/blog/bmi-chart-explained/index.html,"table cell in ""Height 45 kg(99 lbs) 50 kg(110 lbs) 55 kg(121 lbs) 60 kg(132""",GENERAL,150 cm,150 cm,,qualitative non-numeric
/blog/bmi-chart-explained/index.html,"table cell in ""Height 45 kg(99 lbs) 50 kg(110 lbs) 55 kg(121 lbs) 60 kg(132""",GENERAL,20,20,,qualitative non-numeric
/blog/bmi-chart-explained/index.html,"table cell in ""Height 45 kg(99 lbs) 50 kg(110 lbs) 55 kg(121 lbs) 60 kg(132""",GENERAL,22,22,,qualitative non-numeric
/blog/bmi-chart-explained/index.html,"table cell in ""Height 45 kg(99 lbs) 50 kg(110 lbs) 55 kg(121 lbs) 60 kg(132""",GENERAL,24,24,,qualitative non-numeric
/blog/bmi-chart-explained/index.html,"table cell in ""Height 45 kg(99 lbs) 50 kg(110 lbs) 55 kg(121 lbs) 60 kg(132""",GENERAL,27,27,,qualitative non-numeric
/blog/bmi-chart-explained/index.html,"table cell in ""Height 45 kg(99 lbs) 50 kg(110 lbs) 55 kg(121 lbs) 60 kg(132""",GENERAL,29,29,,qualitative non-numeric
/blog/bmi-chart-explained/index.html,"table cell in ""Height 45 kg(99 lbs) 50 kg(110 lbs) 55 kg(121 lbs) 60 kg(132""",GENERAL,31,31,,qualitative non-numeric
/blog/bmi-chart-explained/index.html,"table cell in ""Height 45 kg(99 lbs) 50 kg(110 lbs) 55 kg(121 lbs) 60 kg(132""",GENERAL,33,33,,qualitative non-numeric
/blog/bmi-chart-explained/index.html,"table cell in ""Height 45 kg(99 lbs) 50 kg(110 lbs) 55 kg(121 lbs) 60 kg(132""",GENERAL,36,36,,qualitative non-numeric
/blog/bmi-chart-explained/index.html,"table cell in ""Height 45 kg(99 lbs) 50 kg(110 lbs) 55 kg(121 lbs) 60 kg(132""",GENERAL,38,38,,qualitative non-numeric
/blog/bmi-chart-explained/index.html,"table cell in ""Height 45 kg(99 lbs) 50 kg(110 lbs) 55 kg(121 lbs) 60 kg(132""",GENERAL,40,40,,qualitative non-numeric
/blog/bmi-chart-explained/index.html,"table cell in ""Height 45 kg(99 lbs) 50 kg(110 lbs) 55 kg(121 lbs) 60 kg(132""",GENERAL,42,42,,qualitative non-numeric
/blog/bmi-chart-explained/index.html,"table cell in ""Height 45 kg(99 lbs) 50 kg(110 lbs) 55 kg(121 lbs) 60 kg(132""",GENERAL,44,44,,qualitative non-numeric
/blog/bmi-chart-explained/index.html,"table cell in ""Height 45 kg(99 lbs) 50 kg(110 lbs) 55 kg(121 lbs) 60 kg(132""",GENERAL,49,49,,qualitative non-numeric
/blog/bmi-chart-explained/index.html,"table cell in ""Height 45 kg(99 lbs) 50 kg(110 lbs) 55 kg(121 lbs) 60 kg(132""",GENERAL,155 cm,155 cm,,qualitative non-numeric
/blog/bmi-chart-explained/index.html,"table cell in ""Height 45 kg(99 lbs) 50 kg(110 lbs) 55 kg(121 lbs) 60 kg(132""",GENERAL,19,19,,qualitative non-numeric
/blog/bmi-chart-explained/index.html,"table cell in ""Height 45 kg(99 lbs) 50 kg(110 lbs) 55 kg(121 lbs) 60 kg(132""",GENERAL,21,21,,qualitative non-numeric
/blog/bmi-chart-explained/index.html,"table cell in ""Height 45 kg(99 lbs) 50 kg(110 lbs) 55 kg(121 lbs) 60 kg(132""",GENERAL,23,23,,qualitative non-numeric
/blog/bmi-chart-explained/index.html,"table cell in ""Height 45 kg(99 lbs) 50 kg(110 lbs) 55 kg(121 lbs) 60 kg(132""",GENERAL,25,25,,qualitative non-numeric
/blog/bmi-chart-explained/index.html,"table cell in ""Height 45 kg(99 lbs) 50 kg(110 lbs) 55 kg(121 lbs) 60 kg(132""",GENERAL,27,27,,qualitative non-numeric
/blog/bmi-chart-explained/index.html,"table cell in ""Height 45 kg(99 lbs) 50 kg(110 lbs) 55 kg(121 lbs) 60 kg(132""",GENERAL,29,29,,qualitative non-numeric
/blog/bmi-chart-explained/index.html,"table cell in ""Height 45 kg(99 lbs) 50 kg(110 lbs) 55 kg(121 lbs) 60 kg(132""",GENERAL,31,31,,qualitative non-numeric
/blog/bmi-chart-explained/index.html,"table cell in ""Height 45 kg(99 lbs) 50 kg(110 lbs) 55 kg(121 lbs) 60 kg(132""",GENERAL,33,33,,qualitative non-numeric
/blog/bmi-chart-explained/index.html,"table cell in ""Height 45 kg(99 lbs) 50 kg(110 lbs) 55 kg(121 lbs) 60 kg(132""",GENERAL,35,35,,qualitative non-numeric
/blog/bmi-chart-explained/index.html,"table cell in ""Height 45 kg(99 lbs) 50 kg(110 lbs) 55 kg(121 lbs) 60 kg(132""",GENERAL,37,37,,qualitative non-numeric
/blog/bmi-chart-explained/index.html,"table cell in ""Height 45 kg(99 lbs) 50 kg(110 lbs) 55 kg(121 lbs) 60 kg(132""",GENERAL,40,40,,qualitative non-numeric
/blog/bmi-chart-explained/index.html,"table cell in ""Height 45 kg(99 lbs) 50 kg(110 lbs) 55 kg(121 lbs) 60 kg(132""",GENERAL,42,42,,qualitative non-numeric
/blog/bmi-chart-explained/index.html,"table cell in ""Height 45 kg(99 lbs) 50 kg(110 lbs) 55 kg(121 lbs) 60 kg(132""",GENERAL,46,46,,qualitative non-numeric
/blog/bmi-chart-explained/index.html,"table cell in ""Height 45 kg(99 lbs) 50 kg(110 lbs) 55 kg(121 lbs) 60 kg(132""",GENERAL,160 cm,160 cm,,qualitative non-numeric
/blog/bmi-chart-explained/index.html,"table cell in ""Height 45 kg(99 lbs) 50 kg(110 lbs) 55 kg(121 lbs) 60 kg(132""",GENERAL,18,18,,qualitative non-numeric
/blog/bmi-chart-explained/index.html,"table cell in ""Height 45 kg(99 lbs) 50 kg(110 lbs) 55 kg(121 lbs) 60 kg(132""",GENERAL,20,20,,qualitative non-numeric
/blog/bmi-chart-explained/index.html,"table cell in ""Height 45 kg(99 lbs) 50 kg(110 lbs) 55 kg(121 lbs) 60 kg(132""",GENERAL,21,21,,qualitative non-numeric
/blog/bmi-chart-explained/index.html,"table cell in ""Height 45 kg(99 lbs) 50 kg(110 lbs) 55 kg(121 lbs) 60 kg(132""",GENERAL,23,23,,qualitative non-numeric
/blog/bmi-chart-explained/index.html,"table cell in ""Height 45 kg(99 lbs) 50 kg(110 lbs) 55 kg(121 lbs) 60 kg(132""",GENERAL,25,25,,qualitative non-numeric
/blog/bmi-chart-explained/index.html,"table cell in ""Height 45 kg(99 lbs) 50 kg(110 lbs) 55 kg(121 lbs) 60 kg(132""",GENERAL,27,27,,qualitative non-numeric
/blog/bmi-chart-explained/index.html,"table cell in ""Height 45 kg(99 lbs) 50 kg(110 lbs) 55 kg(121 lbs) 60 kg(132""",GENERAL,29,29,,qualitative non-numeric
/blog/bmi-chart-explained/index.html,"table cell in ""Height 45 kg(99 lbs) 50 kg(110 lbs) 55 kg(121 lbs) 60 kg(132""",GENERAL,31,31,,qualitative non-numeric
/blog/bmi-chart-explained/index.html,"table cell in ""Height 45 kg(99 lbs) 50 kg(110 lbs) 55 kg(121 lbs) 60 kg(132""",GENERAL,33,33,,qualitative non-numeric
/blog/bmi-chart-explained/index.html,"table cell in ""Height 45 kg(99 lbs) 50 kg(110 lbs) 55 kg(121 lbs) 60 kg(132""",GENERAL,35,35,,qualitative non-numeric
/blog/bmi-chart-explained/index.html,"table cell in ""Height 45 kg(99 lbs) 50 kg(110 lbs) 55 kg(121 lbs) 60 kg(132""",GENERAL,37,37,,qualitative non-numeric
/blog/bmi-chart-explained/index.html,"table cell in ""Height 45 kg(99 lbs) 50 kg(110 lbs) 55 kg(121 lbs) 60 kg(132""",GENERAL,39,39,,qualitative non-numeric
/blog/bmi-chart-explained/index.html,"table cell in ""Height 45 kg(99 lbs) 50 kg(110 lbs) 55 kg(121 lbs) 60 kg(132""",GENERAL,43,43,,qualitative non-numeric
/blog/bmi-chart-explained/index.html,"table cell in ""Height 45 kg(99 lbs) 50 kg(110 lbs) 55 kg(121 lbs) 60 kg(132""",GENERAL,165 cm,165 cm,,qualitative non-numeric
/blog/bmi-chart-explained/index.html,"table cell in ""Height 45 kg(99 lbs) 50 kg(110 lbs) 55 kg(121 lbs) 60 kg(132""",GENERAL,17,17,,qualitative non-numeric
/blog/bmi-chart-explained/index.html,"table cell in ""Height 45 kg(99 lbs) 50 kg(110 lbs) 55 kg(121 lbs) 60 kg(132""",GENERAL,18,18,,qualitative non-numeric
/blog/bmi-chart-explained/index.html,"table cell in ""Height 45 kg(99 lbs) 50 kg(110 lbs) 55 kg(121 lbs) 60 kg(132""",GENERAL,20,20,,qualitative non-numeric
/blog/bmi-chart-explained/index.html,"table cell in ""Height 45 kg(99 lbs) 50 kg(110 lbs) 55 kg(121 lbs) 60 kg(132""",GENERAL,22,22,,qualitative non-numeric
/blog/bmi-chart-explained/index.html,"table cell in ""Height 45 kg(99 lbs) 50 kg(110 lbs) 55 kg(121 lbs) 60 kg(132""",GENERAL,24,24,,qualitative non-numeric
/blog/bmi-chart-explained/index.html,"table cell in ""Height 45 kg(99 lbs) 50 kg(110 lbs) 55 kg(121 lbs) 60 kg(132""",GENERAL,26,26,,qualitative non-numeric
/blog/bmi-chart-explained/index.html,"table cell in ""Height 45 kg(99 lbs) 50 kg(110 lbs) 55 kg(121 lbs) 60 kg(132""",GENERAL,28,28,,qualitative non-numeric
/blog/bmi-chart-explained/index.html,"table cell in ""Height 45 kg(99 lbs) 50 kg(110 lbs) 55 kg(121 lbs) 60 kg(132""",GENERAL,29,29,,qualitative non-numeric
/blog/bmi-chart-explained/index.html,"table cell in ""Height 45 kg(99 lbs) 50 kg(110 lbs) 55 kg(121 lbs) 60 kg(132""",GENERAL,31,31,,qualitative non-numeric
/blog/bmi-chart-explained/index.html,"table cell in ""Height 45 kg(99 lbs) 50 kg(110 lbs) 55 kg(121 lbs) 60 kg(132""",GENERAL,33,33,,qualitative non-numeric
/blog/bmi-chart-explained/index.html,"table cell in ""Height 45 kg(99 lbs) 50 kg(110 lbs) 55 kg(121 lbs) 60 kg(132""",GENERAL,35,35,,qualitative non-numeric
/blog/bmi-chart-explained/index.html,"table cell in ""Height 45 kg(99 lbs) 50 kg(110 lbs) 55 kg(121 lbs) 60 kg(132""",GENERAL,37,37,,qualitative non-numeric
/blog/bmi-chart-explained/index.html,"table cell in ""Height 45 kg(99 lbs) 50 kg(110 lbs) 55 kg(121 lbs) 60 kg(132""",GENERAL,40,40,,qualitative non-numeric
/blog/bmi-chart-explained/index.html,"table cell in ""Height 45 kg(99 lbs) 50 kg(110 lbs) 55 kg(121 lbs) 60 kg(132""",GENERAL,170 cm,170 cm,,qualitative non-numeric
/blog/bmi-chart-explained/index.html,"table cell in ""Height 45 kg(99 lbs) 50 kg(110 lbs) 55 kg(121 lbs) 60 kg(132""",GENERAL,16,16,,qualitative non-numeric
/blog/bmi-chart-explained/index.html,"table cell in ""Height 45 kg(99 lbs) 50 kg(110 lbs) 55 kg(121 lbs) 60 kg(132""",GENERAL,17,17,,qualitative non-numeric
/blog/bmi-chart-explained/index.html,"table cell in ""Height 45 kg(99 lbs) 50 kg(110 lbs) 55 kg(121 lbs) 60 kg(132""",GENERAL,19,19,,qualitative non-numeric
/blog/bmi-chart-explained/index.html,"table cell in ""Height 45 kg(99 lbs) 50 kg(110 lbs) 55 kg(121 lbs) 60 kg(132""",GENERAL,21,21,,qualitative non-numeric
/blog/bmi-chart-explained/index.html,"table cell in ""Height 45 kg(99 lbs) 50 kg(110 lbs) 55 kg(121 lbs) 60 kg(132""",GENERAL,22,22,,qualitative non-numeric
/blog/bmi-chart-explained/index.html,"table cell in ""Height 45 kg(99 lbs) 50 kg(110 lbs) 55 kg(121 lbs) 60 kg(132""",GENERAL,24,24,,qualitative non-numeric
/blog/bmi-chart-explained/index.html,"table cell in ""Height 45 kg(99 lbs) 50 kg(110 lbs) 55 kg(121 lbs) 60 kg(132""",GENERAL,26,26,,qualitative non-numeric
/blog/bmi-chart-explained/index.html,"table cell in ""Height 45 kg(99 lbs) 50 kg(110 lbs) 55 kg(121 lbs) 60 kg(132""",GENERAL,28,28,,qualitative non-numeric
/blog/bmi-chart-explained/index.html,"table cell in ""Height 45 kg(99 lbs) 50 kg(110 lbs) 55 kg(121 lbs) 60 kg(132""",GENERAL,29,29,,qualitative non-numeric
/blog/bmi-chart-explained/index.html,"table cell in ""Height 45 kg(99 lbs) 50 kg(110 lbs) 55 kg(121 lbs) 60 kg(132""",GENERAL,31,31,,qualitative non-numeric
/blog/bmi-chart-explained/index.html,"table cell in ""Height 45 kg(99 lbs) 50 kg(110 lbs) 55 kg(121 lbs) 60 kg(132""",GENERAL,33,33,,qualitative non-numeric
/blog/bmi-chart-explained/index.html,"table cell in ""Height 45 kg(99 lbs) 50 kg(110 lbs) 55 kg(121 lbs) 60 kg(132""",GENERAL,35,35,,qualitative non-numeric
/blog/bmi-chart-explained/index.html,"table cell in ""Height 45 kg(99 lbs) 50 kg(110 lbs) 55 kg(121 lbs) 60 kg(132""",GENERAL,38,38,,qualitative non-numeric
/blog/bmi-chart-explained/index.html,"table cell in ""Height 45 kg(99 lbs) 50 kg(110 lbs) 55 kg(121 lbs) 60 kg(132""",GENERAL,175 cm,175 cm,,qualitative non-numeric
/blog/bmi-chart-explained/index.html,"table cell in ""Height 45 kg(99 lbs) 50 kg(110 lbs) 55 kg(121 lbs) 60 kg(132""",GENERAL,15,15,,qualitative non-numeric
/blog/bmi-chart-explained/index.html,"table cell in ""Height 45 kg(99 lbs) 50 kg(110 lbs) 55 kg(121 lbs) 60 kg(132""",GENERAL,16,16,,qualitative non-numeric
/blog/bmi-chart-explained/index.html,"table cell in ""Height 45 kg(99 lbs) 50 kg(110 lbs) 55 kg(121 lbs) 60 kg(132""",GENERAL,18,18,,qualitative non-numeric
/blog/bmi-chart-explained/index.html,"table cell in ""Height 45 kg(99 lbs) 50 kg(110 lbs) 55 kg(121 lbs) 60 kg(132""",GENERAL,20,20,,qualitative non-numeric
/blog/bmi-chart-explained/index.html,"table cell in ""Height 45 kg(99 lbs) 50 kg(110 lbs) 55 kg(121 lbs) 60 kg(132""",GENERAL,21,21,,qualitative non-numeric
/blog/bmi-chart-explained/index.html,"table cell in ""Height 45 kg(99 lbs) 50 kg(110 lbs) 55 kg(121 lbs) 60 kg(132""",GENERAL,23,23,,qualitative non-numeric
/blog/bmi-chart-explained/index.html,"table cell in ""Height 45 kg(99 lbs) 50 kg(110 lbs) 55 kg(121 lbs) 60 kg(132""",GENERAL,24,24,,qualitative non-numeric
/blog/bmi-chart-explained/index.html,"table cell in ""Height 45 kg(99 lbs) 50 kg(110 lbs) 55 kg(121 lbs) 60 kg(132""",GENERAL,26,26,,qualitative non-numeric
/blog/bmi-chart-explained/index.html,"table cell in ""Height 45 kg(99 lbs) 50 kg(110 lbs) 55 kg(121 lbs) 60 kg(132""",GENERAL,28,28,,qualitative non-numeric
/blog/bmi-chart-explained/index.html,"table cell in ""Height 45 kg(99 lbs) 50 kg(110 lbs) 55 kg(121 lbs) 60 kg(132""",GENERAL,29,29,,qualitative non-numeric
/blog/bmi-chart-explained/index.html,"table cell in ""Height 45 kg(99 lbs) 50 kg(110 lbs) 55 kg(121 lbs) 60 kg(132""",GENERAL,31,31,,qualitative non-numeric
/blog/bmi-chart-explained/index.html,"table cell in ""Height 45 kg(99 lbs) 50 kg(110 lbs) 55 kg(121 lbs) 60 kg(132""",GENERAL,33,33,,qualitative non-numeric
/blog/bmi-chart-explained/index.html,"table cell in ""Height 45 kg(99 lbs) 50 kg(110 lbs) 55 kg(121 lbs) 60 kg(132""",GENERAL,36,36,,qualitative non-numeric
/blog/bmi-chart-explained/index.html,"table cell in ""Height 45 kg(99 lbs) 50 kg(110 lbs) 55 kg(121 lbs) 60 kg(132""",GENERAL,180 cm,180 cm,,qualitative non-numeric
/blog/bmi-chart-explained/index.html,"table cell in ""Height 45 kg(99 lbs) 50 kg(110 lbs) 55 kg(121 lbs) 60 kg(132""",GENERAL,14,14,,qualitative non-numeric
/blog/bmi-chart-explained/index.html,"table cell in ""Height 45 kg(99 lbs) 50 kg(110 lbs) 55 kg(121 lbs) 60 kg(132""",GENERAL,15,15,,qualitative non-numeric
/blog/bmi-chart-explained/index.html,"table cell in ""Height 45 kg(99 lbs) 50 kg(110 lbs) 55 kg(121 lbs) 60 kg(132""",GENERAL,17,17,,qualitative non-numeric
/blog/bmi-chart-explained/index.html,"table cell in ""Height 45 kg(99 lbs) 50 kg(110 lbs) 55 kg(121 lbs) 60 kg(132""",GENERAL,19,19,,qualitative non-numeric
/blog/bmi-chart-explained/index.html,"table cell in ""Height 45 kg(99 lbs) 50 kg(110 lbs) 55 kg(121 lbs) 60 kg(132""",GENERAL,20,20,,qualitative non-numeric
/blog/bmi-chart-explained/index.html,"table cell in ""Height 45 kg(99 lbs) 50 kg(110 lbs) 55 kg(121 lbs) 60 kg(132""",GENERAL,22,22,,qualitative non-numeric
/blog/bmi-chart-explained/index.html,"table cell in ""Height 45 kg(99 lbs) 50 kg(110 lbs) 55 kg(121 lbs) 60 kg(132""",GENERAL,23,23,,qualitative non-numeric
/blog/bmi-chart-explained/index.html,"table cell in ""Height 45 kg(99 lbs) 50 kg(110 lbs) 55 kg(121 lbs) 60 kg(132""",GENERAL,25,25,,qualitative non-numeric
/blog/bmi-chart-explained/index.html,"table cell in ""Height 45 kg(99 lbs) 50 kg(110 lbs) 55 kg(121 lbs) 60 kg(132""",GENERAL,26,26,,qualitative non-numeric
/blog/bmi-chart-explained/index.html,"table cell in ""Height 45 kg(99 lbs) 50 kg(110 lbs) 55 kg(121 lbs) 60 kg(132""",GENERAL,28,28,,qualitative non-numeric
/blog/bmi-chart-explained/index.html,"table cell in ""Height 45 kg(99 lbs) 50 kg(110 lbs) 55 kg(121 lbs) 60 kg(132""",GENERAL,29,29,,qualitative non-numeric
/blog/bmi-chart-explained/index.html,"table cell in ""Height 45 kg(99 lbs) 50 kg(110 lbs) 55 kg(121 lbs) 60 kg(132""",GENERAL,31,31,,qualitative non-numeric
/blog/bmi-chart-explained/index.html,"table cell in ""Height 45 kg(99 lbs) 50 kg(110 lbs) 55 kg(121 lbs) 60 kg(132""",GENERAL,34,34,,qualitative non-numeric
/blog/bmi-chart-explained/index.html,"table cell in ""Height 45 kg(99 lbs) 50 kg(110 lbs) 55 kg(121 lbs) 60 kg(132""",GENERAL,185 cm,185 cm,,qualitative non-numeric
/blog/bmi-chart-explained/index.html,"table cell in ""Height 45 kg(99 lbs) 50 kg(110 lbs) 55 kg(121 lbs) 60 kg(132""",GENERAL,13,13,,qualitative non-numeric
/blog/bmi-chart-explained/index.html,"table cell in ""Height 45 kg(99 lbs) 50 kg(110 lbs) 55 kg(121 lbs) 60 kg(132""",GENERAL,15,15,,qualitative non-numeric
/blog/bmi-chart-explained/index.html,"table cell in ""Height 45 kg(99 lbs) 50 kg(110 lbs) 55 kg(121 lbs) 60 kg(132""",GENERAL,16,16,,qualitative non-numeric
/blog/bmi-chart-explained/index.html,"table cell in ""Height 45 kg(99 lbs) 50 kg(110 lbs) 55 kg(121 lbs) 60 kg(132""",GENERAL,18,18,,qualitative non-numeric
/blog/bmi-chart-explained/index.html,"table cell in ""Height 45 kg(99 lbs) 50 kg(110 lbs) 55 kg(121 lbs) 60 kg(132""",GENERAL,19,19,,qualitative non-numeric
/blog/bmi-chart-explained/index.html,"table cell in ""Height 45 kg(99 lbs) 50 kg(110 lbs) 55 kg(121 lbs) 60 kg(132""",GENERAL,20,20,,qualitative non-numeric
/blog/bmi-chart-explained/index.html,"table cell in ""Height 45 kg(99 lbs) 50 kg(110 lbs) 55 kg(121 lbs) 60 kg(132""",GENERAL,22,22,,qualitative non-numeric
/blog/bmi-chart-explained/index.html,"table cell in ""Height 45 kg(99 lbs) 50 kg(110 lbs) 55 kg(121 lbs) 60 kg(132""",GENERAL,23,23,,qualitative non-numeric
/blog/bmi-chart-explained/index.html,"table cell in ""Height 45 kg(99 lbs) 50 kg(110 lbs) 55 kg(121 lbs) 60 kg(132""",GENERAL,25,25,,qualitative non-numeric
/blog/bmi-chart-explained/index.html,"table cell in ""Height 45 kg(99 lbs) 50 kg(110 lbs) 55 kg(121 lbs) 60 kg(132""",GENERAL,26,26,,qualitative non-numeric
/blog/bmi-chart-explained/index.html,"table cell in ""Height 45 kg(99 lbs) 50 kg(110 lbs) 55 kg(121 lbs) 60 kg(132""",GENERAL,28,28,,qualitative non-numeric
/blog/bmi-chart-explained/index.html,"table cell in ""Height 45 kg(99 lbs) 50 kg(110 lbs) 55 kg(121 lbs) 60 kg(132""",GENERAL,29,29,,qualitative non-numeric
/blog/bmi-chart-explained/index.html,"table cell in ""Height 45 kg(99 lbs) 50 kg(110 lbs) 55 kg(121 lbs) 60 kg(132""",GENERAL,32,32,,qualitative non-numeric
/blog/bmi-chart-explained/index.html,"table cell in ""Height 45 kg(99 lbs) 50 kg(110 lbs) 55 kg(121 lbs) 60 kg(132""",GENERAL,190 cm,190 cm,,qualitative non-numeric
/blog/bmi-chart-explained/index.html,"table cell in ""Height 45 kg(99 lbs) 50 kg(110 lbs) 55 kg(121 lbs) 60 kg(132""",GENERAL,12,12,,qualitative non-numeric
/blog/bmi-chart-explained/index.html,"table cell in ""Height 45 kg(99 lbs) 50 kg(110 lbs) 55 kg(121 lbs) 60 kg(132""",GENERAL,14,14,,qualitative non-numeric
/blog/bmi-chart-explained/index.html,"table cell in ""Height 45 kg(99 lbs) 50 kg(110 lbs) 55 kg(121 lbs) 60 kg(132""",GENERAL,15,15,,qualitative non-numeric
/blog/bmi-chart-explained/index.html,"table cell in ""Height 45 kg(99 lbs) 50 kg(110 lbs) 55 kg(121 lbs) 60 kg(132""",GENERAL,17,17,,qualitative non-numeric
/blog/bmi-chart-explained/index.html,"table cell in ""Height 45 kg(99 lbs) 50 kg(110 lbs) 55 kg(121 lbs) 60 kg(132""",GENERAL,18,18,,qualitative non-numeric
/blog/bmi-chart-explained/index.html,"table cell in ""Height 45 kg(99 lbs) 50 kg(110 lbs) 55 kg(121 lbs) 60 kg(132""",GENERAL,19,19,,qualitative non-numeric
/blog/bmi-chart-explained/index.html,"table cell in ""Height 45 kg(99 lbs) 50 kg(110 lbs) 55 kg(121 lbs) 60 kg(132""",GENERAL,21,21,,qualitative non-numeric
/blog/bmi-chart-explained/index.html,"table cell in ""Height 45 kg(99 lbs) 50 kg(110 lbs) 55 kg(121 lbs) 60 kg(132""",GENERAL,22,22,,qualitative non-numeric
/blog/bmi-chart-explained/index.html,"table cell in ""Height 45 kg(99 lbs) 50 kg(110 lbs) 55 kg(121 lbs) 60 kg(132""",GENERAL,24,24,,qualitative non-numeric
/blog/bmi-chart-explained/index.html,"table cell in ""Height 45 kg(99 lbs) 50 kg(110 lbs) 55 kg(121 lbs) 60 kg(132""",GENERAL,25,25,,qualitative non-numeric
/blog/bmi-chart-explained/index.html,"table cell in ""Height 45 kg(99 lbs) 50 kg(110 lbs) 55 kg(121 lbs) 60 kg(132""",GENERAL,26,26,,qualitative non-numeric
/blog/bmi-chart-explained/index.html,"table cell in ""Height 45 kg(99 lbs) 50 kg(110 lbs) 55 kg(121 lbs) 60 kg(132""",GENERAL,28,28,,qualitative non-numeric
/blog/bmi-chart-explained/index.html,"table cell in ""Height 45 kg(99 lbs) 50 kg(110 lbs) 55 kg(121 lbs) 60 kg(132""",GENERAL,30,30,,qualitative non-numeric
/blog/bmi-chart-explained/index.html,"table cell in ""Height 45 kg(99 lbs) 50 kg(110 lbs) 55 kg(121 lbs) 60 kg(132""",GENERAL,195 cm,195 cm,,qualitative non-numeric
/blog/bmi-chart-explained/index.html,"table cell in ""Height 45 kg(99 lbs) 50 kg(110 lbs) 55 kg(121 lbs) 60 kg(132""",GENERAL,12,12,,qualitative non-numeric
/blog/bmi-chart-explained/index.html,"table cell in ""Height 45 kg(99 lbs) 50 kg(110 lbs) 55 kg(121 lbs) 60 kg(132""",GENERAL,13,13,,qualitative non-numeric
/blog/bmi-chart-explained/index.html,"table cell in ""Height 45 kg(99 lbs) 50 kg(110 lbs) 55 kg(121 lbs) 60 kg(132""",GENERAL,14,14,,qualitative non-numeric
/blog/bmi-chart-explained/index.html,"table cell in ""Height 45 kg(99 lbs) 50 kg(110 lbs) 55 kg(121 lbs) 60 kg(132""",GENERAL,16,16,,qualitative non-numeric
/blog/bmi-chart-explained/index.html,"table cell in ""Height 45 kg(99 lbs) 50 kg(110 lbs) 55 kg(121 lbs) 60 kg(132""",GENERAL,17,17,,qualitative non-numeric
/blog/bmi-chart-explained/index.html,"table cell in ""Height 45 kg(99 lbs) 50 kg(110 lbs) 55 kg(121 lbs) 60 kg(132""",GENERAL,18,18,,qualitative non-numeric
/blog/bmi-chart-explained/index.html,"table cell in ""Height 45 kg(99 lbs) 50 kg(110 lbs) 55 kg(121 lbs) 60 kg(132""",GENERAL,20,20,,qualitative non-numeric
/blog/bmi-chart-explained/index.html,"table cell in ""Height 45 kg(99 lbs) 50 kg(110 lbs) 55 kg(121 lbs) 60 kg(132""",GENERAL,21,21,,qualitative non-numeric
/blog/bmi-chart-explained/index.html,"table cell in ""Height 45 kg(99 lbs) 50 kg(110 lbs) 55 kg(121 lbs) 60 kg(132""",GENERAL,22,22,,qualitative non-numeric
/blog/bmi-chart-explained/index.html,"table cell in ""Height 45 kg(99 lbs) 50 kg(110 lbs) 55 kg(121 lbs) 60 kg(132""",GENERAL,24,24,,qualitative non-numeric
/blog/bmi-chart-explained/index.html,"table cell in ""Height 45 kg(99 lbs) 50 kg(110 lbs) 55 kg(121 lbs) 60 kg(132""",GENERAL,25,25,,qualitative non-numeric
/blog/bmi-chart-explained/index.html,"table cell in ""Height 45 kg(99 lbs) 50 kg(110 lbs) 55 kg(121 lbs) 60 kg(132""",GENERAL,26,26,,qualitative non-numeric
/blog/bmi-chart-explained/index.html,"table cell in ""Height 45 kg(99 lbs) 50 kg(110 lbs) 55 kg(121 lbs) 60 kg(132""",GENERAL,29,29,,qualitative non-numeric
/blog/bmi-chart-explained/index.html,"table cell in ""Factor Men Women""",GENERAL,Factor,Factor,,qualitative non-numeric
/blog/bmi-chart-explained/index.html,"table cell in ""Factor Men Women""",GENERAL,Men,Men,,qualitative non-numeric
/blog/bmi-chart-explained/index.html,"table cell in ""Factor Men Women""",GENERAL,Women,Women,,qualitative non-numeric
/blog/bmi-chart-explained/index.html,"table cell in ""Factor Men Women""",GENERAL,Body Fat at Same BMI,Body Fat at Same BMI,,qualitative non-numeric
/blog/bmi-chart-explained/index.html,"table cell in ""Factor Men Women""",DELETE,Lower (typically 10-15% less),,,unsourced specific/magnitude claim
/blog/bmi-chart-explained/index.html,"table cell in ""Factor Men Women""",GENERAL,Higher (naturally more essential fat),Higher (naturally more essential fat),,qualitative non-numeric
/blog/bmi-chart-explained/index.html,"table cell in ""Factor Men Women""",GENERAL,Healthy Body Fat Range,Healthy Body Fat Range,,qualitative non-numeric
/blog/bmi-chart-explained/index.html,"table cell in ""Factor Men Women""",DELETE,10-20%,,,unsourced specific/magnitude claim
/blog/bmi-chart-explained/index.html,"table cell in ""Factor Men Women""",DELETE,18-28%,,,unsourced specific/magnitude claim
/blog/bmi-chart-explained/index.html,"table cell in ""Factor Men Women""",GENERAL,Muscle Mass,Muscle Mass,,qualitative non-numeric
/blog/bmi-chart-explained/index.html,"table cell in ""Factor Men Women""",GENERAL,Higher average muscle mass,Higher average muscle mass,,qualitative non-numeric
/blog/bmi-chart-explained/index.html,"table cell in ""Factor Men Women""",GENERAL,Lower average muscle mass,Lower average muscle mass,,qualitative non-numeric
/blog/bmi-chart-explained/index.html,"table cell in ""Factor Men Women""",GENERAL,Fat Distribution,Fat Distribution,,qualitative non-numeric
/blog/bmi-chart-explained/index.html,"table cell in ""Factor Men Women""",GENERAL,More visceral (abdominal),More visceral (abdominal),,qualitative non-numeric
/blog/bmi-chart-explained/index.html,"table cell in ""Factor Men Women""",GENERAL,"More subcutaneous (hips, thighs)","More subcutaneous (hips, thighs)",,qualitative non-numeric
/blog/bmi-chart-explained/index.html,"table cell in ""Factor Men Women""",GENERAL,Optimal BMI (Some Research),Optimal BMI (Some Research),,qualitative non-numeric
/blog/bmi-chart-explained/index.html,"table cell in ""Factor Men Women""",DELETE,20-25,,,unsourced specific/magnitude claim
/blog/bmi-chart-explained/index.html,"table cell in ""Factor Men Women""",DELETE,19-24,,,unsourced specific/magnitude claim
/blog/bmi-chart-explained/index.html,"table cell in ""Age Group WHO Healthy Range Observational Reference""",KEEP-R1,Age Group,Age Group,,R1 source in surrounding block
/blog/bmi-chart-explained/index.html,"table cell in ""Age Group WHO Healthy Range Observational Reference""",KEEP-R1,WHO Healthy Range,WHO Healthy Range,,R1 source in surrounding block
/blog/bmi-chart-explained/index.html,"table cell in ""Age Group WHO Healthy Range Observational Reference""",KEEP-R1,Observational Reference,Observational Reference,,R1 source in surrounding block
/blog/bmi-chart-explained/index.html,"table cell in ""Age Group WHO Healthy Range Observational Reference""",KEEP-R1,18–64 years,18–64 years,,R1 source in surrounding block
/blog/bmi-chart-explained/index.html,"table cell in ""Age Group WHO Healthy Range Observational Reference""",KEEP-R1,18.5 – 24.9,18.5 – 24.9,,R1 source in surrounding block
/blog/bmi-chart-explained/index.html,"table cell in ""Age Group WHO Healthy Range Observational Reference""",KEEP-R1,WHO cut-offs apply; no separate age-adjusted range published.,WHO cut-offs apply; no separate age-adjusted range published.,,R1 source in surrounding block
/blog/bmi-chart-explained/index.html,"table cell in ""Age Group WHO Healthy Range Observational Reference""",KEEP-R1,65+ years,65+ years,,R1 source in surrounding block
/blog/bmi-chart-explained/index.html,"table cell in ""Age Group WHO Healthy Range Observational Reference""",KEEP-R1,18.5 – 24.9 (WHO),18.5 – 24.9 (WHO),,R1 source in surrounding block
/blog/bmi-chart-explained/index.html,"table cell in ""Age Group WHO Healthy Range Observational Reference""",KEEP-R1,"Lowest all-cause mortality observed across BMI 23–33 in Winter et al., Am J Clin Nutr 2014 (n=197,940). An association from cohort data — not a WHO recommendation.","Lowest all-cause mortality observed across BMI 23–33 in Winter et al., Am J Clin Nutr 2014 (n=197,940). An association from cohort data — not a WHO recommendation.",,R1 source in surrounding block
/blog/bmi-chart-explained/index.html,"table cell in ""Feature BMI Chart BMI Calculator""",GENERAL,Feature,Feature,,qualitative non-numeric
/blog/bmi-chart-explained/index.html,"table cell in ""Feature BMI Chart BMI Calculator""",GENERAL,BMI Chart,BMI Chart,,qualitative non-numeric
/blog/bmi-chart-explained/index.html,"table cell in ""Feature BMI Chart BMI Calculator""",GENERAL,BMI Calculator,BMI Calculator,,qualitative non-numeric
/blog/bmi-chart-explained/index.html,"table cell in ""Feature BMI Chart BMI Calculator""",GENERAL,Precision,Precision,,qualitative non-numeric
/blog/bmi-chart-explained/index.html,"table cell in ""Feature BMI Chart BMI Calculator""",GENERAL,Rounded to whole numbers,Rounded to whole numbers,,qualitative non-numeric
/blog/bmi-chart-explained/index.html,"table cell in ""Feature BMI Chart BMI Calculator""",GENERAL,Exact decimal values,Exact decimal values,,qualitative non-numeric
/blog/bmi-chart-explained/index.html,"table cell in ""Feature BMI Chart BMI Calculator""",GENERAL,Speed,Speed,,qualitative non-numeric
/blog/bmi-chart-explained/index.html,"table cell in ""Feature BMI Chart BMI Calculator""",GENERAL,Instant visual lookup,Instant visual lookup,,qualitative non-numeric
/blog/bmi-chart-explained/index.html,"table cell in ""Feature BMI Chart BMI Calculator""",GENERAL,Requires input entry,Requires input entry,,qualitative non-numeric
/blog/bmi-chart-explained/index.html,"table cell in ""Feature BMI Chart BMI Calculator""",GENERAL,Context,Context,,qualitative non-numeric
/blog/bmi-chart-explained/index.html,"table cell in ""Feature BMI Chart BMI Calculator""",GENERAL,"See surrounding values, categories","See surrounding values, categories",,qualitative non-numeric
/blog/bmi-chart-explained/index.html,"table cell in ""Feature BMI Chart BMI Calculator""",GENERAL,Shows only your result,Shows only your result,,qualitative non-numeric
/blog/bmi-chart-explained/index.html,"table cell in ""Feature BMI Chart BMI Calculator""",GENERAL,Any Measurement,Any Measurement,,qualitative non-numeric
/blog/bmi-chart-explained/index.html,"table cell in ""Feature BMI Chart BMI Calculator""",GENERAL,Limited to listed values,Limited to listed values,,qualitative non-numeric
/blog/bmi-chart-explained/index.html,"table cell in ""Feature BMI Chart BMI Calculator""",GENERAL,Works for any input,Works for any input,,qualitative non-numeric
/blog/bmi-chart-explained/index.html,"table cell in ""Feature BMI Chart BMI Calculator""",GENERAL,Offline Use,Offline Use,,qualitative non-numeric
/blog/bmi-chart-explained/index.html,"table cell in ""Feature BMI Chart BMI Calculator""",GENERAL,Works without internet,Works without internet,,qualitative non-numeric
/blog/bmi-chart-explained/index.html,"table cell in ""Feature BMI Chart BMI Calculator""",GENERAL,Usually needs device/internet,Usually needs device/internet,,qualitative non-numeric
/blog/bmi-chart-explained/index.html,"table cell in ""Feature BMI Chart BMI Calculator""",GENERAL,Additional Metrics,Additional Metrics,,qualitative non-numeric
/blog/bmi-chart-explained/index.html,"table cell in ""Feature BMI Chart BMI Calculator""",GENERAL,BMI only,BMI only,,qualitative non-numeric
/blog/bmi-chart-explained/index.html,"table cell in ""Feature BMI Chart BMI Calculator""",GENERAL,"Often includes category, ideal weight, etc.","Often includes category, ideal weight, etc.",,qualitative non-numeric
/blog/bmi-and-health-risks/index.html,"table cell in ""BMI Category BMI Range Primary Risk Factors""",KEEP-R1,BMI Category,BMI Category,,R1 source in surrounding block
/blog/bmi-and-health-risks/index.html,"table cell in ""BMI Category BMI Range Primary Risk Factors""",KEEP-R1,BMI Range,BMI Range,,R1 source in surrounding block
/blog/bmi-and-health-risks/index.html,"table cell in ""BMI Category BMI Range Primary Risk Factors""",KEEP-R1,Primary Risk Factors,Primary Risk Factors,,R1 source in surrounding block
/blog/bmi-and-health-risks/index.html,"table cell in ""BMI Category BMI Range Primary Risk Factors""",KEEP-R1,Severely Underweight,Severely Underweight,,R1 source in surrounding block
/blog/bmi-and-health-risks/index.html,"table cell in ""BMI Category BMI Range Primary Risk Factors""",KEEP-R1,<16.0,<16.0,,R1 source in surrounding block
/blog/bmi-and-health-risks/index.html,"table cell in ""BMI Category BMI Range Primary Risk Factors""",KEEP-R1,"Severe malnutrition, immune deficiency, cardiac and organ complications","Severe malnutrition, immune deficiency, cardiac and organ complications",,R1 source in surrounding block
/blog/bmi-and-health-risks/index.html,"table cell in ""BMI Category BMI Range Primary Risk Factors""",KEEP-R1,Underweight,Underweight,,R1 source in surrounding block
/blog/bmi-and-health-risks/index.html,"table cell in ""BMI Category BMI Range Primary Risk Factors""",KEEP-R1,16.0-18.4,16.0-18.4,,R1 source in surrounding block
/blog/bmi-and-health-risks/index.html,"table cell in ""BMI Category BMI Range Primary Risk Factors""",KEEP-R1,"Weakened immunity, osteoporosis, fertility issues","Weakened immunity, osteoporosis, fertility issues",,R1 source in surrounding block
/blog/bmi-and-health-risks/index.html,"table cell in ""BMI Category BMI Range Primary Risk Factors""",KEEP-R1,Normal Weight,Normal Weight,,R1 source in surrounding block
/blog/bmi-and-health-risks/index.html,"table cell in ""BMI Category BMI Range Primary Risk Factors""",KEEP-R1,18.5-24.9,18.5-24.9,,R1 source in surrounding block
/blog/bmi-and-health-risks/index.html,"table cell in ""BMI Category BMI Range Primary Risk Factors""",KEEP-R1,Lowest overall risk (WHO reference range),Lowest overall risk (WHO reference range),,R1 source in surrounding block
/blog/bmi-and-health-risks/index.html,"table cell in ""BMI Category BMI Range Primary Risk Factors""",KEEP-R1,Overweight,Overweight,,R1 source in surrounding block
/blog/bmi-and-health-risks/index.html,"table cell in ""BMI Category BMI Range Primary Risk Factors""",KEEP-R1,25.0-29.9,25.0-29.9,,R1 source in surrounding block
/blog/bmi-and-health-risks/index.html,"table cell in ""BMI Category BMI Range Primary Risk Factors""",KEEP-R1,Cardiovascular strain and metabolic changes appear; Flegal 2013 HR 0.94 vs normal,Cardiovascular strain and metabolic changes appear; Flegal 2013 HR 0.94 vs normal,,R1 source in surrounding block
/blog/bmi-and-health-risks/index.html,"table cell in ""BMI Category BMI Range Primary Risk Factors""",KEEP-R1,Obese Class I,Obese Class I,,R1 source in surrounding block
/blog/bmi-and-health-risks/index.html,"table cell in ""BMI Category BMI Range Primary Risk Factors""",KEEP-R1,30.0-34.9,30.0-34.9,,R1 source in surrounding block
/blog/bmi-and-health-risks/index.html,"table cell in ""BMI Category BMI Range Primary Risk Factors""",KEEP-R1,"Established elevation in heart disease, diabetes, and joint problems","Established elevation in heart disease, diabetes, and joint problems",,R1 source in surrounding block
/blog/bmi-and-health-risks/index.html,"table cell in ""BMI Category BMI Range Primary Risk Factors""",KEEP-R1,Obese Class II,Obese Class II,,R1 source in surrounding block
/blog/bmi-and-health-risks/index.html,"table cell in ""BMI Category BMI Range Primary Risk Factors""",KEEP-R1,35.0-39.9,35.0-39.9,,R1 source in surrounding block
/blog/bmi-and-health-risks/index.html,"table cell in ""BMI Category BMI Range Primary Risk Factors""",KEEP-R1,Multiple organ-system involvement is common,Multiple organ-system involvement is common,,R1 source in surrounding block
/blog/bmi-and-health-risks/index.html,"table cell in ""BMI Category BMI Range Primary Risk Factors""",KEEP-R1,Obese Class III,Obese Class III,,R1 source in surrounding block
/blog/bmi-and-health-risks/index.html,"table cell in ""BMI Category BMI Range Primary Risk Factors""",KEEP-R1,≥40.0,≥40.0,,R1 source in surrounding block
/blog/bmi-and-health-risks/index.html,"table cell in ""BMI Category BMI Range Primary Risk Factors""",KEEP-R1,Severe multi-system complications; life expectancy reduced,Severe multi-system complications; life expectancy reduced,,R1 source in surrounding block
/blog/bmi-and-health-risks/index.html,"table cell in ""Condition Trend with rising BMI""",GENERAL,Condition,Condition,,qualitative non-numeric
/blog/bmi-and-health-risks/index.html,"table cell in ""Condition Trend with rising BMI""",GENERAL,Trend with rising BMI,Trend with rising BMI,,qualitative non-numeric
/blog/bmi-and-health-risks/index.html,"table cell in ""Condition Trend with rising BMI""",GENERAL,Coronary heart disease,Coronary heart disease,,qualitative non-numeric
/blog/bmi-and-health-risks/index.html,"table cell in ""Condition Trend with rising BMI""",GENERAL,Risk rises steadily across overweight and obese classes,Risk rises steadily across overweight and obese classes,,qualitative non-numeric
/blog/bmi-and-health-risks/index.html,"table cell in ""Condition Trend with rising BMI""",GENERAL,Hypertension,Hypertension,,qualitative non-numeric
/blog/bmi-and-health-risks/index.html,"table cell in ""Condition Trend with rising BMI""",GENERAL,Risk rises steeply; often the earliest CV consequence of weight gain,Risk rises steeply; often the earliest CV consequence of weight gain,,qualitative non-numeric
/blog/bmi-and-health-risks/index.html,"table cell in ""Condition Trend with rising BMI""",GENERAL,Ischemic stroke,Ischemic stroke,,qualitative non-numeric
/blog/bmi-and-health-risks/index.html,"table cell in ""Condition Trend with rising BMI""",GENERAL,"Elevated in obese classes, particularly with co-existing hypertension and diabetes","Elevated in obese classes, particularly with co-existing hypertension and diabetes",,qualitative non-numeric
/blog/bmi-and-health-risks/index.html,"table cell in ""Condition Trend with rising BMI""",GENERAL,Heart failure,Heart failure,,qualitative non-numeric
/blog/bmi-and-health-risks/index.html,"table cell in ""Condition Trend with rising BMI""",DELETE,Substantially elevated in Class II and III obesity,,,unsourced specific/magnitude claim
/blog/bmi-and-health-risks/index.html,"table cell in ""Condition Trend with rising BMI""",GENERAL,Atrial fibrillation,Atrial fibrillation,,qualitative non-numeric
/blog/bmi-and-health-risks/index.html,"table cell in ""Condition Trend with rising BMI""",GENERAL,Elevated across the obese range,Elevated across the obese range,,qualitative non-numeric
/blog/bmi-and-health-risks/index.html,"table cell in ""Cancer type Primary mechanism""",GENERAL,Cancer type,Cancer type,,qualitative non-numeric
/blog/bmi-and-health-risks/index.html,"table cell in ""Cancer type Primary mechanism""",GENERAL,Primary mechanism,Primary mechanism,,qualitative non-numeric
/blog/bmi-and-health-risks/index.html,"table cell in ""Cancer type Primary mechanism""",GENERAL,Endometrial (uterine),Endometrial (uterine),,qualitative non-numeric
/blog/bmi-and-health-risks/index.html,"table cell in ""Cancer type Primary mechanism""",GENERAL,Elevated oestrogen from adipose tissue,Elevated oestrogen from adipose tissue,,qualitative non-numeric
/blog/bmi-and-health-risks/index.html,"table cell in ""Cancer type Primary mechanism""",GENERAL,Oesophageal adenocarcinoma,Oesophageal adenocarcinoma,,qualitative non-numeric
/blog/bmi-and-health-risks/index.html,"table cell in ""Cancer type Primary mechanism""",GENERAL,"Chronic reflux, inflammation","Chronic reflux, inflammation",,qualitative non-numeric
/blog/bmi-and-health-risks/index.html,"table cell in ""Cancer type Primary mechanism""",GENERAL,Kidney (renal cell),Kidney (renal cell),,qualitative non-numeric
/blog/bmi-and-health-risks/index.html,"table cell in ""Cancer type Primary mechanism""",GENERAL,"Hormonal changes, hypertension","Hormonal changes, hypertension",,qualitative non-numeric
/blog/bmi-and-health-risks/index.html,"table cell in ""Cancer type Primary mechanism""",GENERAL,Liver,Liver,,qualitative non-numeric
/blog/bmi-and-health-risks/index.html,"table cell in ""Cancer type Primary mechanism""",GENERAL,Non-alcoholic fatty liver disease progression,Non-alcoholic fatty liver disease progression,,qualitative non-numeric
/blog/bmi-and-health-risks/index.html,"table cell in ""Cancer type Primary mechanism""",GENERAL,Pancreatic,Pancreatic,,qualitative non-numeric
/blog/bmi-and-health-risks/index.html,"table cell in ""Cancer type Primary mechanism""",GENERAL,"Insulin resistance, chronic inflammation","Insulin resistance, chronic inflammation",,qualitative non-numeric
/blog/bmi-and-health-risks/index.html,"table cell in ""Cancer type Primary mechanism""",GENERAL,Colorectal,Colorectal,,qualitative non-numeric
/blog/bmi-and-health-risks/index.html,"table cell in ""Cancer type Primary mechanism""",GENERAL,"Insulin, inflammation, altered gut microbiome","Insulin, inflammation, altered gut microbiome",,qualitative non-numeric
/blog/bmi-and-health-risks/index.html,"table cell in ""Cancer type Primary mechanism""",GENERAL,Postmenopausal breast,Postmenopausal breast,,qualitative non-numeric
/blog/bmi-and-health-risks/index.html,"table cell in ""Cancer type Primary mechanism""",GENERAL,Elevated oestrogen production,Elevated oestrogen production,,qualitative non-numeric
/blog/bmi-and-health-risks/index.html,"table cell in ""Cancer type Primary mechanism""",GENERAL,Gallbladder,Gallbladder,,qualitative non-numeric
/blog/bmi-and-health-risks/index.html,"table cell in ""Cancer type Primary mechanism""",GENERAL,"Gallstones, chronic inflammation","Gallstones, chronic inflammation",,qualitative non-numeric
/blog/bmi-and-health-risks/index.html,"table cell in ""Cancer type Primary mechanism""",GENERAL,Stomach (cardia),Stomach (cardia),,qualitative non-numeric
/blog/bmi-and-health-risks/index.html,"table cell in ""Cancer type Primary mechanism""",GENERAL,"Reflux, chronic inflammation","Reflux, chronic inflammation",,qualitative non-numeric
/blog/bmi-and-health-risks/index.html,"table cell in ""Cancer type Primary mechanism""",GENERAL,Thyroid,Thyroid,,qualitative non-numeric
/blog/bmi-and-health-risks/index.html,"table cell in ""Cancer type Primary mechanism""",GENERAL,"Insulin resistance, chronic inflammation","Insulin resistance, chronic inflammation",,qualitative non-numeric
/blog/bmi-and-health-risks/index.html,"table cell in ""Cancer type Primary mechanism""",GENERAL,Meningioma,Meningioma,,qualitative non-numeric
/blog/bmi-and-health-risks/index.html,"table cell in ""Cancer type Primary mechanism""",GENERAL,Hormonal influences,Hormonal influences,,qualitative non-numeric
/blog/bmi-and-health-risks/index.html,"table cell in ""Cancer type Primary mechanism""",GENERAL,Multiple myeloma,Multiple myeloma,,qualitative non-numeric
/blog/bmi-and-health-risks/index.html,"table cell in ""Cancer type Primary mechanism""",GENERAL,Chronic inflammation,Chronic inflammation,,qualitative non-numeric
/blog/bmi-and-health-risks/index.html,"table cell in ""Cancer type Primary mechanism""",GENERAL,Ovarian,Ovarian,,qualitative non-numeric
/blog/bmi-and-health-risks/index.html,"table cell in ""Cancer type Primary mechanism""",GENERAL,Hormonal changes,Hormonal changes,,qualitative non-numeric
/blog/bmi-and-health-risks/index.html,"table cell in ""BMI Category Knee OA Risk Hip OA Risk Hand OA Risk""",GENERAL,BMI Category,BMI Category,,qualitative non-numeric
/blog/bmi-and-health-risks/index.html,"table cell in ""BMI Category Knee OA Risk Hip OA Risk Hand OA Risk""",GENERAL,Knee OA Risk,Knee OA Risk,,qualitative non-numeric
/blog/bmi-and-health-risks/index.html,"table cell in ""BMI Category Knee OA Risk Hip OA Risk Hand OA Risk""",GENERAL,Hip OA Risk,Hip OA Risk,,qualitative non-numeric
/blog/bmi-and-health-risks/index.html,"table cell in ""BMI Category Knee OA Risk Hip OA Risk Hand OA Risk""",GENERAL,Hand OA Risk,Hand OA Risk,,qualitative non-numeric
/blog/bmi-and-health-risks/index.html,"table cell in ""BMI Category Knee OA Risk Hip OA Risk Hand OA Risk""",DELETE,Normal (18.5-24.9),,,unsourced specific/magnitude claim
/blog/bmi-and-health-risks/index.html,"table cell in ""BMI Category Knee OA Risk Hip OA Risk Hand OA Risk""",GENERAL,1.0x,1.0x,,qualitative non-numeric
/blog/bmi-and-health-risks/index.html,"table cell in ""BMI Category Knee OA Risk Hip OA Risk Hand OA Risk""",GENERAL,1.0x,1.0x,,qualitative non-numeric
/blog/bmi-and-health-risks/index.html,"table cell in ""BMI Category Knee OA Risk Hip OA Risk Hand OA Risk""",GENERAL,1.0x,1.0x,,qualitative non-numeric
/blog/bmi-and-health-risks/index.html,"table cell in ""BMI Category Knee OA Risk Hip OA Risk Hand OA Risk""",DELETE,Overweight (25-29.9),,,unsourced specific/magnitude claim
/blog/bmi-and-health-risks/index.html,"table cell in ""BMI Category Knee OA Risk Hip OA Risk Hand OA Risk""",GENERAL,2.0x,2.0x,,qualitative non-numeric
/blog/bmi-and-health-risks/index.html,"table cell in ""BMI Category Knee OA Risk Hip OA Risk Hand OA Risk""",GENERAL,1.3x,1.3x,,qualitative non-numeric
/blog/bmi-and-health-risks/index.html,"table cell in ""BMI Category Knee OA Risk Hip OA Risk Hand OA Risk""",GENERAL,1.2x,1.2x,,qualitative non-numeric
/blog/bmi-and-health-risks/index.html,"table cell in ""BMI Category Knee OA Risk Hip OA Risk Hand OA Risk""",DELETE,Obese Class I (30-34.9),,,unsourced specific/magnitude claim
/blog/bmi-and-health-risks/index.html,"table cell in ""BMI Category Knee OA Risk Hip OA Risk Hand OA Risk""",GENERAL,4.0x,4.0x,,qualitative non-numeric
/blog/bmi-and-health-risks/index.html,"table cell in ""BMI Category Knee OA Risk Hip OA Risk Hand OA Risk""",GENERAL,1.7x,1.7x,,qualitative non-numeric
/blog/bmi-and-health-risks/index.html,"table cell in ""BMI Category Knee OA Risk Hip OA Risk Hand OA Risk""",GENERAL,1.5x,1.5x,,qualitative non-numeric
/blog/bmi-and-health-risks/index.html,"table cell in ""BMI Category Knee OA Risk Hip OA Risk Hand OA Risk""",GENERAL,Obese Class II+ (35+),Obese Class II+ (35+),,qualitative non-numeric
/blog/bmi-and-health-risks/index.html,"table cell in ""BMI Category Knee OA Risk Hip OA Risk Hand OA Risk""",GENERAL,7.0x,7.0x,,qualitative non-numeric
/blog/bmi-and-health-risks/index.html,"table cell in ""BMI Category Knee OA Risk Hip OA Risk Hand OA Risk""",GENERAL,2.5x,2.5x,,qualitative non-numeric
/blog/bmi-and-health-risks/index.html,"table cell in ""BMI Category Knee OA Risk Hip OA Risk Hand OA Risk""",GENERAL,2.0x,2.0x,,qualitative non-numeric
/blog/bmi-and-health-risks/index.html,"table cell in ""Health Risk Impact Notes""",KEEP-R1,Health Risk,Health Risk,,R1 source in surrounding block
/blog/bmi-and-health-risks/index.html,"table cell in ""Health Risk Impact Notes""",KEEP-R1,Impact,Impact,,R1 source in surrounding block
/blog/bmi-and-health-risks/index.html,"table cell in ""Health Risk Impact Notes""",KEEP-R1,Notes,Notes,,R1 source in surrounding block
/blog/bmi-and-health-risks/index.html,"table cell in ""Health Risk Impact Notes""",KEEP-R1,Weakened Immune System,Weakened Immune System,,R1 source in surrounding block
/blog/bmi-and-health-risks/index.html,"table cell in ""Health Risk Impact Notes""",KEEP-R1,Increased infection susceptibility,Increased infection susceptibility,,R1 source in surrounding block
/blog/bmi-and-health-risks/index.html,"table cell in ""Health Risk Impact Notes""",KEEP-R1,Nutrient deficiencies impair immune function,Nutrient deficiencies impair immune function,,R1 source in surrounding block
/blog/bmi-and-health-risks/index.html,"table cell in ""Health Risk Impact Notes""",KEEP-R1,Osteoporosis,Osteoporosis,,R1 source in surrounding block
/blog/bmi-and-health-risks/index.html,"table cell in ""Health Risk Impact Notes""",KEEP-R1,Elevated fracture risk,Elevated fracture risk,,R1 source in surrounding block
/blog/bmi-and-health-risks/index.html,"table cell in ""Health Risk Impact Notes""",KEEP-R1,Inadequate calcium and reduced bone-protective hormones,Inadequate calcium and reduced bone-protective hormones,,R1 source in surrounding block
/blog/bmi-and-health-risks/index.html,"table cell in ""Health Risk Impact Notes""",KEEP-R1,Fertility Problems,Fertility Problems,,R1 source in surrounding block
/blog/bmi-and-health-risks/index.html,"table cell in ""Health Risk Impact Notes""",KEEP-R1,"Irregular cycles, reduced conception","Irregular cycles, reduced conception",,R1 source in surrounding block
/blog/bmi-and-health-risks/index.html,"table cell in ""Health Risk Impact Notes""",KEEP-R1,Hormonal disruption from insufficient body fat,Hormonal disruption from insufficient body fat,,R1 source in surrounding block
/blog/bmi-and-health-risks/index.html,"table cell in ""Health Risk Impact Notes""",KEEP-R1,Anemia,Anemia,,R1 source in surrounding block
/blog/bmi-and-health-risks/index.html,"table cell in ""Health Risk Impact Notes""",KEEP-R1,"Fatigue, weakness","Fatigue, weakness",,R1 source in surrounding block
/blog/bmi-and-health-risks/index.html,"table cell in ""Health Risk Impact Notes""",KEEP-R1,"Iron, B12, and folate deficiencies common","Iron, B12, and folate deficiencies common",,R1 source in surrounding block
/blog/bmi-and-health-risks/index.html,"table cell in ""Health Risk Impact Notes""",KEEP-R1,Sarcopenia,Sarcopenia,,R1 source in surrounding block
/blog/bmi-and-health-risks/index.html,"table cell in ""Health Risk Impact Notes""",KEEP-R1,Muscle wasting,Muscle wasting,,R1 source in surrounding block
/blog/bmi-and-health-risks/index.html,"table cell in ""Health Risk Impact Notes""",KEEP-R1,Insufficient protein intake and calories,Insufficient protein intake and calories,,R1 source in surrounding block
/blog/bmi-and-health-risks/index.html,"table cell in ""Health Risk Impact Notes""",KEEP-R1,Surgical Complications,Surgical Complications,,R1 source in surrounding block
/blog/bmi-and-health-risks/index.html,"table cell in ""Health Risk Impact Notes""",KEEP-R1,"Poor wound healing, longer recovery","Poor wound healing, longer recovery",,R1 source in surrounding block
/blog/bmi-and-health-risks/index.html,"table cell in ""Health Risk Impact Notes""",KEEP-R1,Malnutrition impairs tissue repair,Malnutrition impairs tissue repair,,R1 source in surrounding block
/blog/bmi-and-health-risks/index.html,"table cell in ""Health Risk Impact Notes""",KEEP-R1,Cognitive Decline,Cognitive Decline,,R1 source in surrounding block
/blog/bmi-and-health-risks/index.html,"table cell in ""Health Risk Impact Notes""",KEEP-R1,Memory and concentration issues,Memory and concentration issues,,R1 source in surrounding block
/blog/bmi-and-health-risks/index.html,"table cell in ""Health Risk Impact Notes""",KEEP-R1,Brain requires adequate nutrition for function,Brain requires adequate nutrition for function,,R1 source in surrounding block
/blog/underweight-bmi-risks/index.html,"table cell in ""ClassificationBMI RangeTypical Concerns""",GENERAL,Classification,Classification,,qualitative non-numeric
/blog/underweight-bmi-risks/index.html,"table cell in ""ClassificationBMI RangeTypical Concerns""",GENERAL,BMI Range,BMI Range,,qualitative non-numeric
/blog/underweight-bmi-risks/index.html,"table cell in ""ClassificationBMI RangeTypical Concerns""",GENERAL,Typical Concerns,Typical Concerns,,qualitative non-numeric
/blog/underweight-bmi-risks/index.html,"table cell in ""ClassificationBMI RangeTypical Concerns""",GENERAL,Mild Underweight,Mild Underweight,,qualitative non-numeric
/blog/underweight-bmi-risks/index.html,"table cell in ""ClassificationBMI RangeTypical Concerns""",GENERAL,17.0 - 18.49,17.0 - 18.49,,qualitative non-numeric
/blog/underweight-bmi-risks/index.html,"table cell in ""ClassificationBMI RangeTypical Concerns""",DELETE,"Fatigue, minor nutrient deficiencies",,,prescriptive
/blog/underweight-bmi-risks/index.html,"table cell in ""ClassificationBMI RangeTypical Concerns""",GENERAL,Moderate Underweight,Moderate Underweight,,qualitative non-numeric
/blog/underweight-bmi-risks/index.html,"table cell in ""ClassificationBMI RangeTypical Concerns""",GENERAL,16.0 - 16.99,16.0 - 16.99,,qualitative non-numeric
/blog/underweight-bmi-risks/index.html,"table cell in ""ClassificationBMI RangeTypical Concerns""",GENERAL,"Immune weakness, hormonal issues","Immune weakness, hormonal issues",,qualitative non-numeric
/blog/underweight-bmi-risks/index.html,"table cell in ""ClassificationBMI RangeTypical Concerns""",GENERAL,Severe Underweight,Severe Underweight,,qualitative non-numeric
/blog/underweight-bmi-risks/index.html,"table cell in ""ClassificationBMI RangeTypical Concerns""",GENERAL,Below 16.0,Below 16.0,,qualitative non-numeric
/blog/underweight-bmi-risks/index.html,"table cell in ""ClassificationBMI RangeTypical Concerns""",GENERAL,"Organ dysfunction, hospitalization risk","Organ dysfunction, hospitalization risk",,qualitative non-numeric
/blog/underweight-bmi-risks/index.html,"table cell in ""Height Underweight (BMI <18.5) Normal Range Start (BMI 18.5)""",GENERAL,Height,Height,,qualitative non-numeric
/blog/underweight-bmi-risks/index.html,"table cell in ""Height Underweight (BMI <18.5) Normal Range Start (BMI 18.5)""",GENERAL,Underweight (BMI <18.5),Underweight (BMI <18.5),,qualitative non-numeric
/blog/underweight-bmi-risks/index.html,"table cell in ""Height Underweight (BMI <18.5) Normal Range Start (BMI 18.5)""",GENERAL,Normal Range Start (BMI 18.5),Normal Range Start (BMI 18.5),,qualitative non-numeric
/blog/underweight-bmi-risks/index.html,"table cell in ""Height Underweight (BMI <18.5) Normal Range Start (BMI 18.5)""",GENERAL,Ideal Weight Mid-Range,Ideal Weight Mid-Range,,qualitative non-numeric
/blog/underweight-bmi-risks/index.html,"table cell in ""Height Underweight (BMI <18.5) Normal Range Start (BMI 18.5)""",GENERAL,"5'0"" (152 cm)","5'0"" (152 cm)",,qualitative non-numeric
/blog/underweight-bmi-risks/index.html,"table cell in ""Height Underweight (BMI <18.5) Normal Range Start (BMI 18.5)""",GENERAL,< 95 lbs (43 kg),< 95 lbs (43 kg),,qualitative non-numeric
/blog/underweight-bmi-risks/index.html,"table cell in ""Height Underweight (BMI <18.5) Normal Range Start (BMI 18.5)""",GENERAL,95 lbs (43 kg),95 lbs (43 kg),,qualitative non-numeric
/blog/underweight-bmi-risks/index.html,"table cell in ""Height Underweight (BMI <18.5) Normal Range Start (BMI 18.5)""",GENERAL,108 lbs (49 kg),108 lbs (49 kg),,qualitative non-numeric
/blog/underweight-bmi-risks/index.html,"table cell in ""Height Underweight (BMI <18.5) Normal Range Start (BMI 18.5)""",GENERAL,"5'4"" (163 cm)","5'4"" (163 cm)",,qualitative non-numeric
/blog/underweight-bmi-risks/index.html,"table cell in ""Height Underweight (BMI <18.5) Normal Range Start (BMI 18.5)""",GENERAL,< 108 lbs (49 kg),< 108 lbs (49 kg),,qualitative non-numeric
/blog/underweight-bmi-risks/index.html,"table cell in ""Height Underweight (BMI <18.5) Normal Range Start (BMI 18.5)""",GENERAL,108 lbs (49 kg),108 lbs (49 kg),,qualitative non-numeric
/blog/underweight-bmi-risks/index.html,"table cell in ""Height Underweight (BMI <18.5) Normal Range Start (BMI 18.5)""",GENERAL,124 lbs (56 kg),124 lbs (56 kg),,qualitative non-numeric
/blog/underweight-bmi-risks/index.html,"table cell in ""Height Underweight (BMI <18.5) Normal Range Start (BMI 18.5)""",GENERAL,"5'8"" (173 cm)","5'8"" (173 cm)",,qualitative non-numeric
/blog/underweight-bmi-risks/index.html,"table cell in ""Height Underweight (BMI <18.5) Normal Range Start (BMI 18.5)""",GENERAL,< 122 lbs (55 kg),< 122 lbs (55 kg),,qualitative non-numeric
/blog/underweight-bmi-risks/index.html,"table cell in ""Height Underweight (BMI <18.5) Normal Range Start (BMI 18.5)""",GENERAL,122 lbs (55 kg),122 lbs (55 kg),,qualitative non-numeric
/blog/underweight-bmi-risks/index.html,"table cell in ""Height Underweight (BMI <18.5) Normal Range Start (BMI 18.5)""",GENERAL,140 lbs (64 kg),140 lbs (64 kg),,qualitative non-numeric
/blog/underweight-bmi-risks/index.html,"table cell in ""Height Underweight (BMI <18.5) Normal Range Start (BMI 18.5)""",GENERAL,"6'0"" (183 cm)","6'0"" (183 cm)",,qualitative non-numeric
/blog/underweight-bmi-risks/index.html,"table cell in ""Height Underweight (BMI <18.5) Normal Range Start (BMI 18.5)""",GENERAL,< 137 lbs (62 kg),< 137 lbs (62 kg),,qualitative non-numeric
/blog/underweight-bmi-risks/index.html,"table cell in ""Height Underweight (BMI <18.5) Normal Range Start (BMI 18.5)""",GENERAL,137 lbs (62 kg),137 lbs (62 kg),,qualitative non-numeric
/blog/underweight-bmi-risks/index.html,"table cell in ""Height Underweight (BMI <18.5) Normal Range Start (BMI 18.5)""",GENERAL,157 lbs (71 kg),157 lbs (71 kg),,qualitative non-numeric
/blog/underweight-bmi-risks/index.html,"table cell in ""Height Underweight (BMI <18.5) Normal Range Start (BMI 18.5)""",GENERAL,"6'4"" (193 cm)","6'4"" (193 cm)",,qualitative non-numeric
/blog/underweight-bmi-risks/index.html,"table cell in ""Height Underweight (BMI <18.5) Normal Range Start (BMI 18.5)""",GENERAL,< 152 lbs (69 kg),< 152 lbs (69 kg),,qualitative non-numeric
/blog/underweight-bmi-risks/index.html,"table cell in ""Height Underweight (BMI <18.5) Normal Range Start (BMI 18.5)""",GENERAL,152 lbs (69 kg),152 lbs (69 kg),,qualitative non-numeric
/blog/underweight-bmi-risks/index.html,"table cell in ""Height Underweight (BMI <18.5) Normal Range Start (BMI 18.5)""",GENERAL,175 lbs (79 kg),175 lbs (79 kg),,qualitative non-numeric
/blog/underweight-bmi-risks/index.html,"table cell in ""Nutrient Deficiency Symptoms Long-Term Consequences""",GENERAL,Nutrient,Nutrient,,qualitative non-numeric
/blog/underweight-bmi-risks/index.html,"table cell in ""Nutrient Deficiency Symptoms Long-Term Consequences""",GENERAL,Deficiency Symptoms,Deficiency Symptoms,,qualitative non-numeric
/blog/underweight-bmi-risks/index.html,"table cell in ""Nutrient Deficiency Symptoms Long-Term Consequences""",GENERAL,Long-Term Consequences,Long-Term Consequences,,qualitative non-numeric
/blog/underweight-bmi-risks/index.html,"table cell in ""Nutrient Deficiency Symptoms Long-Term Consequences""",GENERAL,Iron,Iron,,qualitative non-numeric
/blog/underweight-bmi-risks/index.html,"table cell in ""Nutrient Deficiency Symptoms Long-Term Consequences""",GENERAL,"Fatigue, weakness, pale skin, cold hands/feet","Fatigue, weakness, pale skin, cold hands/feet",,qualitative non-numeric
/blog/underweight-bmi-risks/index.html,"table cell in ""Nutrient Deficiency Symptoms Long-Term Consequences""",GENERAL,"Anemia, impaired cognitive function","Anemia, impaired cognitive function",,qualitative non-numeric
/blog/underweight-bmi-risks/index.html,"table cell in ""Nutrient Deficiency Symptoms Long-Term Consequences""",GENERAL,Vitamin D,Vitamin D,,qualitative non-numeric
/blog/underweight-bmi-risks/index.html,"table cell in ""Nutrient Deficiency Symptoms Long-Term Consequences""",GENERAL,"Bone pain, muscle weakness, mood changes","Bone pain, muscle weakness, mood changes",,qualitative non-numeric
/blog/underweight-bmi-risks/index.html,"table cell in ""Nutrient Deficiency Symptoms Long-Term Consequences""",GENERAL,"Osteoporosis, immune dysfunction","Osteoporosis, immune dysfunction",,qualitative non-numeric
/blog/underweight-bmi-risks/index.html,"table cell in ""Nutrient Deficiency Symptoms Long-Term Consequences""",GENERAL,Vitamin B12,Vitamin B12,,qualitative non-numeric
/blog/underweight-bmi-risks/index.html,"table cell in ""Nutrient Deficiency Symptoms Long-Term Consequences""",GENERAL,"Tingling, memory problems, balance issues","Tingling, memory problems, balance issues",,qualitative non-numeric
/blog/underweight-bmi-risks/index.html,"table cell in ""Nutrient Deficiency Symptoms Long-Term Consequences""",GENERAL,"Nerve damage, megaloblastic anemia","Nerve damage, megaloblastic anemia",,qualitative non-numeric
/blog/underweight-bmi-risks/index.html,"table cell in ""Nutrient Deficiency Symptoms Long-Term Consequences""",GENERAL,Zinc,Zinc,,qualitative non-numeric
/blog/underweight-bmi-risks/index.html,"table cell in ""Nutrient Deficiency Symptoms Long-Term Consequences""",GENERAL,"Hair loss, slow wound healing, taste changes","Hair loss, slow wound healing, taste changes",,qualitative non-numeric
/blog/underweight-bmi-risks/index.html,"table cell in ""Nutrient Deficiency Symptoms Long-Term Consequences""",GENERAL,"Immune impairment, growth delays","Immune impairment, growth delays",,qualitative non-numeric
/blog/underweight-bmi-risks/index.html,"table cell in ""Nutrient Deficiency Symptoms Long-Term Consequences""",GENERAL,Protein,Protein,,qualitative non-numeric
/blog/underweight-bmi-risks/index.html,"table cell in ""Nutrient Deficiency Symptoms Long-Term Consequences""",GENERAL,"Muscle wasting, edema, brittle nails/hair","Muscle wasting, edema, brittle nails/hair",,qualitative non-numeric
/blog/underweight-bmi-risks/index.html,"table cell in ""Nutrient Deficiency Symptoms Long-Term Consequences""",GENERAL,"Sarcopenia, organ dysfunction","Sarcopenia, organ dysfunction",,qualitative non-numeric
/blog/underweight-bmi-risks/index.html,table: Strategy Recommended Approach Example Foods,DELETE,"Strategy Recommended Approach Example Foods Increase Calories Gradually Add 300-500 calories/day to gain 0.5-1 lb/week Extra snacks, larger portions Eat More Frequently 5-6 smaller meals rather than 3 large ones Scheduled snacks between meals Choose Nutrient-Dense Foods Foods high in calories AND nutrients Nuts, avocados, whole grains, olive oil Prioritize Protein 1.2-1.7g protein per kg body weig",,,43% cells fail rule
/blog/bmi-limitations/index.html,"table cell in ""BMI RangeCategoryStandard Interpretation""",GENERAL,BMI Range,BMI Range,,qualitative non-numeric
/blog/bmi-limitations/index.html,"table cell in ""BMI RangeCategoryStandard Interpretation""",GENERAL,Category,Category,,qualitative non-numeric
/blog/bmi-limitations/index.html,"table cell in ""BMI RangeCategoryStandard Interpretation""",GENERAL,Standard Interpretation,Standard Interpretation,,qualitative non-numeric
/blog/bmi-limitations/index.html,"table cell in ""BMI RangeCategoryStandard Interpretation""",GENERAL,<18.5,<18.5,,qualitative non-numeric
/blog/bmi-limitations/index.html,"table cell in ""BMI RangeCategoryStandard Interpretation""",GENERAL,Underweight,Underweight,,qualitative non-numeric
/blog/bmi-limitations/index.html,"table cell in ""BMI RangeCategoryStandard Interpretation""",GENERAL,May indicate malnutrition or illness,May indicate malnutrition or illness,,qualitative non-numeric
/blog/bmi-limitations/index.html,"table cell in ""BMI RangeCategoryStandard Interpretation""",DELETE,18.5-24.9,,,unsourced specific/magnitude claim
/blog/bmi-limitations/index.html,"table cell in ""BMI RangeCategoryStandard Interpretation""",GENERAL,Normal,Normal,,qualitative non-numeric
/blog/bmi-limitations/index.html,"table cell in ""BMI RangeCategoryStandard Interpretation""",GENERAL,Considered healthy weight range,Considered healthy weight range,,qualitative non-numeric
/blog/bmi-limitations/index.html,"table cell in ""BMI RangeCategoryStandard Interpretation""",DELETE,25-29.9,,,unsourced specific/magnitude claim
/blog/bmi-limitations/index.html,"table cell in ""BMI RangeCategoryStandard Interpretation""",GENERAL,Overweight,Overweight,,qualitative non-numeric
/blog/bmi-limitations/index.html,"table cell in ""BMI RangeCategoryStandard Interpretation""",GENERAL,Increased health risk,Increased health risk,,qualitative non-numeric
/blog/bmi-limitations/index.html,"table cell in ""BMI RangeCategoryStandard Interpretation""",DELETE,30-34.9,,,unsourced specific/magnitude claim
/blog/bmi-limitations/index.html,"table cell in ""BMI RangeCategoryStandard Interpretation""",GENERAL,Obese Class I,Obese Class I,,qualitative non-numeric
/blog/bmi-limitations/index.html,"table cell in ""BMI RangeCategoryStandard Interpretation""",GENERAL,High health risk,High health risk,,qualitative non-numeric
/blog/bmi-limitations/index.html,"table cell in ""BMI RangeCategoryStandard Interpretation""",DELETE,35-39.9,,,unsourced specific/magnitude claim
/blog/bmi-limitations/index.html,"table cell in ""BMI RangeCategoryStandard Interpretation""",GENERAL,Obese Class II,Obese Class II,,qualitative non-numeric
/blog/bmi-limitations/index.html,"table cell in ""BMI RangeCategoryStandard Interpretation""",GENERAL,Very high health risk,Very high health risk,,qualitative non-numeric
/blog/bmi-limitations/index.html,"table cell in ""BMI RangeCategoryStandard Interpretation""",GENERAL,40+,40+,,qualitative non-numeric
/blog/bmi-limitations/index.html,"table cell in ""BMI RangeCategoryStandard Interpretation""",GENERAL,Obese Class III,Obese Class III,,qualitative non-numeric
/blog/bmi-limitations/index.html,"table cell in ""BMI RangeCategoryStandard Interpretation""",GENERAL,Extremely high health risk,Extremely high health risk,,qualitative non-numeric
/blog/bmi-limitations/index.html,"table cell in ""Fat TypeLocationHealth ImpactDetected by BMI?""",GENERAL,Fat Type,Fat Type,,qualitative non-numeric
/blog/bmi-limitations/index.html,"table cell in ""Fat TypeLocationHealth ImpactDetected by BMI?""",GENERAL,Location,Location,,qualitative non-numeric
/blog/bmi-limitations/index.html,"table cell in ""Fat TypeLocationHealth ImpactDetected by BMI?""",GENERAL,Health Impact,Health Impact,,qualitative non-numeric
/blog/bmi-limitations/index.html,"table cell in ""Fat TypeLocationHealth ImpactDetected by BMI?""",GENERAL,Detected by BMI?,Detected by BMI?,,qualitative non-numeric
/blog/bmi-limitations/index.html,"table cell in ""Fat TypeLocationHealth ImpactDetected by BMI?""",GENERAL,Visceral Fat,Visceral Fat,,qualitative non-numeric
/blog/bmi-limitations/index.html,"table cell in ""Fat TypeLocationHealth ImpactDetected by BMI?""",GENERAL,"Deep abdominal, around organs","Deep abdominal, around organs",,qualitative non-numeric
/blog/bmi-limitations/index.html,"table cell in ""Fat TypeLocationHealth ImpactDetected by BMI?""",GENERAL,"High risk - linked to diabetes, heart disease, inflammation","High risk - linked to diabetes, heart disease, inflammation",,qualitative non-numeric
/blog/bmi-limitations/index.html,"table cell in ""Fat TypeLocationHealth ImpactDetected by BMI?""",GENERAL,No,No,,qualitative non-numeric
/blog/bmi-limitations/index.html,"table cell in ""Fat TypeLocationHealth ImpactDetected by BMI?""",GENERAL,Subcutaneous Fat,Subcutaneous Fat,,qualitative non-numeric
/blog/bmi-limitations/index.html,"table cell in ""Fat TypeLocationHealth ImpactDetected by BMI?""",GENERAL,"Under the skin (thighs, hips, arms)","Under the skin (thighs, hips, arms)",,qualitative non-numeric
/blog/bmi-limitations/index.html,"table cell in ""Fat TypeLocationHealth ImpactDetected by BMI?""",GENERAL,Lower risk - may even be protective,Lower risk - may even be protective,,qualitative non-numeric
/blog/bmi-limitations/index.html,"table cell in ""Fat TypeLocationHealth ImpactDetected by BMI?""",GENERAL,No,No,,qualitative non-numeric
/blog/bmi-limitations/index.html,"table cell in ""Fat TypeLocationHealth ImpactDetected by BMI?""",GENERAL,Intramuscular Fat,Intramuscular Fat,,qualitative non-numeric
/blog/bmi-limitations/index.html,"table cell in ""Fat TypeLocationHealth ImpactDetected by BMI?""",GENERAL,Within muscle tissue,Within muscle tissue,,qualitative non-numeric
/blog/bmi-limitations/index.html,"table cell in ""Fat TypeLocationHealth ImpactDetected by BMI?""",GENERAL,Associated with insulin resistance,Associated with insulin resistance,,qualitative non-numeric
/blog/bmi-limitations/index.html,"table cell in ""Fat TypeLocationHealth ImpactDetected by BMI?""",GENERAL,No,No,,qualitative non-numeric
/blog/bmi-limitations/index.html,"table cell in ""Athlete ExampleBMICategoryActual Body Fat %""",GENERAL,Athlete Example,Athlete Example,,qualitative non-numeric
/blog/bmi-limitations/index.html,"table cell in ""Athlete ExampleBMICategoryActual Body Fat %""",GENERAL,BMI,BMI,,qualitative non-numeric
/blog/bmi-limitations/index.html,"table cell in ""Athlete ExampleBMICategoryActual Body Fat %""",GENERAL,Category,Category,,qualitative non-numeric
/blog/bmi-limitations/index.html,"table cell in ""Athlete ExampleBMICategoryActual Body Fat %""",GENERAL,Actual Body Fat %,Actual Body Fat %,,qualitative non-numeric
/blog/bmi-limitations/index.html,"table cell in ""Athlete ExampleBMICategoryActual Body Fat %""",GENERAL,"Elite NFL Running Back (5'10"", 215 lbs)","Elite NFL Running Back (5'10"", 215 lbs)",,qualitative non-numeric
/blog/bmi-limitations/index.html,"table cell in ""Athlete ExampleBMICategoryActual Body Fat %""",GENERAL,30.8,30.8,,qualitative non-numeric
/blog/bmi-limitations/index.html,"table cell in ""Athlete ExampleBMICategoryActual Body Fat %""",GENERAL,Obese,Obese,,qualitative non-numeric
/blog/bmi-limitations/index.html,"table cell in ""Athlete ExampleBMICategoryActual Body Fat %""",DELETE,8-12%,,,unsourced specific/magnitude claim
/blog/bmi-limitations/index.html,"table cell in ""Athlete ExampleBMICategoryActual Body Fat %""",GENERAL,"Professional Bodybuilder (5'9"", 230 lbs)","Professional Bodybuilder (5'9"", 230 lbs)",,qualitative non-numeric
/blog/bmi-limitations/index.html,"table cell in ""Athlete ExampleBMICategoryActual Body Fat %""",GENERAL,34.0,34.0,,qualitative non-numeric
/blog/bmi-limitations/index.html,"table cell in ""Athlete ExampleBMICategoryActual Body Fat %""",GENERAL,Obese Class I,Obese Class I,,qualitative non-numeric
/blog/bmi-limitations/index.html,"table cell in ""Athlete ExampleBMICategoryActual Body Fat %""",DELETE,4-8%,,,unsourced specific/magnitude claim
/blog/bmi-limitations/index.html,"table cell in ""Athlete ExampleBMICategoryActual Body Fat %""",GENERAL,"Olympic Sprinter (6'5"", 207 lbs)","Olympic Sprinter (6'5"", 207 lbs)",,qualitative non-numeric
/blog/bmi-limitations/index.html,"table cell in ""Athlete ExampleBMICategoryActual Body Fat %""",GENERAL,24.5,24.5,,qualitative non-numeric
/blog/bmi-limitations/index.html,"table cell in ""Athlete ExampleBMICategoryActual Body Fat %""",GENERAL,Normal,Normal,,qualitative non-numeric
/blog/bmi-limitations/index.html,"table cell in ""Athlete ExampleBMICategoryActual Body Fat %""",DELETE,6-10%,,,unsourced specific/magnitude claim
/blog/bmi-limitations/index.html,"table cell in ""Athlete ExampleBMICategoryActual Body Fat %""",GENERAL,"Pro Rugby Player (6'2"", 245 lbs)","Pro Rugby Player (6'2"", 245 lbs)",,qualitative non-numeric
/blog/bmi-limitations/index.html,"table cell in ""Athlete ExampleBMICategoryActual Body Fat %""",GENERAL,31.5,31.5,,qualitative non-numeric
/blog/bmi-limitations/index.html,"table cell in ""Athlete ExampleBMICategoryActual Body Fat %""",GENERAL,Obese,Obese,,qualitative non-numeric
/blog/bmi-limitations/index.html,"table cell in ""Athlete ExampleBMICategoryActual Body Fat %""",DELETE,10-15%,,,unsourced specific/magnitude claim
/blog/bmi-limitations/index.html,"table cell in ""Athlete ExampleBMICategoryActual Body Fat %""",GENERAL,"CrossFit Athlete (5'8"", 185 lbs)","CrossFit Athlete (5'8"", 185 lbs)",,qualitative non-numeric
/blog/bmi-limitations/index.html,"table cell in ""Athlete ExampleBMICategoryActual Body Fat %""",GENERAL,28.1,28.1,,qualitative non-numeric
/blog/bmi-limitations/index.html,"table cell in ""Athlete ExampleBMICategoryActual Body Fat %""",GENERAL,Overweight,Overweight,,qualitative non-numeric
/blog/bmi-limitations/index.html,"table cell in ""Athlete ExampleBMICategoryActual Body Fat %""",DELETE,12-15%,,,unsourced specific/magnitude claim
/blog/bmi-limitations/index.html,"table cell in ""Age GroupKey BMI LimitationRecommended Alternative""",GENERAL,Age Group,Age Group,,qualitative non-numeric
/blog/bmi-limitations/index.html,"table cell in ""Age GroupKey BMI LimitationRecommended Alternative""",GENERAL,Key BMI Limitation,Key BMI Limitation,,qualitative non-numeric
/blog/bmi-limitations/index.html,"table cell in ""Age GroupKey BMI LimitationRecommended Alternative""",DELETE,Recommended Alternative,,,prescriptive
/blog/bmi-limitations/index.html,"table cell in ""Age GroupKey BMI LimitationRecommended Alternative""",DELETE,65-74 years,,,unsourced specific/magnitude claim
/blog/bmi-limitations/index.html,"table cell in ""Age GroupKey BMI LimitationRecommended Alternative""",DELETE,Muscle loss begins to significantly affect readings,,,unsourced specific/magnitude claim
/blog/bmi-limitations/index.html,"table cell in ""Age GroupKey BMI LimitationRecommended Alternative""",GENERAL,"Body fat %, waist circumference","Body fat %, waist circumference",,qualitative non-numeric
/blog/bmi-limitations/index.html,"table cell in ""Age GroupKey BMI LimitationRecommended Alternative""",DELETE,75-84 years,,,unsourced specific/magnitude claim
/blog/bmi-limitations/index.html,"table cell in ""Age GroupKey BMI LimitationRecommended Alternative""",GENERAL,Height shrinkage skews BMI higher,Height shrinkage skews BMI higher,,qualitative non-numeric
/blog/bmi-limitations/index.html,"table cell in ""Age GroupKey BMI LimitationRecommended Alternative""",GENERAL,"Waist-to-hip ratio, grip strength","Waist-to-hip ratio, grip strength",,qualitative non-numeric
/blog/bmi-limitations/index.html,"table cell in ""Age GroupKey BMI LimitationRecommended Alternative""",GENERAL,85+ years,85+ years,,qualitative non-numeric
/blog/bmi-limitations/index.html,"table cell in ""Age GroupKey BMI LimitationRecommended Alternative""",GENERAL,Standard categories may be inappropriate,Standard categories may be inappropriate,,qualitative non-numeric
/blog/bmi-limitations/index.html,"table cell in ""Age GroupKey BMI LimitationRecommended Alternative""",GENERAL,"Functional assessments, lean mass measures","Functional assessments, lean mass measures",,qualitative non-numeric
/blog/bmi-limitations/index.html,"table cell in ""PopulationStandard BMI Cutoff (Overweight)Adjusted CutoffRea""",GENERAL,Population,Population,,qualitative non-numeric
/blog/bmi-limitations/index.html,"table cell in ""PopulationStandard BMI Cutoff (Overweight)Adjusted CutoffRea""",GENERAL,Standard BMI Cutoff (Overweight),Standard BMI Cutoff (Overweight),,qualitative non-numeric
/blog/bmi-limitations/index.html,"table cell in ""PopulationStandard BMI Cutoff (Overweight)Adjusted CutoffRea""",GENERAL,Adjusted Cutoff,Adjusted Cutoff,,qualitative non-numeric
/blog/bmi-limitations/index.html,"table cell in ""PopulationStandard BMI Cutoff (Overweight)Adjusted CutoffRea""",GENERAL,Reason,Reason,,qualitative non-numeric
/blog/bmi-limitations/index.html,"table cell in ""PopulationStandard BMI Cutoff (Overweight)Adjusted CutoffRea""",GENERAL,European/Caucasian,European/Caucasian,,qualitative non-numeric
/blog/bmi-limitations/index.html,"table cell in ""PopulationStandard BMI Cutoff (Overweight)Adjusted CutoffRea""",GENERAL,25.0,25.0,,qualitative non-numeric
/blog/bmi-limitations/index.html,"table cell in ""PopulationStandard BMI Cutoff (Overweight)Adjusted CutoffRea""",GENERAL,25.0,25.0,,qualitative non-numeric
/blog/bmi-limitations/index.html,"table cell in ""PopulationStandard BMI Cutoff (Overweight)Adjusted CutoffRea""",GENERAL,Standard reference population,Standard reference population,,qualitative non-numeric
/blog/bmi-limitations/index.html,"table cell in ""PopulationStandard BMI Cutoff (Overweight)Adjusted CutoffRea""",GENERAL,South Asian,South Asian,,qualitative non-numeric
/blog/bmi-limitations/index.html,"table cell in ""PopulationStandard BMI Cutoff (Overweight)Adjusted CutoffRea""",GENERAL,25.0,25.0,,qualitative non-numeric
/blog/bmi-limitations/index.html,"table cell in ""PopulationStandard BMI Cutoff (Overweight)Adjusted CutoffRea""",GENERAL,23.0,23.0,,qualitative non-numeric
/blog/bmi-limitations/index.html,"table cell in ""PopulationStandard BMI Cutoff (Overweight)Adjusted CutoffRea""",GENERAL,Higher body fat at same BMI,Higher body fat at same BMI,,qualitative non-numeric
/blog/bmi-limitations/index.html,"table cell in ""PopulationStandard BMI Cutoff (Overweight)Adjusted CutoffRea""",GENERAL,East Asian,East Asian,,qualitative non-numeric
/blog/bmi-limitations/index.html,"table cell in ""PopulationStandard BMI Cutoff (Overweight)Adjusted CutoffRea""",GENERAL,25.0,25.0,,qualitative non-numeric
/blog/bmi-limitations/index.html,"table cell in ""PopulationStandard BMI Cutoff (Overweight)Adjusted CutoffRea""",GENERAL,23.0,23.0,,qualitative non-numeric
/blog/bmi-limitations/index.html,"table cell in ""PopulationStandard BMI Cutoff (Overweight)Adjusted CutoffRea""",GENERAL,Higher visceral fat at same BMI,Higher visceral fat at same BMI,,qualitative non-numeric
/blog/bmi-limitations/index.html,"table cell in ""PopulationStandard BMI Cutoff (Overweight)Adjusted CutoffRea""",GENERAL,Pacific Islander,Pacific Islander,,qualitative non-numeric
/blog/bmi-limitations/index.html,"table cell in ""PopulationStandard BMI Cutoff (Overweight)Adjusted CutoffRea""",GENERAL,25.0,25.0,,qualitative non-numeric
/blog/bmi-limitations/index.html,"table cell in ""PopulationStandard BMI Cutoff (Overweight)Adjusted CutoffRea""",GENERAL,26.0,26.0,,qualitative non-numeric
/blog/bmi-limitations/index.html,"table cell in ""PopulationStandard BMI Cutoff (Overweight)Adjusted CutoffRea""",GENERAL,"Greater muscle mass, different frame","Greater muscle mass, different frame",,qualitative non-numeric
/blog/bmi-limitations/index.html,"table cell in ""PopulationStandard BMI Cutoff (Overweight)Adjusted CutoffRea""",GENERAL,African descent,African descent,,qualitative non-numeric
/blog/bmi-limitations/index.html,"table cell in ""PopulationStandard BMI Cutoff (Overweight)Adjusted CutoffRea""",GENERAL,25.0,25.0,,qualitative non-numeric
/blog/bmi-limitations/index.html,"table cell in ""PopulationStandard BMI Cutoff (Overweight)Adjusted CutoffRea""",GENERAL,Variable,Variable,,qualitative non-numeric
/blog/bmi-limitations/index.html,"table cell in ""PopulationStandard BMI Cutoff (Overweight)Adjusted CutoffRea""",GENERAL,"Higher bone density, more muscle mass","Higher bone density, more muscle mass",,qualitative non-numeric
/blog/bmi-limitations/index.html,"table cell in ""MetricWhat It MeasuresAccuracyEase of UseCost""",GENERAL,Metric,Metric,,qualitative non-numeric
/blog/bmi-limitations/index.html,"table cell in ""MetricWhat It MeasuresAccuracyEase of UseCost""",GENERAL,What It Measures,What It Measures,,qualitative non-numeric
/blog/bmi-limitations/index.html,"table cell in ""MetricWhat It MeasuresAccuracyEase of UseCost""",GENERAL,Accuracy,Accuracy,,qualitative non-numeric
/blog/bmi-limitations/index.html,"table cell in ""MetricWhat It MeasuresAccuracyEase of UseCost""",GENERAL,Ease of Use,Ease of Use,,qualitative non-numeric
/blog/bmi-limitations/index.html,"table cell in ""MetricWhat It MeasuresAccuracyEase of UseCost""",GENERAL,Cost,Cost,,qualitative non-numeric
/blog/bmi-limitations/index.html,"table cell in ""MetricWhat It MeasuresAccuracyEase of UseCost""",GENERAL,Waist-to-Height Ratio,Waist-to-Height Ratio,,qualitative non-numeric
/blog/bmi-limitations/index.html,"table cell in ""MetricWhat It MeasuresAccuracyEase of UseCost""",GENERAL,Abdominal fat distribution,Abdominal fat distribution,,qualitative non-numeric
/blog/bmi-limitations/index.html,"table cell in ""MetricWhat It MeasuresAccuracyEase of UseCost""",GENERAL,High,High,,qualitative non-numeric
/blog/bmi-limitations/index.html,"table cell in ""MetricWhat It MeasuresAccuracyEase of UseCost""",GENERAL,Very Easy,Very Easy,,qualitative non-numeric
/blog/bmi-limitations/index.html,"table cell in ""MetricWhat It MeasuresAccuracyEase of UseCost""",GENERAL,Free,Free,,qualitative non-numeric
/blog/bmi-limitations/index.html,"table cell in ""MetricWhat It MeasuresAccuracyEase of UseCost""",GENERAL,Waist Circumference,Waist Circumference,,qualitative non-numeric
/blog/bmi-limitations/index.html,"table cell in ""MetricWhat It MeasuresAccuracyEase of UseCost""",GENERAL,Central adiposity,Central adiposity,,qualitative non-numeric
/blog/bmi-limitations/index.html,"table cell in ""MetricWhat It MeasuresAccuracyEase of UseCost""",GENERAL,Good,Good,,qualitative non-numeric
/blog/bmi-limitations/index.html,"table cell in ""MetricWhat It MeasuresAccuracyEase of UseCost""",GENERAL,Very Easy,Very Easy,,qualitative non-numeric
/blog/bmi-limitations/index.html,"table cell in ""MetricWhat It MeasuresAccuracyEase of UseCost""",GENERAL,Free,Free,,qualitative non-numeric
/blog/bmi-limitations/index.html,"table cell in ""MetricWhat It MeasuresAccuracyEase of UseCost""",GENERAL,Body Fat Percentage (Calipers),Body Fat Percentage (Calipers),,qualitative non-numeric
/blog/bmi-limitations/index.html,"table cell in ""MetricWhat It MeasuresAccuracyEase of UseCost""",GENERAL,Subcutaneous fat,Subcutaneous fat,,qualitative non-numeric
/blog/bmi-limitations/index.html,"table cell in ""MetricWhat It MeasuresAccuracyEase of UseCost""",GENERAL,Moderate,Moderate,,qualitative non-numeric
/blog/bmi-limitations/index.html,"table cell in ""MetricWhat It MeasuresAccuracyEase of UseCost""",GENERAL,Moderate,Moderate,,qualitative non-numeric
/blog/bmi-limitations/index.html,"table cell in ""MetricWhat It MeasuresAccuracyEase of UseCost""",GENERAL,Low,Low,,qualitative non-numeric
/blog/bmi-limitations/index.html,"table cell in ""MetricWhat It MeasuresAccuracyEase of UseCost""",GENERAL,Bioelectrical Impedance,Bioelectrical Impedance,,qualitative non-numeric
/blog/bmi-limitations/index.html,"table cell in ""MetricWhat It MeasuresAccuracyEase of UseCost""",GENERAL,Body composition estimate,Body composition estimate,,qualitative non-numeric
/blog/bmi-limitations/index.html,"table cell in ""MetricWhat It MeasuresAccuracyEase of UseCost""",GENERAL,Moderate,Moderate,,qualitative non-numeric
/blog/bmi-limitations/index.html,"table cell in ""MetricWhat It MeasuresAccuracyEase of UseCost""",GENERAL,Easy,Easy,,qualitative non-numeric
/blog/bmi-limitations/index.html,"table cell in ""MetricWhat It MeasuresAccuracyEase of UseCost""",GENERAL,Moderate,Moderate,,qualitative non-numeric
/blog/bmi-limitations/index.html,"table cell in ""MetricWhat It MeasuresAccuracyEase of UseCost""",GENERAL,DEXA Scan,DEXA Scan,,qualitative non-numeric
/blog/bmi-limitations/index.html,"table cell in ""MetricWhat It MeasuresAccuracyEase of UseCost""",GENERAL,Precise body composition,Precise body composition,,qualitative non-numeric
/blog/bmi-limitations/index.html,"table cell in ""MetricWhat It MeasuresAccuracyEase of UseCost""",GENERAL,Very High,Very High,,qualitative non-numeric
/blog/bmi-limitations/index.html,"table cell in ""MetricWhat It MeasuresAccuracyEase of UseCost""",GENERAL,Requires clinic,Requires clinic,,qualitative non-numeric
/blog/bmi-limitations/index.html,"table cell in ""MetricWhat It MeasuresAccuracyEase of UseCost""",GENERAL,High,High,,qualitative non-numeric
/blog/bmi-limitations/index.html,"table cell in ""MetricWhat It MeasuresAccuracyEase of UseCost""",GENERAL,Hydrostatic Weighing,Hydrostatic Weighing,,qualitative non-numeric
/blog/bmi-limitations/index.html,"table cell in ""MetricWhat It MeasuresAccuracyEase of UseCost""",GENERAL,Body density/fat percentage,Body density/fat percentage,,qualitative non-numeric
/blog/bmi-limitations/index.html,"table cell in ""MetricWhat It MeasuresAccuracyEase of UseCost""",GENERAL,Very High,Very High,,qualitative non-numeric
/blog/bmi-limitations/index.html,"table cell in ""MetricWhat It MeasuresAccuracyEase of UseCost""",GENERAL,Requires facility,Requires facility,,qualitative non-numeric
/blog/bmi-limitations/index.html,"table cell in ""MetricWhat It MeasuresAccuracyEase of UseCost""",GENERAL,High,High,,qualitative non-numeric
/blog/bmi-limitations/index.html,"density bar <div class=""chart-bar-h-fill primary"" style=""width: 100%;"">1.06 g/ml</div>",DELETE,1.06 g/ml,,,unsourced density claim
/blog/bmi-limitations/index.html,"density bar <div class=""chart-bar-h-fill overweight"" style=""width: 85%;"">0.90 g/ml</div>",DELETE,Bone Density 1.8 g/ml,,,unsourced density claim
/blog/bmi-limitations/index.html,"density bar <div class=""chart-bar-h-fill secondary"" style=""width: 170%;"">1.8 g/ml</div>",DELETE,"0.90 g/ml Relative density of body tissues - explaining why BMI can be misleading For a deeper understanding of how muscle affects weight calculations, see our guide on muscle mass and BMI. Limitation",,,unsourced density claim
/blog/bmi-and-metabolism/index.html,"table cell in ""Formula Men Women Accuracy""",GENERAL,Formula,Formula,,qualitative non-numeric
/blog/bmi-and-metabolism/index.html,"table cell in ""Formula Men Women Accuracy""",GENERAL,Men,Men,,qualitative non-numeric
/blog/bmi-and-metabolism/index.html,"table cell in ""Formula Men Women Accuracy""",GENERAL,Women,Women,,qualitative non-numeric
/blog/bmi-and-metabolism/index.html,"table cell in ""Formula Men Women Accuracy""",GENERAL,Accuracy,Accuracy,,qualitative non-numeric
/blog/bmi-and-metabolism/index.html,"table cell in ""Formula Men Women Accuracy""",GENERAL,Harris-Benedict (Revised),Harris-Benedict (Revised),,qualitative non-numeric
/blog/bmi-and-metabolism/index.html,"table cell in ""Formula Men Women Accuracy""",GENERAL,88.362 + (13.397 x kg) + (4.799 x cm) - (5.677 x age),88.362 + (13.397 x kg) + (4.799 x cm) - (5.677 x age),,qualitative non-numeric
/blog/bmi-and-metabolism/index.html,"table cell in ""Formula Men Women Accuracy""",GENERAL,447.593 + (9.247 x kg) + (3.098 x cm) - (4.330 x age),447.593 + (9.247 x kg) + (3.098 x cm) - (4.330 x age),,qualitative non-numeric
/blog/bmi-and-metabolism/index.html,"table cell in ""Formula Men Women Accuracy""",DELETE,+/- 10%,,,unsourced specific/magnitude claim
/blog/bmi-and-metabolism/index.html,"table cell in ""Formula Men Women Accuracy""",GENERAL,Mifflin-St Jeor,Mifflin-St Jeor,,qualitative non-numeric
/blog/bmi-and-metabolism/index.html,"table cell in ""Formula Men Women Accuracy""",GENERAL,(10 x kg) + (6.25 x cm) - (5 x age) + 5,(10 x kg) + (6.25 x cm) - (5 x age) + 5,,qualitative non-numeric
/blog/bmi-and-metabolism/index.html,"table cell in ""Formula Men Women Accuracy""",GENERAL,(10 x kg) + (6.25 x cm) - (5 x age) - 161,(10 x kg) + (6.25 x cm) - (5 x age) - 161,,qualitative non-numeric
/blog/bmi-and-metabolism/index.html,"table cell in ""Formula Men Women Accuracy""",DELETE,+/- 10%,,,unsourced specific/magnitude claim
/blog/bmi-and-metabolism/index.html,"table cell in ""Formula Men Women Accuracy""",GENERAL,Katch-McArdle,Katch-McArdle,,qualitative non-numeric
/blog/bmi-and-metabolism/index.html,"table cell in ""Formula Men Women Accuracy""",GENERAL,370 + (21.6 x lean body mass in kg),370 + (21.6 x lean body mass in kg),,qualitative non-numeric
/blog/bmi-and-metabolism/index.html,"table cell in ""Formula Men Women Accuracy""",DELETE,+/- 5%,,,unsourced specific/magnitude claim
/blog/bmi-and-metabolism/index.html,"table cell in ""Measurement Healthy Normal Weight NWMU (""Skinny Fat"")""",GENERAL,Measurement,Measurement,,qualitative non-numeric
/blog/bmi-and-metabolism/index.html,"table cell in ""Measurement Healthy Normal Weight NWMU (""Skinny Fat"")""",GENERAL,Healthy Normal Weight,Healthy Normal Weight,,qualitative non-numeric
/blog/bmi-and-metabolism/index.html,"table cell in ""Measurement Healthy Normal Weight NWMU (""Skinny Fat"")""",GENERAL,"NWMU (""Skinny Fat"")","NWMU (""Skinny Fat"")",,qualitative non-numeric
/blog/bmi-and-metabolism/index.html,"table cell in ""Measurement Healthy Normal Weight NWMU (""Skinny Fat"")""",GENERAL,BMI,BMI,,qualitative non-numeric
/blog/bmi-and-metabolism/index.html,"table cell in ""Measurement Healthy Normal Weight NWMU (""Skinny Fat"")""",GENERAL,22,22,,qualitative non-numeric
/blog/bmi-and-metabolism/index.html,"table cell in ""Measurement Healthy Normal Weight NWMU (""Skinny Fat"")""",GENERAL,22,22,,qualitative non-numeric
/blog/bmi-and-metabolism/index.html,"table cell in ""Measurement Healthy Normal Weight NWMU (""Skinny Fat"")""",GENERAL,Body Fat % (Men),Body Fat % (Men),,qualitative non-numeric
/blog/bmi-and-metabolism/index.html,"table cell in ""Measurement Healthy Normal Weight NWMU (""Skinny Fat"")""",DELETE,15-18%,,,unsourced specific/magnitude claim
/blog/bmi-and-metabolism/index.html,"table cell in ""Measurement Healthy Normal Weight NWMU (""Skinny Fat"")""",DELETE,25-30%,,,unsourced specific/magnitude claim
/blog/bmi-and-metabolism/index.html,"table cell in ""Measurement Healthy Normal Weight NWMU (""Skinny Fat"")""",GENERAL,Body Fat % (Women),Body Fat % (Women),,qualitative non-numeric
/blog/bmi-and-metabolism/index.html,"table cell in ""Measurement Healthy Normal Weight NWMU (""Skinny Fat"")""",DELETE,22-25%,,,unsourced specific/magnitude claim
/blog/bmi-and-metabolism/index.html,"table cell in ""Measurement Healthy Normal Weight NWMU (""Skinny Fat"")""",DELETE,33-38%,,,unsourced specific/magnitude claim
/blog/bmi-and-metabolism/index.html,"table cell in ""Measurement Healthy Normal Weight NWMU (""Skinny Fat"")""",GENERAL,Muscle Mass,Muscle Mass,,qualitative non-numeric
/blog/bmi-and-metabolism/index.html,"table cell in ""Measurement Healthy Normal Weight NWMU (""Skinny Fat"")""",GENERAL,Adequate,Adequate,,qualitative non-numeric
/blog/bmi-and-metabolism/index.html,"table cell in ""Measurement Healthy Normal Weight NWMU (""Skinny Fat"")""",GENERAL,Low,Low,,qualitative non-numeric
/blog/bmi-and-metabolism/index.html,"table cell in ""Measurement Healthy Normal Weight NWMU (""Skinny Fat"")""",GENERAL,Visceral Fat,Visceral Fat,,qualitative non-numeric
/blog/bmi-and-metabolism/index.html,"table cell in ""Measurement Healthy Normal Weight NWMU (""Skinny Fat"")""",GENERAL,Low,Low,,qualitative non-numeric
/blog/bmi-and-metabolism/index.html,"table cell in ""Measurement Healthy Normal Weight NWMU (""Skinny Fat"")""",GENERAL,Elevated,Elevated,,qualitative non-numeric
/blog/bmi-and-metabolism/index.html,"table cell in ""Measurement Healthy Normal Weight NWMU (""Skinny Fat"")""",GENERAL,Metabolic Markers,Metabolic Markers,,qualitative non-numeric
/blog/bmi-and-metabolism/index.html,"table cell in ""Measurement Healthy Normal Weight NWMU (""Skinny Fat"")""",GENERAL,Normal,Normal,,qualitative non-numeric
/blog/bmi-and-metabolism/index.html,"table cell in ""Measurement Healthy Normal Weight NWMU (""Skinny Fat"")""",GENERAL,Often abnormal,Often abnormal,,qualitative non-numeric
/blog/bmi-and-metabolism/index.html,"table cell in ""Condition Metabolic Effect Weight Impact Prevalence""",GENERAL,Condition,Condition,,qualitative non-numeric
/blog/bmi-and-metabolism/index.html,"table cell in ""Condition Metabolic Effect Weight Impact Prevalence""",GENERAL,Metabolic Effect,Metabolic Effect,,qualitative non-numeric
/blog/bmi-and-metabolism/index.html,"table cell in ""Condition Metabolic Effect Weight Impact Prevalence""",GENERAL,Weight Impact,Weight Impact,,qualitative non-numeric
/blog/bmi-and-metabolism/index.html,"table cell in ""Condition Metabolic Effect Weight Impact Prevalence""",GENERAL,Prevalence,Prevalence,,qualitative non-numeric
/blog/bmi-and-metabolism/index.html,"table cell in ""Condition Metabolic Effect Weight Impact Prevalence""",GENERAL,Hypothyroidism,Hypothyroidism,,qualitative non-numeric
/blog/bmi-and-metabolism/index.html,"table cell in ""Condition Metabolic Effect Weight Impact Prevalence""",DELETE,Slowed metabolism (10-15%),,,unsourced specific/magnitude claim
/blog/bmi-and-metabolism/index.html,"table cell in ""Condition Metabolic Effect Weight Impact Prevalence""",DELETE,Weight gain of 5-10 lbs typical,,,unsourced specific/magnitude claim
/blog/bmi-and-metabolism/index.html,"table cell in ""Condition Metabolic Effect Weight Impact Prevalence""",DELETE,5% of adults,,,unsourced specific/magnitude claim
/blog/bmi-and-metabolism/index.html,"table cell in ""Condition Metabolic Effect Weight Impact Prevalence""",GENERAL,Hyperthyroidism,Hyperthyroidism,,qualitative non-numeric
/blog/bmi-and-metabolism/index.html,"table cell in ""Condition Metabolic Effect Weight Impact Prevalence""",GENERAL,Accelerated metabolism,Accelerated metabolism,,qualitative non-numeric
/blog/bmi-and-metabolism/index.html,"table cell in ""Condition Metabolic Effect Weight Impact Prevalence""",GENERAL,Weight loss despite increased appetite,Weight loss despite increased appetite,,qualitative non-numeric
/blog/bmi-and-metabolism/index.html,"table cell in ""Condition Metabolic Effect Weight Impact Prevalence""",DELETE,1% of adults,,,unsourced specific/magnitude claim
/blog/bmi-and-metabolism/index.html,"table cell in ""Condition Metabolic Effect Weight Impact Prevalence""",GENERAL,Hashimoto's,Hashimoto's,,qualitative non-numeric
/blog/bmi-and-metabolism/index.html,"table cell in ""Condition Metabolic Effect Weight Impact Prevalence""",GENERAL,Progressive slowdown,Progressive slowdown,,qualitative non-numeric
/blog/bmi-and-metabolism/index.html,"table cell in ""Condition Metabolic Effect Weight Impact Prevalence""",GENERAL,Gradual weight gain,Gradual weight gain,,qualitative non-numeric
/blog/bmi-and-metabolism/index.html,"table cell in ""Condition Metabolic Effect Weight Impact Prevalence""",GENERAL,Most common cause of hypothyroidism,Most common cause of hypothyroidism,,qualitative non-numeric
/blog/bmi-and-metabolism/index.html,"table cell in ""Condition Metabolic Effect Weight Impact Prevalence""",GENERAL,Graves' Disease,Graves' Disease,,qualitative non-numeric
/blog/bmi-and-metabolism/index.html,"table cell in ""Condition Metabolic Effect Weight Impact Prevalence""",GENERAL,Significant acceleration,Significant acceleration,,qualitative non-numeric
/blog/bmi-and-metabolism/index.html,"table cell in ""Condition Metabolic Effect Weight Impact Prevalence""",GENERAL,Significant weight loss,Significant weight loss,,qualitative non-numeric
/blog/bmi-and-metabolism/index.html,"table cell in ""Condition Metabolic Effect Weight Impact Prevalence""",GENERAL,Most common cause of hyperthyroidism,Most common cause of hyperthyroidism,,qualitative non-numeric
/blog/bmi-for-athletes/index.html,"table cell in ""Tissue Type Density (g/cm³) Comparison""",GENERAL,Tissue Type,Tissue Type,,qualitative non-numeric
/blog/bmi-for-athletes/index.html,"table cell in ""Tissue Type Density (g/cm³) Comparison""",GENERAL,Density (g/cm³),Density (g/cm³),,qualitative non-numeric
/blog/bmi-for-athletes/index.html,"table cell in ""Tissue Type Density (g/cm³) Comparison""",GENERAL,Comparison,Comparison,,qualitative non-numeric
/blog/bmi-for-athletes/index.html,"table cell in ""Tissue Type Density (g/cm³) Comparison""",GENERAL,Muscle tissue,Muscle tissue,,qualitative non-numeric
/blog/bmi-for-athletes/index.html,"table cell in ""Tissue Type Density (g/cm³) Comparison""",GENERAL,1.06,1.06,,qualitative non-numeric
/blog/bmi-for-athletes/index.html,"table cell in ""Tissue Type Density (g/cm³) Comparison""",GENERAL,Baseline,Baseline,,qualitative non-numeric
/blog/bmi-for-athletes/index.html,"table cell in ""Tissue Type Density (g/cm³) Comparison""",GENERAL,Fat tissue,Fat tissue,,qualitative non-numeric
/blog/bmi-for-athletes/index.html,"table cell in ""Tissue Type Density (g/cm³) Comparison""",GENERAL,0.90,0.90,,qualitative non-numeric
/blog/bmi-for-athletes/index.html,"table cell in ""Tissue Type Density (g/cm³) Comparison""",DELETE,~18% less dense than muscle,,,unsourced specific/magnitude claim
/blog/bmi-for-athletes/index.html,"table cell in ""Tissue Type Density (g/cm³) Comparison""",GENERAL,Bone,Bone,,qualitative non-numeric
/blog/bmi-for-athletes/index.html,"table cell in ""Tissue Type Density (g/cm³) Comparison""",GENERAL,1.85,1.85,,qualitative non-numeric
/blog/bmi-for-athletes/index.html,"table cell in ""Tissue Type Density (g/cm³) Comparison""",DELETE,~75% denser than muscle,,,unsourced specific/magnitude claim
/blog/bmi-for-athletes/index.html,"table cell in ""Tissue Type Density (g/cm³) Comparison""",GENERAL,Water,Water,,qualitative non-numeric
/blog/bmi-for-athletes/index.html,"table cell in ""Tissue Type Density (g/cm³) Comparison""",GENERAL,1.00,1.00,,qualitative non-numeric
/blog/bmi-for-athletes/index.html,"table cell in ""Tissue Type Density (g/cm³) Comparison""",DELETE,~6% less dense than muscle,,,unsourced specific/magnitude claim
/blog/bmi-for-athletes/index.html,"table cell in ""Athlete/Sport Height Weight BMI Body Fat % BMI Category""",GENERAL,Athlete/Sport,Athlete/Sport,,qualitative non-numeric
/blog/bmi-for-athletes/index.html,"table cell in ""Athlete/Sport Height Weight BMI Body Fat % BMI Category""",GENERAL,Height,Height,,qualitative non-numeric
/blog/bmi-for-athletes/index.html,"table cell in ""Athlete/Sport Height Weight BMI Body Fat % BMI Category""",GENERAL,Weight,Weight,,qualitative non-numeric
/blog/bmi-for-athletes/index.html,"table cell in ""Athlete/Sport Height Weight BMI Body Fat % BMI Category""",GENERAL,BMI,BMI,,qualitative non-numeric
/blog/bmi-for-athletes/index.html,"table cell in ""Athlete/Sport Height Weight BMI Body Fat % BMI Category""",GENERAL,Body Fat %,Body Fat %,,qualitative non-numeric
/blog/bmi-for-athletes/index.html,"table cell in ""Athlete/Sport Height Weight BMI Body Fat % BMI Category""",GENERAL,BMI Category,BMI Category,,qualitative non-numeric
/blog/bmi-for-athletes/index.html,"table cell in ""Athlete/Sport Height Weight BMI Body Fat % BMI Category""",GENERAL,NFL Running Back (typical),NFL Running Back (typical),,qualitative non-numeric
/blog/bmi-for-athletes/index.html,"table cell in ""Athlete/Sport Height Weight BMI Body Fat % BMI Category""",GENERAL,"5'10""","5'10""",,qualitative non-numeric
/blog/bmi-for-athletes/index.html,"table cell in ""Athlete/Sport Height Weight BMI Body Fat % BMI Category""",GENERAL,215 lbs,215 lbs,,qualitative non-numeric
/blog/bmi-for-athletes/index.html,"table cell in ""Athlete/Sport Height Weight BMI Body Fat % BMI Category""",GENERAL,30.8,30.8,,qualitative non-numeric
/blog/bmi-for-athletes/index.html,"table cell in ""Athlete/Sport Height Weight BMI Body Fat % BMI Category""",DELETE,8-12%,,,unsourced specific/magnitude claim
/blog/bmi-for-athletes/index.html,"table cell in ""Athlete/Sport Height Weight BMI Body Fat % BMI Category""",GENERAL,Obese,Obese,,qualitative non-numeric
/blog/bmi-for-athletes/index.html,"table cell in ""Athlete/Sport Height Weight BMI Body Fat % BMI Category""",GENERAL,NFL Linebacker (typical),NFL Linebacker (typical),,qualitative non-numeric
/blog/bmi-for-athletes/index.html,"table cell in ""Athlete/Sport Height Weight BMI Body Fat % BMI Category""",GENERAL,"6'2""","6'2""",,qualitative non-numeric
/blog/bmi-for-athletes/index.html,"table cell in ""Athlete/Sport Height Weight BMI Body Fat % BMI Category""",GENERAL,250 lbs,250 lbs,,qualitative non-numeric
/blog/bmi-for-athletes/index.html,"table cell in ""Athlete/Sport Height Weight BMI Body Fat % BMI Category""",GENERAL,32.1,32.1,,qualitative non-numeric
/blog/bmi-for-athletes/index.html,"table cell in ""Athlete/Sport Height Weight BMI Body Fat % BMI Category""",DELETE,12-18%,,,unsourced specific/magnitude claim
/blog/bmi-for-athletes/index.html,"table cell in ""Athlete/Sport Height Weight BMI Body Fat % BMI Category""",GENERAL,Obese,Obese,,qualitative non-numeric
/blog/bmi-for-athletes/index.html,"table cell in ""Athlete/Sport Height Weight BMI Body Fat % BMI Category""",GENERAL,Olympic Sprinter (male),Olympic Sprinter (male),,qualitative non-numeric
/blog/bmi-for-athletes/index.html,"table cell in ""Athlete/Sport Height Weight BMI Body Fat % BMI Category""",GENERAL,"6'1""","6'1""",,qualitative non-numeric
/blog/bmi-for-athletes/index.html,"table cell in ""Athlete/Sport Height Weight BMI Body Fat % BMI Category""",GENERAL,195 lbs,195 lbs,,qualitative non-numeric
/blog/bmi-for-athletes/index.html,"table cell in ""Athlete/Sport Height Weight BMI Body Fat % BMI Category""",GENERAL,25.7,25.7,,qualitative non-numeric
/blog/bmi-for-athletes/index.html,"table cell in ""Athlete/Sport Height Weight BMI Body Fat % BMI Category""",DELETE,6-10%,,,unsourced specific/magnitude claim
/blog/bmi-for-athletes/index.html,"table cell in ""Athlete/Sport Height Weight BMI Body Fat % BMI Category""",GENERAL,Overweight,Overweight,,qualitative non-numeric
/blog/bmi-for-athletes/index.html,"table cell in ""Athlete/Sport Height Weight BMI Body Fat % BMI Category""",GENERAL,CrossFit Athlete (male),CrossFit Athlete (male),,qualitative non-numeric
/blog/bmi-for-athletes/index.html,"table cell in ""Athlete/Sport Height Weight BMI Body Fat % BMI Category""",GENERAL,"5'9""","5'9""",,qualitative non-numeric
/blog/bmi-for-athletes/index.html,"table cell in ""Athlete/Sport Height Weight BMI Body Fat % BMI Category""",GENERAL,195 lbs,195 lbs,,qualitative non-numeric
/blog/bmi-for-athletes/index.html,"table cell in ""Athlete/Sport Height Weight BMI Body Fat % BMI Category""",GENERAL,28.8,28.8,,qualitative non-numeric
/blog/bmi-for-athletes/index.html,"table cell in ""Athlete/Sport Height Weight BMI Body Fat % BMI Category""",DELETE,8-12%,,,unsourced specific/magnitude claim
/blog/bmi-for-athletes/index.html,"table cell in ""Athlete/Sport Height Weight BMI Body Fat % BMI Category""",GENERAL,Overweight,Overweight,,qualitative non-numeric
/blog/bmi-for-athletes/index.html,"table cell in ""Athlete/Sport Height Weight BMI Body Fat % BMI Category""",GENERAL,Professional Bodybuilder,Professional Bodybuilder,,qualitative non-numeric
/blog/bmi-for-athletes/index.html,"table cell in ""Athlete/Sport Height Weight BMI Body Fat % BMI Category""",GENERAL,"5'10""","5'10""",,qualitative non-numeric
/blog/bmi-for-athletes/index.html,"table cell in ""Athlete/Sport Height Weight BMI Body Fat % BMI Category""",GENERAL,250 lbs,250 lbs,,qualitative non-numeric
/blog/bmi-for-athletes/index.html,"table cell in ""Athlete/Sport Height Weight BMI Body Fat % BMI Category""",GENERAL,35.9,35.9,,qualitative non-numeric
/blog/bmi-for-athletes/index.html,"table cell in ""Athlete/Sport Height Weight BMI Body Fat % BMI Category""",DELETE,5-8%,,,unsourced specific/magnitude claim
/blog/bmi-for-athletes/index.html,"table cell in ""Athlete/Sport Height Weight BMI Body Fat % BMI Category""",GENERAL,Obese Class II,Obese Class II,,qualitative non-numeric
/blog/bmi-for-athletes/index.html,"table cell in ""Athlete/Sport Height Weight BMI Body Fat % BMI Category""",GENERAL,Olympic Wrestler (male),Olympic Wrestler (male),,qualitative non-numeric
/blog/bmi-for-athletes/index.html,"table cell in ""Athlete/Sport Height Weight BMI Body Fat % BMI Category""",GENERAL,"5'8""","5'8""",,qualitative non-numeric
/blog/bmi-for-athletes/index.html,"table cell in ""Athlete/Sport Height Weight BMI Body Fat % BMI Category""",GENERAL,185 lbs,185 lbs,,qualitative non-numeric
/blog/bmi-for-athletes/index.html,"table cell in ""Athlete/Sport Height Weight BMI Body Fat % BMI Category""",GENERAL,28.1,28.1,,qualitative non-numeric
/blog/bmi-for-athletes/index.html,"table cell in ""Athlete/Sport Height Weight BMI Body Fat % BMI Category""",DELETE,6-10%,,,unsourced specific/magnitude claim
/blog/bmi-for-athletes/index.html,"table cell in ""Athlete/Sport Height Weight BMI Body Fat % BMI Category""",GENERAL,Overweight,Overweight,,qualitative non-numeric
/blog/bmi-for-athletes/index.html,"table cell in ""Athlete/Sport Height Weight BMI Body Fat % BMI Category""",GENERAL,Rugby Player (forward),Rugby Player (forward),,qualitative non-numeric
/blog/bmi-for-athletes/index.html,"table cell in ""Athlete/Sport Height Weight BMI Body Fat % BMI Category""",GENERAL,"6'3""","6'3""",,qualitative non-numeric
/blog/bmi-for-athletes/index.html,"table cell in ""Athlete/Sport Height Weight BMI Body Fat % BMI Category""",GENERAL,265 lbs,265 lbs,,qualitative non-numeric
/blog/bmi-for-athletes/index.html,"table cell in ""Athlete/Sport Height Weight BMI Body Fat % BMI Category""",GENERAL,33.1,33.1,,qualitative non-numeric
/blog/bmi-for-athletes/index.html,"table cell in ""Athlete/Sport Height Weight BMI Body Fat % BMI Category""",DELETE,14-20%,,,unsourced specific/magnitude claim
/blog/bmi-for-athletes/index.html,"table cell in ""Athlete/Sport Height Weight BMI Body Fat % BMI Category""",GENERAL,Obese,Obese,,qualitative non-numeric
/blog/waist-to-height-ratio/index.html,"table cell in ""PersonHeightWaistCalculationWHtRCategory""",GENERAL,Person,Person,,qualitative non-numeric
/blog/waist-to-height-ratio/index.html,"table cell in ""PersonHeightWaistCalculationWHtRCategory""",GENERAL,Height,Height,,qualitative non-numeric
/blog/waist-to-height-ratio/index.html,"table cell in ""PersonHeightWaistCalculationWHtRCategory""",GENERAL,Waist,Waist,,qualitative non-numeric
/blog/waist-to-height-ratio/index.html,"table cell in ""PersonHeightWaistCalculationWHtRCategory""",GENERAL,Calculation,Calculation,,qualitative non-numeric
/blog/waist-to-height-ratio/index.html,"table cell in ""PersonHeightWaistCalculationWHtRCategory""",GENERAL,WHtR,WHtR,,qualitative non-numeric
/blog/waist-to-height-ratio/index.html,"table cell in ""PersonHeightWaistCalculationWHtRCategory""",GENERAL,Category,Category,,qualitative non-numeric
/blog/waist-to-height-ratio/index.html,"table cell in ""PersonHeightWaistCalculationWHtRCategory""",GENERAL,Woman A,Woman A,,qualitative non-numeric
/blog/waist-to-height-ratio/index.html,"table cell in ""PersonHeightWaistCalculationWHtRCategory""",GENERAL,"64 in (5'4"")","64 in (5'4"")",,qualitative non-numeric
/blog/waist-to-height-ratio/index.html,"table cell in ""PersonHeightWaistCalculationWHtRCategory""",GENERAL,28 in,28 in,,qualitative non-numeric
/blog/waist-to-height-ratio/index.html,"table cell in ""PersonHeightWaistCalculationWHtRCategory""",GENERAL,28 ÷ 64,28 ÷ 64,,qualitative non-numeric
/blog/waist-to-height-ratio/index.html,"table cell in ""PersonHeightWaistCalculationWHtRCategory""",GENERAL,0.44,0.44,,qualitative non-numeric
/blog/waist-to-height-ratio/index.html,"table cell in ""PersonHeightWaistCalculationWHtRCategory""",GENERAL,Healthy,Healthy,,qualitative non-numeric
/blog/waist-to-height-ratio/index.html,"table cell in ""PersonHeightWaistCalculationWHtRCategory""",GENERAL,Man B,Man B,,qualitative non-numeric
/blog/waist-to-height-ratio/index.html,"table cell in ""PersonHeightWaistCalculationWHtRCategory""",GENERAL,"70 in (5'10"")","70 in (5'10"")",,qualitative non-numeric
/blog/waist-to-height-ratio/index.html,"table cell in ""PersonHeightWaistCalculationWHtRCategory""",GENERAL,36 in,36 in,,qualitative non-numeric
/blog/waist-to-height-ratio/index.html,"table cell in ""PersonHeightWaistCalculationWHtRCategory""",GENERAL,36 ÷ 70,36 ÷ 70,,qualitative non-numeric
/blog/waist-to-height-ratio/index.html,"table cell in ""PersonHeightWaistCalculationWHtRCategory""",GENERAL,0.51,0.51,,qualitative non-numeric
/blog/waist-to-height-ratio/index.html,"table cell in ""PersonHeightWaistCalculationWHtRCategory""",GENERAL,Increased Risk,Increased Risk,,qualitative non-numeric
/blog/waist-to-height-ratio/index.html,"table cell in ""PersonHeightWaistCalculationWHtRCategory""",GENERAL,Woman C,Woman C,,qualitative non-numeric
/blog/waist-to-height-ratio/index.html,"table cell in ""PersonHeightWaistCalculationWHtRCategory""",GENERAL,160 cm,160 cm,,qualitative non-numeric
/blog/waist-to-height-ratio/index.html,"table cell in ""PersonHeightWaistCalculationWHtRCategory""",GENERAL,88 cm,88 cm,,qualitative non-numeric
/blog/waist-to-height-ratio/index.html,"table cell in ""PersonHeightWaistCalculationWHtRCategory""",GENERAL,88 ÷ 160,88 ÷ 160,,qualitative non-numeric
/blog/waist-to-height-ratio/index.html,"table cell in ""PersonHeightWaistCalculationWHtRCategory""",GENERAL,0.55,0.55,,qualitative non-numeric
/blog/waist-to-height-ratio/index.html,"table cell in ""PersonHeightWaistCalculationWHtRCategory""",GENERAL,Increased Risk,Increased Risk,,qualitative non-numeric
/blog/waist-to-height-ratio/index.html,"table cell in ""PersonHeightWaistCalculationWHtRCategory""",GENERAL,Man D,Man D,,qualitative non-numeric
/blog/waist-to-height-ratio/index.html,"table cell in ""PersonHeightWaistCalculationWHtRCategory""",GENERAL,180 cm,180 cm,,qualitative non-numeric
/blog/waist-to-height-ratio/index.html,"table cell in ""PersonHeightWaistCalculationWHtRCategory""",GENERAL,110 cm,110 cm,,qualitative non-numeric
/blog/waist-to-height-ratio/index.html,"table cell in ""PersonHeightWaistCalculationWHtRCategory""",GENERAL,110 ÷ 180,110 ÷ 180,,qualitative non-numeric
/blog/waist-to-height-ratio/index.html,"table cell in ""PersonHeightWaistCalculationWHtRCategory""",GENERAL,0.61,0.61,,qualitative non-numeric
/blog/waist-to-height-ratio/index.html,"table cell in ""PersonHeightWaistCalculationWHtRCategory""",GENERAL,High Risk,High Risk,,qualitative non-numeric
/blog/waist-to-height-ratio/index.html,"table cell in ""WHtR ValueCategoryHealth Implication""",GENERAL,WHtR Value,WHtR Value,,qualitative non-numeric
/blog/waist-to-height-ratio/index.html,"table cell in ""WHtR ValueCategoryHealth Implication""",GENERAL,Category,Category,,qualitative non-numeric
/blog/waist-to-height-ratio/index.html,"table cell in ""WHtR ValueCategoryHealth Implication""",GENERAL,Health Implication,Health Implication,,qualitative non-numeric
/blog/waist-to-height-ratio/index.html,"table cell in ""WHtR ValueCategoryHealth Implication""",GENERAL,<0.4,<0.4,,qualitative non-numeric
/blog/waist-to-height-ratio/index.html,"table cell in ""WHtR ValueCategoryHealth Implication""",GENERAL,Underweight Risk,Underweight Risk,,qualitative non-numeric
/blog/waist-to-height-ratio/index.html,"table cell in ""WHtR ValueCategoryHealth Implication""",GENERAL,May indicate insufficient body fat; consult healthcare provider,May indicate insufficient body fat; consult healthcare provider,,qualitative non-numeric
/blog/waist-to-height-ratio/index.html,"table cell in ""WHtR ValueCategoryHealth Implication""",GENERAL,0.4 - 0.49,0.4 - 0.49,,qualitative non-numeric
/blog/waist-to-height-ratio/index.html,"table cell in ""WHtR ValueCategoryHealth Implication""",GENERAL,Healthy,Healthy,,qualitative non-numeric
/blog/waist-to-height-ratio/index.html,"table cell in ""WHtR ValueCategoryHealth Implication""",GENERAL,Optimal range; low risk for obesity-related diseases,Optimal range; low risk for obesity-related diseases,,qualitative non-numeric
/blog/waist-to-height-ratio/index.html,"table cell in ""WHtR ValueCategoryHealth Implication""",GENERAL,0.5 - 0.59,0.5 - 0.59,,qualitative non-numeric
/blog/waist-to-height-ratio/index.html,"table cell in ""WHtR ValueCategoryHealth Implication""",GENERAL,Increased Risk,Increased Risk,,qualitative non-numeric
/blog/waist-to-height-ratio/index.html,"table cell in ""WHtR ValueCategoryHealth Implication""",GENERAL,Elevated risk for cardiovascular disease and diabetes,Elevated risk for cardiovascular disease and diabetes,,qualitative non-numeric
/blog/waist-to-height-ratio/index.html,"table cell in ""WHtR ValueCategoryHealth Implication""",GENERAL,0.6+,0.6+,,qualitative non-numeric
/blog/waist-to-height-ratio/index.html,"table cell in ""WHtR ValueCategoryHealth Implication""",GENERAL,High Risk,High Risk,,qualitative non-numeric
/blog/waist-to-height-ratio/index.html,"table cell in ""WHtR ValueCategoryHealth Implication""",DELETE,Substantially increased risk; medical consultation recommended,,,prescriptive
/blog/waist-to-height-ratio/index.html,"table cell in ""HeightMaximum Healthy Waist""",GENERAL,Height,Height,,qualitative non-numeric
/blog/waist-to-height-ratio/index.html,"table cell in ""HeightMaximum Healthy Waist""",GENERAL,Maximum Healthy Waist,Maximum Healthy Waist,,qualitative non-numeric
/blog/waist-to-height-ratio/index.html,"table cell in ""HeightMaximum Healthy Waist""",GENERAL,"5'0"" (152 cm)","5'0"" (152 cm)",,qualitative non-numeric
/blog/waist-to-height-ratio/index.html,"table cell in ""HeightMaximum Healthy Waist""",GENERAL,30 in (76 cm),30 in (76 cm),,qualitative non-numeric
/blog/waist-to-height-ratio/index.html,"table cell in ""HeightMaximum Healthy Waist""",GENERAL,"5'4"" (163 cm)","5'4"" (163 cm)",,qualitative non-numeric
/blog/waist-to-height-ratio/index.html,"table cell in ""HeightMaximum Healthy Waist""",GENERAL,32 in (81 cm),32 in (81 cm),,qualitative non-numeric
/blog/waist-to-height-ratio/index.html,"table cell in ""HeightMaximum Healthy Waist""",GENERAL,"5'8"" (173 cm)","5'8"" (173 cm)",,qualitative non-numeric
/blog/waist-to-height-ratio/index.html,"table cell in ""HeightMaximum Healthy Waist""",GENERAL,34 in (86 cm),34 in (86 cm),,qualitative non-numeric
/blog/waist-to-height-ratio/index.html,"table cell in ""HeightMaximum Healthy Waist""",GENERAL,"6'0"" (183 cm)","6'0"" (183 cm)",,qualitative non-numeric
/blog/waist-to-height-ratio/index.html,"table cell in ""HeightMaximum Healthy Waist""",GENERAL,36 in (91 cm),36 in (91 cm),,qualitative non-numeric
/blog/waist-to-height-ratio/index.html,"table cell in ""HeightMaximum Healthy Waist""",GENERAL,"6'4"" (193 cm)","6'4"" (193 cm)",,qualitative non-numeric
/blog/waist-to-height-ratio/index.html,"table cell in ""HeightMaximum Healthy Waist""",GENERAL,38 in (96 cm),38 in (96 cm),,qualitative non-numeric
/blog/waist-to-height-ratio/index.html,"table cell in ""Health OutcomeWHtR Performance vs. BMIKey Study""",GENERAL,Health Outcome,Health Outcome,,qualitative non-numeric
/blog/waist-to-height-ratio/index.html,"table cell in ""Health OutcomeWHtR Performance vs. BMIKey Study""",GENERAL,WHtR Performance vs. BMI,WHtR Performance vs. BMI,,qualitative non-numeric
/blog/waist-to-height-ratio/index.html,"table cell in ""Health OutcomeWHtR Performance vs. BMIKey Study""",GENERAL,Key Study,Key Study,,qualitative non-numeric
/blog/waist-to-height-ratio/index.html,"table cell in ""Health OutcomeWHtR Performance vs. BMIKey Study""",GENERAL,Cardiovascular Disease,Cardiovascular Disease,,qualitative non-numeric
/blog/waist-to-height-ratio/index.html,"table cell in ""Health OutcomeWHtR Performance vs. BMIKey Study""",GENERAL,WHtR superior,WHtR superior,,qualitative non-numeric
/blog/waist-to-height-ratio/index.html,"table cell in ""Health OutcomeWHtR Performance vs. BMIKey Study""",GENERAL,"Ashwell et al., Obesity Reviews 2012","Ashwell et al., Obesity Reviews 2012",,qualitative non-numeric
/blog/waist-to-height-ratio/index.html,"table cell in ""Health OutcomeWHtR Performance vs. BMIKey Study""",GENERAL,Type 2 Diabetes,Type 2 Diabetes,,qualitative non-numeric
/blog/waist-to-height-ratio/index.html,"table cell in ""Health OutcomeWHtR Performance vs. BMIKey Study""",GENERAL,WHtR superior,WHtR superior,,qualitative non-numeric
/blog/waist-to-height-ratio/index.html,"table cell in ""Health OutcomeWHtR Performance vs. BMIKey Study""",GENERAL,"Browning et al., Nutrition Research Reviews 2010","Browning et al., Nutrition Research Reviews 2010",,qualitative non-numeric
/blog/waist-to-height-ratio/index.html,"table cell in ""Health OutcomeWHtR Performance vs. BMIKey Study""",GENERAL,Metabolic Syndrome,Metabolic Syndrome,,qualitative non-numeric
/blog/waist-to-height-ratio/index.html,"table cell in ""Health OutcomeWHtR Performance vs. BMIKey Study""",GENERAL,WHtR superior,WHtR superior,,qualitative non-numeric
/blog/waist-to-height-ratio/index.html,"table cell in ""Health OutcomeWHtR Performance vs. BMIKey Study""",GENERAL,"Savva et al., International Journal of Obesity 2013","Savva et al., International Journal of Obesity 2013",,qualitative non-numeric
/blog/waist-to-height-ratio/index.html,"table cell in ""Health OutcomeWHtR Performance vs. BMIKey Study""",GENERAL,All-Cause Mortality,All-Cause Mortality,,qualitative non-numeric
/blog/waist-to-height-ratio/index.html,"table cell in ""Health OutcomeWHtR Performance vs. BMIKey Study""",GENERAL,WHtR superior,WHtR superior,,qualitative non-numeric
/blog/waist-to-height-ratio/index.html,"table cell in ""Health OutcomeWHtR Performance vs. BMIKey Study""",GENERAL,"Petursson et al., BMJ Open 2011","Petursson et al., BMJ Open 2011",,qualitative non-numeric
/blog/waist-to-height-ratio/index.html,"table cell in ""Health OutcomeWHtR Performance vs. BMIKey Study""",GENERAL,Hypertension,Hypertension,,qualitative non-numeric
/blog/waist-to-height-ratio/index.html,"table cell in ""Health OutcomeWHtR Performance vs. BMIKey Study""",GENERAL,WHtR superior,WHtR superior,,qualitative non-numeric
/blog/waist-to-height-ratio/index.html,"table cell in ""Health OutcomeWHtR Performance vs. BMIKey Study""",GENERAL,"Lee et al., Journal of Hypertension 2008","Lee et al., Journal of Hypertension 2008",,qualitative non-numeric
/blog/waist-to-height-ratio/index.html,"table cell in ""CharacteristicMenWomen""",GENERAL,Characteristic,Characteristic,,qualitative non-numeric
/blog/waist-to-height-ratio/index.html,"table cell in ""CharacteristicMenWomen""",GENERAL,Men,Men,,qualitative non-numeric
/blog/waist-to-height-ratio/index.html,"table cell in ""CharacteristicMenWomen""",GENERAL,Women,Women,,qualitative non-numeric
/blog/waist-to-height-ratio/index.html,"table cell in ""CharacteristicMenWomen""",GENERAL,Typical fat distribution,Typical fat distribution,,qualitative non-numeric
/blog/waist-to-height-ratio/index.html,"table cell in ""CharacteristicMenWomen""",GENERAL,"Android (apple-shaped, abdominal)","Android (apple-shaped, abdominal)",,qualitative non-numeric
/blog/waist-to-height-ratio/index.html,"table cell in ""CharacteristicMenWomen""",GENERAL,"Gynoid (pear-shaped, hips/thighs)","Gynoid (pear-shaped, hips/thighs)",,qualitative non-numeric
/blog/waist-to-height-ratio/index.html,"table cell in ""CharacteristicMenWomen""",GENERAL,Healthy WHtR threshold,Healthy WHtR threshold,,qualitative non-numeric
/blog/waist-to-height-ratio/index.html,"table cell in ""CharacteristicMenWomen""",GENERAL,<0.5,<0.5,,qualitative non-numeric
/blog/waist-to-height-ratio/index.html,"table cell in ""CharacteristicMenWomen""",GENERAL,<0.5,<0.5,,qualitative non-numeric
/blog/waist-to-height-ratio/index.html,"table cell in ""CharacteristicMenWomen""",GENERAL,Average WHtR (healthy adults),Average WHtR (healthy adults),,qualitative non-numeric
/blog/waist-to-height-ratio/index.html,"table cell in ""CharacteristicMenWomen""",DELETE,0.44-0.48,,,unsourced specific/magnitude claim
/blog/waist-to-height-ratio/index.html,"table cell in ""CharacteristicMenWomen""",DELETE,0.42-0.46,,,unsourced specific/magnitude claim
/blog/waist-to-height-ratio/index.html,"table cell in ""CharacteristicMenWomen""",GENERAL,Visceral fat tendency,Visceral fat tendency,,qualitative non-numeric
/blog/waist-to-height-ratio/index.html,"table cell in ""CharacteristicMenWomen""",GENERAL,Higher at same WHtR,Higher at same WHtR,,qualitative non-numeric
/blog/waist-to-height-ratio/index.html,"table cell in ""CharacteristicMenWomen""",GENERAL,Lower at same WHtR,Lower at same WHtR,,qualitative non-numeric
/blog/waist-to-height-ratio/index.html,"table cell in ""CharacteristicMenWomen""",GENERAL,Hormonal influence,Hormonal influence,,qualitative non-numeric
/blog/waist-to-height-ratio/index.html,"table cell in ""CharacteristicMenWomen""",GENERAL,Testosterone promotes abdominal fat,Testosterone promotes abdominal fat,,qualitative non-numeric
/blog/waist-to-height-ratio/index.html,"table cell in ""CharacteristicMenWomen""",GENERAL,Estrogen protects against abdominal fat (pre-menopause),Estrogen protects against abdominal fat (pre-menopause),,qualitative non-numeric
/blog/how-to-lower-bmi/index.html,"table cell in ""BMI RangeCategory""",KEEP-R2,BMI Range,BMI Range,,R2 source cdc.gov in block
/blog/how-to-lower-bmi/index.html,"table cell in ""BMI RangeCategory""",KEEP-R2,Category,Category,,R2 source cdc.gov in block
/blog/how-to-lower-bmi/index.html,"table cell in ""BMI RangeCategory""",KEEP-R2,Below 18.5,Below 18.5,,R2 source cdc.gov in block
/blog/how-to-lower-bmi/index.html,"table cell in ""BMI RangeCategory""",KEEP-R2,Underweight,Underweight,,R2 source cdc.gov in block
/blog/how-to-lower-bmi/index.html,"table cell in ""BMI RangeCategory""",KEEP-R2,18.5 - 24.9,18.5 - 24.9,,R2 source cdc.gov in block
/blog/how-to-lower-bmi/index.html,"table cell in ""BMI RangeCategory""",KEEP-R2,Normal weight,Normal weight,,R2 source cdc.gov in block
/blog/how-to-lower-bmi/index.html,"table cell in ""BMI RangeCategory""",KEEP-R2,25.0 - 29.9,25.0 - 29.9,,R2 source cdc.gov in block
/blog/how-to-lower-bmi/index.html,"table cell in ""BMI RangeCategory""",KEEP-R2,Overweight,Overweight,,R2 source cdc.gov in block
/blog/how-to-lower-bmi/index.html,"table cell in ""BMI RangeCategory""",KEEP-R2,30.0 - 34.9,30.0 - 34.9,,R2 source cdc.gov in block
/blog/how-to-lower-bmi/index.html,"table cell in ""BMI RangeCategory""",KEEP-R2,Obese Class I,Obese Class I,,R2 source cdc.gov in block
/blog/how-to-lower-bmi/index.html,"table cell in ""BMI RangeCategory""",KEEP-R2,35.0 - 39.9,35.0 - 39.9,,R2 source cdc.gov in block
/blog/how-to-lower-bmi/index.html,"table cell in ""BMI RangeCategory""",KEEP-R2,Obese Class II,Obese Class II,,R2 source cdc.gov in block
/blog/how-to-lower-bmi/index.html,"table cell in ""BMI RangeCategory""",KEEP-R2,40.0+,40.0+,,R2 source cdc.gov in block
/blog/how-to-lower-bmi/index.html,"table cell in ""BMI RangeCategory""",KEEP-R2,Obese Class III,Obese Class III,,R2 source cdc.gov in block
/blog/how-to-lower-bmi/index.html,"table cell in ""Your Height Weight to Lose per BMI Point Example: BMI 30 to """,GENERAL,Your Height,Your Height,,qualitative non-numeric
/blog/how-to-lower-bmi/index.html,"table cell in ""Your Height Weight to Lose per BMI Point Example: BMI 30 to """,GENERAL,Weight to Lose per BMI Point,Weight to Lose per BMI Point,,qualitative non-numeric
/blog/how-to-lower-bmi/index.html,"table cell in ""Your Height Weight to Lose per BMI Point Example: BMI 30 to """,GENERAL,Example: BMI 30 to 25,Example: BMI 30 to 25,,qualitative non-numeric
/blog/how-to-lower-bmi/index.html,"table cell in ""Your Height Weight to Lose per BMI Point Example: BMI 30 to """,GENERAL,"5'0"" (152 cm)","5'0"" (152 cm)",,qualitative non-numeric
/blog/how-to-lower-bmi/index.html,"table cell in ""Your Height Weight to Lose per BMI Point Example: BMI 30 to """,GENERAL,~5 lbs (2.3 kg),~5 lbs (2.3 kg),,qualitative non-numeric
/blog/how-to-lower-bmi/index.html,"table cell in ""Your Height Weight to Lose per BMI Point Example: BMI 30 to """,GENERAL,~25 lbs (11 kg),~25 lbs (11 kg),,qualitative non-numeric
/blog/how-to-lower-bmi/index.html,"table cell in ""Your Height Weight to Lose per BMI Point Example: BMI 30 to """,GENERAL,"5'4"" (163 cm)","5'4"" (163 cm)",,qualitative non-numeric
/blog/how-to-lower-bmi/index.html,"table cell in ""Your Height Weight to Lose per BMI Point Example: BMI 30 to """,GENERAL,~6 lbs (2.7 kg),~6 lbs (2.7 kg),,qualitative non-numeric
/blog/how-to-lower-bmi/index.html,"table cell in ""Your Height Weight to Lose per BMI Point Example: BMI 30 to """,GENERAL,~30 lbs (14 kg),~30 lbs (14 kg),,qualitative non-numeric
/blog/how-to-lower-bmi/index.html,"table cell in ""Your Height Weight to Lose per BMI Point Example: BMI 30 to """,GENERAL,"5'8"" (173 cm)","5'8"" (173 cm)",,qualitative non-numeric
/blog/how-to-lower-bmi/index.html,"table cell in ""Your Height Weight to Lose per BMI Point Example: BMI 30 to """,GENERAL,~7 lbs (3.2 kg),~7 lbs (3.2 kg),,qualitative non-numeric
/blog/how-to-lower-bmi/index.html,"table cell in ""Your Height Weight to Lose per BMI Point Example: BMI 30 to """,GENERAL,~35 lbs (16 kg),~35 lbs (16 kg),,qualitative non-numeric
/blog/how-to-lower-bmi/index.html,"table cell in ""Your Height Weight to Lose per BMI Point Example: BMI 30 to """,GENERAL,"6'0"" (183 cm)","6'0"" (183 cm)",,qualitative non-numeric
/blog/how-to-lower-bmi/index.html,"table cell in ""Your Height Weight to Lose per BMI Point Example: BMI 30 to """,GENERAL,~7.5 lbs (3.4 kg),~7.5 lbs (3.4 kg),,qualitative non-numeric
/blog/how-to-lower-bmi/index.html,"table cell in ""Your Height Weight to Lose per BMI Point Example: BMI 30 to """,GENERAL,~38 lbs (17 kg),~38 lbs (17 kg),,qualitative non-numeric
/blog/how-to-lower-bmi/index.html,"table cell in ""Your Height Weight to Lose per BMI Point Example: BMI 30 to """,GENERAL,"6'4"" (193 cm)","6'4"" (193 cm)",,qualitative non-numeric
/blog/how-to-lower-bmi/index.html,"table cell in ""Your Height Weight to Lose per BMI Point Example: BMI 30 to """,GENERAL,~8.5 lbs (3.9 kg),~8.5 lbs (3.9 kg),,qualitative non-numeric
/blog/how-to-lower-bmi/index.html,"table cell in ""Your Height Weight to Lose per BMI Point Example: BMI 30 to """,GENERAL,~43 lbs (19 kg),~43 lbs (19 kg),,qualitative non-numeric
/blog/how-to-lower-bmi/index.html,"table cell in ""Daily Calorie Deficit Weekly Weight Loss Monthly Weight Loss""",DELETE,Daily Calorie Deficit,,,prescriptive
/blog/how-to-lower-bmi/index.html,"table cell in ""Daily Calorie Deficit Weekly Weight Loss Monthly Weight Loss""",GENERAL,Weekly Weight Loss,Weekly Weight Loss,,qualitative non-numeric
/blog/how-to-lower-bmi/index.html,"table cell in ""Daily Calorie Deficit Weekly Weight Loss Monthly Weight Loss""",GENERAL,Monthly Weight Loss,Monthly Weight Loss,,qualitative non-numeric
/blog/how-to-lower-bmi/index.html,"table cell in ""Daily Calorie Deficit Weekly Weight Loss Monthly Weight Loss""",GENERAL,Safety Level,Safety Level,,qualitative non-numeric
/blog/how-to-lower-bmi/index.html,"table cell in ""Daily Calorie Deficit Weekly Weight Loss Monthly Weight Loss""",DELETE,250 calories,,,prescriptive
/blog/how-to-lower-bmi/index.html,"table cell in ""Daily Calorie Deficit Weekly Weight Loss Monthly Weight Loss""",GENERAL,0.5 lb (0.23 kg),0.5 lb (0.23 kg),,qualitative non-numeric
/blog/how-to-lower-bmi/index.html,"table cell in ""Daily Calorie Deficit Weekly Weight Loss Monthly Weight Loss""",GENERAL,2 lbs (0.9 kg),2 lbs (0.9 kg),,qualitative non-numeric
/blog/how-to-lower-bmi/index.html,"table cell in ""Daily Calorie Deficit Weekly Weight Loss Monthly Weight Loss""",GENERAL,Very safe,Very safe,,qualitative non-numeric
/blog/how-to-lower-bmi/index.html,"table cell in ""Daily Calorie Deficit Weekly Weight Loss Monthly Weight Loss""",DELETE,500 calories,,,prescriptive
/blog/how-to-lower-bmi/index.html,"table cell in ""Daily Calorie Deficit Weekly Weight Loss Monthly Weight Loss""",GENERAL,1 lb (0.45 kg),1 lb (0.45 kg),,qualitative non-numeric
/blog/how-to-lower-bmi/index.html,"table cell in ""Daily Calorie Deficit Weekly Weight Loss Monthly Weight Loss""",GENERAL,4 lbs (1.8 kg),4 lbs (1.8 kg),,qualitative non-numeric
/blog/how-to-lower-bmi/index.html,"table cell in ""Daily Calorie Deficit Weekly Weight Loss Monthly Weight Loss""",DELETE,Safe - recommended,,,prescriptive
/blog/how-to-lower-bmi/index.html,"table cell in ""Daily Calorie Deficit Weekly Weight Loss Monthly Weight Loss""",DELETE,750 calories,,,prescriptive
/blog/how-to-lower-bmi/index.html,"table cell in ""Daily Calorie Deficit Weekly Weight Loss Monthly Weight Loss""",GENERAL,1.5 lbs (0.68 kg),1.5 lbs (0.68 kg),,qualitative non-numeric
/blog/how-to-lower-bmi/index.html,"table cell in ""Daily Calorie Deficit Weekly Weight Loss Monthly Weight Loss""",GENERAL,6 lbs (2.7 kg),6 lbs (2.7 kg),,qualitative non-numeric
/blog/how-to-lower-bmi/index.html,"table cell in ""Daily Calorie Deficit Weekly Weight Loss Monthly Weight Loss""",GENERAL,Safe for most,Safe for most,,qualitative non-numeric
/blog/how-to-lower-bmi/index.html,"table cell in ""Daily Calorie Deficit Weekly Weight Loss Monthly Weight Loss""",DELETE,"1,000 calories",,,prescriptive
/blog/how-to-lower-bmi/index.html,"table cell in ""Daily Calorie Deficit Weekly Weight Loss Monthly Weight Loss""",GENERAL,2 lbs (0.9 kg),2 lbs (0.9 kg),,qualitative non-numeric
/blog/how-to-lower-bmi/index.html,"table cell in ""Daily Calorie Deficit Weekly Weight Loss Monthly Weight Loss""",GENERAL,8 lbs (3.6 kg),8 lbs (3.6 kg),,qualitative non-numeric
/blog/how-to-lower-bmi/index.html,"table cell in ""Daily Calorie Deficit Weekly Weight Loss Monthly Weight Loss""",GENERAL,Maximum safe limit,Maximum safe limit,,qualitative non-numeric
/blog/how-to-lower-bmi/index.html,"table cell in ""Daily Calorie Deficit Weekly Weight Loss Monthly Weight Loss""",DELETE,"1,500+ calories",,,prescriptive
/blog/how-to-lower-bmi/index.html,"table cell in ""Daily Calorie Deficit Weekly Weight Loss Monthly Weight Loss""",GENERAL,3+ lbs (1.4+ kg),3+ lbs (1.4+ kg),,qualitative non-numeric
/blog/how-to-lower-bmi/index.html,"table cell in ""Daily Calorie Deficit Weekly Weight Loss Monthly Weight Loss""",GENERAL,12+ lbs (5.4+ kg),12+ lbs (5.4+ kg),,qualitative non-numeric
/blog/how-to-lower-bmi/index.html,"table cell in ""Daily Calorie Deficit Weekly Weight Loss Monthly Weight Loss""",DELETE,Not recommended,,,prescriptive
/blog/how-to-lower-bmi/index.html,"table cell in ""Activity Type Frequency Duration Examples""",GENERAL,Activity Type,Activity Type,,qualitative non-numeric
/blog/how-to-lower-bmi/index.html,"table cell in ""Activity Type Frequency Duration Examples""",GENERAL,Frequency,Frequency,,qualitative non-numeric
/blog/how-to-lower-bmi/index.html,"table cell in ""Activity Type Frequency Duration Examples""",GENERAL,Duration,Duration,,qualitative non-numeric
/blog/how-to-lower-bmi/index.html,"table cell in ""Activity Type Frequency Duration Examples""",GENERAL,Examples,Examples,,qualitative non-numeric
/blog/how-to-lower-bmi/index.html,"table cell in ""Activity Type Frequency Duration Examples""",GENERAL,Moderate Cardio,Moderate Cardio,,qualitative non-numeric
/blog/how-to-lower-bmi/index.html,"table cell in ""Activity Type Frequency Duration Examples""",DELETE,5 days/week,,,prescriptive
/blog/how-to-lower-bmi/index.html,"table cell in ""Activity Type Frequency Duration Examples""",DELETE,30-60 min,,,prescriptive
/blog/how-to-lower-bmi/index.html,"table cell in ""Activity Type Frequency Duration Examples""",GENERAL,"Brisk walking, cycling, swimming","Brisk walking, cycling, swimming",,qualitative non-numeric
/blog/how-to-lower-bmi/index.html,"table cell in ""Activity Type Frequency Duration Examples""",GENERAL,Vigorous Cardio,Vigorous Cardio,,qualitative non-numeric
/blog/how-to-lower-bmi/index.html,"table cell in ""Activity Type Frequency Duration Examples""",DELETE,3 days/week,,,prescriptive
/blog/how-to-lower-bmi/index.html,"table cell in ""Activity Type Frequency Duration Examples""",DELETE,20-30 min,,,prescriptive
/blog/how-to-lower-bmi/index.html,"table cell in ""Activity Type Frequency Duration Examples""",GENERAL,"Running, HIIT, spinning","Running, HIIT, spinning",,qualitative non-numeric
/blog/how-to-lower-bmi/index.html,"table cell in ""Activity Type Frequency Duration Examples""",GENERAL,Strength Training,Strength Training,,qualitative non-numeric
/blog/how-to-lower-bmi/index.html,"table cell in ""Activity Type Frequency Duration Examples""",DELETE,2-3 days/week,,,prescriptive
/blog/how-to-lower-bmi/index.html,"table cell in ""Activity Type Frequency Duration Examples""",DELETE,20-45 min,,,prescriptive
/blog/how-to-lower-bmi/index.html,"table cell in ""Activity Type Frequency Duration Examples""",GENERAL,"Weight lifting, resistance bands","Weight lifting, resistance bands",,qualitative non-numeric
/blog/how-to-lower-bmi/index.html,"table cell in ""Activity Type Frequency Duration Examples""",GENERAL,Flexibility/Recovery,Flexibility/Recovery,,qualitative non-numeric
/blog/how-to-lower-bmi/index.html,"table cell in ""Activity Type Frequency Duration Examples""",GENERAL,Daily,Daily,,qualitative non-numeric
/blog/how-to-lower-bmi/index.html,"table cell in ""Activity Type Frequency Duration Examples""",DELETE,5-15 min,,,prescriptive
/blog/how-to-lower-bmi/index.html,"table cell in ""Activity Type Frequency Duration Examples""",GENERAL,"Stretching, yoga, foam rolling","Stretching, yoga, foam rolling",,qualitative non-numeric
/blog/how-to-lower-bmi/index.html,"table cell in ""Starting BMI Target BMI Weight to Lose (5'6"" person) Realist""",GENERAL,Starting BMI,Starting BMI,,qualitative non-numeric
/blog/how-to-lower-bmi/index.html,"table cell in ""Starting BMI Target BMI Weight to Lose (5'6"" person) Realist""",GENERAL,Target BMI,Target BMI,,qualitative non-numeric
/blog/how-to-lower-bmi/index.html,"table cell in ""Starting BMI Target BMI Weight to Lose (5'6"" person) Realist""",GENERAL,"Weight to Lose (5'6"" person)","Weight to Lose (5'6"" person)",,qualitative non-numeric
/blog/how-to-lower-bmi/index.html,"table cell in ""Starting BMI Target BMI Weight to Lose (5'6"" person) Realist""",GENERAL,Realistic Timeline,Realistic Timeline,,qualitative non-numeric
/blog/how-to-lower-bmi/index.html,"table cell in ""Starting BMI Target BMI Weight to Lose (5'6"" person) Realist""",GENERAL,27 (Overweight),27 (Overweight),,qualitative non-numeric
/blog/how-to-lower-bmi/index.html,"table cell in ""Starting BMI Target BMI Weight to Lose (5'6"" person) Realist""",GENERAL,24.9 (Normal),24.9 (Normal),,qualitative non-numeric
/blog/how-to-lower-bmi/index.html,"table cell in ""Starting BMI Target BMI Weight to Lose (5'6"" person) Realist""",GENERAL,~13 lbs (6 kg),~13 lbs (6 kg),,qualitative non-numeric
/blog/how-to-lower-bmi/index.html,"table cell in ""Starting BMI Target BMI Weight to Lose (5'6"" person) Realist""",DELETE,2-3 months,,,unsourced specific/magnitude claim
/blog/how-to-lower-bmi/index.html,"table cell in ""Starting BMI Target BMI Weight to Lose (5'6"" person) Realist""",GENERAL,30 (Obese I),30 (Obese I),,qualitative non-numeric
/blog/how-to-lower-bmi/index.html,"table cell in ""Starting BMI Target BMI Weight to Lose (5'6"" person) Realist""",GENERAL,24.9 (Normal),24.9 (Normal),,qualitative non-numeric
/blog/how-to-lower-bmi/index.html,"table cell in ""Starting BMI Target BMI Weight to Lose (5'6"" person) Realist""",GENERAL,~31 lbs (14 kg),~31 lbs (14 kg),,qualitative non-numeric
/blog/how-to-lower-bmi/index.html,"table cell in ""Starting BMI Target BMI Weight to Lose (5'6"" person) Realist""",DELETE,4-8 months,,,unsourced specific/magnitude claim
/blog/how-to-lower-bmi/index.html,"table cell in ""Starting BMI Target BMI Weight to Lose (5'6"" person) Realist""",GENERAL,35 (Obese II),35 (Obese II),,qualitative non-numeric
/blog/how-to-lower-bmi/index.html,"table cell in ""Starting BMI Target BMI Weight to Lose (5'6"" person) Realist""",GENERAL,29.9 (Overweight),29.9 (Overweight),,qualitative non-numeric
/blog/how-to-lower-bmi/index.html,"table cell in ""Starting BMI Target BMI Weight to Lose (5'6"" person) Realist""",GENERAL,~31 lbs (14 kg),~31 lbs (14 kg),,qualitative non-numeric
/blog/how-to-lower-bmi/index.html,"table cell in ""Starting BMI Target BMI Weight to Lose (5'6"" person) Realist""",DELETE,4-8 months,,,unsourced specific/magnitude claim
/blog/how-to-lower-bmi/index.html,"table cell in ""Starting BMI Target BMI Weight to Lose (5'6"" person) Realist""",GENERAL,40 (Obese III),40 (Obese III),,qualitative non-numeric
/blog/how-to-lower-bmi/index.html,"table cell in ""Starting BMI Target BMI Weight to Lose (5'6"" person) Realist""",GENERAL,34.9 (Obese II),34.9 (Obese II),,qualitative non-numeric
/blog/how-to-lower-bmi/index.html,"table cell in ""Starting BMI Target BMI Weight to Lose (5'6"" person) Realist""",GENERAL,~31 lbs (14 kg),~31 lbs (14 kg),,qualitative non-numeric
/blog/how-to-lower-bmi/index.html,"table cell in ""Starting BMI Target BMI Weight to Lose (5'6"" person) Realist""",DELETE,4-8 months,,,unsourced specific/magnitude claim
/blog/bmi-tracking-guide/index.html,"table cell in ""SituationRecommended FrequencyReasoning""",GENERAL,Situation,Situation,,qualitative non-numeric
/blog/bmi-tracking-guide/index.html,"table cell in ""SituationRecommended FrequencyReasoning""",DELETE,Recommended Frequency,,,prescriptive
/blog/bmi-tracking-guide/index.html,"table cell in ""SituationRecommended FrequencyReasoning""",GENERAL,Reasoning,Reasoning,,qualitative non-numeric
/blog/bmi-tracking-guide/index.html,"table cell in ""SituationRecommended FrequencyReasoning""",GENERAL,Active weight loss,Active weight loss,,qualitative non-numeric
/blog/bmi-tracking-guide/index.html,"table cell in ""SituationRecommended FrequencyReasoning""",GENERAL,Weekly,Weekly,,qualitative non-numeric
/blog/bmi-tracking-guide/index.html,"table cell in ""SituationRecommended FrequencyReasoning""",GENERAL,Provides feedback on diet/exercise effectiveness without daily stress,Provides feedback on diet/exercise effectiveness without daily stress,,qualitative non-numeric
/blog/bmi-tracking-guide/index.html,"table cell in ""SituationRecommended FrequencyReasoning""",GENERAL,Weight maintenance,Weight maintenance,,qualitative non-numeric
/blog/bmi-tracking-guide/index.html,"table cell in ""SituationRecommended FrequencyReasoning""",GENERAL,Weekly to bi-weekly,Weekly to bi-weekly,,qualitative non-numeric
/blog/bmi-tracking-guide/index.html,"table cell in ""SituationRecommended FrequencyReasoning""",GENERAL,Catches gradual drift before it becomes significant,Catches gradual drift before it becomes significant,,qualitative non-numeric
/blog/bmi-tracking-guide/index.html,"table cell in ""SituationRecommended FrequencyReasoning""",GENERAL,Recovering from eating disorder,Recovering from eating disorder,,qualitative non-numeric
/blog/bmi-tracking-guide/index.html,"table cell in ""SituationRecommended FrequencyReasoning""",GENERAL,Monthly (supervised),Monthly (supervised),,qualitative non-numeric
/blog/bmi-tracking-guide/index.html,"table cell in ""SituationRecommended FrequencyReasoning""",GENERAL,Reduces obsessive behaviors while monitoring health,Reduces obsessive behaviors while monitoring health,,qualitative non-numeric
/blog/bmi-tracking-guide/index.html,"table cell in ""SituationRecommended FrequencyReasoning""",GENERAL,General health monitoring,General health monitoring,,qualitative non-numeric
/blog/bmi-tracking-guide/index.html,"table cell in ""SituationRecommended FrequencyReasoning""",GENERAL,Monthly,Monthly,,qualitative non-numeric
/blog/bmi-tracking-guide/index.html,"table cell in ""SituationRecommended FrequencyReasoning""",GENERAL,Sufficient to track long-term trends,Sufficient to track long-term trends,,qualitative non-numeric
/blog/bmi-tracking-guide/index.html,"table cell in ""SituationRecommended FrequencyReasoning""",GENERAL,Athletes/bodybuilders,Athletes/bodybuilders,,qualitative non-numeric
/blog/bmi-tracking-guide/index.html,"table cell in ""SituationRecommended FrequencyReasoning""",GENERAL,Daily (with 7-day average),Daily (with 7-day average),,qualitative non-numeric
/blog/bmi-tracking-guide/index.html,"table cell in ""SituationRecommended FrequencyReasoning""",GENERAL,Tracks training adaptations; use averages to smooth fluctuations,Tracks training adaptations; use averages to smooth fluctuations,,qualitative non-numeric
/blog/bmi-tracking-guide/index.html,"table cell in ""SituationRecommended FrequencyReasoning""",GENERAL,Pregnant women,Pregnant women,,qualitative non-numeric
/blog/bmi-tracking-guide/index.html,"table cell in ""SituationRecommended FrequencyReasoning""",GENERAL,Per prenatal visit schedule,Per prenatal visit schedule,,qualitative non-numeric
/blog/bmi-tracking-guide/index.html,"table cell in ""SituationRecommended FrequencyReasoning""",GENERAL,Provider monitors weight gain patterns,Provider monitors weight gain patterns,,qualitative non-numeric
/blog/bmi-tracking-guide/index.html,table: FactorPotential Weight ImpactDuration,DELETE,FactorPotential Weight ImpactDuration Sodium intake+2 to 5 lbs (0.9–2.3 kg)1–3 days Carbohydrate loading+2 to 4 lbs (0.9–1.8 kg)1–2 days Menstrual cycle (women)+2 to 8 lbs (0.9–3.6 kg)3–7 days Intense exercise+1 to 3 lbs (inflammation) or -2 to 4 lbs (sweat)Hours to days Constipation+1 to 4 lbs (0.5–1.8 kg)Until resolved Dehydration-2 to 6 lbs (0.9–2.7 kg)Until rehydrated Alcohol consumption-1 to ,,,44% cells fail rule
/blog/bmi-tracking-guide/index.html,"table cell in ""Best PracticeWhy It MattersCommon Mistake""",GENERAL,Best Practice,Best Practice,,qualitative non-numeric
/blog/bmi-tracking-guide/index.html,"table cell in ""Best PracticeWhy It MattersCommon Mistake""",GENERAL,Why It Matters,Why It Matters,,qualitative non-numeric
/blog/bmi-tracking-guide/index.html,"table cell in ""Best PracticeWhy It MattersCommon Mistake""",GENERAL,Common Mistake,Common Mistake,,qualitative non-numeric
/blog/bmi-tracking-guide/index.html,"table cell in ""Best PracticeWhy It MattersCommon Mistake""",GENERAL,Digital scale with 0.2 lb precision,Digital scale with 0.2 lb precision,,qualitative non-numeric
/blog/bmi-tracking-guide/index.html,"table cell in ""Best PracticeWhy It MattersCommon Mistake""",GENERAL,Detects small changes over time,Detects small changes over time,,qualitative non-numeric
/blog/bmi-tracking-guide/index.html,"table cell in ""Best PracticeWhy It MattersCommon Mistake""",GENERAL,Using old analog scale with poor accuracy,Using old analog scale with poor accuracy,,qualitative non-numeric
/blog/bmi-tracking-guide/index.html,"table cell in ""Best PracticeWhy It MattersCommon Mistake""",GENERAL,"Hard, flat surface","Hard, flat surface",,qualitative non-numeric
/blog/bmi-tracking-guide/index.html,"table cell in ""Best PracticeWhy It MattersCommon Mistake""",DELETE,Carpet can add 2–10 lbs to readings,,,unsourced specific/magnitude claim
/blog/bmi-tracking-guide/index.html,"table cell in ""Best PracticeWhy It MattersCommon Mistake""",GENERAL,Weighing on bathroom rug,Weighing on bathroom rug,,qualitative non-numeric
/blog/bmi-tracking-guide/index.html,"table cell in ""Best PracticeWhy It MattersCommon Mistake""",GENERAL,"Stand still, weight centered","Stand still, weight centered",,qualitative non-numeric
/blog/bmi-tracking-guide/index.html,"table cell in ""Best PracticeWhy It MattersCommon Mistake""",GENERAL,Movement affects reading accuracy,Movement affects reading accuracy,,qualitative non-numeric
/blog/bmi-tracking-guide/index.html,"table cell in ""Best PracticeWhy It MattersCommon Mistake""",GENERAL,"Leaning, holding onto counter","Leaning, holding onto counter",,qualitative non-numeric
/blog/bmi-tracking-guide/index.html,"table cell in ""Best PracticeWhy It MattersCommon Mistake""",GENERAL,Wait for stable reading,Wait for stable reading,,qualitative non-numeric
/blog/bmi-tracking-guide/index.html,"table cell in ""Best PracticeWhy It MattersCommon Mistake""",GENERAL,Digital scales need time to stabilize,Digital scales need time to stabilize,,qualitative non-numeric
/blog/bmi-tracking-guide/index.html,"table cell in ""Best PracticeWhy It MattersCommon Mistake""",GENERAL,Stepping off too quickly,Stepping off too quickly,,qualitative non-numeric
/blog/bmi-tracking-guide/index.html,"table cell in ""Best PracticeWhy It MattersCommon Mistake""",GENERAL,Calibrate monthly,Calibrate monthly,,qualitative non-numeric
/blog/bmi-tracking-guide/index.html,"table cell in ""Best PracticeWhy It MattersCommon Mistake""",GENERAL,Scales drift over time,Scales drift over time,,qualitative non-numeric
/blog/bmi-tracking-guide/index.html,"table cell in ""Best PracticeWhy It MattersCommon Mistake""",GENERAL,Never checking scale accuracy,Never checking scale accuracy,,qualitative non-numeric
/blog/bmi-tracking-guide/index.html,"table cell in ""Data PointFrequencyPurpose""",GENERAL,Data Point,Data Point,,qualitative non-numeric
/blog/bmi-tracking-guide/index.html,"table cell in ""Data PointFrequencyPurpose""",GENERAL,Frequency,Frequency,,qualitative non-numeric
/blog/bmi-tracking-guide/index.html,"table cell in ""Data PointFrequencyPurpose""",GENERAL,Purpose,Purpose,,qualitative non-numeric
/blog/bmi-tracking-guide/index.html,"table cell in ""Data PointFrequencyPurpose""",GENERAL,Weight,Weight,,qualitative non-numeric
/blog/bmi-tracking-guide/index.html,"table cell in ""Data PointFrequencyPurpose""",GENERAL,Weekly (or daily for averaging),Weekly (or daily for averaging),,qualitative non-numeric
/blog/bmi-tracking-guide/index.html,"table cell in ""Data PointFrequencyPurpose""",GENERAL,Core metric for BMI calculation,Core metric for BMI calculation,,qualitative non-numeric
/blog/bmi-tracking-guide/index.html,"table cell in ""Data PointFrequencyPurpose""",GENERAL,Waist circumference,Waist circumference,,qualitative non-numeric
/blog/bmi-tracking-guide/index.html,"table cell in ""Data PointFrequencyPurpose""",GENERAL,Bi-weekly or monthly,Bi-weekly or monthly,,qualitative non-numeric
/blog/bmi-tracking-guide/index.html,"table cell in ""Data PointFrequencyPurpose""",GENERAL,"Tracks central fat, often changes before weight","Tracks central fat, often changes before weight",,qualitative non-numeric
/blog/bmi-tracking-guide/index.html,"table cell in ""Data PointFrequencyPurpose""",GENERAL,Progress photos,Progress photos,,qualitative non-numeric
/blog/bmi-tracking-guide/index.html,"table cell in ""Data PointFrequencyPurpose""",GENERAL,Monthly,Monthly,,qualitative non-numeric
/blog/bmi-tracking-guide/index.html,"table cell in ""Data PointFrequencyPurpose""",GENERAL,Visual changes often precede scale changes,Visual changes often precede scale changes,,qualitative non-numeric
/blog/bmi-tracking-guide/index.html,"table cell in ""Data PointFrequencyPurpose""",GENERAL,How clothes fit,How clothes fit,,qualitative non-numeric
/blog/bmi-tracking-guide/index.html,"table cell in ""Data PointFrequencyPurpose""",GENERAL,Ongoing (note changes),Ongoing (note changes),,qualitative non-numeric
/blog/bmi-tracking-guide/index.html,"table cell in ""Data PointFrequencyPurpose""",GENERAL,Body recomposition indicator,Body recomposition indicator,,qualitative non-numeric
/blog/bmi-tracking-guide/index.html,"table cell in ""Data PointFrequencyPurpose""",GENERAL,Energy levels,Energy levels,,qualitative non-numeric
/blog/bmi-tracking-guide/index.html,"table cell in ""Data PointFrequencyPurpose""",GENERAL,Weekly,Weekly,,qualitative non-numeric
/blog/bmi-tracking-guide/index.html,"table cell in ""Data PointFrequencyPurpose""",GENERAL,Overall health indicator,Overall health indicator,,qualitative non-numeric
/blog/bmi-tracking-guide/index.html,"table cell in ""Data PointFrequencyPurpose""",GENERAL,Menstrual cycle (women),Menstrual cycle (women),,qualitative non-numeric
/blog/bmi-tracking-guide/index.html,"table cell in ""Data PointFrequencyPurpose""",GENERAL,Ongoing,Ongoing,,qualitative non-numeric
/blog/bmi-tracking-guide/index.html,"table cell in ""Data PointFrequencyPurpose""",GENERAL,Explains predictable fluctuations,Explains predictable fluctuations,,qualitative non-numeric
/blog/bmi-tracking-guide/index.html,"table cell in ""Data PointFrequencyPurpose""",GENERAL,Sleep quality,Sleep quality,,qualitative non-numeric
/blog/bmi-tracking-guide/index.html,"table cell in ""Data PointFrequencyPurpose""",GENERAL,Daily or weekly,Daily or weekly,,qualitative non-numeric
/blog/bmi-tracking-guide/index.html,"table cell in ""Data PointFrequencyPurpose""",GENERAL,Affects weight through hormones and hunger,Affects weight through hormones and hunger,,qualitative non-numeric
/blog/bmi-tracking-guide/index.html,"table cell in ""Starting Point5% Loss10% LossBMI Change""",GENERAL,Starting Point,Starting Point,,qualitative non-numeric
/blog/bmi-tracking-guide/index.html,"table cell in ""Starting Point5% Loss10% LossBMI Change""",DELETE,5% Loss,,,unsourced specific/magnitude claim
/blog/bmi-tracking-guide/index.html,"table cell in ""Starting Point5% Loss10% LossBMI Change""",DELETE,10% Loss,,,unsourced specific/magnitude claim
/blog/bmi-tracking-guide/index.html,"table cell in ""Starting Point5% Loss10% LossBMI Change""",GENERAL,BMI Change,BMI Change,,qualitative non-numeric
/blog/bmi-tracking-guide/index.html,"table cell in ""Starting Point5% Loss10% LossBMI Change""",GENERAL,"200 lbs, 5'8"" (BMI 30.4)","200 lbs, 5'8"" (BMI 30.4)",,qualitative non-numeric
/blog/bmi-tracking-guide/index.html,"table cell in ""Starting Point5% Loss10% LossBMI Change""",GENERAL,190 lbs,190 lbs,,qualitative non-numeric
/blog/bmi-tracking-guide/index.html,"table cell in ""Starting Point5% Loss10% LossBMI Change""",GENERAL,180 lbs,180 lbs,,qualitative non-numeric
/blog/bmi-tracking-guide/index.html,"table cell in ""Starting Point5% Loss10% LossBMI Change""",GENERAL,30.4 → 27.4,30.4 → 27.4,,qualitative non-numeric
/blog/bmi-tracking-guide/index.html,"table cell in ""Starting Point5% Loss10% LossBMI Change""",GENERAL,"180 lbs, 5'4"" (BMI 30.9)","180 lbs, 5'4"" (BMI 30.9)",,qualitative non-numeric
/blog/bmi-tracking-guide/index.html,"table cell in ""Starting Point5% Loss10% LossBMI Change""",GENERAL,171 lbs,171 lbs,,qualitative non-numeric
/blog/bmi-tracking-guide/index.html,"table cell in ""Starting Point5% Loss10% LossBMI Change""",GENERAL,162 lbs,162 lbs,,qualitative non-numeric
/blog/bmi-tracking-guide/index.html,"table cell in ""Starting Point5% Loss10% LossBMI Change""",GENERAL,30.9 → 27.8,30.9 → 27.8,,qualitative non-numeric
/blog/bmi-tracking-guide/index.html,"table cell in ""Starting Point5% Loss10% LossBMI Change""",GENERAL,"220 lbs, 5'10"" (BMI 31.6)","220 lbs, 5'10"" (BMI 31.6)",,qualitative non-numeric
/blog/bmi-tracking-guide/index.html,"table cell in ""Starting Point5% Loss10% LossBMI Change""",GENERAL,209 lbs,209 lbs,,qualitative non-numeric
/blog/bmi-tracking-guide/index.html,"table cell in ""Starting Point5% Loss10% LossBMI Change""",GENERAL,198 lbs,198 lbs,,qualitative non-numeric
/blog/bmi-tracking-guide/index.html,"table cell in ""Starting Point5% Loss10% LossBMI Change""",GENERAL,31.6 → 28.4,31.6 → 28.4,,qualitative non-numeric
/blog/bmi-tracking-guide/index.html,"table cell in ""Starting Point5% Loss10% LossBMI Change""",GENERAL,"160 lbs, 5'2"" (BMI 29.3)","160 lbs, 5'2"" (BMI 29.3)",,qualitative non-numeric
/blog/bmi-tracking-guide/index.html,"table cell in ""Starting Point5% Loss10% LossBMI Change""",GENERAL,152 lbs,152 lbs,,qualitative non-numeric
/blog/bmi-tracking-guide/index.html,"table cell in ""Starting Point5% Loss10% LossBMI Change""",GENERAL,144 lbs,144 lbs,,qualitative non-numeric
/blog/bmi-tracking-guide/index.html,"table cell in ""Starting Point5% Loss10% LossBMI Change""",GENERAL,29.3 → 26.4,29.3 → 26.4,,qualitative non-numeric
