page,location,decision,original_text,new_text,source_url,note
/blog/bmi-formula/,anchor 'Cleveland Clinic',DELETE,https://my.clevelandclinic.org/health/articles/9464-body-mass-index-bmi,,,secondary source (my.clevelandclinic.org)
/blog/bmi-formula/,brand mention \bMayo Clinic\b,DELETE,1 occurrence(s),,,brand scrubbed
/blog/bmi-formula/,brand mention \bCleveland Clinic\b,DELETE,1 occurrence(s),,,brand scrubbed
/blog/bmi-formula/,WHO outside definition/table,DELETE,https://www.who.int/news-room/fact-sheets/detail/obesity-and-overweight,,,WHO non-definition unlinked
/blog/bmi-formula/,WHO on category table,re-cited,https://www.who.int/news-room/fact-sheets/detail/obesity-and-overweight,https://www.cdc.gov/bmi/adult-calculator/bmi-categories.html,https://www.cdc.gov/bmi/adult-calculator/bmi-categories.html,R5: repointed to CDC
/blog/bmi-history/,anchor 'Harvard Health',DELETE,https://www.health.harvard.edu/blog/how-useful-is-the-body-mass-index-bmi-201603309339,,,secondary source (health.harvard.edu)
/blog/bmi-history/,anchor 'Harvard Health: How useful is BMI?',DELETE,https://www.health.harvard.edu/blog/how-useful-is-the-body-mass-index-bmi-201603309339,,,secondary source (health.harvard.edu)
/blog/bmi-history/,anchor 'Lambert Adolphe Jacques Quetelet',DELETE,https://en.wikipedia.org/wiki/Adolphe_Quetelet,,,secondary source (en.wikipedia.org)
/blog/bmi-history/,anchor 'Adolphe Quetelet',DELETE,https://en.wikipedia.org/wiki/Adolphe_Quetelet,,,secondary source (en.wikipedia.org)
/blog/bmi-history/,brand mention \bHarvard Health\b,DELETE,2 occurrence(s),,,brand scrubbed
/blog/bmi-history/,WHO outside definition/table,DELETE,https://www.who.int/news-room/fact-sheets/detail/obesity-and-overweight,,,WHO non-definition unlinked
/blog/bmi-history/,WHO outside definition/table,DELETE,https://www.who.int/news-room/fact-sheets/detail/obesity-and-overweight,,,WHO non-definition unlinked
/blog/bmi-chart-explained/,anchor 'Harvard Health',DELETE,https://www.health.harvard.edu/blog/how-useful-is-the-body-mass-index-bmi-201603309339,,,secondary source (health.harvard.edu)
/blog/bmi-chart-explained/,anchor 'Cleveland Clinic',DELETE,https://my.clevelandclinic.org/health/articles/9464-body-mass-index-bmi,,,secondary source (my.clevelandclinic.org)
/blog/bmi-chart-explained/,attribution lead-in,DELETE,"According to Harvard Health, ",,,attribution stripped
/blog/bmi-chart-explained/,brand mention \bMayo Clinic\b,DELETE,1 occurrence(s),,,brand scrubbed
/blog/bmi-chart-explained/,brand mention \bCleveland Clinic\b,DELETE,1 occurrence(s),,,brand scrubbed
/blog/bmi-chart-explained/,WHO on category table,re-cited,https://www.who.int/news-room/fact-sheets/detail/obesity-and-overweight,https://www.cdc.gov/bmi/adult-calculator/bmi-categories.html,https://www.cdc.gov/bmi/adult-calculator/bmi-categories.html,R5: repointed to CDC
/blog/bmi-and-health-risks/,WHO fact-sheet link,KEEP-R2,"The WHO obesity classification divides the obese range into three classes: Class I (BMI 30.0–34.9), Class II (BMI 35.0–39.9), and Class III (BMI ≥ 40.0). Health-risk associations with the conditions discussed on this page apply across all three classes and become more pronounced at higher classes. See our BMI Categories guide for the full 8-category classification. This site does not cover treatme","The WHO obesity classification divides the obese range into three classes: Class I (BMI 30.0–34.9), Class II (BMI 35.0–39.9), and Class III (BMI ≥ 40.0). Health-risk associations with the conditions discussed on this page apply across all three classes and become more pronounced at higher classes. See our BMI Categories guide for the full 8-category classification. This site does not cover treatme",https://www.who.int/news-room/fact-sheets/detail/obesity-and-overweight,WHO adult definition
/blog/underweight-bmi-risks/,WHO outside definition/table,DELETE,https://www.who.int/news-room/fact-sheets/detail/obesity-and-overweight,,,WHO non-definition unlinked
/blog/underweight-bmi-risks/,WHO outside definition/table,DELETE,https://www.who.int/news-room/fact-sheets/detail/obesity-and-overweight,,,WHO non-definition unlinked
/blog/bmi-limitations/,anchor 'Harvard Health',DELETE,https://www.health.harvard.edu/blog/how-useful-is-the-body-mass-index-bmi-201603309339,,,secondary source (health.harvard.edu)
/blog/bmi-limitations/,brand mention \bHarvard Health\b,DELETE,1 occurrence(s),,,brand scrubbed
/blog/bmi-limitations/,WHO outside definition/table,DELETE,https://www.who.int/news-room/fact-sheets/detail/obesity-and-overweight,,,WHO non-definition unlinked
/blog/bmi-limitations/,WHO outside definition/table,DELETE,https://www.who.int/news-room/fact-sheets/detail/obesity-and-overweight,,,WHO non-definition unlinked
/blog/bmi-and-metabolism/,anchor 'Harvard Health overview of why people become overweight',DELETE,https://www.health.harvard.edu/staying-healthy/why-people-become-overweight,,,secondary source (health.harvard.edu)
/blog/bmi-and-metabolism/,anchor 'Healthy Living',DELETE,https://www.heart.org/en/healthy-living/,,,secondary source (heart.org)
/blog/bmi-and-metabolism/,brand mention \bHarvard Health\b,DELETE,1 occurrence(s),,,brand scrubbed
/blog/bmi-and-metabolism/,brand mention \bAmerican Heart Association\b,DELETE,1 occurrence(s),,,brand scrubbed
/blog/bmi-and-metabolism/,brand mention \bAmerican Council on Exercise\b,DELETE,1 occurrence(s),,,brand scrubbed
/blog/bmi-for-athletes/,brand mention \bACSM\b,DELETE,1 occurrence(s),,,brand scrubbed
/blog/,brand mention \bMayo Clinic\b,DELETE,1 occurrence(s),,,brand scrubbed
/about/,anchor 'Harvard Health on BMI',DELETE,https://www.health.harvard.edu/blog/how-useful-is-the-body-mass-index-bmi-201603309339,,,secondary source (health.harvard.edu)
/about/,anchor 'Mayo Clinic obesity',DELETE,https://www.mayoclinic.org/diseases-conditions/obesity/symptoms-causes/syc-20375742,,,secondary source (mayoclinic.org)
/about/,anchor 'NHS BMI calculator',DELETE,https://www.nhs.uk/live-well/healthy-weight/bmi-calculator/,,,secondary source (nhs.uk)
/about/,brand mention \bHarvard Health\b,DELETE,2 occurrence(s),,,brand scrubbed
/about/,brand mention \bMayo Clinic\b,DELETE,2 occurrence(s),,,brand scrubbed
/about/,WHO outside definition/table,DELETE,https://www.who.int/news-room/fact-sheets/detail/obesity-and-overweight,,,WHO non-definition unlinked
/blog/,ledger block=p,n/a,From Quetelet's 1832 statistical study through Keys naming it BMI in 1972 to the WHO 1995 classification. A continuous-scale timeline makes the 140-year gap between derivation and clinical adoption visible.,,,text no longer present
/blog/,ledger block=p,DELETE,Why the healthy band widens after age 65. An envelope chart layers the WHO adult 18.5-24.9 range against the Winter 2014 older-adult 23-33 mortality plateau.,,,specific/health claim w/o source (hard fail on GENERAL)
/blog/,ledger block=p,DELETE,Tape-measure diagram of the correct measurement location and the 0.5 WHtR threshold that flags elevated central-adiposity risk.,,,specific/health claim w/o source (hard fail on GENERAL)
/blog/,ledger block=p,DELETE,Life-stage context including the ACOG pregnancy weight-gain ranges (28-40 / 25-35 / 15-25 / 11-20 lbs by pre-pregnancy BMI).,,,specific/health claim w/o source (hard fail on GENERAL)
/blog/,ledger block=p,DELETE,Male-specific interpretation with the NHLBI 40-inch (102 cm) waist-circumference elevated-risk threshold.,,,specific/health claim w/o source (hard fail on GENERAL)
/blog/,ledger block=p,DELETE,Where the WHO 18.5-24.9 comes from and how it shifts for older adults.,,,specific/health claim w/o source (hard fail on GENERAL)
/blog/,ledger block=p,DELETE,"CDC growth-chart percentiles for ages 2-19, with boys and girls median curves plotted.",,,specific/health claim w/o source (hard fail on GENERAL)
/blog/bmi-and-health-risks/,ledger block=li,n/a,J-curve relationship: both very low and very high BMI carry elevated all-cause mortality; the WHO healthy range (18.5-24.9) is the standard reference for lowest observed risk in most adult populations.,,,text no longer present
/blog/bmi-and-health-risks/,ledger block=li,n/a,Diabetes connection: type 2 diabetes is the single strongest BMI-linked chronic disease; risk rises steeply above the WHO normal range.,,,text no longer present
/blog/bmi-and-health-risks/,ledger block=li,n/a,Cancer link: excess body weight is associated with at least 13 cancer types identified by IARC.,,,text no longer present
/blog/bmi-and-health-risks/,ledger block=li,n/a,Reversible risk: 5-10% weight loss produces clinically meaningful improvements in most weight-related conditions.,,,text no longer present
/blog/bmi-and-health-risks/,ledger block=p,DELETE,"The relationship between BMI and mortality follows a distinctive J-shaped or U-shaped curve, meaning that health risks increase at both extremes of the BMI spectrum. The lowest mortality rates occur within the healthy BMI range of approximately 22-25.",,,specific/health claim w/o source (hard fail on GENERAL)
/blog/bmi-and-health-risks/,ledger block=figcaption,n/a,"Dot area encodes qualitative association strength as described in the prose sections below (WHO, Flegal 2013, NIDDK, NHLBI). No numeric relative-risk magnitude is claimed.",,,text no longer present
/blog/bmi-and-health-risks/,ledger block=p,DELETE,"This J-curve relationship has been confirmed across multiple large-scale studies involving millions of participants. Mortality risk begins to increase modestly when BMI exceeds 25 and rises more sharply above BMI 30. Equally important, being significantly underweight (BMI below 18.5) carries mortality risks comparable to Class II obesity.",,,specific/health claim w/o source (hard fail on GENERAL)
/blog/bmi-and-health-risks/,ledger block=p,DELETE,The relationship between BMI and type 2 diabetes is among the strongest in obesity-related health research. The great majority of adults living with type 2 diabetes are overweight or obese. Risk rises steeply across the overweight and obese ranges - type 2 diabetes is the single strongest BMI-linked chronic disease.,,,specific/health claim w/o source (hard fail on GENERAL)
/blog/bmi-and-health-risks/,ledger block=p,DELETE,The good news is that type 2 diabetes risk is highly modifiable through weight loss. The landmark Diabetes Prevention Program (DPP) trial demonstrated that losing 5-7% of body weight combined with moderate physical activity substantially reduced progression from prediabetes to type 2 diabetes in high-risk adults - the DPP is one of the strongest evidence bases in weight-related chronic-disease prevention.,,,specific/health claim w/o source (hard fail on GENERAL)
/blog/bmi-and-health-risks/,ledger block=p,DELETE,"The link between excess body weight and cancer is firmly established. And the International Agency for Research on Cancer (IARC), excess body fat is a recognised cause of at least 13 different types of cancer, and is one of the most important modifiable cancer-risk factors after smoking.",,,specific/health claim w/o source (hard fail on GENERAL)
/blog/bmi-and-health-risks/,ledger block=p,DELETE,"In severe obesity (BMI 40+), some individuals develop obesity hypoventilation syndrome (OHS), characterised by chronically elevated carbon dioxide levels. OHS is a serious condition - typically identified during hospital admission - that carries significant mortality risk if untreated.",,,specific/health claim w/o source (hard fail on GENERAL)
/blog/bmi-and-health-risks/,ledger block=p,DELETE,Osteoarthritis is the most common form of arthritis and one of the most prevalent obesity-related conditions. Every additional pound of body weight places approximately 4 pounds of extra pressure on the knees. This means a person who is 30 pounds overweight experiences an additional 120 pounds of force on their knee joints with each step.,,,specific/health claim w/o source (hard fail on GENERAL)
/blog/bmi-and-health-risks/,ledger block=p,DELETE,"Lower back pain is significantly more common in individuals with elevated BMI. Excess abdominal weight shifts the center of gravity forward, increasing strain on the lumbar spine. Studies show that obese individuals are 1.5-2 times more likely to experience chronic low back pain compared to those with normal BMI.",,,specific/health claim w/o source (hard fail on GENERAL)
/blog/bmi-and-health-risks/,ledger block=p,DELETE,The positive news is that early-stage NAFLD is largely reversible with weight loss. Losing ~7-10% of body weight is the target cited in most clinical guidelines to reduce liver fat and inflammation.,,,specific/health claim w/o source (hard fail on GENERAL)
/blog/bmi-and-health-risks/,ledger block=p,DELETE,"While much attention focuses on the risks of excess weight, being underweight (BMI below 18.5) carries its own significant health risks. The J-curve mortality relationship means that severely underweight individuals face mortality risks comparable to those with Class II obesity.",,,specific/health claim w/o source (hard fail on GENERAL)
/blog/bmi-and-health-risks/,ledger block=p,DELETE,"Because BMI cannot distinguish muscle mass from fat mass, muscular individuals often carry elevated BMI despite low body-fat percentage. A strength or power athlete with a BMI of 28 may be metabolically healthier than many normal-BMI individuals. See our BMI limitations and BMI for athletes guides.",,,specific/health claim w/o source (hard fail on GENERAL)
/blog/bmi-and-health-risks/,ledger block=h3,n/a,Benefits of 5-10% weight loss,,,text no longer present
/blog/bmi-and-health-risks/,ledger block=li,n/a,Type 2 diabetes: substantial reduction in progression from prediabetes to type 2 diabetes (the primary evidence base is the Diabetes Prevention Program trial).,,,text no longer present
/blog/bmi-and-health-risks/,ledger block=p,DELETE,"{ ""@context"": ""https://schema.org"", ""@type"": ""Article"", ""headline"": ""BMI and Health Risks: Complete Guide to Weight-Related Conditions"", ""description"": ""Comprehensive guide to BMI-related health risks including heart disease, diabetes, cancer, and more."", ""image"": ""https://calculatemybmi.net/assets/images/og/bmi-health-risks-matrix.png"", ""author"": {""@type"": ""Person"", ""@id"": ""https://calculatemybmi.net/about/#author-bio""}, ""publisher"": {""@type"": ""Organization"", ""@id"": ""https://calculatemybmi.net/#organization""}, ""datePublished"": ""2026-02-01"", ""dateModified"": ""2026-08-12"", ""mainEntityOfPage"": { ",,,specific/health claim w/o source (hard fail on GENERAL)
/blog/bmi-and-health-risks/,ledger block=p,n/a,"Modest weight loss (~5-10% of body weight, the target most clinical guidelines describe) is associated with measurable improvements in blood pressure, blood sugar, lipid profile, and joint symptoms. See our guide to lowering BMI for non-prescriptive lifestyle approaches. Anything beyond lifestyle change belongs with a qualified clinician.",,,text no longer present
/blog/bmi-and-health-risks/,ledger block=p,DELETE,"Yes, being significantly underweight carries mortality risks comparable to Class II obesity (BMI 35-40). The BMI-mortality relationship follows a J-shaped curve, with increased risk at both extremes. Underweight risks include weakened immunity (increased susceptibility to infections), osteoporosis and fractures, fertility problems, anemia, muscle wasting, poor wound healing, and cognitive decline. Severely underweight individuals (BMI below 16) face particularly high mortality risk. If you're underweight, it's important to work with healthcare providers to identify underlying causes and develo",,,specific/health claim w/o source (hard fail on GENERAL)
/blog/bmi-and-health-risks/,ledger block=p,DELETE,"{ ""@context"": ""https://schema.org"", ""@type"": ""Article"", ""headline"": ""BMI and Health Risks: Complete Guide to Weight-Related Conditions"", ""description"": ""Comprehensive guide to BMI-related health risks including heart disease, diabetes, cancer, and more."", ""image"": ""https://calculatemybmi.net/assets/images/og/bmi-health-risks-matrix.png"", ""author"": {""@type"": ""Person"", ""@id"": ""https://calculatemybmi.net/about/#author-bio""}, ""publisher"": {""@type"": ""Organization"", ""@id"": ""https://calculatemybmi.net/#organization""}, ""datePublished"": ""2026-02-01"", ""dateModified"": ""2026-08-12"", ""mainEntityOfPage"": { ",,,specific/health claim w/o source (hard fail on GENERAL)
/blog/bmi-and-health-risks/,ledger block=p,DELETE,"Type 2 diabetes has the strongest single association with elevated BMI - risk rises steeply across the overweight and obese ranges. Other conditions with strong BMI links include obstructive sleep apnea, non-alcoholic fatty liver disease (the most common chronic liver condition in developed countries), knee and hip osteoarthritis, hypertension, and several cancers listed above. Cardiovascular disease risk also rises steadily across the obese range. Understanding these connections is what makes weight-management interventions such a high-leverage health goal.",,,specific/health claim w/o source (hard fail on GENERAL)
/blog/bmi-and-health-risks/,ledger block=p,DELETE,"Many health markers begin improving within weeks of starting weight loss. Blood sugar levels can improve within days to weeks, even before significant weight is lost. Blood pressure typically begins decreasing within 2-4 weeks of caloric reduction and weight loss. Sleep apnea symptoms often improve within the first month of weight loss. Liver fat starts decreasing within weeks. Joint pain reduction may be noticed within 1-2 months. However, some benefits take longer to manifest - cardiovascular disease risk reduction, cancer risk reduction, and bone health improvements may take months to years",,,specific/health claim w/o source (hard fail on GENERAL)
/blog/bmi-and-metabolism/,ledger block=li,KEEP-R2,"Your metabolism plays a crucial role in weight management and overall health. Understanding how your metabolic rate interacts with BMI can help you make informed decisions about diet, exercise, and lifestyle. This comprehensive guide explores the science behind metabolism, its relationship to body weight, and what it means for your health. Table of Contents What Is Metabolism? Basal Metabolic Rate (BMR) Explained How BMI Relates to Metabolic Rate Metabolic Syndrome and BMI Metabolically Healthy Obesity Normal Weight Metabolically Unhealthy How Muscle Mass Affects Metabolism Age-Related Metabol","Your metabolism plays a crucial role in weight management and overall health. Understanding how your metabolic rate interacts with BMI can help you make informed decisions about diet, exercise, and lifestyle. This comprehensive guide explores the science behind metabolism, its relationship to body weight, and what it means for your health. Table of Contents What Is Metabolism? Basal Metabolic Rate (BMR) Explained How BMI Relates to Metabolic Rate Metabolic Syndrome and BMI Metabolically Healthy Obesity Normal Weight Metabolically Unhealthy How Muscle Mass Affects Metabolism Age-Related Metabol",https://www.niddk.nih.gov/health-information/weight-management,R2-unverified
/blog/bmi-and-metabolism/,ledger block=li,KEEP-R2,"Your metabolism plays a crucial role in weight management and overall health. Understanding how your metabolic rate interacts with BMI can help you make informed decisions about diet, exercise, and lifestyle. This comprehensive guide explores the science behind metabolism, its relationship to body weight, and what it means for your health. Table of Contents What Is Metabolism? Basal Metabolic Rate (BMR) Explained How BMI Relates to Metabolic Rate Metabolic Syndrome and BMI Metabolically Healthy Obesity Normal Weight Metabolically Unhealthy How Muscle Mass Affects Metabolism Age-Related Metabol","Your metabolism plays a crucial role in weight management and overall health. Understanding how your metabolic rate interacts with BMI can help you make informed decisions about diet, exercise, and lifestyle. This comprehensive guide explores the science behind metabolism, its relationship to body weight, and what it means for your health. Table of Contents What Is Metabolism? Basal Metabolic Rate (BMR) Explained How BMI Relates to Metabolic Rate Metabolic Syndrome and BMI Metabolically Healthy Obesity Normal Weight Metabolically Unhealthy How Muscle Mass Affects Metabolism Age-Related Metabol",https://www.niddk.nih.gov/health-information/weight-management,R2-unverified
/blog/bmi-and-metabolism/,ledger block=li,KEEP-R2,"Your metabolism plays a crucial role in weight management and overall health. Understanding how your metabolic rate interacts with BMI can help you make informed decisions about diet, exercise, and lifestyle. This comprehensive guide explores the science behind metabolism, its relationship to body weight, and what it means for your health. Table of Contents What Is Metabolism? Basal Metabolic Rate (BMR) Explained How BMI Relates to Metabolic Rate Metabolic Syndrome and BMI Metabolically Healthy Obesity Normal Weight Metabolically Unhealthy How Muscle Mass Affects Metabolism Age-Related Metabol","Your metabolism plays a crucial role in weight management and overall health. Understanding how your metabolic rate interacts with BMI can help you make informed decisions about diet, exercise, and lifestyle. This comprehensive guide explores the science behind metabolism, its relationship to body weight, and what it means for your health. Table of Contents What Is Metabolism? Basal Metabolic Rate (BMR) Explained How BMI Relates to Metabolic Rate Metabolic Syndrome and BMI Metabolically Healthy Obesity Normal Weight Metabolically Unhealthy How Muscle Mass Affects Metabolism Age-Related Metabol",https://www.niddk.nih.gov/health-information/weight-management,R2-unverified
/blog/bmi-and-metabolism/,ledger block=figcaption,DELETE,"Your total daily energy expenditure (TDEE) consists of three main components: Total daily energy expenditure components - BMR, physical activity, and TEF.tdee-lbl{font:600 12px system-ui;fill:#111} .tdee-sub{font:12px system-ui;fill:#4b5563}BMRBasal metabolic rate (largest share)Physical activityExercise + non-exercise activityTEFThermic effect of food (digesting and absorbing food)Where your daily calories goBar widths are illustrative - exact split varies by activity level. Arc sizes are illustrative. The BMR share range 60-75% is stated in the key-takeaways above; the exact split for activi",,,specific/health claim w/o source (hard fail on GENERAL)
/blog/bmi-and-metabolism/,ledger block=p,DELETE,"The following chart shows approximate BMR values for a 35-year-old at different BMI levels (assuming average height of 5'9"" for men and 5'4"" for women):",,,specific/health claim w/o source (hard fail on GENERAL)
/blog/bmi-and-metabolism/,ledger block=p,DELETE,"Metabolic syndrome is a cluster of conditions that occur together, dramatically increasing the risk of heart disease, stroke, and type 2 diabetes.",,,specific/health claim w/o source (hard fail on GENERAL)
/blog/bmi-and-metabolism/,ledger block=p,DELETE,"The concept of ""metabolically healthy obesity"" (MHO) has generated significant debate in medical research. MHO describes individuals who have obesity (BMI ≥ 30) but lack the metabolic abnormalities typically associated with excess weight - normal blood pressure, healthy lipid profiles, and good insulin sensitivity.",,,specific/health claim w/o source (hard fail on GENERAL)
/blog/bmi-and-metabolism/,ledger block=li,DELETE,"and other institutions has revealed important nuances: Evidence Supporting MHO Some individuals maintain healthy metabolic markers despite obesity Fitness level appears to modify obesity-related risks Fat distribution matters - subcutaneous vs. visceral Genetic factors influence metabolic response to excess weight Concerns About MHO MHO may be a transitional state, not permanent Long-term studies show increased disease risk over time Up to 50% transition to metabolically unhealthy within 10 years Still higher cardiovascular risk than metabolically healthy normal weight Large population studies",,,specific/health claim w/o source (hard fail on GENERAL)
/blog/bmi-and-metabolism/,ledger block=li,DELETE,"This phenomenon highlights a critical limitation of BMI as a health assessment tool. Our guide on body fat vs BMI explores this in detail. Characteristics of NWMU Individuals Normal BMI (18.5-24.9) but elevated body fat percentage Low muscle mass - often from sedentary lifestyle High visceral fat - fat around internal organs Metabolic abnormalities - insulin resistance, elevated triglycerides, inflammation Measurement Healthy Normal Weight NWMU (""Skinny Fat"") BMI 22 22 Body Fat % (Men) 15-18% 25-30% Body Fat % (Women) 22-25% 33-38% Muscle Mass Adequate Low Visceral Fat Low Elevated Metabolic M",,,prescriptive
/blog/bmi-and-metabolism/,ledger block=p,DELETE,"Despite identical weights and potentially similar BMIs, Person A has a metabolic advantage of approximately 300 calories per day - equivalent to a 30+ pound difference over a year if all else remains equal.",,,specific/health claim w/o source (hard fail on GENERAL)
/blog/bmi-and-metabolism/,ledger block=p,DELETE,Allow 48-72 hours between training the same muscle groups. Sleep 7-9 hours nightly for optimal recovery and hormone production.,,,specific/health claim w/o source (hard fail on GENERAL)
/blog/bmi-and-metabolism/,ledger block=li,n/a,Sarcopenia - Age-related muscle loss of 3-8% per decade after 30,,,text no longer present
/blog/bmi-and-metabolism/,ledger block=p,DELETE,"However, a groundbreaking 2021 study in Science challenged previous assumptions, finding that metabolism remains relatively stable from ages 20-60 when adjusted for body composition. The implication: much of the metabolic decline we attribute to aging is actually due to loss of muscle mass and reduced activity.",,,specific/health claim w/o source (hard fail on GENERAL)
/blog/bmi-and-metabolism/,ledger block=p,DELETE,A smaller body requires fewer calories to maintain. Losing 10% of body weight reduces BMR by approximately 10-15%.,,,specific/health claim w/o source (hard fail on GENERAL)
/blog/bmi-and-metabolism/,ledger block=p,DELETE,"This metabolic adaptation explains why weight loss often plateaus and why maintaining weight loss is challenging. Studies of contestants from weight loss shows found that their metabolisms remained suppressed years after weight loss, burning 500+ fewer calories per day than expected for their size.",,,specific/health claim w/o source (hard fail on GENERAL)
/blog/bmi-and-metabolism/,ledger block=li,n/a,Lose weight gradually - Aim for 0.5-1% of body weight per week to preserve muscle,,,text no longer present
/blog/bmi-and-metabolism/,ledger block=p,DELETE,Protein has the highest thermic effect (20-30% of calories consumed) and supports muscle maintenance.,,,specific/health claim w/o source (hard fail on GENERAL)
/blog/bmi-and-metabolism/,ledger block=p,DELETE,7-9 hours of quality sleep supports metabolic hormones and prevents compensatory overeating.,,,specific/health claim w/o source (hard fail on GENERAL)
/blog/bmi-and-metabolism/,ledger block=p,DELETE,Drinking water may temporarily boost metabolism by 10-30% for an hour after consumption.,,,specific/health claim w/o source (hard fail on GENERAL)
/blog/bmi-and-metabolism/,ledger block=p,DELETE,"{ ""@context"": ""https://schema.org"", ""@type"": ""Article"", ""headline"": ""BMI and Metabolism: The Complete Guide to Metabolic Health"", ""image"": ""https://calculatemybmi.net/assets/images/og/metabolism-tdee-donut.png"", ""description"": ""Comprehensive guide to understanding the relationship between BMI and metabolism, including metabolic rate, metabolic syndrome, and metabolically healthy obesity."", ""datePublished"": ""2026-02-01"", ""dateModified"": ""2026-08-12"", ""author"": {""@type"": ""Person"", ""@id"": ""https://calculatemybmi.net/about/#author-bio""}, ""publisher"": {""@type"": ""Organization"", ""@id"": ""https://calcu",,,specific/health claim w/o source (hard fail on GENERAL)
/blog/bmi-and-metabolism/,ledger block=p,DELETE,"{ ""@context"": ""https://schema.org"", ""@type"": ""Article"", ""headline"": ""BMI and Metabolism: The Complete Guide to Metabolic Health"", ""image"": ""https://calculatemybmi.net/assets/images/og/metabolism-tdee-donut.png"", ""description"": ""Comprehensive guide to understanding the relationship between BMI and metabolism, including metabolic rate, metabolic syndrome, and metabolically healthy obesity."", ""datePublished"": ""2026-02-01"", ""dateModified"": ""2026-08-12"", ""author"": {""@type"": ""Person"", ""@id"": ""https://calculatemybmi.net/about/#author-bio""}, ""publisher"": {""@type"": ""Organization"", ""@id"": ""https://calcu",,,specific/health claim w/o source (hard fail on GENERAL)
/blog/bmi-and-metabolism/,ledger block=p,DELETE,"{ ""@context"": ""https://schema.org"", ""@type"": ""Article"", ""headline"": ""BMI and Metabolism: The Complete Guide to Metabolic Health"", ""image"": ""https://calculatemybmi.net/assets/images/og/metabolism-tdee-donut.png"", ""description"": ""Comprehensive guide to understanding the relationship between BMI and metabolism, including metabolic rate, metabolic syndrome, and metabolically healthy obesity."", ""datePublished"": ""2026-02-01"", ""dateModified"": ""2026-08-12"", ""author"": {""@type"": ""Person"", ""@id"": ""https://calculatemybmi.net/about/#author-bio""}, ""publisher"": {""@type"": ""Organization"", ""@id"": ""https://calcu",,,specific/health claim w/o source (hard fail on GENERAL)
/blog/bmi-and-metabolism/,ledger block=p,DELETE,"{ ""@context"": ""https://schema.org"", ""@type"": ""Article"", ""headline"": ""BMI and Metabolism: The Complete Guide to Metabolic Health"", ""image"": ""https://calculatemybmi.net/assets/images/og/metabolism-tdee-donut.png"", ""description"": ""Comprehensive guide to understanding the relationship between BMI and metabolism, including metabolic rate, metabolic syndrome, and metabolically healthy obesity."", ""datePublished"": ""2026-02-01"", ""dateModified"": ""2026-08-12"", ""author"": {""@type"": ""Person"", ""@id"": ""https://calculatemybmi.net/about/#author-bio""}, ""publisher"": {""@type"": ""Organization"", ""@id"": ""https://calcu",,,specific/health claim w/o source (hard fail on GENERAL)
/blog/bmi-and-metabolism/,ledger block=p,DELETE,"{ ""@context"": ""https://schema.org"", ""@type"": ""Article"", ""headline"": ""BMI and Metabolism: The Complete Guide to Metabolic Health"", ""image"": ""https://calculatemybmi.net/assets/images/og/metabolism-tdee-donut.png"", ""description"": ""Comprehensive guide to understanding the relationship between BMI and metabolism, including metabolic rate, metabolic syndrome, and metabolically healthy obesity."", ""datePublished"": ""2026-02-01"", ""dateModified"": ""2026-08-12"", ""author"": {""@type"": ""Person"", ""@id"": ""https://calculatemybmi.net/about/#author-bio""}, ""publisher"": {""@type"": ""Organization"", ""@id"": ""https://calcu",,,specific/health claim w/o source (hard fail on GENERAL)
/blog/bmi-chart-explained/,ledger block=p,DELETE,"If you are 5 feet 6 inches (168 cm) tall and weigh 160 pounds (73 kg), find the row for 5'6"" and follow it across until you reach the 160 lb column. The intersection shows a BMI of approximately 25.8, which falls in the overweight category.",,,specific/health claim w/o source (hard fail on GENERAL)
/blog/bmi-chart-explained/,ledger block=p,DELETE,"Because women naturally carry more body fat than men at the same BMI, some researchers argue that women with BMIs in the upper ""normal"" range (24-25) may face similar metabolic risks to men with higher BMIs. Conversely, a man classified as ""overweight"" at BMI 26 may have a healthier body composition than the label suggests if he is muscular.",,,specific/health claim w/o source (hard fail on GENERAL)
/blog/bmi-chart-explained/,ledger block=p,DELETE,"The 65+ row is one observational meta-analysis, not a clinical target. See BMI Calculator by Age for full context and the BMI by Age calculator for personalised results.",,,specific/health claim w/o source (hard fail on GENERAL)
/blog/bmi-chart-explained/,ledger block=li,n/a,Optimal range: Many studies suggest BMI 22-23 is associated with the lowest mortality,,,text no longer present
/blog/bmi-chart-explained/,ledger block=li,n/a,"Health implications: Moderately elevated risk for type 2 diabetes, heart disease, high blood pressure",,,text no longer present
/blog/bmi-chart-explained/,ledger block=li,n/a,"Health implications: Significantly elevated risk for type 2 diabetes, cardiovascular disease, certain cancers, sleep apnea, joint problems",,,text no longer present
/blog/bmi-chart-explained/,ledger block=li,n/a,"Subclasses: Class I (30-34.9), Class II (35-39.9), Class III (40+) with progressively higher risk",,,text no longer present
/blog/bmi-chart-explained/,ledger block=li,n/a,Action: Consult healthcare provider; even modest weight loss (5-10%) provides significant health benefits,,,text no longer present
/blog/bmi-chart-explained/,ledger block=li,DELETE,"Both BMI charts and BMI calculators produce the same result using the same formula. The choice between them depends on your needs: Feature BMI Chart BMI Calculator Precision Rounded to whole numbers Exact decimal values Speed Instant visual lookup Requires input entry Context See surrounding values, categories Shows only your result Any Measurement Limited to listed values Works for any input Offline Use Works without internet Usually needs device/internet Additional Metrics BMI only Often includes category, ideal weight, etc. Use a BMI Chart When: You want to quickly see your category without",,,specific/health claim w/o source (hard fail on GENERAL)
/blog/bmi-chart-explained/,ledger block=p,DELETE,"{ ""@context"": ""https://schema.org"", ""@type"": ""Article"", ""headline"": ""BMI Chart Explained: How to Read and Interpret BMI Charts"", ""image"": ""https://calculatemybmi.net/assets/images/og/bmi-chart-nomogram.png"", ""description"": ""Complete guide to reading BMI charts. Learn how to find your BMI using height-weight tables, understand color-coded zones, interpret categories, and know when charts vs calculators work best."", ""author"": {""@type"": ""Person"", ""@id"": ""https://calculatemybmi.net/about/#author-bio""}, ""publisher"": {""@type"": ""Organization"", ""@id"": ""https://calculatemybmi.net/#organization""}, ""date",,,prescriptive
/blog/bmi-chart-explained/,ledger block=p,DELETE,"No, standard BMI charts are only for adults aged 20 and older. Children and adolescents (ages 2-19) use different charts based on age- and sex-specific percentiles because healthy BMI varies significantly during growth and development. A BMI of 17 might be normal for a 10-year-old but underweight for an adult. Use our Pediatric BMI Calculator for children.",,,specific/health claim w/o source (hard fail on GENERAL)
/blog/bmi-for-athletes/,ledger block=li,KEEP-DERIVED,"Body Mass Index (BMI) has been the go-to metric for assessing weight status for over 150 years. But for athletes and muscular individuals, BMI often tells a misleading story. This comprehensive guide explains why BMI fails athletes, what metrics work better, and how to accurately assess your body composition. Key Takeaways for Athletes BMI cannot distinguish muscle from fat - A muscular 200 lb athlete and a sedentary 200 lb person at the same height have identical BMI Elite athletes are often ""obese"" by BMI - Many NFL players, bodybuilders, and strength athletes have BMI 30+ with body fat unde","Body Mass Index (BMI) has been the go-to metric for assessing weight status for over 150 years. But for athletes and muscular individuals, BMI often tells a misleading story. This comprehensive guide explains why BMI fails athletes, what metrics work better, and how to accurately assess your body composition. Key Takeaways for Athletes BMI cannot distinguish muscle from fat - A muscular 200 lb athlete and a sedentary 200 lb person at the same height have identical BMI Elite athletes are often ""obese"" by BMI - Many NFL players, bodybuilders, and strength athletes have BMI 30+ with body fat unde",,formula/definition
/blog/bmi-for-athletes/,ledger block=li,KEEP-DERIVED,"Body Mass Index (BMI) has been the go-to metric for assessing weight status for over 150 years. But for athletes and muscular individuals, BMI often tells a misleading story. This comprehensive guide explains why BMI fails athletes, what metrics work better, and how to accurately assess your body composition. Key Takeaways for Athletes BMI cannot distinguish muscle from fat - A muscular 200 lb athlete and a sedentary 200 lb person at the same height have identical BMI Elite athletes are often ""obese"" by BMI - Many NFL players, bodybuilders, and strength athletes have BMI 30+ with body fat unde","Body Mass Index (BMI) has been the go-to metric for assessing weight status for over 150 years. But for athletes and muscular individuals, BMI often tells a misleading story. This comprehensive guide explains why BMI fails athletes, what metrics work better, and how to accurately assess your body composition. Key Takeaways for Athletes BMI cannot distinguish muscle from fat - A muscular 200 lb athlete and a sedentary 200 lb person at the same height have identical BMI Elite athletes are often ""obese"" by BMI - Many NFL players, bodybuilders, and strength athletes have BMI 30+ with body fat unde",,formula/definition
/blog/bmi-for-athletes/,ledger block=li,n/a,"Person A: Competitive bodybuilder with 8% body fat, 200+ lbs of lean mass",,,text no longer present
/blog/bmi-for-athletes/,ledger block=li,n/a,Person B: Sedentary office worker with 35% body fat,,,text no longer present
/blog/bmi-for-athletes/,ledger block=p,DELETE,"This means that one liter of muscle weighs approximately 1,060 grams, while one liter of fat weighs only 900 grams. Put simply, muscle takes up about 18% less space than the same weight of fat.",,,specific/health claim w/o source (hard fail on GENERAL)
/blog/bmi-for-athletes/,ledger block=p,DELETE,"NBA star LeBron James, widely considered one of the greatest athletes of all time, has a BMI of approximately 27.5 at 6'9"" and 250 pounds - technically ""overweight."" Yet his body fat percentage hovers around 6-7%, and his cardiovascular fitness, strength, and overall health markers are exceptional.",,,specific/health claim w/o source (hard fail on GENERAL)
/blog/bmi-for-athletes/,ledger block=li,n/a,Essential fat (men): 2-5% - Required for basic physiological function,,,text no longer present
/blog/bmi-for-athletes/,ledger block=li,n/a,Essential fat (women): 10-13% - Higher due to reproductive function,,,text no longer present
/blog/bmi-for-athletes/,ledger block=p,n/a,"FFMI is essentially BMI for lean mass only. It helps assess how much muscle mass someone carries relative to their height. Natural athletes typically have FFMI between 18-25, while values above 25 suggest exceptional muscle development (or pharmaceutical assistance).",,,text no longer present
/blog/bmi-for-athletes/,ledger block=li,n/a,Highest accuracy (within 1-2% of true body fat),,,text no longer present
/blog/bmi-for-athletes/,ledger block=p,n/a,"While individual readings may be off by 3-5%, BIA excels at tracking trends over time if you measure consistently (same time of day, hydration status).",,,text no longer present
/blog/bmi-for-athletes/,ledger block=p,n/a,"If your BMI is above 25 but you train regularly and appear lean, get a body fat measurement. If body fat is in the healthy athletic range (see tables above), your elevated BMI reflects muscle mass, not health risk.",,,text no longer present
/blog/bmi-for-athletes/,ledger block=h3,n/a,Recreational Athletes (3-7 hours training/week),,,text no longer present
/blog/bmi-for-athletes/,ledger block=li,n/a,"Body fat (if tracked): Men 14-24%, women 21-31%",,,text no longer present
/blog/bmi-for-athletes/,ledger block=li,n/a,Body fat percentage: Primary metric; test every 4-8 weeks,,,text no longer present
/blog/bmi-for-athletes/,ledger block=p,n/a,"Body fat percentage is generally the most useful single metric for athletes. It directly measures fat tissue as a proportion of total body weight, rewarding muscle development rather than penalizing it. DEXA scans provide the most accurate body fat measurement (1-2% error margin), while bioelectrical impedance (BIA) scales and skinfold calipers offer more accessible options for regular tracking. O",,,text no longer present
/blog/bmi-for-athletes/,ledger block=p,n/a,"Yes, many muscular individuals with BMI readings in the ""obese"" range (30+) have excellent health markers including healthy blood pressure, favorable cholesterol levels, normal blood sugar, and superior cardiovascular fitness. Research on NFL players, for example, shows that despite average BMI above 30, most have body fat under 15% and metabolic profiles better than the general population. Howeve",,,text no longer present
/blog/bmi-for-athletes/,ledger block=p,n/a,"Healthy body fat ranges for athletes vary by sport, gender, and competitive level. Male athletes typically range from 6-20% body fat, while female athletes range from 14-28%. Competition bodybuilders may briefly reach 3-6% (men) or 10-14% (women), but these extreme levels aren't sustainable or healthy long-term. For general athletic fitness, sustainable ranges are 10-17% for men and 18-25% for wom",,,text no longer present
/blog/bmi-formula/,ledger block=p,DELETE,"There are two versions of the formula depending on which measurement system you use. Both produce the same result - BMI is a dimensionless number (it has no units) that typically falls between 15 and 40 for most adults. To understand more about how BMI is used to assess weight status, see our comprehensive BMI calculator guide.",,,specific/health claim w/o source (hard fail on GENERAL)
/blog/bmi-formula/,ledger block=p,DELETE,"If you accidentally use centimeters without converting, your result will be absurdly small (about 0.0024 instead of 23.7), which is a clear sign of an error.",,,specific/health claim w/o source (hard fail on GENERAL)
/blog/bmi-formula/,ledger block=p,DELETE,"Belgian mathematician and astronomer Adolphe Quetelet developed the formula in the early 1830s as part of his pioneering work in social statistics. Quetelet was interested in defining the characteristics of the ""average man"" (l'homme moyen) and observed that body weight in adult populations tends to scale with the square of height rather than the cube. He called this relationship the Quetelet Index.",,,specific/health claim w/o source (hard fail on GENERAL)
/blog/bmi-formula/,ledger block=p,n/a,"The term ""Body Mass Index"" was coined by American physiologist Ancel Keys in a 1972 paper published in the Journal of Chronic Diseases. Keys compared several body weight indices (including weight/height, weight/height², weight/height³, and others) across populations in the United States, Finland, Italy, South Africa, and Japan. He concluded that weight/height² had the best correlation with body fa",,,text no longer present
/blog/bmi-formula/,ledger block=p,DELETE,"In physics, if you scale up a three-dimensional object proportionally, its volume (and therefore its mass) increases with the cube of the linear dimension. A person twice as tall, if perfectly proportional, would weigh eight times as much (2³ = 8). Using this logic, weight/height³ would seem more appropriate.",,,specific/health claim w/o source (hard fail on GENERAL)
/blog/bmi-formula/,ledger block=p,DELETE,"This finding has been validated across many populations worldwide. The exponent that best eliminates the correlation between BMI and height is approximately 2.0 (actually closer to 2.0-2.5 depending on the population), making the square the best simple integer to use in the formula.",,,specific/health claim w/o source (hard fail on GENERAL)
/blog/bmi-formula/,ledger block=p,DELETE,"Some researchers have proposed alternative indices that use different exponents. The Ponderal Index uses height³, and the ""New BMI"" proposed by mathematician Nick Trefethen in 2013 uses height2.5. However, none of these alternatives have gained widespread adoption because the practical differences are small and the established BMI cutoffs (18.5, 25, 30) would need to be recalibrated.",,,specific/health claim w/o source (hard fail on GENERAL)
/blog/bmi-formula/,ledger block=p,KEEP-DERIVED,"The Ponderal Index uses height cubed instead of height squared. It is sometimes preferred for very tall and very short individuals because it better accounts for the non-linear relationship between height and weight at extreme heights. A healthy PI is approximately 11-15 kg/m³. However, it has not been widely adopted in clinical practice.","The Ponderal Index uses height cubed instead of height squared. It is sometimes preferred for very tall and very short individuals because it better accounts for the non-linear relationship between height and weight at extreme heights. A healthy PI is approximately 11-15 kg/m³. However, it has not been widely adopted in clinical practice.",,formula/definition
/blog/bmi-formula/,ledger block=p,DELETE,"The metric formula requires meters. Using 178 instead of 1.78 produces a result of about 0.002, which is clearly wrong.",,,specific/health claim w/o source (hard fail on GENERAL)
/blog/bmi-formula/,ledger block=p,KEEP-DERIVED,"The imperial formula requires multiplying by 703. Without it, the result will be about 0.034 instead of 23.7.","The imperial formula requires multiplying by 703. Without it, the result will be about 0.034 instead of 23.7.",,formula/definition
/blog/bmi-formula/,ledger block=p,DELETE,"{ ""@context"": ""https://schema.org"", ""@type"": ""Article"", ""headline"": ""BMI Formula: How to Calculate Body Mass Index Step by Step"", ""description"": ""Complete explanation of the BMI formula in metric and imperial units, with step-by-step calculation examples and mathematical derivation."", ""author"": {""@type"": ""Person"", ""@id"": ""https://calculatemybmi.net/about/#author-bio""}, ""publisher"": {""@type"": ""Organization"", ""@id"": ""https://calculatemybmi.net/#organization""}, ""datePublished"": ""2026-01-15"", ""dateModified"": ""2026-08-12"", ""mainEntityOfPage"": {""@type"": ""WebPage"", ""@id"": ""https://calculatemybmi.net/",,,prescriptive
/blog/bmi-history/,ledger block=li,n/a,"1972: American physiologist Ancel Keys coined the term ""Body Mass Index"" in a landmark study",,,text no longer present
/blog/bmi-history/,ledger block=li,n/a,"1998: NIH lowered the overweight cutoff from 27 to 25, reclassifying 29 million Americans overnight",,,text no longer present
/blog/bmi-history/,ledger block=p,DELETE,"Modern research has validated this observation. Studies show that the exponent that best eliminates the correlation between BMI and height falls between 2.0 and 2.5, depending on the population studied. The square provides a simple, practical approximation that works well across most adult populations. Learn more about the mathematics in our BMI formula guide.",,,specific/health claim w/o source (hard fail on GENERAL)
/blog/bmi-history/,ledger block=p,DELETE,"The path from academic statistical tool to widespread health metric passed through an unlikely intermediary: the life insurance industry. In the early 20th century, insurance companies became intensely interested in predicting mortality risk, and body weight emerged as a significant factor.",,,specific/health claim w/o source (hard fail on GENERAL)
/blog/bmi-history/,ledger block=p,DELETE,"Starting in 1897, the Association of Life Insurance Medical Directors began collecting data on policyholders' height, weight, and mortality. This culminated in the famous Metropolitan Life Insurance Company ""Ideal Weight"" Tables, first published in 1943 and updated in 1959 and 1983.",,,specific/health claim w/o source (hard fail on GENERAL)
/blog/bmi-history/,ledger block=p,DELETE,"The insurance tables remained the clinical standard until the 1980s, but researchers were already looking for better alternatives. Enter Ancel Keys.",,,specific/health claim w/o source (hard fail on GENERAL)
/blog/bmi-history/,ledger block=p,KEEP-R2,"The transformation of the Quetelet Index into the Body Mass Index occurred thanks to Ancel Keys (1904-2004), a pioneering American physiologist best known for the Seven Countries Study that established the link between diet and cardiovascular disease.","The transformation of the Quetelet Index into the Body Mass Index occurred thanks to Ancel Keys (1904-2004), a pioneering American physiologist best known for the Seven Countries Study that established the link between diet and cardiovascular disease.",https://doi.org/10.1016/0021-9681(72)90027-6,Verified: Quetelet 1832 + Keys 1972 refs
/blog/bmi-history/,ledger block=p,KEEP-R2,"In 1972, Keys and his colleagues published a landmark paper in the Journal of Chronic Diseases titled ""Indices of relative weight and obesity."" This study would fundamentally change how the medical community measured body weight.","In 1972, Keys and his colleagues published a landmark paper in the Journal of Chronic Diseases titled ""Indices of relative weight and obesity."" This study would fundamentally change how the medical community measured body weight.",https://pubmed.ncbi.nlm.nih.gov/24691951/,Verified: Keys 1972 (Chron Dis / IJE 2014)
/blog/bmi-history/,ledger block=p,KEEP-R2,"Importantly, Keys himself acknowledged significant limitations. He noted that BMI was only ""somewhat better than other indices"" and explicitly stated that it was not a perfect measure of body fat. He recommended BMI for population studies, not individual clinical diagnosis - echoing Quetelet's original intent from 140 years earlier.","Importantly, Keys himself acknowledged significant limitations. He noted that BMI was only ""somewhat better than other indices"" and explicitly stated that it was not a perfect measure of body fat. He recommended BMI for population studies, not individual clinical diagnosis - echoing Quetelet's original intent from 140 years earlier.",https://doi.org/10.1016/0021-9681(72)90027-6,Verified: Quetelet 1832 + Keys 1972 refs
/blog/bmi-history/,ledger block=h3,DELETE,"In 1985, the NIH formally adopted BMI as the standard measure for defining obesity in the United States. This was a watershed moment - the transition from the subjective, table-based approach of Metropolitan Life to a single, universal formula. The initial NIH cutoffs were: BMI RangeCategory (1985) Below 20Underweight 20-24.9Normal weight 25-26.9Marginally overweight 27-29.9Overweight 30+Obese 1998: The Change That Made Millions ""Overweight"" Overnight Perhaps no event in BMI history is more controversial than the NIH's 1998 decision to lower the overweight threshold from 27 to 25. This change,",,,specific/health claim w/o source (hard fail on GENERAL)
/blog/bmi-history/,ledger block=p,DELETE,"On June 17, 1998, approximately 29 million Americans who had gone to bed at a ""healthy weight"" woke up classified as ""overweight"" - without gaining a single pound. The change increased the percentage of American adults classified as overweight from about 40% to 55%.",,,specific/health claim w/o source (hard fail on GENERAL)
/blog/bmi-history/,ledger block=p,DELETE,"The rationale for this change was epidemiological: studies showed that health risks begin to increase at BMI 25, not 27. However, critics argued that the change medicalized millions of healthy people and contributed to weight stigma. The debate continues to this day.",,,specific/health claim w/o source (hard fail on GENERAL)
/blog/bmi-history/,ledger block=p,DELETE,"Percentage of US adults classified as ""healthy weight"" before and after the 1998 NIH cutoff change",,,specific/health claim w/o source (hard fail on GENERAL)
/blog/bmi-history/,ledger block=p,DELETE,"Recognizing that the standard WHO cutoffs might not apply equally to all populations, the WHO convened an expert consultation in 2002-2004 specifically for Asian populations. Research had shown that Asians tend to have higher body fat percentages at lower BMI values and face increased health risks at lower thresholds.",,,specific/health claim w/o source (hard fail on GENERAL)
/blog/bmi-history/,ledger block=p,DELETE,"The highlighted 1998 row represents the major shift that aligned NIH standards with WHO recommendations, causing the overnight reclassification of millions of Americans.",,,specific/health claim w/o source (hard fail on GENERAL)
/blog/bmi-history/,ledger block=p,DELETE,Visceral fat (around organs) is far more dangerous than subcutaneous fat. BMI cannot tell where fat is stored. Two people with BMI 28 may have very different health risks.,,,specific/health claim w/o source (hard fail on GENERAL)
/blog/bmi-history/,ledger block=p,KEEP-R2,"{ ""@context"": ""https://schema.org"", ""@type"": ""Article"", ""headline"": ""The Complete History of BMI: From Quetelet to Modern Medicine (1832-2026)"", ""image"": ""https://calculatemybmi.net/assets/images/og/bmi-history-timeline.png"", ""description"": ""A comprehensive exploration of the 200-year history of the Body Mass Index, from its creation by Adolphe Quetelet in 1832 to its modern applications and critiques."", ""author"": {""@type"": ""Person"", ""@id"": ""https://calculatemybmi.net/about/#author-bio""}, ""publisher"": {""@type"": ""Organization"", ""@id"": ""https://calculatemybmi.net/#organization""}, ""datePublished""","{ ""@context"": ""https://schema.org"", ""@type"": ""Article"", ""headline"": ""The Complete History of BMI: From Quetelet to Modern Medicine (1832-2026)"", ""image"": ""https://calculatemybmi.net/assets/images/og/bmi-history-timeline.png"", ""description"": ""A comprehensive exploration of the 200-year history of the Body Mass Index, from its creation by Adolphe Quetelet in 1832 to its modern applications and critiques."", ""author"": {""@type"": ""Person"", ""@id"": ""https://calculatemybmi.net/about/#author-bio""}, ""publisher"": {""@type"": ""Organization"", ""@id"": ""https://calculatemybmi.net/#organization""}, ""datePublished""",https://doi.org/10.1016/0021-9681(72)90027-6,Verified: Quetelet 1832 + Keys 1972 refs
/blog/bmi-history/,ledger block=p,DELETE,"The most significant change occurred on June 17, 1998, when the NIH lowered the overweight threshold from BMI 27 to BMI 25. This aligned US standards with WHO guidelines and was based on evidence that health risks increase at BMI 25. However, the change was controversial because it overnight reclassified approximately 29 million Americans as ""overweight"" without any change in their actual weight. Critics argued it unnecessarily medicalized healthy people.",,,specific/health claim w/o source (hard fail on GENERAL)
/blog/bmi-history/,ledger block=p,DELETE,"Yes, research has shown that standard BMI cutoffs may not apply equally across all ethnicities. In 2004, the WHO acknowledged that Asian populations may face increased health risks at lower BMI values. Several Asian countries have adopted modified cutoffs - for example, overweight starting at BMI 23 rather than 25. However, the standard WHO cutoffs (18.5, 25, 30) remain the default global standard, with ethnic-specific adjustments applied in some clinical contexts.",,,specific/health claim w/o source (hard fail on GENERAL)
/blog/bmi-history/,ledger block=p,KEEP-DERIVED,"In 2013, Oxford mathematician Nick Trefethen proposed a modified formula: New BMI = 1.3 × weight (kg) / height (m)^2.5. This formula addresses the height bias in standard BMI, which tends to underestimate fatness in short people and overestimate it in tall people. While mathematically more accurate, the New BMI has not been widely adopted because the practical differences are small for most people, and it would require recalibrating all existing research and clinical guidelines. Try our New BMI calculator to see how your results compare.","In 2013, Oxford mathematician Nick Trefethen proposed a modified formula: New BMI = 1.3 × weight (kg) / height (m)^2.5. This formula addresses the height bias in standard BMI, which tends to underestimate fatness in short people and overestimate it in tall people. While mathematically more accurate, the New BMI has not been widely adopted because the practical differences are small for most people, and it would require recalibrating all existing research and clinical guidelines. Try our New BMI calculator to see how your results compare.",,formula/definition
/blog/bmi-history/,ledger block=p,KEEP-R2,"No, Quetelet almost certainly did not anticipate medical applications. He was a mathematician and astronomer interested in social statistics, not medicine. He explicitly designed his index for studying population characteristics, not individual health. His focus was on defining the ""average man"" and understanding how human measurements varied across populations. The repurposing of his formula for individual health assessment came 140+ years later, driven by needs that Quetelet never envisioned.","No, Quetelet almost certainly did not anticipate medical applications. He was a mathematician and astronomer interested in social statistics, not medicine. He explicitly designed his index for studying population characteristics, not individual health. His focus was on defining the ""average man"" and understanding how human measurements varied across populations. The repurposing of his formula for individual health assessment came 140+ years later, driven by needs that Quetelet never envisioned.",https://doi.org/10.1016/0021-9681(72)90027-6,Verified: Quetelet 1832 + Keys 1972 refs
/blog/bmi-limitations/,ledger block=p,KEEP-DERIVED,"Body Mass Index was invented in the 1830s by Belgian mathematician Adolphe Quetelet - notably, not a physician. Quetelet created the formula (weight in kg divided by height in meters squared) to study population-level statistics, not individual health. The formula was never intended to diagnose obesity or predict health outcomes for individuals.","Body Mass Index was invented in the 1830s by Belgian mathematician Adolphe Quetelet - notably, not a physician. Quetelet created the formula (weight in kg divided by height in meters squared) to study population-level statistics, not individual health. The formula was never intended to diagnose obesity or predict health outcomes for individuals.",,formula/definition
/blog/bmi-limitations/,ledger block=p,DELETE,"This is perhaps the most fundamental flaw of BMI. The formula treats all weight equally, whether it comes from muscle, fat, bone, or water. Since muscle tissue is significantly denser than fat (muscle weighs about 18% more than the same volume of fat), people with above-average muscle mass often receive misleadingly high BMI readings.",,,specific/health claim w/o source (hard fail on GENERAL)
/blog/bmi-limitations/,ledger block=p,n/a,"Visceral fat (fat stored deep in the abdomen around organs) is strongly linked to type 2 diabetes, heart disease, and metabolic syndrome. Subcutaneous fat (fat stored just under the skin) poses significantly less health risk.",,,text no longer present
/blog/bmi-limitations/,ledger block=p,DELETE,"Research shows that Asian populations often develop obesity-related health problems like type 2 diabetes at BMI levels considered ""normal"" for Western populations. Conversely, some populations with naturally larger frames or higher bone density may be healthier at higher BMI values.",,,specific/health claim w/o source (hard fail on GENERAL)
/blog/bmi-limitations/,ledger block=p,DELETE,"A woman and man with the same BMI of 24 will have very different body compositions. The woman might have 28% body fat (healthy for women), while the man might have 18% body fat (healthy for men). Yet BMI treats them identically.",,,specific/health claim w/o source (hard fail on GENERAL)
/blog/bmi-limitations/,ledger block=p,DELETE,Simply divide your waist circumference by your height (both in the same units). A ratio under 0.5 indicates low risk for both men and women. This metric captures abdominal fat distribution that BMI misses entirely.,,,specific/health claim w/o source (hard fail on GENERAL)
/blog/bmi-limitations/,ledger block=p,DELETE,"{ ""@context"": ""https://schema.org"", ""@type"": ""Article"", ""headline"": ""BMI Limitations: 10 Reasons BMI May Be Misleading"", ""image"": ""https://calculatemybmi.net/assets/images/og/bmi-limitations-archetypes.png"", ""description"": ""A comprehensive guide to understanding the limitations of BMI as a health metric, including why it fails for certain populations and what alternatives exist."", ""author"": {""@type"": ""Person"", ""@id"": ""https://calculatemybmi.net/about/#author-bio""}, ""publisher"": {""@type"": ""Organization"", ""@id"": ""https://calculatemybmi.net/#organization""}, ""datePublished"": ""2026-02-06"", ""dateMod",,,specific/health claim w/o source (hard fail on GENERAL)
/blog/bmi-limitations/,ledger block=p,DELETE,"""Skinny fat"" (normal weight obesity) refers to people with normal BMI but high body fat percentage and low muscle mass. BMI cannot detect this condition because it doesn't measure body composition - only total weight relative to height. Up to 30% of people with ""normal"" BMI may actually have unhealthy body fat levels.",,,specific/health claim w/o source (hard fail on GENERAL)
/blog/bmi-limitations/,ledger block=p,DELETE,"Research shows that health risks occur at different BMI levels for different ethnic groups. For example, Asian populations often experience obesity-related health risks at lower BMI values (23+) than Caucasian populations (25+). The WHO recommends lower BMI cutoffs for South Asian and East Asian populations.",,,prescriptive
/blog/bmi-tracking-guide/,ledger block=li,n/a,"Normal fluctuation: Daily weight can vary 2-6 lbs (1-3 kg) due to water, food, and other factors",,,text no longer present
/blog/bmi-tracking-guide/,ledger block=li,n/a,Track trends: Focus on 4-week moving averages rather than individual measurements,,,text no longer present
/blog/bmi-tracking-guide/,ledger block=figcaption,DELETE,"Timing significantly affects your scale reading. For consistent, comparable measurements, follow these guidelines: Illustrative eight-week body-weight trend: noisy daily readings vs stable weekly rolling average A time-series chart across eight weeks (56 days). Faint scattered dots represent daily weigh-ins showing normal 1-2 kg short-term noise from water, food, and other factors. A bold polyline overlays the weekly rolling mean, showing a gentle downward trend that the daily noise obscures. 80 78 76 kg wk 1wk 3wk 5wk 7wk 8 Weight daily weigh-in (noisy) weekly rolling mean Illustrative. Indiv",,,specific/health claim w/o source (hard fail on GENERAL)
/blog/bmi-tracking-guide/,ledger block=p,DELETE,Weigh yourself in the same clothing (or no clothing) each time. Clothes can add 1-3 lbs depending on what you are wearing. Underwear only or naked provides the most accurate comparison.,,,specific/health claim w/o source (hard fail on GENERAL)
/blog/bmi-tracking-guide/,ledger block=p,DELETE,This means a 170-pound person could weigh anywhere from 165 to 176 lbs within the same week without any actual change in body fat. This is why trend-based tracking is essential.,,,specific/health claim w/o source (hard fail on GENERAL)
/blog/bmi-tracking-guide/,ledger block=p,DELETE,Weekly averages show consistent progress despite daily variations of 2-4 lbs,,,specific/health claim w/o source (hard fail on GENERAL)
/blog/bmi-tracking-guide/,ledger block=p,DELETE,"Many people overestimate their height, which underestimates BMI. For adults, height should be remeasured annually, as height loss occurs naturally with aging (about 0.4 inches per decade after age 40).",,,prescriptive
/blog/bmi-tracking-guide/,ledger block=li,n/a,"Risk thresholds: Men > 40 inches (102 cm), Women > 35 inches (88 cm) indicate elevated health risk",,,text no longer present
/blog/bmi-tracking-guide/,ledger block=li,n/a,Men: > 0.90 indicates elevated health risk,,,text no longer present
/blog/bmi-tracking-guide/,ledger block=li,n/a,Women: > 0.85 indicates elevated health risk,,,text no longer present
/blog/bmi-tracking-guide/,ledger block=li,n/a,Steady upward trend: Consistent gain of 1-2 lbs per month over several months,,,text no longer present
/blog/bmi-tracking-guide/,ledger block=li,n/a,"Unintentional loss: Losing weight without trying, especially more than 5% of body weight in 6-12 months",,,text no longer present
/blog/bmi-tracking-guide/,ledger block=li,n/a,Rapid loss: More than 2 lbs per week consistently (unless under medical supervision),,,text no longer present
/blog/bmi-tracking-guide/,ledger block=li,n/a,Continue weekly weigh-ins: Catching small regains early (3-5 lbs) allows quick correction,,,text no longer present
/blog/bmi-tracking-guide/,ledger block=p,DELETE,"{ ""@context"": ""https://schema.org"", ""@type"": ""Article"", ""headline"": ""BMI Tracking Guide: How to Monitor Your Progress Effectively"", ""image"": ""https://calculatemybmi.net/assets/images/og/bmi-tracking-timeseries.png"", ""description"": ""Complete guide to tracking your BMI over time. Learn optimal weighing frequency, measurement techniques, progress indicators, and when BMI changes warrant medical attention."", ""author"": {""@type"": ""Person"", ""@id"": ""https://calculatemybmi.net/about/#author-bio""}, ""publisher"": {""@type"": ""Organization"", ""@id"": ""https://calculatemybmi.net/#organization""}, ""datePublished""",,,prescriptive
/blog/bmi-tracking-guide/,ledger block=p,DELETE,"{ ""@context"": ""https://schema.org"", ""@type"": ""Article"", ""headline"": ""BMI Tracking Guide: How to Monitor Your Progress Effectively"", ""image"": ""https://calculatemybmi.net/assets/images/og/bmi-tracking-timeseries.png"", ""description"": ""Complete guide to tracking your BMI over time. Learn optimal weighing frequency, measurement techniques, progress indicators, and when BMI changes warrant medical attention."", ""author"": {""@type"": ""Person"", ""@id"": ""https://calculatemybmi.net/about/#author-bio""}, ""publisher"": {""@type"": ""Organization"", ""@id"": ""https://calculatemybmi.net/#organization""}, ""datePublished""",,,prescriptive
/blog/bmi-tracking-guide/,ledger block=p,DELETE,"{ ""@context"": ""https://schema.org"", ""@type"": ""Article"", ""headline"": ""BMI Tracking Guide: How to Monitor Your Progress Effectively"", ""image"": ""https://calculatemybmi.net/assets/images/og/bmi-tracking-timeseries.png"", ""description"": ""Complete guide to tracking your BMI over time. Learn optimal weighing frequency, measurement techniques, progress indicators, and when BMI changes warrant medical attention."", ""author"": {""@type"": ""Person"", ""@id"": ""https://calculatemybmi.net/about/#author-bio""}, ""publisher"": {""@type"": ""Organization"", ""@id"": ""https://calculatemybmi.net/#organization""}, ""datePublished""",,,prescriptive
/blog/bmi-tracking-guide/,ledger block=p,DELETE,"{ ""@context"": ""https://schema.org"", ""@type"": ""Article"", ""headline"": ""BMI Tracking Guide: How to Monitor Your Progress Effectively"", ""image"": ""https://calculatemybmi.net/assets/images/og/bmi-tracking-timeseries.png"", ""description"": ""Complete guide to tracking your BMI over time. Learn optimal weighing frequency, measurement techniques, progress indicators, and when BMI changes warrant medical attention."", ""author"": {""@type"": ""Person"", ""@id"": ""https://calculatemybmi.net/about/#author-bio""}, ""publisher"": {""@type"": ""Organization"", ""@id"": ""https://calculatemybmi.net/#organization""}, ""datePublished""",,,prescriptive
/blog/bmi-tracking-guide/,ledger block=p,DELETE,"{ ""@context"": ""https://schema.org"", ""@type"": ""Article"", ""headline"": ""BMI Tracking Guide: How to Monitor Your Progress Effectively"", ""image"": ""https://calculatemybmi.net/assets/images/og/bmi-tracking-timeseries.png"", ""description"": ""Complete guide to tracking your BMI over time. Learn optimal weighing frequency, measurement techniques, progress indicators, and when BMI changes warrant medical attention."", ""author"": {""@type"": ""Person"", ""@id"": ""https://calculatemybmi.net/about/#author-bio""}, ""publisher"": {""@type"": ""Organization"", ""@id"": ""https://calculatemybmi.net/#organization""}, ""datePublished""",,,prescriptive
/blog/how-to-lower-bmi/,ledger block=li,n/a,Safe weight loss rate: 1-2 pounds per week (approximately 0.1-0.2 BMI points),,,text no longer present
/blog/how-to-lower-bmi/,ledger block=p,DELETE,"The amount of weight needed to lower your BMI depends on your current weight and height. Here's a practical perspective: for every 6-7 pounds lost, a person of average height can expect their BMI to decrease by approximately one point.",,,specific/health claim w/o source (hard fail on GENERAL)
/blog/how-to-lower-bmi/,ledger block=li,DELETE,"Practical framing: A 500 kcal/day deficit produces roughly 1 lb/week of weight loss early on; expect the rate to taper. A 1,000 kcal/day deficit is roughly the maximum most people should attempt without medical supervision. Do not eat below ~1,200 kcal/day (women) or ~1,500 kcal/day (men) without clinical supervision - sustained intake below these thresholds risks nutrient deficits, gallstones, and muscle loss. Deficits above 1,000 kcal/day accelerate loss short-term but rebound rates are higher and lean-tissue loss is greater. Daily Calorie Deficit Weekly Weight Loss Monthly Weight Loss Safet",,,prescriptive
/blog/how-to-lower-bmi/,ledger block=li,DELETE,"Practical framing: A 500 kcal/day deficit produces roughly 1 lb/week of weight loss early on; expect the rate to taper. A 1,000 kcal/day deficit is roughly the maximum most people should attempt without medical supervision. Do not eat below ~1,200 kcal/day (women) or ~1,500 kcal/day (men) without clinical supervision - sustained intake below these thresholds risks nutrient deficits, gallstones, and muscle loss. Deficits above 1,000 kcal/day accelerate loss short-term but rebound rates are higher and lean-tissue loss is greater. Daily Calorie Deficit Weekly Weight Loss Monthly Weight Loss Safet",,,prescriptive
/blog/how-to-lower-bmi/,ledger block=li,DELETE,"Practical framing: A 500 kcal/day deficit produces roughly 1 lb/week of weight loss early on; expect the rate to taper. A 1,000 kcal/day deficit is roughly the maximum most people should attempt without medical supervision. Do not eat below ~1,200 kcal/day (women) or ~1,500 kcal/day (men) without clinical supervision - sustained intake below these thresholds risks nutrient deficits, gallstones, and muscle loss. Deficits above 1,000 kcal/day accelerate loss short-term but rebound rates are higher and lean-tissue loss is greater. Daily Calorie Deficit Weekly Weight Loss Monthly Weight Loss Safet",,,prescriptive
/blog/how-to-lower-bmi/,ledger block=p,DELETE,Track your progress for 2-3 weeks and adjust your intake if needed. Weight loss should average 1-2 pounds per week.,,,prescriptive
/blog/how-to-lower-bmi/,ledger block=li,n/a,Use smaller plates: A 10-inch plate instead of a 12-inch plate can reduce consumption by 20-25%,,,text no longer present
/blog/how-to-lower-bmi/,ledger block=p,DELETE,"While diet typically produces greater weight loss than exercise alone, physical activity is crucial for maintaining weight loss, improving body composition, and gaining numerous health benefits. Public-health guidelines commonly recommend at least 150 minutes of moderate aerobic activity or 75 minutes of vigorous activity per week.",,,prescriptive
/blog/how-to-lower-bmi/,ledger block=p,DELETE,"{ ""@context"": ""https://schema.org"", ""@type"": ""Article"", ""headline"": ""How to Lower BMI: Evidence-Based Strategies for Healthy Weight Loss"", ""image"": ""https://calculatemybmi.net/assets/images/og-image.png"", ""description"": ""Learn proven, science-backed methods to lower your BMI safely. Comprehensive guide covering calorie deficit, exercise, nutrition, and lifestyle changes for sustainable weight loss."", ""datePublished"": ""2026-02-01"", ""dateModified"": ""2026-08-10"", ""author"": {""@type"": ""Person"", ""@id"": ""https://calculatemybmi.net/about/#author-bio""}, ""publisher"": {""@type"": ""Organization"", ""@id"": ""ht",,,specific/health claim w/o source (hard fail on GENERAL)
/blog/how-to-lower-bmi/,ledger block=p,DELETE,"Sleep has a profound impact on weight and BMI. Poor sleep disrupts the hormones that control hunger: it increases ghrelin (which stimulates appetite) and decreases leptin (which signals fullness). This leads to increased hunger and cravings, particularly for high-calorie, high-carbohydrate foods. Sleep deprivation also reduces insulin sensitivity, affecting how your body processes food. Studies show that adults who regularly sleep less than 7 hours per night are significantly more likely to have higher BMIs. Aim for 7-9 hours of quality sleep nightly for optimal weight management.",,,prescriptive
/blog/underweight-bmi-risks/,ledger block=p,DELETE,"Being underweight, defined as having a BMI below 18.5, affects approximately 1.8% of adults in the United States and carries significant health risks that are often overlooked. This comprehensive guide explores the medical consequences of being underweight, common causes, and evidence-based strategies for healthy weight gain.",,,specific/health claim w/o source (hard fail on GENERAL)
/blog/underweight-bmi-risks/,ledger block=p,DELETE,"The distinction between these categories is clinically significant. While mild underweight may cause subtle symptoms, severe underweight (BMI below 16) is a medical emergency that requires immediate professional intervention. Research published in medical journals has shown that mortality risk increases substantially as BMI drops below 18.5, with the highest risks observed in severely underweight individuals.",,,specific/health claim w/o source (hard fail on GENERAL)
/blog/underweight-bmi-risks/,ledger block=p,DELETE,"Women with BMI below 18.5 have significantly higher rates of osteoporotic fractures, particularly in the hip, spine, and wrist. This risk is especially pronounced in those with eating disorders, where nutritional deficits are severe and prolonged.",,,specific/health claim w/o source (hard fail on GENERAL)
/blog/underweight-bmi-risks/,ledger block=p,DELETE,Research indicates that achieving a healthy BMI (18.5-24.9) significantly improves fertility outcomes. Women who gain weight to reach normal BMI often see their menstrual cycles normalize and fertility improve. Learn more about healthy weight ranges for women in our guide to BMI for women.,,,specific/health claim w/o source (hard fail on GENERAL)
/blog/underweight-bmi-risks/,ledger block=p,DELETE,Losing more than 5% of your body weight within 6-12 months without trying warrants medical evaluation.,,,specific/health claim w/o source (hard fail on GENERAL)
/blog/underweight-bmi-risks/,ledger block=p,KEEP-DERIVED,"{ ""@context"": ""https://schema.org"", ""@type"": ""Article"", ""headline"": ""Underweight BMI Risks: Health Concerns, Causes & Solutions"", ""image"": ""https://calculatemybmi.net/assets/images/og/underweight-cause-tree.png"", ""description"": ""Complete guide to underweight BMI (below 18.5): health risks including weakened immunity, osteoporosis, fertility issues. Learn causes, symptoms, and healthy weight gain strategies."", ""datePublished"": ""2026-02-01"", ""dateModified"": ""2026-08-12"", ""author"": {""@type"": ""Person"", ""@id"": ""https://calculatemybmi.net/about/#author-bio""}, ""publisher"": {""@type"": ""Organization"", ""","{ ""@context"": ""https://schema.org"", ""@type"": ""Article"", ""headline"": ""Underweight BMI Risks: Health Concerns, Causes & Solutions"", ""image"": ""https://calculatemybmi.net/assets/images/og/underweight-cause-tree.png"", ""description"": ""Complete guide to underweight BMI (below 18.5): health risks including weakened immunity, osteoporosis, fertility issues. Learn causes, symptoms, and healthy weight gain strategies."", ""datePublished"": ""2026-02-01"", ""dateModified"": ""2026-08-12"", ""author"": {""@type"": ""Person"", ""@id"": ""https://calculatemybmi.net/about/#author-bio""}, ""publisher"": {""@type"": ""Organization"", """,,formula/definition
/blog/underweight-bmi-risks/,ledger block=p,DELETE,"Being underweight increases the risk of weakened immune function, osteoporosis and bone fractures, fertility problems and menstrual irregularities, nutrient deficiencies (iron, vitamin D, B12, zinc), anemia, fatigue, hair loss, and delayed wound healing. Severe underweight can also affect heart function and significantly increase mortality risk.",,,specific/health claim w/o source (hard fail on GENERAL)
/blog/underweight-bmi-risks/,ledger block=p,DELETE,"Consult a doctor if you experience unintentional weight loss of more than 5% of body weight in 6-12 months, have a BMI below 17, suffer from persistent fatigue, have menstrual irregularities (3+ missed periods), or are unable to gain weight despite eating adequately. Your doctor can test for underlying conditions and refer you to appropriate specialists.",,,specific/health claim w/o source (hard fail on GENERAL)
/blog/underweight-bmi-risks/,ledger block=p,DELETE,"For children and adolescents (ages 2-19), underweight is defined using BMI-for-age percentiles rather than fixed BMI numbers. A child below the 5th percentile for their age and sex is considered underweight. This accounts for normal growth patterns and developmental changes. Being underweight during growth years can affect development, bone formation, and puberty timing. See our guide to BMI for children for more information.",,,specific/health claim w/o source (hard fail on GENERAL)
/blog/waist-to-height-ratio/,ledger block=li,n/a,"WHtR outperforms BMI in predicting cardiovascular disease, type 2 diabetes, and all-cause mortality according to multiple large-scale studies",,,text no longer present
/blog/waist-to-height-ratio/,ledger block=figcaption,GENERAL,lower rib measure here (mid-way between lower rib and iliac crest) iliac crest WHtR waist ÷ height both same units (e.g. inches) > 0.5 elevated risk Waist is measured at the natural waist - roughly halfway between the lower rib and the iliac crest - not at the navel or trouser waistband. The 0.5 threshold is discussed in the Healthy Ranges section below. The Formula WHtR = Waist Circumference ÷ Height,lower rib measure here (mid-way between lower rib and iliac crest) iliac crest WHtR waist ÷ height both same units (e.g. inches) > 0.5 elevated risk Waist is measured at the natural waist - roughly halfway between the lower rib and the iliac crest - not at the navel or trouser waistband. The 0.5 threshold is discussed in the Healthy Ranges section below. The Formula WHtR = Waist Circumference ÷ Height,,Verified: Browning/Hsieh/Ashwell 2010 boundary (text ref)
/blog/waist-to-height-ratio/,ledger block=p,KEEP-R2,"An earlier review by Browning, Hsieh & Ashwell in Nutrition Research Reviews (2010) pooled diagnostic-accuracy data across 14 countries and reported a mean AUROC of 0.704 for WHtR, 0.693 for waist circumference, and 0.671 for BMI, with a boundary value of 0.5 for both men and women. These are findings from those reviews, not clinical guidance.","An earlier review by Browning, Hsieh & Ashwell in Nutrition Research Reviews (2010) pooled diagnostic-accuracy data across 14 countries and reported a mean AUROC of 0.704 for WHtR, 0.693 for waist circumference, and 0.671 for BMI, with a boundary value of 0.5 for both men and women. These are findings from those reviews, not clinical guidance.",https://pubmed.ncbi.nlm.nih.gov/22106927/,Verified: Ashwell 2012 Obes Rev
/blog/waist-to-height-ratio/,ledger block=p,DELETE,WHtR offers significant advantages over BMI for children because it doesn't require age-specific percentile charts. The same 0.5 threshold applies to children of all ages.,,,specific/health claim w/o source (hard fail on GENERAL)
/blog/waist-to-height-ratio/,ledger block=p,n/a,"A study in the International Journal of Obesity found that WHtR identified children at cardiometabolic risk better than BMI percentiles, and the simple 0.5 cutoff worked across all age groups from 5 to 18 years.",,,text no longer present
/blog/waist-to-height-ratio/,ledger block=li,GENERAL,"Research conducted across diverse populations including European, African, Asian, and Hispanic groups has consistently found: The 0.5 cutoff effectively identifies elevated health risk across ethnicities WHtR discriminates metabolic risk as well as or better than ethnicity-adjusted BMI The simplicity of a single universal threshold aids public health messaging That said, some researchers have proposed slightly lower cutoffs (0.46-0.48) for Asian populations, who tend to accumulate visceral fat at lower overall body fat levels. If you're of South Asian or East Asian descent, you may benefit fro","Research conducted across diverse populations including European, African, Asian, and Hispanic groups has consistently found: The 0.5 cutoff effectively identifies elevated health risk across ethnicities WHtR discriminates metabolic risk as well as or better than ethnicity-adjusted BMI The simplicity of a single universal threshold aids public health messaging That said, some researchers have proposed slightly lower cutoffs (0.46-0.48) for Asian populations, who tend to accumulate visceral fat at lower overall body fat levels. If you're of South Asian or East Asian descent, you may benefit fro",,Verified: Browning/Hsieh/Ashwell 2010 boundary (text ref)
/blog/waist-to-height-ratio/,ledger block=p,GENERAL,"That said, some researchers have proposed slightly lower cutoffs (0.46-0.48) for Asian populations, who tend to accumulate visceral fat at lower overall body fat levels. If you're of South Asian or East Asian descent, you may benefit from aiming for WHtR well below 0.5.","That said, some researchers have proposed slightly lower cutoffs (0.46-0.48) for Asian populations, who tend to accumulate visceral fat at lower overall body fat levels. If you're of South Asian or East Asian descent, you may benefit from aiming for WHtR well below 0.5.",,Verified: Browning/Hsieh/Ashwell 2010 boundary (text ref)
/blog/waist-to-height-ratio/,ledger block=p,GENERAL,"{ ""@context"": ""https://schema.org"", ""@type"": ""Article"", ""headline"": ""Waist-to-Height Ratio Calculator & Guide: A Better Alternative to BMI"", ""image"": ""https://calculatemybmi.net/assets/images/og/waist-height-diagram.png"", ""description"": ""A comprehensive guide to waist-to-height ratio (WHtR), including how to calculate it, healthy ranges for men and women, and why research shows it predicts health risks better than BMI."", ""author"": {""@type"": ""Person"", ""@id"": ""https://calculatemybmi.net/about/#author-bio""}, ""publisher"": {""@type"": ""Organization"", ""@id"": ""https://calculatemybmi.net/#organization""}","{ ""@context"": ""https://schema.org"", ""@type"": ""Article"", ""headline"": ""Waist-to-Height Ratio Calculator & Guide: A Better Alternative to BMI"", ""image"": ""https://calculatemybmi.net/assets/images/og/waist-height-diagram.png"", ""description"": ""A comprehensive guide to waist-to-height ratio (WHtR), including how to calculate it, healthy ranges for men and women, and why research shows it predicts health risks better than BMI."", ""author"": {""@type"": ""Person"", ""@id"": ""https://calculatemybmi.net/about/#author-bio""}, ""publisher"": {""@type"": ""Organization"", ""@id"": ""https://calculatemybmi.net/#organization""}",,Verified: Browning/Hsieh/Ashwell 2010 boundary (text ref)
/blog/waist-to-height-ratio/,ledger block=p,DELETE,"Research consistently shows that waist-to-height ratio is a better predictor of cardiovascular disease, type 2 diabetes, and mortality risk than BMI. Unlike BMI, WHtR measures abdominal fat distribution, which is the most metabolically dangerous type of fat. That said, both metrics are useful for different purposes.",,,specific/health claim w/o source (hard fail on GENERAL)
/blog/waist-to-height-ratio/,ledger block=p,GENERAL,"{ ""@context"": ""https://schema.org"", ""@type"": ""Article"", ""headline"": ""Waist-to-Height Ratio Calculator & Guide: A Better Alternative to BMI"", ""image"": ""https://calculatemybmi.net/assets/images/og/waist-height-diagram.png"", ""description"": ""A comprehensive guide to waist-to-height ratio (WHtR), including how to calculate it, healthy ranges for men and women, and why research shows it predicts health risks better than BMI."", ""author"": {""@type"": ""Person"", ""@id"": ""https://calculatemybmi.net/about/#author-bio""}, ""publisher"": {""@type"": ""Organization"", ""@id"": ""https://calculatemybmi.net/#organization""}","{ ""@context"": ""https://schema.org"", ""@type"": ""Article"", ""headline"": ""Waist-to-Height Ratio Calculator & Guide: A Better Alternative to BMI"", ""image"": ""https://calculatemybmi.net/assets/images/og/waist-height-diagram.png"", ""description"": ""A comprehensive guide to waist-to-height ratio (WHtR), including how to calculate it, healthy ranges for men and women, and why research shows it predicts health risks better than BMI."", ""author"": {""@type"": ""Person"", ""@id"": ""https://calculatemybmi.net/about/#author-bio""}, ""publisher"": {""@type"": ""Organization"", ""@id"": ""https://calculatemybmi.net/#organization""}",,Verified: Browning/Hsieh/Ashwell 2010 boundary (text ref)
/blog/waist-to-height-ratio/,ledger block=p,GENERAL,"{ ""@context"": ""https://schema.org"", ""@type"": ""Article"", ""headline"": ""Waist-to-Height Ratio Calculator & Guide: A Better Alternative to BMI"", ""image"": ""https://calculatemybmi.net/assets/images/og/waist-height-diagram.png"", ""description"": ""A comprehensive guide to waist-to-height ratio (WHtR), including how to calculate it, healthy ranges for men and women, and why research shows it predicts health risks better than BMI."", ""author"": {""@type"": ""Person"", ""@id"": ""https://calculatemybmi.net/about/#author-bio""}, ""publisher"": {""@type"": ""Organization"", ""@id"": ""https://calculatemybmi.net/#organization""}","{ ""@context"": ""https://schema.org"", ""@type"": ""Article"", ""headline"": ""Waist-to-Height Ratio Calculator & Guide: A Better Alternative to BMI"", ""image"": ""https://calculatemybmi.net/assets/images/og/waist-height-diagram.png"", ""description"": ""A comprehensive guide to waist-to-height ratio (WHtR), including how to calculate it, healthy ranges for men and women, and why research shows it predicts health risks better than BMI."", ""author"": {""@type"": ""Person"", ""@id"": ""https://calculatemybmi.net/about/#author-bio""}, ""publisher"": {""@type"": ""Organization"", ""@id"": ""https://calculatemybmi.net/#organization""}",,Verified: Browning/Hsieh/Ashwell 2010 boundary (text ref)
/blog/waist-to-height-ratio/,ledger block=p,GENERAL,"Yes, this is common. People with normal BMI but high WHtR (above 0.5) are sometimes called ""metabolically obese, normal weight"" or MONW. They carry excess abdominal fat despite appearing thin. This pattern carries similar cardiovascular and metabolic risks to obesity, which is why WHtR is valuable as an additional screening tool.","Yes, this is common. People with normal BMI but high WHtR (above 0.5) are sometimes called ""metabolically obese, normal weight"" or MONW. They carry excess abdominal fat despite appearing thin. This pattern carries similar cardiovascular and metabolic risks to obesity, which is why WHtR is valuable as an additional screening tool.",,Verified: Browning/Hsieh/Ashwell 2010 boundary (text ref)
/blog/what-is-bmi/,ledger block=p,DELETE,"When you calculate your BMI, you get a number typically ranging from about 15 to 40 (though extreme values are possible). This number falls into one of several categories that healthcare systems worldwide use to identify potential weight-related health risks:",,,specific/health claim w/o source (hard fail on GENERAL)
/blog/what-is-bmi/,ledger block=p,n/a,"Belgian mathematician and astronomer Adolphe Quetelet created the formula in the 1830s as part of his work on ""social physics."" Quetelet wasn't a medical doctor and wasn't trying to assess individual health. Instead, he wanted to describe the characteristics of the ""average man"" by studying population statistics.",,,text no longer present
/blog/what-is-bmi/,ledger block=p,DELETE,"The term ""Body Mass Index"" wasn't coined until 1972 when American physiologist Ancel Keys published a study comparing various weight-for-height indices. Keys concluded that the Quetelet Index was the best option for population studies of obesity, despite acknowledging its limitations for individuals.",,,specific/health claim w/o source (hard fail on GENERAL)
/blog/what-is-bmi/,ledger block=p,DELETE,"Throughout the 1980s and 1990s, health organizations including the World Health Organization (WHO) and the U.S. National Institutes of Health (NIH) adopted BMI as a standard measure for categorizing weight status. In 1998, the NIH lowered the overweight threshold from BMI 27 to BMI 25, aligning with WHO standards and immediately reclassifying millions of Americans as overweight.",,,specific/health claim w/o source (hard fail on GENERAL)
/blog/what-is-bmi/,ledger block=p,DELETE,"Being underweight can indicate nutritional deficiency, eating disorders, or underlying health conditions. Risks include weakened immune function, bone loss (osteoporosis), fertility issues, and anemia. Medical evaluation is recommended for BMI below 18.5.",,,prescriptive
/blog/what-is-bmi/,ledger block=p,DELETE,"The overweight category indicates increased (but not high) risk for conditions like type 2 diabetes, cardiovascular disease, and certain cancers. Many people in this range are metabolically healthy, especially if physically active with favorable fat distribution.",,,specific/health claim w/o source (hard fail on GENERAL)
/blog/what-is-bmi/,ledger block=p,DELETE,"Obesity is associated with significantly elevated health risks including heart disease, stroke, type 2 diabetes, certain cancers, sleep apnea, and joint problems. The three obesity classes (I, II, III) reflect progressively higher risk levels.",,,specific/health claim w/o source (hard fail on GENERAL)
/blog/what-is-bmi/,ledger block=p,DELETE,"Research has identified situations where being slightly overweight (BMI 25-27) may actually be associated with better outcomes, particularly in older adults and those with certain chronic conditions. This phenomenon, called the ""obesity paradox,"" suggests that optimal BMI may vary by age and health status.",,,specific/health claim w/o source (hard fail on GENERAL)
/blog/what-is-bmi/,ledger block=p,DELETE,"For example, a 10-year-old boy at the 75th percentile has a BMI higher than 75% of boys his age-but this is still within the healthy range.",,,specific/health claim w/o source (hard fail on GENERAL)
/blog/what-is-bmi/,ledger block=p,DELETE,Pediatricians use CDC or WHO growth charts to track BMI-for-age over time. A single measurement matters less than the trend. A child who has consistently tracked at the 60th percentile is different from one whose percentile has jumped from 50th to 85th over a year.,,,specific/health claim w/o source (hard fail on GENERAL)
/blog/what-is-bmi/,ledger block=li,DELETE,"BMI is a weight-to-height ratio, not a body fat measurement. Two people with identical BMIs can have very different amounts of body fat: A muscular athlete might have BMI 28 with 15% body fat A sedentary person might have BMI 28 with 35% body fat Since muscle weighs more than fat by volume, people with high muscle mass are often misclassified as overweight or obese by BMI.",,,specific/health claim w/o source (hard fail on GENERAL)
/blog/what-is-bmi/,ledger block=li,DELETE,"BMI is a weight-to-height ratio, not a body fat measurement. Two people with identical BMIs can have very different amounts of body fat: A muscular athlete might have BMI 28 with 15% body fat A sedentary person might have BMI 28 with 35% body fat Since muscle weighs more than fat by volume, people with high muscle mass are often misclassified as overweight or obese by BMI.",,,specific/health claim w/o source (hard fail on GENERAL)
/blog/what-is-bmi/,ledger block=p,DELETE,"Body composition changes with age. Older adults typically have less muscle and more fat at the same weight, meaning a ""normal"" BMI in a 70-year-old may actually represent higher body fat than in a 30-year-old. Some researchers argue optimal BMI may be slightly higher for older adults.",,,specific/health claim w/o source (hard fail on GENERAL)
/blog/what-is-bmi/,ledger block=li,DELETE,"BMI categories were developed primarily using data from European populations. Research shows: Asian populations may have higher health risks at lower BMIs (some countries use 23 as the overweight threshold) Black individuals may have lower body fat at the same BMI due to higher muscle mass and bone density These differences have led some health organizations to recommend ethnicity-adjusted cutoffs BMI Misses ""Metabolically Healthy Obesity"" and ""Metabolically Unhealthy Normal Weight"" Some people with high BMIs have excellent metabolic health (normal blood pressure, blood sugar, and cholesterol)",,,prescriptive
/blog/what-is-bmi/,ledger block=p,DELETE,"WHtR divides waist circumference by height. The simple guideline is ""keep your waist to less than half your height."" A WHtR above 0.5 indicates increased health risk regardless of BMI. Some researchers argue WHtR is superior to BMI for predicting cardiovascular risk. Learn more in our Waist-to-Height Ratio Guide.",,,specific/health claim w/o source (hard fail on GENERAL)
/blog/what-is-bmi/,ledger block=p,DELETE,A realistic goal is 1-2 pounds per week. Losing even 5-10% of body weight can significantly improve metabolic health markers.,,,specific/health claim w/o source (hard fail on GENERAL)
/blog/what-is-bmi/,ledger block=p,KEEP-DERIVED,"{ ""@context"": ""https://schema.org"", ""@type"": ""Article"", ""headline"": ""What Is BMI? Complete Guide to Body Mass Index"", ""description"": ""Learn what BMI is, how it's calculated, what the categories mean, and why it matters for your health. Comprehensive guide with formulas, charts, and expert insights."", ""image"": ""https://calculatemybmi.net/assets/images/og/what-is-bmi-flow.png"", ""author"": {""@type"": ""Person"", ""@id"": ""https://calculatemybmi.net/about/#author-bio""}, ""publisher"": {""@type"": ""Organization"", ""@id"": ""https://calculatemybmi.net/#organization""}, ""datePublished"": ""2026-01-15"", ""dateModified","{ ""@context"": ""https://schema.org"", ""@type"": ""Article"", ""headline"": ""What Is BMI? Complete Guide to Body Mass Index"", ""description"": ""Learn what BMI is, how it's calculated, what the categories mean, and why it matters for your health. Comprehensive guide with formulas, charts, and expert insights."", ""image"": ""https://calculatemybmi.net/assets/images/og/what-is-bmi-flow.png"", ""author"": {""@type"": ""Person"", ""@id"": ""https://calculatemybmi.net/about/#author-bio""}, ""publisher"": {""@type"": ""Organization"", ""@id"": ""https://calculatemybmi.net/#organization""}, ""datePublished"": ""2026-01-15"", ""dateModified",,formula/definition
/blog/what-is-bmi/,ledger block=p,KEEP-DERIVED,"{ ""@context"": ""https://schema.org"", ""@type"": ""Article"", ""headline"": ""What Is BMI? Complete Guide to Body Mass Index"", ""description"": ""Learn what BMI is, how it's calculated, what the categories mean, and why it matters for your health. Comprehensive guide with formulas, charts, and expert insights."", ""image"": ""https://calculatemybmi.net/assets/images/og/what-is-bmi-flow.png"", ""author"": {""@type"": ""Person"", ""@id"": ""https://calculatemybmi.net/about/#author-bio""}, ""publisher"": {""@type"": ""Organization"", ""@id"": ""https://calculatemybmi.net/#organization""}, ""datePublished"": ""2026-01-15"", ""dateModified","{ ""@context"": ""https://schema.org"", ""@type"": ""Article"", ""headline"": ""What Is BMI? Complete Guide to Body Mass Index"", ""description"": ""Learn what BMI is, how it's calculated, what the categories mean, and why it matters for your health. Comprehensive guide with formulas, charts, and expert insights."", ""image"": ""https://calculatemybmi.net/assets/images/og/what-is-bmi-flow.png"", ""author"": {""@type"": ""Person"", ""@id"": ""https://calculatemybmi.net/about/#author-bio""}, ""publisher"": {""@type"": ""Organization"", ""@id"": ""https://calculatemybmi.net/#organization""}, ""datePublished"": ""2026-01-15"", ""dateModified",,formula/definition
/blog/what-is-bmi/,ledger block=p,KEEP-DERIVED,"{ ""@context"": ""https://schema.org"", ""@type"": ""Article"", ""headline"": ""What Is BMI? Complete Guide to Body Mass Index"", ""description"": ""Learn what BMI is, how it's calculated, what the categories mean, and why it matters for your health. Comprehensive guide with formulas, charts, and expert insights."", ""image"": ""https://calculatemybmi.net/assets/images/og/what-is-bmi-flow.png"", ""author"": {""@type"": ""Person"", ""@id"": ""https://calculatemybmi.net/about/#author-bio""}, ""publisher"": {""@type"": ""Organization"", ""@id"": ""https://calculatemybmi.net/#organization""}, ""datePublished"": ""2026-01-15"", ""dateModified","{ ""@context"": ""https://schema.org"", ""@type"": ""Article"", ""headline"": ""What Is BMI? Complete Guide to Body Mass Index"", ""description"": ""Learn what BMI is, how it's calculated, what the categories mean, and why it matters for your health. Comprehensive guide with formulas, charts, and expert insights."", ""image"": ""https://calculatemybmi.net/assets/images/og/what-is-bmi-flow.png"", ""author"": {""@type"": ""Person"", ""@id"": ""https://calculatemybmi.net/about/#author-bio""}, ""publisher"": {""@type"": ""Organization"", ""@id"": ""https://calculatemybmi.net/#organization""}, ""datePublished"": ""2026-01-15"", ""dateModified",,formula/definition
/blog/what-is-bmi/,ledger block=p,DELETE,"The BMI formula was invented by Belgian mathematician Adolphe Quetelet in the 1830s to study population statistics and describe the ""average man""-not for individual health assessment. The term ""Body Mass Index"" came later in 1972 when Ancel Keys proposed it for population studies on obesity.",,,specific/health claim w/o source (hard fail on GENERAL)
/blog/bmi-history/,appended Sources section,KEEP-R2,(new),"Sources section with Quetelet 1832/1842, Keys 1972 (doi + IJE 2014), IJE 2014 commentary",https://pubmed.ncbi.nlm.nih.gov/24691951/,Verified-source injection
/blog/bmi-formula/,anchor 'National Institutes of Health',KEEP-R2,https://www.nhlbi.nih.gov/calculate-your-bmi,https://www.nhlbi.nih.gov/calculate-your-bmi,https://www.nhlbi.nih.gov/calculate-your-bmi,R2 host (nhlbi.nih.gov)
/blog/bmi-formula/,anchor 'the Centers for Disease Control and Prevention (CDC)',KEEP-R2,https://www.cdc.gov/bmi/about/index.html,https://www.cdc.gov/bmi/about/index.html,https://www.cdc.gov/bmi/about/index.html,R2 host (cdc.gov)
/blog/bmi-formula/,anchor 'the National Institutes of Health (NIH)',KEEP-R2,https://www.nih.gov/news-events/nih-research-matters/limitations-bmi,https://www.nih.gov/news-events/nih-research-matters/limitations-bmi,https://www.nih.gov/news-events/nih-research-matters/limitations-bmi,R2 host (nih.gov)
/blog/bmi-formula/,anchor 'CDC Adult BMI Categories',KEEP-R1,https://www.cdc.gov/bmi/adult-calculator/bmi-categories.html,https://www.cdc.gov/bmi/adult-calculator/bmi-categories.html,https://www.cdc.gov/bmi/adult-calculator/bmi-categories.html,R1 source
/blog/bmi-history/,anchor 'CDC: About BMI',KEEP-R2,https://www.cdc.gov/bmi/,https://www.cdc.gov/bmi/,https://www.cdc.gov/bmi/,R2 host (cdc.gov)
/blog/bmi-history/,anchor 'doi:10.1016/0021-9681(72)90027-6',KEEP-R2,https://doi.org/10.1016/0021-9681(72)90027-6,https://doi.org/10.1016/0021-9681(72)90027-6,https://doi.org/10.1016/0021-9681(72)90027-6,R2 host (doi.org)
/blog/bmi-history/,anchor 'Int J Epidemiol 2014',KEEP-R2,https://pubmed.ncbi.nlm.nih.gov/24691951/,https://pubmed.ncbi.nlm.nih.gov/24691951/,https://pubmed.ncbi.nlm.nih.gov/24691951/,R2 host (pubmed.ncbi.nlm.nih.gov)
/blog/bmi-history/,anchor 'PMC4052141',KEEP-R2,https://pmc.ncbi.nlm.nih.gov/articles/PMC4052141/,https://pmc.ncbi.nlm.nih.gov/articles/PMC4052141/,https://pmc.ncbi.nlm.nih.gov/articles/PMC4052141/,R2 host (pmc.ncbi.nlm.nih.gov)
/blog/bmi-chart-explained/,anchor 'NIH NHLBI',KEEP-R2,https://www.nhlbi.nih.gov/health/overweight-and-obesity,https://www.nhlbi.nih.gov/health/overweight-and-obesity,https://www.nhlbi.nih.gov/health/overweight-and-obesity,R2 host (nhlbi.nih.gov)
/blog/bmi-chart-explained/,anchor 'CDC Adult BMI Categories',KEEP-R1,https://www.cdc.gov/bmi/adult-calculator/bmi-categories.html,https://www.cdc.gov/bmi/adult-calculator/bmi-categories.html,https://www.cdc.gov/bmi/adult-calculator/bmi-categories.html,R1 source
/blog/bmi-and-health-risks/,anchor 'NHLBI overweight and obesity overview',KEEP-R2,https://www.nhlbi.nih.gov/health/overweight-and-obesity,https://www.nhlbi.nih.gov/health/overweight-and-obesity,https://www.nhlbi.nih.gov/health/overweight-and-obesity,R2 host (nhlbi.nih.gov)
/blog/bmi-and-health-risks/,anchor 'NIDDK NAFLD/NASH overview',KEEP-R2,https://www.niddk.nih.gov/health-information/liver-disease/nafld-nash,https://www.niddk.nih.gov/health-information/liver-disease/nafld-nash,https://www.niddk.nih.gov/health-information/liver-disease/nafld-nash,R2 host (niddk.nih.gov)
/blog/bmi-and-health-risks/,anchor 'NHLBI overview of metabolic syndrome',KEEP-R2,https://www.nhlbi.nih.gov/health/metabolic-syndrome,https://www.nhlbi.nih.gov/health/metabolic-syndrome,https://www.nhlbi.nih.gov/health/metabolic-syndrome,R2 host (nhlbi.nih.gov)
/blog/bmi-and-health-risks/,anchor 'Winter et al. 2014 meta-analysis',KEEP-R1,https://pubmed.ncbi.nlm.nih.gov/24452240/,https://pubmed.ncbi.nlm.nih.gov/24452240/,https://pubmed.ncbi.nlm.nih.gov/24452240/,R1 source
/blog/bmi-and-health-risks/,anchor 'NHLBI',KEEP-R2,https://www.nhlbi.nih.gov/health/overweight-and-obesity,https://www.nhlbi.nih.gov/health/overweight-and-obesity,https://www.nhlbi.nih.gov/health/overweight-and-obesity,R2 host (nhlbi.nih.gov)
/blog/underweight-bmi-risks/,anchor 'National Institute of Mental Health &mdash; Eating Disorders',KEEP-R2,https://www.nimh.nih.gov/health/publications/eating-disorders,https://www.nimh.nih.gov/health/publications/eating-disorders,https://www.nimh.nih.gov/health/publications/eating-disorders,R2 host (nimh.nih.gov)
/blog/underweight-bmi-risks/,anchor 'National Alliance for Eating Disorders',KEEP-R2,https://allianceforeatingdisorders.com/,https://allianceforeatingdisorders.com/,https://allianceforeatingdisorders.com/,external allianceforeatingdisorders.com — R2-unverified
/blog/underweight-bmi-risks/,anchor 'allianceforeatingdisorders.com',KEEP-R2,https://allianceforeatingdisorders.com/,https://allianceforeatingdisorders.com/,https://allianceforeatingdisorders.com/,external allianceforeatingdisorders.com — R2-unverified
/blog/underweight-bmi-risks/,anchor 'nimh.nih.gov/health/publications/eating-disorders',KEEP-R2,https://www.nimh.nih.gov/health/publications/eating-disorders,https://www.nimh.nih.gov/health/publications/eating-disorders,https://www.nimh.nih.gov/health/publications/eating-disorders,R2 host (nimh.nih.gov)
/blog/bmi-and-metabolism/,anchor 'National Institute of Diabetes and Digestive and Kidney Dise',KEEP-R2,https://www.niddk.nih.gov/health-information/weight-management,https://www.niddk.nih.gov/health-information/weight-management,https://www.niddk.nih.gov/health-information/weight-management,R2 host (niddk.nih.gov)
/blog/bmi-and-metabolism/,anchor 'NHLBI overview of metabolic syndrome',KEEP-R2,https://www.nhlbi.nih.gov/health/metabolic-syndrome,https://www.nhlbi.nih.gov/health/metabolic-syndrome,https://www.nhlbi.nih.gov/health/metabolic-syndrome,R2 host (nhlbi.nih.gov)
/blog/bmi-and-metabolism/,anchor 'Weight Management',KEEP-R2,https://www.niddk.nih.gov/health-information/weight-management,https://www.niddk.nih.gov/health-information/weight-management,https://www.niddk.nih.gov/health-information/weight-management,R2 host (niddk.nih.gov)
/blog/bmi-and-metabolism/,anchor 'About BMI',KEEP-R2,https://www.cdc.gov/bmi/,https://www.cdc.gov/bmi/,https://www.cdc.gov/bmi/,R2 host (cdc.gov)
/blog/bmi-for-athletes/,anchor 'National Institutes of Health',KEEP-R2,https://www.nhlbi.nih.gov/health/overweight-and-obesity,https://www.nhlbi.nih.gov/health/overweight-and-obesity,https://www.nhlbi.nih.gov/health/overweight-and-obesity,R2 host (nhlbi.nih.gov)
/blog/how-to-lower-bmi/,anchor 'Hall 2011',KEEP-R2,https://pubmed.ncbi.nlm.nih.gov/21872751/,https://pubmed.ncbi.nlm.nih.gov/21872751/,https://pubmed.ncbi.nlm.nih.gov/21872751/,R2 host (pubmed.ncbi.nlm.nih.gov)
/blog/how-to-lower-bmi/,anchor 'CDC's Healthy Weight guidelines',KEEP-R2,https://www.cdc.gov/healthy-weight-growth/about/index.html,https://www.cdc.gov/healthy-weight-growth/about/index.html,https://www.cdc.gov/healthy-weight-growth/about/index.html,R2 host (cdc.gov)
/blog/how-to-lower-bmi/,anchor 'NIH National Institute of Diabetes and Digestive and Kidney ',KEEP-R2,https://www.niddk.nih.gov/health-information/weight-management,https://www.niddk.nih.gov/health-information/weight-management,https://www.niddk.nih.gov/health-information/weight-management,R2 host (niddk.nih.gov)
/blog/how-to-lower-bmi/,anchor 'Hall 2011',KEEP-R2,https://pubmed.ncbi.nlm.nih.gov/21872751/,https://pubmed.ncbi.nlm.nih.gov/21872751/,https://pubmed.ncbi.nlm.nih.gov/21872751/,R2 host (pubmed.ncbi.nlm.nih.gov)
/blog/bmi-tracking-guide/,anchor 'NHLBI overweight and obesity overview',KEEP-R2,https://www.nhlbi.nih.gov/health/overweight-and-obesity,https://www.nhlbi.nih.gov/health/overweight-and-obesity,https://www.nhlbi.nih.gov/health/overweight-and-obesity,R2 host (nhlbi.nih.gov)
/blog/bmi-tracking-guide/,anchor 'NHLBI',KEEP-R2,https://www.nhlbi.nih.gov/health/overweight-and-obesity,https://www.nhlbi.nih.gov/health/overweight-and-obesity,https://www.nhlbi.nih.gov/health/overweight-and-obesity,R2 host (nhlbi.nih.gov)
/about/,"anchor 'Faculty of Pharmacy, University of Ljubljana'",KEEP-R2,https://www.ffa.uni-lj.si/en/home,https://www.ffa.uni-lj.si/en/home,https://www.ffa.uni-lj.si/en/home,external ffa.uni-lj.si — R2-unverified
/about/,anchor 'LinkedIn',KEEP-R2,https://www.linkedin.com/in/marko-visic,https://www.linkedin.com/in/marko-visic,https://www.linkedin.com/in/marko-visic,external linkedin.com — R2-unverified
/about/,"anchor 'National Heart, Lung, and Blood Institute (NHLBI)'",KEEP-R2,https://www.nhlbi.nih.gov/calculate-your-bmi,https://www.nhlbi.nih.gov/calculate-your-bmi,https://www.nhlbi.nih.gov/calculate-your-bmi,R2 host (nhlbi.nih.gov)
/about/,anchor 'CDC adult BMI',KEEP-R2,https://www.cdc.gov/bmi/about/index.html,https://www.cdc.gov/bmi/about/index.html,https://www.cdc.gov/bmi/about/index.html,R2 host (cdc.gov)
/about/,anchor 'CDC growth charts (pediatric)',KEEP-R2,https://www.cdc.gov/growthcharts/,https://www.cdc.gov/growthcharts/,https://www.cdc.gov/growthcharts/,R2 host (cdc.gov)
/about/,anchor 'NHLBI overweight and obesity',KEEP-R2,https://www.nhlbi.nih.gov/health/overweight-and-obesity,https://www.nhlbi.nih.gov/health/overweight-and-obesity,https://www.nhlbi.nih.gov/health/overweight-and-obesity,R2 host (nhlbi.nih.gov)
/about/,anchor 'NHLBI BMI calculator',KEEP-R2,https://www.nhlbi.nih.gov/calculate-your-bmi,https://www.nhlbi.nih.gov/calculate-your-bmi,https://www.nhlbi.nih.gov/calculate-your-bmi,R2 host (nhlbi.nih.gov)
/about/,anchor 'Flegal 2013 (JAMA / PMC)',KEEP-R2,https://pmc.ncbi.nlm.nih.gov/articles/PMC4855514/,https://pmc.ncbi.nlm.nih.gov/articles/PMC4855514/,https://pmc.ncbi.nlm.nih.gov/articles/PMC4855514/,R2 host (pmc.ncbi.nlm.nih.gov)
/about/,anchor 'Winter 2014 meta-analysis (older adults)',KEEP-R1,https://pubmed.ncbi.nlm.nih.gov/24452240/,https://pubmed.ncbi.nlm.nih.gov/24452240/,https://pubmed.ncbi.nlm.nih.gov/24452240/,R1 source
