keyword,volume,trend_3m,trend_yoy,competition,source_batch,intent,page_slug,role,discard_reason,serp_check,notes
scale bmi,49500,0,0,Medium,B3-bodyfat,commercial,,discard,offtopic,na,KWP group variants: body index scales; body mass index scales
good diet plans to lose weight,8100,0,-70,High,B1-chart,informational,,discard,offtopic,na,KWP group variants: healthy diet plan to lose weight; healthy eating plan to lose weight; best diet plan for healthy weight loss; healthy food diet plan to lose weight
calculator net body fat calculator,8100,-55,147900,Low,B3-bodyfat,navigational,,discard,navigational,na,
dietary plans for weight loss,6600,0,-33,High,B1-chart,informational,,discard,offtopic,na,
body recomposition calculator,5400,-18,23,Low,B3-bodyfat,informational,,discard,offtopic,na,
nasm body fat calculator,3600,-99,320,Low,B3-bodyfat,navigational,,discard,navigational,na,
free dietary plans for weight loss,2900,-38,-72,High,B1-chart,informational,,discard,offtopic,na,
best diet plans to lose weight,2900,0,-17,High,B1-chart,informational,,discard,offtopic,na,
smart body mass index calculator,1900,-21,19,Low,B3-bodyfat,navigational,,discard,navigational,na,
navy bike prt calculator,1300,-55,-55,Low,B3-bodyfat,informational,,discard,offtopic,na,
fetal growth charts,1300,60,0,Low,B1-chart,informational,,discard,offtopic,na,
calculate fat burn heart rate,1300,-23,-47,Low,B3-bodyfat,informational,,discard,offtopic,na,KWP group variants: fat loss heart rate calculator
smart body mass index,1300,0,-47,Low,B3-bodyfat,navigational,,discard,navigational,na,
height and weight comparison,1000,0,-23,Low,B1-chart,informational,,discard,offtopic,na,KWP group variants: height comparison with weight
normal body weight for adults,720,0,0,Low,B1-chart,informational,,discard,offtopic,na,
height weight comparison chart,720,0,529,Low,B1-chart,informational,,discard,offtopic,na,KWP group variants: height and weight comparison chart
average pant size for women,720,0,-33,Low,B2-population,informational,,discard,offtopic,na,
body recomp calorie calculator,590,-33,23,Low,B3-bodyfat,informational,,discard,offtopic,na,
diet eating plans for weight loss,590,0,0,High,B1-chart,informational,,discard,offtopic,na,
calculator for muscle gain,590,-34,-46,Low,B3-bodyfat,informational,,discard,offtopic,na,
calorie calculator for body recomp,480,-46,88,Low,B3-bodyfat,informational,,discard,offtopic,na,
weight loss diet chart for female,390,243,-28,High,B1-chart,informational,,discard,offtopic,na,KWP group variants: diet chart for ladies to lose weight; diet chart to reduce weight for female; diet chart weight loss for female
recomp calculator,390,0,22,Low,B3-bodyfat,informational,,discard,offtopic,na,
macro calculator for body recomp,320,0,50,Low,B3-bodyfat,informational,,discard,offtopic,na,
percent of body weight,320,-19,-19,Low,B3-bodyfat,informational,,discard,offtopic,na,
omni body fat calculator,320,-74,420,Low,B3-bodyfat,navigational,,discard,navigational,na,
body recomp macro calculator,320,0,22,Low,B3-bodyfat,informational,,discard,offtopic,na,
good diet plans,260,24,-34,High,B1-chart,informational,,discard,offtopic,na,
weight based on height,260,24,-34,Low,B1-chart,informational,,discard,offtopic,na,
weight watchers ideal weight chart,260,0,-19,Low,B1-chart,navigational,,discard,navigational,na,
good diet plans to lose weight fast,210,24,-19,High,B1-chart,informational,,discard,offtopic,na,KWP group variants: best diet plans for quick weight loss; great diet plans to lose weight fast
weight v height,210,0,-35,Low,B1-chart,informational,,discard,offtopic,na,
diet plan to reduce body fat percentage,210,-47,-88,Low,B3-bodyfat,informational,,discard,offtopic,na,
body recomposition female calculator,170,-19,143,Low,B3-bodyfat,informational,,discard,offtopic,na,
weight range for height,170,0,-19,Low,B1-chart,informational,,discard,offtopic,na,
measurement of body weight,170,21,0,Medium,B3-bodyfat,informational,,discard,offtopic,na,
workout calculator for weight loss,140,-36,-57,Low,B3-bodyfat,informational,,discard,offtopic,na,KWP group variants: exercise calculator for weight loss; exercise and weight loss calculator
weight acc to height in kg,140,21,89,Low,B1-chart,informational,,discard,offtopic,na,KWP group variants: weight according to height in kgs
body weight male,140,22,0,High,B1-chart,informational,,discard,offtopic,na,KWP group variants: body weight for male
normal body weight kg,140,-18,-18,Low,B1-chart,informational,,discard,offtopic,na,
weight 6,140,52,129,Low,B2-population,informational,,discard,offtopic,na,
target heart rate for fat burning calculator,140,0,-21,Low,B3-bodyfat,informational,,discard,offtopic,na,
target heart rate for fat loss calculator,140,-18,-57,Low,B3-bodyfat,informational,,discard,offtopic,na,
good diet plans to lose belly fat,110,29,-36,High,B1-chart,informational,,discard,offtopic,na,KWP group variants: healthy diet plans to lose belly fat
weight index male,110,22,-35,Low,B1-chart,informational,,discard,offtopic,na,
recomp calorie calculator,110,0,100,Low,B3-bodyfat,informational,,discard,offtopic,na,
good diet plans for men,110,0,-36,High,B1-chart,informational,,discard,offtopic,na,
how does bioelectrical impedance work,110,80,29,Low,B3-bodyfat,informational,,discard,offtopic,na,KWP group variants: how does bioelectrical impedance analysis work
fat loss muscle gain calculator,110,0,-18,Medium,B3-bodyfat,informational,,discard,offtopic,na,KWP group variants: fat loss and muscle gain calculator
weight index female,110,22,-21,Low,B1-chart,informational,,discard,offtopic,na,KWP group variants: weight index for women
height for women,110,-35,0,Low,B2-population,informational,,discard,offtopic,na,
36 26 36 body figure,90,-18,29,Low,B3-bodyfat,informational,,discard,offtopic,na,
recomp macro calculator,90,22,57,Low,B3-bodyfat,informational,,discard,offtopic,na,
a normal diet plan to lose weight,90,0,-50,High,B1-chart,informational,,discard,offtopic,na,KWP group variants: a healthy eating plan to lose weight
the best diet plans to lose weight,70,25,-44,High,B1-chart,informational,,discard,offtopic,na,
weight chart mayo clinic,70,40,-50,Low,B1-chart,navigational,,discard,navigational,na,
macro calculator body recomp,50,0,75,Low,B3-bodyfat,informational,,discard,offtopic,na,
how accurate is inbody scan for body fat,50,-86,-50,Low,B3-bodyfat,navigational,,discard,navigational,na,
weight for your height,50,0,-29,Low,B1-chart,informational,,discard,offtopic,na,
healthy weight loss diet chart,50,0,-67,High,B1-chart,informational,,discard,offtopic,na,KWP group variants: healthy diet plan to reduce weight; normal diet plan to lose weight
how accurate is inbody machine,50,-29,0,Low,B3-bodyfat,navigational,,discard,navigational,na,
calculate macros for body recomposition,50,-22,133,Medium,B3-bodyfat,informational,,discard,offtopic,na,KWP group variants: calculating macros for body recomposition
body percentage men,40,0,0,Low,B3-bodyfat,informational,,discard,offtopic,na,
best diet plans for men,40,-50,-86,High,B1-chart,informational,,discard,offtopic,na,
mayo clinic ideal weight calculator,40,-67,-80,Low,B1-chart,navigational,,discard,navigational,na,
omni calculator body fat,40,-25,50,Low,B3-bodyfat,navigational,,discard,navigational,na,
calculator net body fat,40,-43,-20,Low,B3-bodyfat,navigational,,discard,navigational,na,
calorie calculator body recomp,40,-40,-25,Low,B3-bodyfat,informational,,discard,offtopic,na,
good diet chart for weight loss,40,-25,-57,High,B1-chart,informational,,discard,offtopic,na,KWP group variants: balanced diet chart to lose weight
weight compared to height,40,50,-40,Low,B1-chart,informational,,discard,offtopic,na,
body recomp calories calculator,40,67,67,Low,B3-bodyfat,informational,,discard,offtopic,na,
how accurate is the inbody test,40,100,33,Low,B3-bodyfat,navigational,,discard,navigational,na,
omni navy body fat calculator,40,143,750,Low,B3-bodyfat,navigational,,discard,navigational,na,
how does garmin scale measure body fat,40,33,33,Low,B3-bodyfat,navigational,,discard,navigational,na,
diet chart for weight gain,40,0,-60,High,B1-chart,informational,,discard,offtopic,na,
macro calculator for recomp,40,25,400,Low,B3-bodyfat,informational,,discard,offtopic,na,
male standard weight,30,0,-50,Low,B2-population,informational,,discard,offtopic,na,
perfect weight loss diet plan,30,0,-33,High,B1-chart,informational,,discard,offtopic,na,
weight for each height,30,0,-43,Low,B1-chart,informational,,discard,offtopic,na,
how does withings measure body fat,30,-57,0,Low,B3-bodyfat,navigational,,discard,navigational,na,
medium weight women,30,-50,-67,Low,B2-population,informational,,discard,offtopic,na,
if your 5 how much should weigh,30,100,-50,Low,B2-population,informational,,discard,offtopic,na,
body weight test,30,100,-33,Low,B3-bodyfat,informational,,discard,offtopic,na,
standard height for women,30,33,33,Low,B2-population,informational,,discard,offtopic,na,KWP group variants: standard height of a woman
man weight according to height,30,33,33,Low,B1-chart,informational,,discard,offtopic,na,KWP group variants: weight according to height for men; weight according to height male
mayo clinic height weight chart,30,0,33,Low,B1-chart,navigational,,discard,navigational,na,
best vegetarian diet chart for weight loss,30,100,0,High,B1-chart,informational,,discard,offtopic,na,
how accurate is the weight watchers scale,30,67,67,Low,B3-bodyfat,navigational,,discard,navigational,na,
how accurate are inbody scales,30,-25,50,Low,B3-bodyfat,navigational,,discard,navigational,na,
suggested weight for men,30,0,0,Low,B2-population,informational,,discard,offtopic,na,
ww healthy weight range,30,-33,-33,Low,B1-chart,navigational,,discard,navigational,na,KWP group variants: weight watchers healthy weight range; healthy weight range weight watchers
body fat comparison chart,30,-33,-50,Low,B3-bodyfat,informational,,discard,offtopic,na,
body fat calculator omni,30,-50,-50,Low,B3-bodyfat,navigational,,discard,navigational,na,
weight according age,30,-33,-60,Low,B1-chart,informational,,discard,offtopic,na,
bmi for age cdc,30,-33,0,Low,B1-chart,navigational,,discard,navigational,na,
men standard weight,30,0,-25,Low,B2-population,informational,,discard,offtopic,na,
how does renpho scale measure protein,30,0,-25,Low,B3-bodyfat,navigational,,discard,navigational,na,
healthy daily diet plan to lose weight,30,50,200,High,B1-chart,informational,,discard,offtopic,na,
how does renpho measure protein,20,-50,-50,Low,B3-bodyfat,navigational,,discard,navigational,na,
macro calculator recomp,20,200,50,Low,B3-bodyfat,informational,,discard,offtopic,na,
calorie calculator for recomp,20,-33,0,Low,B3-bodyfat,informational,,discard,offtopic,na,
height comparison and weight,20,-33,-33,Low,B1-chart,informational,,discard,offtopic,na,
weight watchers weight chart for women,20,-50,-50,Low,B1-chart,navigational,,discard,navigational,na,
body recomposition calorie deficit calculator,20,-67,-67,Low,B3-bodyfat,informational,,discard,offtopic,na,
weight according to height female,20,-67,0,Low,B1-chart,informational,,discard,offtopic,na,KWP group variants: weight according to height for women
age weight ratio,20,0,-33,Low,B1-chart,informational,,discard,offtopic,na,
how accurate is inbody scale,20,0,-50,Low,B3-bodyfat,navigational,,discard,navigational,na,
cdc bmi for age chart,20,0,-50,Low,B1-chart,navigational,,discard,navigational,na,
female standard weight,20,0,-50,Low,B1-chart,informational,,discard,offtopic,na,KWP group variants: standard weight female
best diet plans free,20,0,-50,High,B1-chart,informational,,discard,offtopic,na,
body weight range for height,20,0,-50,Low,B1-chart,informational,,discard,offtopic,na,
gaining weight mid 20s,20,0,0,Low,B2-population,informational,,discard,offtopic,na,
nasm bmi calculator,20,0,0,Low,B3-bodyfat,navigational,,discard,navigational,na,
body recomposition calculator free,20,0,0,Low,B3-bodyfat,informational,,discard,offtopic,na,
body recomp diet calculator,20,0,0,Low,B3-bodyfat,informational,,discard,offtopic,na,KWP group variants: body recomposition diet calculator
man weight according to age,20,0,0,Low,B1-chart,informational,,discard,offtopic,na,
cdc healthy weight chart,20,100,100,Low,B1-chart,navigational,,discard,navigational,na,
how does renpho calculate bmr,20,100,0,Low,B3-bodyfat,navigational,,discard,navigational,na,
average weight range,20,50,50,Low,B1-chart,informational,,discard,offtopic,na,
smart bmi calculator by age,20,600,600,Low,B1-chart,navigational,,discard,navigational,na,
mayo clinic body fat percentage chart,10,-100,-100,Unknown,B1-chart,navigational,,discard,navigational,na,KWP group variants: body mass and body weight
fitbit body fat calculator,10,-100,-100,Unknown,B3-bodyfat,navigational,,discard,navigational,na,
natural lifestyle diet chart for weight loss,10,∞,∞,Medium,B1-chart,informational,,discard,offtopic,na,
healthy diet chart to lose belly fat,10,∞,∞,High,B1-chart,informational,,discard,offtopic,na,
best diet plan to lower body fat percentage,10,∞,∞,Low,B3-bodyfat,informational,,discard,offtopic,na,
how to reduce fat percentage of body,10,∞,∞,High,B1-chart,informational,,discard,offtopic,na,KWP group variants: diet chart for female to lose belly fat
diet chart for fat loss for female,10,∞,∞,High,B1-chart,informational,,discard,offtopic,na,
how does fitbit measure body fat,10,∞,∞,Low,B3-bodyfat,navigational,,discard,navigational,na,
weight according to height in feet,10,∞,∞,Low,B1-chart,informational,,discard,offtopic,na,
20 age height and weight chart,10,∞,∞,Low,B1-chart,informational,,discard,offtopic,na,KWP group variants: diet chart for belly fat loss female
height according age,10,∞,∞,Low,B1-chart,informational,,discard,offtopic,na,
keto body fat percentage calculator,10,∞,∞,Low,B3-bodyfat,informational,,discard,offtopic,na,
balanced diet chart for weight loss for female,10,∞,0,Medium,B1-chart,informational,,discard,offtopic,na,
daily diet food chart for weight loss,10,∞,∞,Low,B1-chart,informational,,discard,offtopic,na,
body mass index chart 2022,10,∞,∞,Low,B1-chart,informational,,discard,offtopic,na,KWP group variants: fat loss diet chart for female
weight by height kg,10,∞,∞,Low,B1-chart,informational,,discard,offtopic,na,
ladies weight and height chart,10,∞,∞,Low,B1-chart,navigational,,discard,navigational,na,KWP group variants: average weight for height in kg calculator; how does tanita measure body fat
weight according to height in female,10,∞,∞,Low,B1-chart,informational,,discard,offtopic,na,
calculate body fat with weight and height,10,∞,∞,Low,B1-chart,informational,,discard,offtopic,na,KWP group variants: weekly diet chart for weight loss for female
ideal body weight calculator mayo clinic,10,∞,0,Low,B1-chart,navigational,,discard,navigational,na,
diet and fitness today body fat calculator,10,∞,0,Low,B3-bodyfat,informational,,discard,offtopic,na,
healthy diet chart for women's weight loss,10,∞,0,Medium,B1-chart,informational,,discard,offtopic,na,
actual weight according to height,10,∞,0,Low,B1-chart,informational,,discard,offtopic,na,
target weight based on height,10,∞,0,Low,B1-chart,informational,,discard,offtopic,na,
bmi chart women nhs,10,∞,0,Low,B1-chart,navigational,,discard,navigational,na,KWP group variants: nhs bmi chart female; childhood obesity trends in the us; rmr body fat calculator
weight kg according to height,10,∞,0,Low,B1-chart,informational,,discard,offtopic,na,KWP group variants: weight in kilos according to height
recommended weight male,10,∞,0,Low,B2-population,informational,,discard,offtopic,na,
my weight according to my height,10,∞,0,Low,B1-chart,informational,,discard,offtopic,na,
average weight watchers points for a man,10,∞,0,Low,B2-population,navigational,,discard,navigational,na,
recommended weight for women's height,10,∞,0,Low,B1-chart,informational,,discard,offtopic,na,
at the age of 20 what should i weigh,10,∞,0,Low,B1-chart,informational,,discard,offtopic,na,
average weight for canadian female,10,∞,0,Low,B2-population,informational,,discard,offtopic,na,KWP group variants: body recomposition female macros calculator
weight ratio according to height,10,∞,0,Low,B1-chart,informational,,discard,offtopic,na,
30 age woman weight,10,∞,0,Low,B2-population,informational,,discard,offtopic,na,
weight according to height for male,10,∞,0,Low,B1-chart,informational,,discard,offtopic,na,
healthy diet plan to maintain weight,10,∞,-50,Low,B1-chart,informational,,discard,offtopic,na,
weight watchers healthy weight range chart,10,400,400,Low,B1-chart,navigational,,discard,navigational,na,
calculator net body fat percentage,10,200,200,Low,B3-bodyfat,navigational,,discard,navigational,na,
mayo clinic weight chart for women,10,100,100,Low,B1-chart,navigational,,discard,navigational,na,
correct weight for height men,10,100,100,Low,B1-chart,navigational,,discard,navigational,na,KWP group variants: ideal weight chart mayo clinic; mayo clinic ideal weight chart
recomp diet calculator,10,100,100,Low,B3-bodyfat,informational,,discard,offtopic,na,
normal protein percentage in body,10,100,100,Low,B3-bodyfat,informational,,discard,offtopic,na,
women weight according to height,10,100,0,Low,B1-chart,informational,,discard,offtopic,na,
measurement for body weight,10,0,∞,High,B3-bodyfat,informational,,discard,offtopic,na,
how is bioelectrical impedance measured,10,0,∞,Low,B3-bodyfat,informational,,discard,offtopic,na,
average weight for 5ft female in kg,10,0,∞,Low,B2-population,navigational,,discard,navigational,na,KWP group variants: how does fitbit calculate body fat percentage
weight according to age male,10,0,∞,Low,B1-chart,informational,,discard,offtopic,na,
how to calculate body fat percentage nhs,10,0,0,Unknown,B3-bodyfat,navigational,,discard,navigational,na,
weight according to height in cm,10,0,∞,Low,B1-chart,informational,,discard,offtopic,na,
my height is 156cm how much should i weight,10,0,∞,Low,B2-population,informational,,discard,offtopic,na,
recomping calculator,10,0,∞,Low,B3-bodyfat,informational,,discard,offtopic,na,
standard body fat for female,10,0,0,Unknown,B1-chart,informational,,discard,offtopic,na,KWP group variants: diet for weight loss for female chart; height weight chart in kg calculator; bmi bmr and body fat calculator weight tracker; healthy fat range for females
weight measure according to height,10,0,0,Unknown,B1-chart,informational,,discard,offtopic,na,
weight watchers women's weight chart for over 50,10,0,0,Unknown,B1-chart,navigational,,discard,navigational,na,
standard weight according to height,10,0,0,Unknown,B1-chart,informational,,discard,offtopic,na,
body fat percentage chart nhs,10,0,0,Unknown,B3-bodyfat,navigational,,discard,navigational,na,
check weight according to height,10,0,0,Unknown,B1-chart,informational,,discard,offtopic,na,
healthy diet chart for indian women's weight loss,10,0,0,Unknown,B1-chart,informational,,discard,offtopic,na,
bmi machine online,10,0,0,Unknown,B1-chart,informational,,discard,offtopic,na,KWP group variants: best diet chart for lose weight; bmi height weight chart in kg; body mass index bmi indicates normal weight; body fat yang normal; herbalife body fat calculator
bmi calculator kg online,10,0,0,Unknown,B1-chart,informational,,discard,offtopic,na,KWP group variants: best diet chart for weight loss for female; 160cm height weight chart; 5.10 feet in cm height weight chart; a perfect weight loss diet plan; diet chart for weight loss for female age 20; health chart height and weight in kg; healthy diet chart for weight loss for female; healthy weight for age and height in kg; height according to age chart; height age and weight chart in kg; ideal height weight chart for indian female; optimal weight for height cm; weight chart with height in kg; most obese state in america 2022; my height is 160 how much should i weigh; obesity rate in california 2021; perfect weight for 188cm male; army body fat standards 2021 female; how to know fat percentage in our body; how to measure body score; normal body fat percentage asian; the ratio of the body fat to lean body mass
weight of male according to height,10,0,0,Unknown,B1-chart,informational,,discard,offtopic,na,KWP group variants: a perfect diet chart for weight loss; diet chart for weight loss for female at home
according age weight chart,10,0,0,Unknown,B1-chart,navigational,,discard,navigational,na,KWP group variants: age weight and height chart female; bmi calculator cm and kg age; obesity rate in america 2022 cdc; obesity percentage in america 2022
obesity statistics in america 2021,10,0,0,Unknown,B1-chart,informational,,discard,offtopic,na,KWP group variants: easy diet chart for weight loss for female
age according height,10,0,0,Unknown,B1-chart,informational,,discard,offtopic,na,KWP group variants: best food chart for weight gain; body weight according to height and age chart; female weight and height chart in kg; healthy diet chart for weight loss indian; healthy weight for guys based on height; height in weight kg; height weight chart 2022; height wise weight for female; ideal height weight chart kg; men's bmi chart 2022; right weight according to age and height; california obesity rate 2022; massachusetts obesity rates by town; obesity rates in us 2022; how to work out body fat loss percentage; the most accurate method of measuring body fat is
diet chart for weight loss for women,10,0,0,Unknown,B1-chart,informational,,discard,offtopic,na,
diet chart for belly fat loss for female,10,0,0,Unknown,B1-chart,informational,,discard,offtopic,na,
low calorie diet chart,10,0,0,High,B1-chart,informational,,discard,offtopic,na,KWP group variants: check body fat percentage at home; measuring body fat with electricity
weight needed for height in kg,10,0,0,Unknown,B1-chart,informational,,discard,offtopic,na,
printable bmi chart nhs,10,0,0,Unknown,B1-chart,navigational,,discard,navigational,na,KWP group variants: 152cm height weight chart; best diet chart to reduce belly fat; bmi table in kg and feet; diet chart for weight loss for female in 30 days; female weight according to height and age in kg; height weight chart men's health kg; weight as per height and age for female; women's bmi calculator 2022; work out ideal weight for height; your childs height and weight; america overweight rate 2022; average weight for 178cm woman; california obesity rate 2021; incidence rate of obesity in the us; required weight as per age; how accurate are boots body fat scales; how to beat a body fat machine; how work out body fat
men's bmi chart kg,10,0,0,Unknown,B1-chart,informational,,discard,offtopic,na,KWP group variants: age height and weight chart in kg; bmi chart 2021 female; bmi chart women 2021; bmi who growth chart; healthy diet chart for weight loss for male; height and weight ratio with age; ideal weight according to age and height in kg; weight according to height in kg chart; weight against height in kg; average weight for 5ft 6 female in stone; obesity rate in the us 2021; obesity rate in united states 2021; us obesity and overweight rate 2020; calculating body fat without calipers; how to check fat in our body; measures body fat based on height and weight
weight according to height 5.4 for female,10,0,0,Unknown,B1-chart,informational,,discard,offtopic,na,
at the age of 14 what should i weigh,10,0,0,Unknown,B2-population,informational,,discard,offtopic,na,
idle bmi range,10,0,0,Unknown,B1-chart,navigational,,discard,navigational,na,KWP group variants: 140cm height weight chart; classification table for bmi; diet chart for belly weight loss for female; diet chart for weight loss for female free; height weight chart feet kg; height with weight and age; ideal weight chart in kg by age; weight according to height kg; weight chart for women nhs; percentage of obesity in america 2022; oklahoma obesity rate 2021; body fat mass kg woman; count your body fat percentage; fat calculator in body; how do you work out body fat percentage loss
bmi cm kg age,10,0,0,Unknown,B1-chart,informational,,discard,offtopic,na,KWP group variants: 0 to 6 years height and weight chart; best dieting plan for maintaining a healthy weight; bmi chart 2022 female; female diet chart for weight loss; healthy weight for height and age in kg; height & weight chart according to age; ideal weight for women's height and age in pounds; weight by age and height in kg; weight chart for women in stones; women's bmi chart 2021; normal weight of man according to age; army percent fat estimation
healthy diet chart for fat loss,10,0,0,Unknown,B1-chart,informational,,discard,offtopic,na,
us obesity percentage 2022,10,0,0,Unknown,B1-chart,informational,,discard,offtopic,na,KWP group variants: according to age height and weight chart; average weight for 157cm woman; standard weight as per age; intermittent fasting based on your body mass index
how to work body fat percentage,10,0,0,Unknown,B3-bodyfat,navigational,,discard,navigational,na,KWP group variants: how to calculate body fat percentage fitbit
apt weight for height,10,0,0,Unknown,B1-chart,informational,,discard,offtopic,na,KWP group variants: 0 6 years height weight chart; height cm and weight chart; ideal weight for height 149 cm female; perfect body weight for male; strict diet chart for weight loss for female; veg healthy diet chart for weight gain; weight chart according to height and age for women; average weight of american woman 2022; correct weight for age 18; percent fat estimation for females army
pnp height and weight chart,10,0,0,Unknown,B1-chart,informational,,discard,offtopic,na,KWP group variants: diet chart for weight loss for female with exercise; height weight age chart male in kg; ideal weight calculator according to height and age; normal weight in kg according to height; weight calculator according to height and age in kg; how to reduce overall body fat at home
female bmi chart 2022,10,0,0,Unknown,B1-chart,informational,,discard,offtopic,na,KWP group variants: bmi calculator weight in kg and height in meters; height according weight calculator; proper diet chart for reducing belly fat; weight and height chart for female in kg; weight chart by age and height in kg; weight chart for female with height; weight loss diet chart for female in urdu; standard height and weight of male; army body fat standards 2022 male; australian body fat percentage chart; how to test body fat without calipers
weight guide by height,10,0,0,Low,B1-chart,informational,,discard,offtopic,na,
monthly weight loss tracker printable,10,0,0,High,B1-chart,informational,,discard,offtopic,na,
best diet plans to follow,10,0,0,High,B1-chart,informational,,discard,offtopic,na,KWP group variants: good diet plans to follow
my ideal weight range,10,0,0,Low,B1-chart,informational,,discard,offtopic,na,KWP group variants: healthy body weight by age; height to weight ratio in kg; diet to lower body fat percentage female
diet plan to lower body fat percentage,10,0,0,High,B3-bodyfat,informational,,discard,offtopic,na,
healthy weekly diet plan to lose weight,10,0,0,High,B1-chart,informational,,discard,offtopic,na,
healthy body weight percentage,10,0,0,Low,B3-bodyfat,informational,,discard,offtopic,na,
fat calculator for muscle gain,10,0,0,Medium,B3-bodyfat,informational,,discard,offtopic,na,
weight diagram female,10,0,0,Low,B1-chart,informational,,discard,offtopic,na,
women weight according to age,10,0,0,Low,B1-chart,informational,,discard,offtopic,na,KWP group variants: women's weight according to age
calories for body recomposition calculator,10,0,0,Medium,B3-bodyfat,informational,,discard,offtopic,na,
acceptable weight range,10,0,0,Medium,B1-chart,informational,,discard,offtopic,na,
female weight according to height,10,0,0,Low,B1-chart,informational,,discard,offtopic,na,KWP group variants: ladies weight according to height
calculate macros for recomp,10,0,0,Medium,B1-chart,informational,,discard,offtopic,na,KWP group variants: bmi calculator what should i weigh; bmi chart for obese adults; convert kg to bmi calculator; how do you reduce your waist size; how to measure body weight percentage; how to measure skin fold thickness
check your body fat,10,0,0,Medium,B1-chart,informational,,discard,offtopic,na,KWP group variants: bmi calculation women's health; bmi calculator normal weight; normal weight bmi calculator; how to measure fat loss and muscle gain; how to detect body fat percentage; how to get your body fat percentage measured
macros for body recomp calculator,10,0,0,Low,B3-bodyfat,informational,,discard,offtopic,na,
body mass counter,10,0,0,Low,B1-chart,navigational,,discard,navigational,na,KWP group variants: bmi calculator women lbs; bmi for men in kg; bmi scale male chart; healthy overweight obese chart; height to weight ratio bmi; i am 5ft 10 how much should i weigh; ideal weight for 5ft 6in female; body measurement body fat calculator; healthy amount of body fat for a woman; how accurate are fat scales; how calculate your body fat percentage; how does the weight watchers scale measure body fat; how fast lose body fat percentage; how reliable are scales that measure body fat; how to calculate fat and muscle percentage; how to know your body percentage fat; how to lose 1 percent body fat; how to lower bmi and body fat percentage; how to measure body fat with apple watch; how to take your body fat percentage; how weighing scale measure body fat
female body weight by height,10,0,0,Low,B3-bodyfat,informational,,discard,offtopic,na,
calculate body recomp calories,10,0,0,Low,B3-bodyfat,informational,,discard,offtopic,na,KWP group variants: how to calculate body fat percentage with weight and height; how to find body fat percentage with height and weight
weight range according to height,10,0,0,Low,B1-chart,informational,,discard,offtopic,na,
ideal diet plan for weight loss,10,0,0,Low,B1-chart,informational,,discard,offtopic,na,
weight for 5ft2 female,10,0,0,Low,B2-population,informational,,discard,offtopic,na,
how does tanita scale measure body fat,10,0,0,Low,B3-bodyfat,navigational,,discard,navigational,na,KWP group variants: how do you know how much body fat u have
weight range per height,10,0,0,Low,B1-chart,informational,,discard,offtopic,na,
according to my height what should be my weight,10,0,0,Low,B1-chart,informational,,discard,offtopic,na,
bmi scale kg,10,0,0,Low,B1-chart,navigational,,discard,navigational,na,KWP group variants: 5 6 weight chart female; bmi adult men; bmi calculator based on age weight and height; bmi chart by age and height; body size and weight chart; body size weight chart; for 5.6 height what is the ideal weight; ideal weight range chart; normal weight for 168cm female; percent body fat male chart; ideal weight for 6ft male in kg; normal weight for adult male; bmi calculator women waist; body fat percentage neck and waist; body measurements for body fat percentage; good body fat percentage by age; how accurate are fitdays scales; how accurate is inbody body fat; how does a scale track body fat; how does weight scale calculate body fat; how much body fat should one have; how to calculate body muscle percentage; how to calculate muscle percentage in body; how to calculate the percentage of body weight loss; how to find out muscle to fat ratio; how to lower body percentage fat; how to properly measure yourself for weight loss; how to take waist measurement for body fat; neck waist hip body fat calculator; normal bf percentage; simple body fat percentage calculator; waist size and body fat percentage
tdee for body recomposition,10,0,0,Low,B3-bodyfat,informational,,discard,offtopic,na,
how to measure body recomposition,10,0,0,Low,B3-bodyfat,informational,,discard,offtopic,na,
free diet chart for weight loss for female,10,0,0,Low,B1-chart,informational,,discard,offtopic,na,
best macro calculator for body recomposition,10,0,0,Low,B3-bodyfat,informational,,discard,offtopic,na,
average weight index,10,0,0,Low,B1-chart,informational,,discard,offtopic,na,KWP group variants: bmi using height and weight; healthy weight and body fat chart; normal range for bmi male; obesity chart female by age; army measuring body fat tape; body fat percentage calculator neck and waist; how to measure waist body fat; macro recomp calculator
recomp calories calculator,10,0,0,Low,B3-bodyfat,informational,,discard,offtopic,na,
diet plan for reducing body fat percentage,10,0,0,High,B3-bodyfat,informational,,discard,offtopic,na,
calorie calculator recomp,10,0,0,Low,B3-bodyfat,informational,,discard,offtopic,na,
how to read renpho scale results,10,0,0,Low,B3-bodyfat,navigational,,discard,navigational,na,
weight according to height women,10,0,0,Low,B1-chart,informational,,discard,offtopic,na,
healthy body weight range,10,0,0,Low,B1-chart,informational,,discard,offtopic,na,
tanita body fat percentage chart,10,0,0,Low,B3-bodyfat,navigational,,discard,navigational,na,KWP group variants: how does fat percentage scale work
how to do weight loss measurements,10,0,0,Low,B3-bodyfat,informational,,discard,offtopic,na,
waist to height ratio body fat percentage,10,0,0,Low,B1-chart,navigational,,discard,navigational,na,KWP group variants: weight watchers healthy weight chart
fat measurement chart,10,0,0,Low,B1-chart,navigational,,discard,navigational,na,KWP group variants: bmi calculator men's health; bmi chart for all ages; body weight height chart female; female body weight and height chart; female body weight height chart; healthy weight based on age; height and weight chart male age; height comparison to weight; height weight age gender chart; ideal body weight from height; lean body mass chart female; normal height and weight for male; us obesity rate 2022; ideal weight for athletes; united states obesity rate 2022; body fat calculator apple watch; body fat water muscle bone percentage chart; fitbit bmi calculator; healthy body fat mass female; how does a machine measure body fat; how to calculate body fat using bmi; how to calculate your body fat percentage without calipers; how to increase muscle percentage; lbm calculator with body fat; lean body fat percentage female; ways to estimate body fat
fat converter,10,0,0,Low,B1-chart,navigational,,discard,navigational,na,KWP group variants: 4 11 height normal weight; 4yr old height and weight; 5 3 height weight in kg; 5 4 height weight chart; 5 6 weight chart male; 5 years height and weight; 5.5 feet woman ideal weight; 52 height ideal weight; 6 feet height weight in kg; 6 height and weight chart; according to height weight chart for female; age 6 height and weight; age and weight chart women; age appropriate bmi calculator; age height and weight chart male; age to weight chart male; appropriate height and weight for age chart; best weight for my height and frame; bmi body type chart; bmi calculator according to age and gender; bmi calculator for weight in kg; bmi calculator height in cm and weight in kg; bmi calculator in m and kg; bmi calculator per age; bmi calculator using age; bmi calculator weight kg height cm; bmi calorie chart; bmi chart cdc adults; bmi chart feet and kg; bmi chart for army; bmi chart for teenage male; bmi chart graph; bmi chart kg feet; bmi chart percentage; bmi chart table; bmi chart teenage male; bmi chart to print; bmi chart with frame size; bmi cm to kg; bmi for age z score calculator; bmi for women in kg; bmi mass index table; bmi table for teenager; body composition weight and height; body mass index chart in kg and feet; body weight chart male by age; calculate weight according to height and age; cdc ideal body weight chart; detailed bmi chart; dr fuhrman height weight chart; expected weight for age; fat weight chart; female body chart weight; female lean body mass chart; good weight and height; good weight for height male; healthy bmi for 6ft man; healthy bmi for my age and height; healthy body chart; healthy body height and weight chart; healthy body weight per height; healthy body weight scale; healthy female height and weight chart; healthy male height weight chart; healthy male weight by height and age; healthy male weight kg; healthy range of weight for height; healthy weight for age and height calculator; healthy weight range by height female; healthy weight range for older adults; healthy weight range for women 5 7; height 5 6 weight in kg; height and weight chart for adult women; height and weight chart for men in kg; height and weight chart for women in pounds; height and weight chart male and female; height weight chart for male in kg; height weight chart for men in kg; height weight chart lbs woman; height weight chart male female; height weight chart male with age; height weight chart women lbs; height weight ratio chart male; human weight chart according to height and age; ideal bmr chart; ideal body weight chart by age; ideal body weight chart with age; ideal body weight for my height; ideal body weight formula for male; ideal breast size for height and weight chart calculator; ideal height and weight chart male; ideal height chart; ideal height weight chart for male; ideal ht wt chart; ideal male weight by age; ideal male weight by age and height; ideal muscular weight for height; ideal protein vegetable weight chart; ideal weight and muscle mass for height; ideal weight based on age; ideal weight by age gender and height; ideal weight calculator chart; ideal weight calculator in pounds; ideal weight chart male by age; ideal weight for 155cm female; ideal weight for 4 6 female; ideal weight for 5 2.5 female in kg; ideal weight for 5.4 height; ideal weight for asian female; ideal weight for my frame; ideal weight for my height and frame; indian female height weight chart; male weight according to height; male weight based on height; mayo clinic height weight age chart; men's height to weight ratio chart; men's normal bmi chart; normal bmi height and weight; normal male weight by height and age; normal weight for 5.5 male; normal weight for men in kg; normal weight overweight obese chart; online bmi calculator in kg and feet; overweight table; perfect bmi calculator; proportional weight to height calculator; realistic weight chart; size height and weight chart; standard height and weight for female; standard height and weight for male; standard weight per height; typical bmi range; weight and bmi chart for males; weight as per height for female; weight chart by height male; weight for height who; weight growth chart calculator; weight height age ratio calculator; weight per height female; weight range for my height; women's healthy weight chart by age; women's healthy weight range chart; women's standard weight chart; youth height weight chart; 5ft 2 ideal weight; 5ft 7 ideal weight; 5ft 9 ideal weight; at age 14 how much should i weigh; at age 16 how much should i weigh; at the age of 16 how much should i weigh; average body fat percentage by bmi; average size of female waist; average size of women's waist; average size women's waist; average waist size for women 5 8; average waist size for women cm; average waist size for women in cm; average weight and bmi for female; average weight for 183cm male; average weight for a healthy woman; average weight of healthy woman; detroit obesity rate; growing obesity rates in america; high obesity rates in america; ideal weight 164cm female; ideal weight for 5ft 9inch male; morbidly obese percentage usa; my normal weight calculator; normal weight for each age; normal weight for man in kg; normal weight for men and women; normal weight for women in kg; normal weight range calculator; obesity and health care costs in america; obesity rate in america 1980; obesity rate in america over the past 10 years; percent obese in usa; standard human weight; us obesity rate 2020; us state obesity ranking; waist size average woman; 10 body fat weight calculator; 22.8 bmi body fat percentage; 3 skin fold calculator; 3 ways to measure body fat; 30 fat percentage female; 4 point body fat calculator; 4 point caliper body fat calculator; 7 fold body fat calculator; 7 skin fold calculator; 7 skinfold body fat calculator; accumeasure how to use; ace fitness body fat percentage; army body measurements; army navy body fat calculator; asian body fat calculator; asian body fat percentage chart; average fat mass; average fat percentage male by age; average visceral fat percentage; belly fat percentage chart; best body fat percentage for male; bf caliper calculator; bf weight calculator; bmi measure body composition; bmi measures body fat; bmi weight loss percentage calculator; bmr based on body fat percentage; body bmi machine; body composition bmi calculator; body composition male; body fat 28 percent female; body fat 30 male; body fat analysis calculator; body fat burn calculator; body fat by waist size; body fat calculator body measurements; body fat calculator caliper 7 site; body fat calculator inches; body fat calculator muscle mass; body fat calculator navy formula; body fat calculator neck; body fat calculator net; body fat caliper 3 point; body fat caliper chart female; body fat distribution calculator; body fat measurement online; body fat metric; body fat percentage calculator caliper 3 site; body fat percentage calculator height and weight; body fat percentage calculator no measurements; body fat percentage calculator teenager; body fat percentage calculator weight and height; body fat percentage for figure competitors; body fat pounds calculator; body fat rate chart; body fat skinfold chart; body fat to muscle mass ratio; body fat to pounds calculator; body mass composition calculator; body tape calculator; body weight and fat percentage chart; body weight army calculator; body weight loss calculator percentage; body weight to fat ratio; calculate body fat percentage without measurements; calculate body fat using measurements; calculate how much body fat to lose; calculate ideal weight by body fat percentage; calculate muscle percentage; calculate rmr with body fat percentage; caliper fat measurement calculator; calorie calculator with fat percentage; calorie deficit calculator body fat; comprehensive body fat calculator; desired fat percentage chart; detailed body fat calculator; essential body fat for females; fat and muscle mass calculator; fat composition calculator; fat free body weight percentage; fat free weight calculator; fat level chart; fat mass chart; fat pinch test with calipers; formula to lose body fat; free fat body weight; free mass index; freedieting body fat calculator; full body fat calculator; good body fat for a woman; google body fat calculator; healthy body fat and muscle percentage; healthy body fat percentage by age and gender; healthy body fat ranges for adults; healthy fat calculator; how accurate are bf scales; how accurate are bluetooth scales; how accurate are bmi weight scales; how accurate are eufy scales; how accurate are handheld body fat calculators; how accurate are smart scales body fat; how accurate is bioimpedance; how accurate is body fat calipers; how accurate is body fat measurement; how accurate is tape measure body fat; how accurate is the army body fat calculator; how accurate is weight watchers scale body fat; how accurate is yunmai body fat; how can a scale measure water weight; how can a scale tell body fat; how do body fat analyzers work; how do handheld bmi machines work; how do scales measure bmr; how do scales measure body water; how do scales measure water weight; how do smart scales measure bmr; how do u know your body fat; how does body fat measurement work; how does eufy scale measure body fat; how does fitbit calculate body fat; how does fitbit scale calculate body fat; how does withings calculate body fat; how estimate body fat; how fast can you lower your body fat percentage; how low can women's body fat go; how lower fat percentage; how much body fat is ideal; how much is 4 body fat; how much is healthy body fat; how much is ideal body fat percentage; how much should be body fat percentage; how to calculate body fat and muscle percentage; how to calculate body fat percentage calculator; how to calculate body fat percentage caliper; how to calculate body fat percentage skinfold calipers; how to calculate body fat percentage with measuring tape; how to calculate body fat percentage without measurements; how to calculate body fat with measuring tape; how to calculate body fat with neck and waist; how to calculate body fat with tape measure; how to calculate caliper body fat; how to calculate estimated body fat; how to calculate fat content; how to calculate loss of body fat percentage; how to calculate my percentage of body fat; how to calculate skeletal muscle percentage; how to calculate total fat percentage; how to check bmi with measuring tape; how to check muscle percentage; how to count your body fat percentage; how to cut to 10 percent body fat; how to decrease body fat percentage reddit; how to determine your body composition; how to do caliper body fat; how to do skinfold test without calipers; how to estimate body fat percentage female; how to find body fat mass; how to find body percentage fat; how to find out the body fat percentage; how to get 1 percent body fat; how to get 14 body fat; how to get 2 body fat; how to get 20 body fat female; how to get 9 percent body fat; how to get body fat percentage down fast; how to get down to 15 percent body fat; how to get down to 8 body fat; how to get low body fat percentage reddit; how to get lower body fat percentage reddit; how to get to 11 body fat; how to get to 9 percent body fat; how to go from 14 body fat to 10; how to go from 17 body fat to 10; how to go from 30 body fat to 10; how to have 0 body fat; how to have a low body fat; how to identify body fat; how to know what is your body fat percentage; how to know you fat percentage; how to lose one percent body fat; how to lose overall body fat at home; how to lose weight in your waist and hips; how to lower body fat percentage female reddit; how to lower my body fat percentage fast; how to make waist and hips smaller; how to measure bmi with calipers; how to measure body fat calculator; how to measure body fat percentage at home without calipers; how to measure body fat percentage using calipers; how to measure body fat using tape; how to measure body muscle; how to measure caliper body fat; how to measure skinfolds without calipers; how to measure stomach and waist; how to measure waist on fat person; how to measure waist when overweight; how to measure weight loss with a tape; how to measure your bmi with a tape measure; how to read a body fat scale; how to read body fat scale; how to reduce waist and hip size; how to take body fat measurements with calipers; how to take measurements for body fat; how to take measurements of body for weight loss; how to take proper body measurements for weight loss; how to use a skin caliper; how to use accu measure body fat calipers; how to use bioelectrical impedance analysis; how to use body fat caliper on yourself; how to use skinfold calipers on yourself; how weight scale measure body fat; ideal muscle weight calculator; ideal weight calculator for athletes; know your body fat percentage; know your fat percentage; ladies body fat percentage; lean body mass calculator using body fat percentage; lean fat calculator; macro calculator based on body fat percentage; macro calculator for recomposition; macro calculator using body fat percentage; male obesity body fat percentage; measure bmi with tape; measure body fat without calipers; measuring bmi with tape measure; men's body fat percentage for abs; men's body fat picture chart; mesomorph ideal weight calculator; model body fat percentage male; most accurate body fat calculator reddit; navy seal fat calculator; normal body fat percentage calculator; normal fat body percentage; normal fat in human body; normal fat mass; normal fat mass for male; normal human fat percentage; omron body fat analyzer how to use; parillo body fat calculator; personal fat threshold calculator; reddit how to measure body fat; skin fold fat calculator; skinfold chart; skinfold test chart; sum3 body fat; tb body fat calculator; test to measure body composition; total body fat normal range; total body fat percentage chart; us navy body fat calculator formula; very well fit body fat calculator; visceral fat level normal; waist circumference body composition; waist circumference body fat calculator; waist size body fat calculator; webmd body and bmi calculator; weight loss calculator based on body fat percentage; weight loss calculator with body fat; weight to body fat percentage; your body fat percentage
ideal fat for women,10,0,0,Low,B3-bodyfat,informational,,discard,offtopic,na,KWP group variants: 3 fold body fat calculator; ideal fat for female; reverse body fat calculator; visceral fat chart male; zone diet body fat calculator
nasm body fat chart,10,0,0,Low,B1-chart,navigational,,discard,navigational,na,KWP group variants: healthy body composition chart
4 11 height weight chart,10,0,0,Low,B1-chart,informational,,discard,offtopic,na,KWP group variants: proper weight loss diet chart; best diet chart for losing weight; healthy diet chart to reduce weight; ideal diet chart for weight loss
a body mass,10,0,0,Low,B1-chart,navigational,,discard,navigational,na,KWP group variants: actual weight for height; body mass percentage chart; healthy weight for males by height and age; ideal body weight calculator for elderly; weight chart for women according to age; age 5 height and weight; 7 site skinfold calculator excel; body fat 32 percent; body fat analyzer online; body fat percentage formula using bmi; circumference measurement body fat; fat mass percentage chart; female low body fat percentage; how does a fitbit scale measure body fat; men's muscle percentage chart; weight loss and body fat percentage
10 body fat male diet,10,0,0,Low,B3-bodyfat,informational,,discard,offtopic,na,KWP group variants: how to go from 12 to 8 body fat
body weight index for females,10,0,0,Low,B1-chart,informational,,discard,offtopic,na,
belly fat percentage calculator,10,0,0,Low,B3-bodyfat,navigational,,discard,navigational,na,KWP group variants: how to calculate smart bmi
weight of man according to height,10,0,0,Low,B1-chart,informational,,discard,offtopic,na,
age weight index,10,0,0,Low,B1-chart,informational,,discard,offtopic,na,
healthy indian diet chart for weight loss,10,0,0,Low,B1-chart,informational,,discard,offtopic,na,
healthy diet food chart for weight loss,10,0,0,Low,B1-chart,informational,,discard,offtopic,na,
normal body weight by age in kg,10,0,0,Low,B1-chart,informational,,discard,offtopic,na,
how to take measurements weight loss,10,0,0,Low,B3-bodyfat,informational,,discard,offtopic,na,
mayo clinic ideal body weight chart,10,0,0,Low,B1-chart,navigational,,discard,navigational,na,
weight by age in kg,10,0,0,Low,B2-population,informational,,discard,offtopic,na,
weight should be according to height,10,0,-50,Low,B1-chart,informational,,discard,offtopic,na,
nasm body fat percentage chart,10,0,-50,Low,B3-bodyfat,navigational,,discard,navigational,na,
how to calculate heart rate for weight loss,10,0,-50,Low,B3-bodyfat,informational,,discard,offtopic,na,
body recomp calculator reddit,10,0,-50,Low,B3-bodyfat,informational,,discard,offtopic,na,
count fat percentage,10,0,-50,Low,B1-chart,navigational,,discard,navigational,na,KWP group variants: bmi calculator for females with measurements; healthy height to weight ratio male; men's average weight for age and height chart; ratio between height and weight; the proper weight for your height and age; obesity rate in america 2010; athletic body fat percentage chart; how does fitbit scale measure body fat; how does the fitbit aria measure body fat; how much is 1 percent body fat; how to lose body fat percentage reddit; navy tape measure body fat; work out fat percentage
ideal weight 188cm male,10,0,-100,Unknown,B1-chart,informational,,discard,offtopic,na,KWP group variants: best diet plans to reduce weight; healthy weight for 188cm male; ideal weight for 188cm male; omron body fat percentage chart
normal man body weight,10,0,-100,Unknown,B2-population,informational,,discard,offtopic,na,
how to do bioelectrical impedance analysis,10,0,-100,Unknown,B3-bodyfat,informational,,discard,offtopic,na,
recommended body weight for males,10,0,-100,Unknown,B1-chart,informational,,discard,offtopic,na,
women weight loss diet chart,10,0,-100,Unknown,B1-chart,informational,,discard,offtopic,na,
weight with respect to height,10,0,-100,Unknown,B1-chart,informational,,discard,offtopic,na,
female weight as per height,10,0,-100,Unknown,B1-chart,informational,,discard,offtopic,na,
how withings measure body fat,10,0,-100,Unknown,B3-bodyfat,navigational,,discard,navigational,na,
intermittent fasting body fat percentage,10,0,-100,Unknown,B3-bodyfat,informational,,discard,offtopic,na,
diet plan for maintaining a healthy weight,10,0,-100,Unknown,B1-chart,informational,,discard,offtopic,na,
perfect indian diet for weight loss,10,0,-100,Unknown,B1-chart,informational,,discard,offtopic,na,
breakfast diet chart for weight loss,10,0,-100,Unknown,B1-chart,informational,,discard,offtopic,na,KWP group variants: how to lose my body fat percentage
diet plan to reduce fat percentage,10,0,-100,Unknown,B3-bodyfat,informational,,discard,offtopic,na,
weight as per height female,10,0,-100,Unknown,B1-chart,informational,,discard,offtopic,na,
fitbit calculate body fat,10,0,-100,Unknown,B3-bodyfat,navigational,,discard,navigational,na,KWP group variants: scientific psychic body fat calculator
keto body fat calculator,10,0,-100,Unknown,B1-chart,informational,,discard,offtopic,na,KWP group variants: advisable weight for height
diet chart to maintain weight,10,0,-100,Unknown,B1-chart,informational,,discard,offtopic,na,KWP group variants: diet chart for maintaining weight
diet chart to reduce belly fat for female,10,0,-100,Unknown,B1-chart,informational,,discard,offtopic,na,
how to measure body fat fitbit,10,0,-100,Unknown,B3-bodyfat,navigational,,discard,navigational,na,
female weight according to age,10,0,-100,Unknown,B1-chart,informational,,discard,offtopic,na,
healthy bmi and body fat chart,10,0,-100,Unknown,B1-chart,informational,,discard,offtopic,na,KWP group variants: diet chart for female weight loss; weight according to height in kg for men
how does renpho calculate visceral fat,10,-50,0,Low,B3-bodyfat,navigational,,discard,navigational,na,
mayo clinic body fat calculator,10,-50,0,Low,B3-bodyfat,navigational,,discard,navigational,na,
body weight based on height,10,-50,-50,Low,B1-chart,informational,,discard,offtopic,na,
mayo clinic healthy weight chart,10,-50,-50,Low,B1-chart,navigational,,discard,navigational,na,
age according to height,10,-100,0,Unknown,B1-chart,informational,,discard,offtopic,na,
how do i workout my body fat percentage,10,-100,0,Unknown,B3-bodyfat,informational,,discard,offtopic,na,
list of weight according to height,10,-100,0,Unknown,B1-chart,informational,,discard,offtopic,na,
weight according to age female,10,-100,0,Unknown,B1-chart,informational,,discard,offtopic,na,KWP group variants: easy diet chart for weight gain
perfect diet chart for weight loss,10,-100,0,Unknown,B1-chart,informational,,discard,offtopic,na,
diet plan to lose body fat percentage,10,-100,0,Unknown,B3-bodyfat,informational,,discard,offtopic,na,
my weight according to height,10,-100,0,Unknown,B1-chart,informational,,discard,offtopic,na,
diet food chart for weight loss for female,10,-100,0,Unknown,B1-chart,informational,,discard,offtopic,na,
nhs weight chart male,10,-100,0,Unknown,B1-chart,navigational,,discard,navigational,na,
calculator net bf,10,-100,0,Unknown,B3-bodyfat,navigational,,discard,navigational,na,KWP group variants: how to check fat percentage in our body
ladies age weight chart,10,-100,0,Unknown,B1-chart,informational,,discard,offtopic,na,KWP group variants: accurate weight according to height and age; bmi chart in kg for male; bmi chart weight in kg and height in feet; female weight according to height in kg; height according weight list; height and weight chart in kg for male; ideal height weight chart in kg; ideal weight and height chart in kg; weight required for height in kg; average weight for height in stone; ideal weight of male in kg; how to work out body mass percentage; how to workout my body fat percentage; optimal body fat for health and fitness for men is
bmi chart download,10,-100,-100,Unknown,B1-chart,navigational,,discard,navigational,na,KWP group variants: army bmi chart male; bmi according to age and height; bmi calculator for fit person; bmi calculator kg with height; bmi z score chart; body fat chart female height weight; body weight chart female by age; calculate normal weight for height and age; cdc weight chart for women; female standard weight and height; female weight bmi calculator; healthy weight age calculator; healthy weight standards; ideal weight for males over 60; ideal weight for men over 60; ideal weight for senior male; weight chart for height and age female; 7 site body fat percentage calculator; body fat calculator tdee; body fat percentage bmi method; body mass index indicator calculator; calculate bmi with waist circumference; calculate healthy body fat percentage; calorie deficit to lose body fat calculator; calories calculator with body fat; fat mass index formula; female army body fat standards; how do bathroom scales measure bmi; how do you measure body fat composition; how much percent body fat is good; how to calculate muscle and fat percentage; how to calculate muscle mass from body fat percentage; how to calculate your total body fat percentage; how to check your fat percentage at home; how to figure out bmi percentage; how to lose body fat calculator; how to lower the body fat percentage; how to measure body percentage fat; how to measure your body before weight loss; how to tell body fat percentage by looking; lose body fat macros calculator; measurements to calculate body fat; national guard bmi calculator; ways to measure body fat at home
best easy diet plans,10,-100,-100,Unknown,B1-chart,informational,,discard,offtopic,na,KWP group variants: ideal weight for my height woman; weight chart for large boned woman
smart bmi test,10,-100,-100,Unknown,B3-bodyfat,navigational,,discard,navigational,na,
prt body fat calculator,10,-100,-100,Unknown,B1-chart,informational,,discard,offtopic,na,KWP group variants: the right weight for age and height
according to height what should be the weight,10,-100,-100,Unknown,B1-chart,informational,,discard,offtopic,na,
healthy food diet chart for weight loss,10,-100,-100,Unknown,B1-chart,informational,,discard,offtopic,na,
ideal protein phase 1 sheet 2020,10,-100,-100,Unknown,B1-chart,informational,,discard,offtopic,na,
inbody score formula,10,-100,-100,Unknown,B3-bodyfat,navigational,,discard,navigational,na,
how to get 14 percent body fat,10,-100,-100,Unknown,B1-chart,informational,,discard,offtopic,na,KWP group variants: simple diet chart for weight loss for female; how to estimate body fat percentage without calipers
best healthy diet chart for weight loss,10,-100,-100,Unknown,B1-chart,informational,,discard,offtopic,na,
diet plan according to weight and height,10,-100,-100,Unknown,B1-chart,informational,,discard,offtopic,na,
male weight according to age,10,-100,-100,Unknown,B1-chart,informational,,discard,offtopic,na,
comparison height and weight,10,-100,-100,Unknown,B1-chart,informational,,discard,offtopic,na,
bmi chart 2022,0,0,0,Unknown,B1-chart,navigational,,discard,navigational,na,KWP group variants: good diet plans for losing weight fast; 5.6 feet weight chart; a good bmi for me; acceptable weight range for height and age; according to height weight in kg; accurate weight according to height and age in kg; accurate weight according to height in kg; actual weight for my height and age; age according height chart; age group weight chart for seniors female; age height weight chart for female; am ia good weight for my age; am ia good weight for my height; appropriate weight for age in kg; balanced diet chart to reduce belly fat; best diet chart for weight loss and muscle gain; best diet chart to gain weight faster; best diet chart to reduce weight; best weight for my height in kg; bmi according to height in kg; bmi age women's chart; bmi calculator in kg and feet with age; bmi calculator kg cm with age and gender; bmi calculator online kg and cm; bmi calculator weight kg height feet; bmi chart 2021 male; bmi chart 2022 male; bmi chart for male in kg; bmi chart for women 2022; bmi chart in kg pdf; bmi chart male 2021; bmi chart men stone; body weight chart as per height and age; body weight chart in kg according to age; check your weight according to height; correct weight for height female in kg; correct weight for men's height; diet chart for fast weight loss for female; diet chart for fat loss female; diet chart for female for weight loss; diet chart for losing weight for female; diet chart for reduce belly fat for female; diet chart for tummy fat loss for female; diet chart for weight loss for female age 23; diet chart for weight loss for female in 2 months; diet chart for weight loss for female in english; diet chart for weight loss for female in one week; diet chart for weight loss for female with time; diet chart for weight loss for students; diet chart for weight loss for teenager; diet chart for weight loss for working female; diet food chart for weight gain; dinner diet chart for weight loss; exercise chart for weight loss for female; female bmi chart 2021; finding my bmi female; gym diet chart for weight loss for female; gym diet chart weight gain; healthy diet chart for female weight loss; healthy diet chart for indian family for weight gain; healthy diet chart to reduce belly fat; healthy indian diet chart for weight gain; healthy vegetarian diet chart for weight gain; height and weight age chart in kg; height and weight calculator in kg and cm; height aur weight chart; height bmi chart kg; height for weight in kg; height ke hisab se weight female; height kg weight chart; height onujayi weight chart; height weight age chart for indian female; height weight calculator kg cm; height weight chart in kg for female; height wise weight chart female; ideal bmi chart for female; ideal chart of height and weight; ideal weight bmi table with age; ideal weight by age and height in kg; ideal weight chart 2022; ideal weight chart as per age and height; ideal weight chart for female in kg; ideal weight for age and height in kg; ideal weight for female according to age; ideal weight for height and age kg; ideal weight for height in kg and age; ideal weight for height in kg female; ideal weight for men's height and age in kg; ideal weight for my height in kg; ideal weight for women's height and age in kg; ideal weight in kg for height and age; ideal weight loss diet indian; ideal weight of male according to height; ladies age and weight chart; male bmi chart 2021; men's bmi chart 2021; mens bmi chart 2022; mens weight chart in kg; my ideal weight for my height in kg; nhs bmi chart to print; normal diet chart for weight loss for female; normal height according to age; normal weight for women's height kg; paediatric ideal body weight; paediatric ideal body weight calculator; perfect weight chart in kg; perfect weight kg for height; required weight according to height; right weight according to height in kg; right weight for age in kg; suitable weight according to height and age; the best weight for my height in kg; the correct weight for your age; weight according to height and age in kg for male; weight and age chart in kg; weight and height chart with age for females; weight based on height and age in kg; weight chart for females by age and height in lbs; weight chart for women 2021; weight for age and height in kg; weight for height and age in kg; weight for height and age kg; weight for men's height and age in kg; weight for your height in kg; weight gain indian food diet chart; weight index chart in kg; weight loss diet chart female; weight range for height kg; weight with height and age in kg; women's weight chart 2021; women's weight chart 2022; women's weight height size chart kg; childhood obesity statistics 2021 usa; obesity in usa 2022; 2021 obesity rate in america; 2021 us obesity rate; 2022 obesity statistics us; america obesity percentage 2022; america's obesity rate 2021; american obesity statistics 2022; annual medical cost of obesity in the united states 2019; average american bmi 2022; average american woman weight 2021; average female weight 2022; average jean size female 2020; average jean size female 2022; average male weight by age 2021; average weight for 166cm woman; average weight for 176cm man; average weight loss per month for female in kg; childhood obesity rate in america 2021; correct weight for 178cm male; correct weight for age 20; current obesity rate in america 2021; current obesity rate in america 2022; healthy weight for 5ft2 female in stone; healthy weight women's health; ideal weight as per height and age in kg; ideal weight for 1.78 male; ideal weight for 179cm female in kg; ideal weight for 196cm male; massachusetts obesity rate 2021; normal weight of male in kg; obesity crisis in america 2021; obesity rate america 2021; obesity rate in america 2022 by state; obesity rate in mexico 2022; obesity rate us 2021; obesity rates in canada by province 2020; obesity rates in the us 2022; obesity statistics america 2021; obesity statistics us 2020; obesity statistics us 2021; obesity statistics us 2022; rate of obesity in america 2022; us overweight rate 2021; a measure of body composition using height and weight; appropriate body fat range for a female client; army bmi calculator 2021; army body fat standards 2021 male; body fat according to weight; body fat analyzer body fat percentage calculator; body fat circumference value chart; body fat kg calculator; body fat percentage calculator for teenage guys; check weight according to bmi; computation of fat percentage; fat in normal human body; formula for body fat percentage using calipers; four point body fat calculator; how can i measure body fat at home without calipers; how do body analyser scales work; how do i workout my body fat; how do u work out body fat; how do u work out your body fat percentage; how do you workout your body fat percentage; how to calculate fat percentage formula; how to get skinny waist and hips; how to lose body fat percentage womens health; how to make body fat free; how to make the body fat; how to reduce body fat for women's at home; how to tell how much fat you have on body; how to work out bmi percentage; how to work out body fat with calipers; how to work out body weight percentage; ideal fat mass male; kg body fat calculator; measure of body mass based on height and weight; measurement of body fat and muscle mass in the body; us army body fat standards 2022; workout how many calories i need to lose weight
v fat calculator,0,0,-100,Unknown,B1-chart,informational,,discard,offtopic,na,KWP group variants: age according height and weight; bmi calculator feet inches kg; daily diet chart for weight loss for female; fit body weight according to height; ideal weight table in kg; ideal weight with age chart; man weight according to height in kg; weight chart according to height and age for male; weight maintain diet chart; weight to height in kg; women's height and weight chart 2022; new york obesity rate 2022; measure stored body fat percentage; men's body fat for abs
anganwadi height weight chart,0, --, --,Unknown,B1-chart,informational,,discard,offtopic,na,KWP group variants: am ia normal weight for my age and height; full day diet chart for weight loss for female; height and weight index in kg; height wise weight chart for women; perfect height and weight chart in kg; normal weight for ladies in kg; how to work out how much body fat; the ratio of the body fat to lean mass
bmi calculator by age,5400,23,-45,Low,B1-chart,tool,age-bmi-calculator,primary,,auto,KWP group variants: age and bmi calculator; bmi calculator according to age; bmi calculator including age
bmi calculator kg with age,8100,0,84,Low,B1-chart,tool,age-bmi-calculator,secondary,,auto,
bmi calculator women age,5400,0,-18,Low,B1-chart,tool,age-bmi-calculator,secondary,,auto,KWP group variants: bmi calculator female by age; bmi calculator for women and age; bmi women age calculator
bmi age gender calculator,1900,24,125,Low,B1-chart,tool,age-bmi-calculator,secondary,,auto,KWP group variants: bmi calculator by age and gender; bmi calculator by gender and age
bmi calculator men with age,590,0,0,Low,B1-chart,tool,age-bmi-calculator,secondary,,auto,KWP group variants: bmi calculator for men with age; bmi calculator for males with age
bmi calculator female with age,390,22,414,Low,B1-chart,tool,age-bmi-calculator,tertiary,,auto,
age weight height calculator,390,-19,-46,Low,B1-chart,tool,age-bmi-calculator,tertiary,,auto,KWP group variants: age and height weight calculator; height and age to weight calculator; height and age weight calculator; weight calculator height and age
women's bmi calculator by age,260,0,88,Low,B1-chart,tool,age-bmi-calculator,tertiary,,auto,
age adjusted bmi calculator,90,-22,40,Low,B1-chart,tool,age-bmi-calculator,tertiary,,auto,
bmi calculator lbs with age,90,57,175,Low,B1-chart,tool,age-bmi-calculator,tertiary,,auto,
age height weight bmi calculator,70,40,40,Low,B1-chart,tool,age-bmi-calculator,tertiary,,auto,KWP group variants: age weight and height bmi calculator; bmi calculator for age height and weight; height and weight bmi calculator and age
bmi calculator age and height,70,-78,-78,Low,B1-chart,tool,age-bmi-calculator,tertiary,,auto,
bmi calculator male with age,50,40,250,Low,B1-chart,tool,age-bmi-calculator,tertiary,,auto,
calculate my bmi female with age,50,29,80,Medium,B1-chart,tool,age-bmi-calculator,tertiary,,auto,
bmi calculator age height and weight,40,-33,100,Low,B1-chart,tool,age-bmi-calculator,tertiary,,auto,
bmi calculator all ages,40,-25,0,Low,B1-chart,tool,age-bmi-calculator,tertiary,,auto,
bmi calculator by age height and weight,40,200,50,Low,B1-chart,tool,age-bmi-calculator,tertiary,,auto,
bmi calculator by height and age,30,767,2500,Low,B1-chart,tool,age-bmi-calculator,tertiary,,auto,
bmi calculate with age,20,-50,0,Low,B1-chart,tool,age-bmi-calculator,tertiary,,auto,KWP group variants: age based bmi calculator
bmi calculator by age female,20,0,-67,Low,B1-chart,tool,age-bmi-calculator,tertiary,,auto,
age related bmi calculator,20,0,0,Low,B1-chart,tool,age-bmi-calculator,tertiary,,auto,
bmi calculator weight chart for women by age and height,20,0,0,Low,B1-chart,tool,age-bmi-calculator,tertiary,,auto,
bmi calculator age gender height weight,20,0,0,Low,B1-chart,tool,age-bmi-calculator,tertiary,,auto,
bmi calculator age height weight gender,20,0,0,Low,B1-chart,tool,age-bmi-calculator,tertiary,,auto,
weight calculator based on height and age,20,0,0,Low,B1-chart,tool,age-bmi-calculator,tertiary,,auto,
bmi calculator based on age and gender,20,0,100,Low,B1-chart,tool,age-bmi-calculator,tertiary,,auto,
weight of female according to height and age,10,-100,-100,Unknown,B1-chart,tool,age-bmi-calculator,tertiary,,auto,KWP group variants: bmi calculator weight in kg height in feet
healthy weight calculator for age and height,10,∞,0,Low,B1-chart,tool,age-bmi-calculator,tertiary,,auto,
bmi calculator metric with age,10,∞,0,Low,B1-chart,tool,age-bmi-calculator,tertiary,,auto,KWP group variants: weight gain food chart for women
healthy weight for height and age calculator,10,∞,0,Low,B1-chart,tool,age-bmi-calculator,tertiary,,auto,
age and height and weight calculator,10,∞,0,Low,B1-chart,tool,age-bmi-calculator,tertiary,,auto,
bmi calculator for my age,10,100,0,Low,B1-chart,tool,age-bmi-calculator,tertiary,,auto,
bmi calculator kg with age and height,10,0,∞,Low,B1-chart,tool,age-bmi-calculator,tertiary,,auto,
bmi calculator formula with age,10,0,∞,Low,B1-chart,tool,age-bmi-calculator,tertiary,,auto,
bmi calculator age cm kg,10,0,∞,Low,B1-chart,tool,age-bmi-calculator,tertiary,,auto,
body weight calculator according to height and age,10,0,∞,Low,B1-chart,tool,age-bmi-calculator,tertiary,,auto,
online bmi calculator with age,10,0,0,Unknown,B1-chart,tool,age-bmi-calculator,tertiary,,auto,
bmi calculator kg and meter,10,0,0,Unknown,B1-chart,tool,age-bmi-calculator,tertiary,,auto,KWP group variants: weight according to height and age in kg for female
bmi calculator in kg and cm and age,10,0,0,Unknown,B1-chart,tool,age-bmi-calculator,tertiary,,auto,
bmi calculator of female,10,0,0,Unknown,B1-chart,tool,age-bmi-calculator,tertiary,,auto,KWP group variants: mens weight according to height and age
healthy bmi calculator age,10,0,0,Unknown,B1-chart,tool,age-bmi-calculator,tertiary,,auto,
bmi calculator female age chart,10,0,0,Unknown,B1-chart,tool,age-bmi-calculator,tertiary,,auto,KWP group variants: height and weight chart female in kg
bmi calculator adults age,10,0,0,Low,B1-chart,tool,age-bmi-calculator,tertiary,,auto,
bmi calculator male by age,10,0,0,Low,B1-chart,tool,age-bmi-calculator,tertiary,,auto,
bmi chart calculator by age,10,0,0,Medium,B1-chart,tool,age-bmi-calculator,tertiary,,auto,
bmi calculator for height weight and age,10,0,0,Low,B1-chart,tool,age-bmi-calculator,tertiary,,auto,
bmi calculator that includes age,10,0,0,Low,B1-chart,tool,age-bmi-calculator,tertiary,,auto,
women's height weight age calculator,10,0,0,Low,B1-chart,tool,age-bmi-calculator,tertiary,,auto,
bmi calculator kg feet and age,10,0,0,Low,B1-chart,tool,age-bmi-calculator,tertiary,,auto,
age height to weight calculator,10,0,0,Low,B1-chart,tool,age-bmi-calculator,tertiary,,auto,
bmi calculator by age male,10,0,-50,Low,B1-chart,tool,age-bmi-calculator,tertiary,,auto,
bmi index chart with age,10,0,-100,Unknown,B1-chart,tool,age-bmi-calculator,tertiary,,auto,KWP group variants: bmi calculator in kgs and cms
bmi and metabolic age calculator,10,0,-100,Unknown,B1-chart,tool,age-bmi-calculator,tertiary,,auto,
height weight age chart calculator,10,0,-100,Unknown,B1-chart,tool,age-bmi-calculator,tertiary,,auto,
age bmi calculator female,10,-50,0,Low,B1-chart,tool,age-bmi-calculator,tertiary,,auto,
body weight calculator with height and age,10,-100,0,Unknown,B1-chart,tool,age-bmi-calculator,tertiary,,auto,
bmi calculator by age chart,10,-100,-100,Unknown,B1-chart,tool,age-bmi-calculator,tertiary,,auto,
best bmi calculator with age,10,-100,-100,Unknown,B1-chart,tool,age-bmi-calculator,tertiary,,auto,
bmi calculator kg and cm with age,10,-100,-100,Unknown,B1-chart,tool,age-bmi-calculator,tertiary,,auto,
body fat calculator army,18100,-45,-55,Low,B3-bodyfat,tool,army-body-fat-calculator,primary,,auto,KWP group variants: apft body fat calculator; army body fat cal; army body fat composition calculator; army body fat percentage calculator; army calculator body fat; army fat percentage calculator; army fitness calculator body fat
army ht wt calculator,12100,-18,-18,Low,B1-chart,tool,army-body-fat-calculator,secondary,,auto,KWP group variants: height and weight chart army calculator; army height weight calculator
army bmi test,2900,-55,-64,Low,B3-bodyfat,tool,army-body-fat-calculator,secondary,,auto,KWP group variants: army bmi calculator; army body mass calculator; army body mass index calculator; bmi calculator military
army abcp calculator,1900,-54,-54,Low,B3-bodyfat,tool,army-body-fat-calculator,secondary,,auto,KWP group variants: abcp army calculator; army body comp calculator; army body composition calculator
army tape calculator,1600,-63,-80,Low,B3-bodyfat,tool,army-body-fat-calculator,secondary,,auto,KWP group variants: army tape test calculator
army bodyfat standards,1300,-64,-75,Low,B3-bodyfat,tool,army-body-fat-calculator,tertiary,,auto,
army body mass index,590,-46,-70,Low,B3-bodyfat,tool,army-body-fat-calculator,tertiary,,auto,
army body fat percentage,590,-46,-64,Low,B3-bodyfat,tool,army-body-fat-calculator,tertiary,,auto,
army fat calculator,480,-71,-76,Low,B3-bodyfat,tool,army-body-fat-calculator,tertiary,,auto,
army bf calculator,320,-34,-46,Low,B3-bodyfat,tool,army-body-fat-calculator,tertiary,,auto,
army ht and wt calculator,320,-56,-46,Low,B3-bodyfat,tool,army-body-fat-calculator,tertiary,,auto,
army body fat chart,320,-71,-93,Low,B3-bodyfat,tool,army-body-fat-calculator,tertiary,,auto,
us army body fat calculator,260,-56,-46,Low,B3-bodyfat,tool,army-body-fat-calculator,tertiary,,auto,
army body mass index standards,170,-19,21,Low,B3-bodyfat,tool,army-body-fat-calculator,tertiary,,auto,
army body weight calculator,110,-82,-73,Low,B3-bodyfat,tool,army-body-fat-calculator,tertiary,,auto,
army body calculator,90,-55,-44,Low,B3-bodyfat,tool,army-body-fat-calculator,tertiary,,auto,
army body fat percentage chart,90,-57,-67,Low,B3-bodyfat,tool,army-body-fat-calculator,tertiary,,auto,
army body composition chart,70,-60,-71,Low,B1-chart,tool,army-body-fat-calculator,tertiary,,auto,
army weight and tape calculator,50,0,-20,Low,B3-bodyfat,tool,army-body-fat-calculator,tertiary,,auto,
us army body fat standards,50,-50,-50,Low,B3-bodyfat,tool,army-body-fat-calculator,tertiary,,auto,
us army bmi calculator,50,-40,-57,Low,B3-bodyfat,tool,army-body-fat-calculator,tertiary,,auto,
acft body fat calculator,30,-50,-93,Low,B3-bodyfat,tool,army-body-fat-calculator,tertiary,,auto,
body weight calculator army,30,-75,-75,Low,B3-bodyfat,tool,army-body-fat-calculator,tertiary,,auto,
army body fat measurement,30,-50,-67,Low,B3-bodyfat,tool,army-body-fat-calculator,tertiary,,auto,
army female body fat calculator,30,-67,-75,Low,B3-bodyfat,tool,army-body-fat-calculator,tertiary,,auto,
army height and weight standards body fat,30,0,-75,Low,B1-chart,tool,army-body-fat-calculator,tertiary,,auto,
army body fat standards female,30,-50,-75,Low,B3-bodyfat,tool,army-body-fat-calculator,tertiary,,auto,
army body fat test,30,-67,-67,Low,B3-bodyfat,tool,army-body-fat-calculator,tertiary,,auto,
army height and weight measurements,30,33,100,Low,B1-chart,tool,army-body-fat-calculator,tertiary,,auto,
army body fat tape test,30,-75,-67,Low,B3-bodyfat,tool,army-body-fat-calculator,tertiary,,auto,
army body fat percentage standards,30,-67,-80,Low,B3-bodyfat,tool,army-body-fat-calculator,tertiary,,auto,
how to calculate body fat percentage army,20,50,0,Low,B3-bodyfat,tool,army-body-fat-calculator,tertiary,,auto,
army body fat formula,20,-50,-67,Low,B3-bodyfat,tool,army-body-fat-calculator,tertiary,,auto,
us army tape test calculator,20,-50,0,Low,B3-bodyfat,tool,army-body-fat-calculator,tertiary,,auto,
official army body fat calculator,20,0,-50,Low,B3-bodyfat,tool,army-body-fat-calculator,tertiary,,auto,
army body fat standards chart,20,0,-50,Low,B3-bodyfat,tool,army-body-fat-calculator,tertiary,,auto,
army body fat standards male,20,0,-75,Low,B3-bodyfat,tool,army-body-fat-calculator,tertiary,,auto,
army ht wt standards calculator,20,0,0,Low,B1-chart,tool,army-body-fat-calculator,tertiary,,auto,
army da 5500 calculator,10,0,∞,Low,B1-chart,tool,army-body-fat-calculator,tertiary,,auto,KWP group variants: bmi calculator female age height weight chart in kg; bmi chart men in kg; body fat percentage tape measure calculator; body mass index body composition; calculate lean body mass from fat percentage; how to calculate your body fat at home; how to get body fat percentage from bmi; normal body fat percentage for male and female
tape test body fat calculator,10,0,100,Low,B3-bodyfat,tool,army-body-fat-calculator,tertiary,,auto,
percent fat estimation for males army,10,0,0,Unknown,B3-bodyfat,tool,army-body-fat-calculator,tertiary,,auto,
normal bmi of human body,10,0,0,Unknown,B2-population,tool,army-body-fat-calculator,tertiary,,auto,KWP group variants: army weight and tape standards for males
army bmi calculator 2022,10,0,0,Unknown,B2-population,tool,army-body-fat-calculator,tertiary,,auto,KWP group variants: my height is 173cm how much should i weight
army body fat tape measure,10,0,0,Medium,B3-bodyfat,tool,army-body-fat-calculator,tertiary,,auto,
army bfp calculator,10,0,0,Low,B3-bodyfat,tool,army-body-fat-calculator,tertiary,,auto,
army national guard body fat calculator,10,0,0,Low,B3-bodyfat,tool,army-body-fat-calculator,tertiary,,auto,
5ft weight chart,10,0,0,Low,B1-chart,tool,army-body-fat-calculator,tertiary,,auto,KWP group variants: bmi chart weight in kg; body mass index chart weight in kg; bmi for abs female; calculate my body fat percentage army; how to decrease body fat percentage male
bf index calculator,10,0,0,Low,B3-bodyfat,tool,army-body-fat-calculator,tertiary,,auto,KWP group variants: how to calculate bmi army; how to calculate fat percentage at home; how to calculate muscle fat ratio; muscle ratio to body weight
army bmi chart female,10,0,-50,Low,B1-chart,tool,army-body-fat-calculator,tertiary,,auto,
army 550 cord body fat calculator,10,0,-100,Unknown,B3-bodyfat,tool,army-body-fat-calculator,tertiary,,auto,
american army method body fat percentage,10,0,-100,Unknown,B3-bodyfat,tool,army-body-fat-calculator,tertiary,,auto,
army body fat standards calculator,10,-50,0,Low,B3-bodyfat,tool,army-body-fat-calculator,tertiary,,auto,
jackson pollock caliper,10,-50,0,Low,B1-chart,tool,army-body-fat-calculator,tertiary,,auto,KWP group variants: normal weight loss graph; us army bmi chart; body fat percentage 35 woman; body fat percentage by waist size; how to take neck measurement for body fat
army height and weight body fat chart,10,-50,-50,Low,B1-chart,tool,army-body-fat-calculator,tertiary,,auto,
army body fat calculator 2021,10,-100,0,Unknown,B3-bodyfat,tool,army-body-fat-calculator,tertiary,,auto,
army bmi tape,10,-100,-100,Unknown,B1-chart,tool,army-body-fat-calculator,tertiary,,auto,KWP group variants: right bmi calculator; weight for my height female; weight of a person according to height; average waist size female cm; calculator to lose body fat; lose belly fat calculator
normal weight scale male,10,-100,-100,Unknown,B1-chart,tool,army-body-fat-calculator,tertiary,,auto,KWP group variants: calculate ideal weight for age and height; army body fat standards 2022
army body fat calculator 2022,10,-100,-100,Unknown,B3-bodyfat,tool,army-body-fat-calculator,tertiary,,auto,
army body fat calculator accuracy,10,-100,-100,Unknown,B3-bodyfat,tool,army-body-fat-calculator,tertiary,,auto,
army body fat calculator excel,10,-100,-100,Unknown,B3-bodyfat,tool,army-body-fat-calculator,tertiary,,auto,
average height for women,110000,22,-19,Low,B2-population,informational,average-height,primary,,auto,KWP group variants: average female height
height of normal man,110000,0,-19,Low,B1-chart,informational,average-height,secondary,,auto,KWP group variants: normal height for men; average height for a man
average height for american women,60500,0,0,Low,B2-population,informational,average-height,secondary,,auto,
average heights by age,1900,-16,-33,Low,B1-chart,informational,average-height,secondary,,auto,
normal height for women,390,0,-18,Low,B2-population,informational,average-height,secondary,,auto,
average height for women by age,320,0,-56,Low,B2-population,informational,average-height,tertiary,,auto,
average height for women 2022,10,∞,0,Low,B2-population,informational,average-height,tertiary,,auto,
average weight for men,9900,22,-18,Low,B2-population,informational,average-weight,primary,,auto,KWP group variants: average male weight
average weight 5 4 woman,12100,0,-18,Low,B2-population,informational,average-weight,secondary,,auto,KWP group variants: average weight 5 4 female
average weight 5 7 female,8100,0,-19,Low,B2-population,informational,average-weight,secondary,,auto,KWP group variants: average weight for 5 7 woman
average weight for 5 9 male,8100,0,-33,Low,B2-population,informational,average-weight,secondary,,auto,
average weight 5 5 female,8100,0,0,Low,B2-population,informational,average-weight,secondary,,auto,KWP group variants: average weight female 5 5; average weight for 5 5 female; average weight for a 5 5 female; average weight for a woman 5 5; average weight of 5 5 female; average weight of a 5 5 female
average male weight us,8100,0,0,Low,B2-population,informational,average-weight,tertiary,,auto,KWP group variants: average american male weight; average weight for american men; average weight for men in us
5 3 female average weight,8100,0,-19,Low,B2-population,informational,average-weight,tertiary,,auto,KWP group variants: average weight for 5 3 woman
average weight for women,8100,0,-18,Low,B2-population,informational,average-weight,tertiary,,queued,queued: one average-weight page vs separate women/men pages; KWP group variants: average female weight; normal weight for a women
average female weight 5 6,6600,0,-19,Low,B2-population,informational,average-weight,tertiary,,auto,KWP group variants: average weight for 5 6 woman
average us woman weight,6600,0,23,Low,B1-chart,informational,average-weight,tertiary,,auto,KWP group variants: average weight for american female; average weight of american female; american women average weight; average american female weight; average female weight in us; average weight for a woman in the us; average weight of us female
normal bmi for women,6600,0,0,Low,B1-chart,informational,average-weight,tertiary,,auto,KWP group variants: average body mass index female
average female waist size,4400,0,-19,Low,B2-population,informational,average-weight,tertiary,,auto,KWP group variants: average waist size for women; female average waist size
average weight for 6 1 male,4400,0,0,Low,B2-population,informational,average-weight,tertiary,,auto,
average weight for 6 2 male,4400,0,-18,Low,B2-population,informational,average-weight,tertiary,,auto,KWP group variants: average weight for a 6 2 male
average weight 5 1 female,3600,-19,-34,Low,B2-population,informational,average-weight,tertiary,,auto,KWP group variants: average weight for 5 1 woman
average size waist for a man,3600,24,0,Low,B2-population,informational,average-weight,tertiary,,auto,
average bmi,2900,0,0,Low,B2-population,informational,average-weight,tertiary,,auto,KWP group variants: average bmi index; average body mass; average body mass index
average weight 5 9 woman,2900,-17,-17,Low,B2-population,informational,average-weight,tertiary,,auto,KWP group variants: average weight 5 9 female; average weight for 5 9 female; average weight for a 5 9 female
average bmi for women,2400,0,-17,Low,B1-chart,informational,average-weight,tertiary,,auto,KWP group variants: average bmi for female; body mass index average female
average weight by height,1900,-16,-45,Low,B1-chart,informational,average-weight,tertiary,,auto,KWP group variants: average body weight for height; average weight according to height; average weight per height; normal body weight by height; normal weight as per height
average weight 5 5 male,1900,0,-21,Low,B2-population,informational,average-weight,tertiary,,auto,KWP group variants: average weight for 5 5 male; average weight for a 5 5 male
average weight for 4 11 female,1600,-19,-32,Low,B2-population,informational,average-weight,tertiary,,auto,
average height weight for women,1600,0,-16,Low,B1-chart,informational,average-weight,tertiary,,auto,KWP group variants: average height and weight for women; normal height and weight for women
average male bmi,1600,0,-32,Low,B1-chart,informational,average-weight,tertiary,,auto,KWP group variants: average bmi for men; bmi for average male
average weight 5 6,1600,0,-19,Low,B2-population,informational,average-weight,tertiary,,auto,
normal height and weight for men,1600,0,-16,Low,B1-chart,informational,average-weight,tertiary,,auto,KWP group variants: average height and weight for men
average american bmi,1600,0,-16,Low,B2-population,informational,average-weight,tertiary,,auto,
average waist size,1300,60,0,Low,B2-population,informational,average-weight,tertiary,,auto,
average weight for women 5 0,1300,0,-38,Low,B2-population,informational,average-weight,tertiary,,auto,
average weight for 5 10,1300,0,-19,Low,B2-population,informational,average-weight,tertiary,,auto,
average weight for 5 5,1300,0,-38,Low,B2-population,informational,average-weight,tertiary,,auto,
average weight 6ft male,1000,0,-12,Low,B2-population,informational,average-weight,tertiary,,auto,
average weight by age,1000,0,-32,Low,B1-chart,informational,average-weight,tertiary,,auto,KWP group variants: average height weight by age; normal body weight by age; average body weight by age; average weight per age
average weight for a 6 3 male,1000,0,-12,Low,B2-population,informational,average-weight,tertiary,,auto,
5 foot woman average weight,1000,0,0,Low,B2-population,informational,average-weight,tertiary,,auto,KWP group variants: average weight for 5 foot female; average weight for 5ft female
average weight for 6 0 male,1000,0,-32,Low,B2-population,informational,average-weight,tertiary,,auto,
male body weight by height,880,-18,-41,Low,B1-chart,informational,average-weight,tertiary,,auto,KWP group variants: average male body weight by height; average male weight by height; average weight for men by height; average weight per height male
average weight for 5 6 man,880,0,-18,Low,B2-population,informational,average-weight,tertiary,,auto,
normal bmi for men,880,22,0,Low,B1-chart,informational,average-weight,tertiary,,auto,KWP group variants: average bmi for male; average body mass index male
average weight for 5 11 female,880,0,0,Low,B2-population,informational,average-weight,tertiary,,auto,
average weight for a 6 foot male,720,0,0,Low,B2-population,informational,average-weight,tertiary,,auto,
average weight for 5 11,720,0,-18,Low,B2-population,informational,average-weight,tertiary,,auto,
average body weight calculator,720,-19,-45,Low,B2-population,informational,average-weight,tertiary,,auto,
average height and weight american woman,720,14,39,Low,B2-population,informational,average-weight,tertiary,,auto,
average weight for 5 10 woman,590,-19,-33,Low,B2-population,informational,average-weight,tertiary,,auto,
average weight 5 3,480,23,-19,Low,B2-population,informational,average-weight,tertiary,,auto,
average height and weight,480,23,51,Low,B1-chart,informational,average-weight,tertiary,,auto,
average weight for 5 3 male,480,0,-34,Low,B2-population,informational,average-weight,tertiary,,auto,
average weight for 5 female,480,0,-19,Low,B2-population,informational,average-weight,tertiary,,auto,
average adult female weight,480,0,-19,Low,B2-population,informational,average-weight,tertiary,,auto,
average us woman height and weight,480,-18,125,Low,B2-population,informational,average-weight,tertiary,,auto,KWP group variants: average american woman height and weight
average weight for 5 5 woman,390,0,0,Low,B2-population,informational,average-weight,tertiary,,auto,
average weight age and height,390,-18,-33,Low,B1-chart,informational,average-weight,tertiary,,auto,KWP group variants: average weight per age and height; body weight by age and height; body weight with height and age; normal body weight and height by age; normal height and weight by age
average weight for 6ft,390,-18,-33,Low,B2-population,informational,average-weight,tertiary,,auto,
average female weight by height,320,0,-33,Low,B1-chart,informational,average-weight,tertiary,,auto,KWP group variants: average weight per height female
average weight chart,320,-19,-56,Low,B1-chart,informational,average-weight,tertiary,,auto,KWP group variants: average body weight chart; normal body weight chart
average weight for 6ft female,320,-18,0,Low,B2-population,informational,average-weight,tertiary,,auto,
average female weight kg,320,0,-47,Low,B2-population,informational,average-weight,tertiary,,auto,KWP group variants: average weight for women in kg
average 5 2 female weight,320,0,0,Low,B2-population,informational,average-weight,tertiary,,auto,
average height to weight chart,320,23,-18,Low,B1-chart,informational,average-weight,tertiary,,auto,KWP group variants: average height and weight chart
average weight for a 5 1 male,260,0,-19,Low,B2-population,informational,average-weight,tertiary,,auto,
average body weight for male,260,-35,-19,Low,B1-chart,informational,average-weight,tertiary,,auto,
average height and weight of american male,210,24,24,Low,B2-population,informational,average-weight,tertiary,,auto,
average bmi by country,210,0,-19,Low,B2-population,informational,average-weight,tertiary,,auto,
average waist circumference female,170,0,0,Low,B2-population,informational,average-weight,tertiary,,auto,
average female bmi by age,170,22,-58,Low,B1-chart,informational,average-weight,tertiary,,auto,KWP group variants: average bmi for women by age
male height to weight ratio,170,-18,-33,Low,B1-chart,informational,average-weight,tertiary,,auto,KWP group variants: average height to weight ratio; human height to weight ratio
average female waistline,170,0,-18,Low,B2-population,informational,average-weight,tertiary,,auto,KWP group variants: average waist for women; average waist of a woman; average waistline for women
average man weight kg,170,0,-18,Low,B2-population,informational,average-weight,tertiary,,auto,KWP group variants: average male weight kg; average weight for men in kg; normal man weight in kg
average weight for 6 ft,140,55,0,Low,B2-population,informational,average-weight,tertiary,,auto,
average male weight by age,140,-22,-73,Low,B2-population,informational,average-weight,tertiary,,auto,KWP group variants: male average weight by age
average weight chart female,140,0,-33,Low,B1-chart,informational,average-weight,tertiary,,auto,KWP group variants: average weight chart for women
average height and weight by age,140,0,-21,Low,B1-chart,informational,average-weight,tertiary,,auto,
average bmi by state,110,-21,-35,Low,B2-population,informational,average-weight,tertiary,,auto,
average waist measurement female,110,0,0,Low,B2-population,informational,average-weight,tertiary,,auto,
average body weight female,90,0,-18,Low,B1-chart,informational,average-weight,tertiary,,auto,KWP group variants: normal body weight for women
average bmi by age,90,29,-36,Low,B1-chart,informational,average-weight,tertiary,,auto,
average weight for women 5 9,70,75,0,Low,B2-population,informational,average-weight,tertiary,,auto,
average weight based on age,70,29,29,Low,B2-population,informational,average-weight,tertiary,,auto,
average waist size for 5 4 woman,70,150,-55,Low,B2-population,informational,average-weight,tertiary,,auto,
average weight for men and women,70,0,-29,Low,B2-population,informational,average-weight,tertiary,,auto,
average weight based on height,70,-29,-44,Low,B1-chart,informational,average-weight,tertiary,,auto,
average weight for someone 6ft,70,-29,-29,Low,B2-population,informational,average-weight,tertiary,,auto,
average weight for each height,70,-18,0,Low,B1-chart,informational,average-weight,tertiary,,auto,
average weight for 5 4 female in us,70,0,133,Low,B2-population,informational,average-weight,tertiary,,auto,
average body weight scale,70,0,-44,Low,B2-population,informational,average-weight,tertiary,,auto,
average weight for 5 foot 4 woman,70,-29,-29,Low,B2-population,informational,average-weight,tertiary,,auto,
normal height weight ratio,70,0,0,Low,B1-chart,informational,average-weight,tertiary,,auto,KWP group variants: average weight to height ratio
average male bmi by age,70,40,-36,Low,B1-chart,informational,average-weight,tertiary,,auto,
average weight for 5 foot 3 female,50,0,40,Low,B2-population,informational,average-weight,tertiary,,auto,
average weight for height and age female,50,-71,-50,Low,B1-chart,informational,average-weight,tertiary,,auto,KWP group variants: women's average weight by height and age
average age height weight chart,50,0,-20,Low,B1-chart,informational,average-weight,tertiary,,auto,KWP group variants: average height and weight chart by age; average height weight chart by age; average age weight and height chart
average bmi for 5 4 female,50,0,0,Low,B2-population,informational,average-weight,tertiary,,auto,
normal weight age chart,50,0,0,Low,B1-chart,informational,average-weight,tertiary,,auto,KWP group variants: normal body weight chart by age; average weight and age chart
average weight chart male,50,25,-29,Low,B1-chart,informational,average-weight,tertiary,,auto,KWP group variants: average weight chart for men
average weight by age female,50,-20,-43,Low,B1-chart,informational,average-weight,tertiary,,auto,KWP group variants: average weight for women by age; average female weight by age
average weight for men 6ft,50,33,-43,Low,B2-population,informational,average-weight,tertiary,,auto,
5 4 woman average weight,50,29,125,Low,B2-population,informational,average-weight,tertiary,,auto,
average weight for 5ft2 female,50,0,67,Low,B2-population,informational,average-weight,tertiary,,auto,
men's average weight by height and age,40,0,-40,Low,B1-chart,informational,average-weight,tertiary,,auto,KWP group variants: normal men's weight for height and age
average womens weight by height,40,0,-20,Low,B1-chart,informational,average-weight,tertiary,,auto,
average woman weight kg,40,-33,-60,Low,B2-population,informational,average-weight,tertiary,,auto,
average bmi calculator,40,-20,0,Low,B1-chart,informational,average-weight,tertiary,,auto,
average women's waist size us,40,-20,33,Low,B2-population,informational,average-weight,tertiary,,auto,
average bmi for 5 2 female,40,33,0,Low,B2-population,informational,average-weight,tertiary,,auto,
men's height to weight chart,40,133,0,Low,B1-chart,informational,average-weight,tertiary,,auto,KWP group variants: average height weight chart male
average weight loss per week for women,40,40,250,Low,B2-population,informational,average-weight,tertiary,,auto,
average women's waist measurement,30,0,-50,Low,B2-population,informational,average-weight,tertiary,,auto,
average female waist measurement,30,0,-40,Low,B2-population,informational,average-weight,tertiary,,auto,
average weight based on height and age,30,0,0,Low,B1-chart,informational,average-weight,tertiary,,auto,KWP group variants: average weight based on age and height
women's average weight chart for height,30,0,0,Low,B1-chart,informational,average-weight,tertiary,,auto,KWP group variants: average height and weight chart for women
age weight bmi calculator,30,-25,-25,Low,B1-chart,informational,average-weight,tertiary,,auto,KWP group variants: age and weight bmi calculator; average weight bmi calculator
average weight for 55 male,30,-25,-40,Low,B2-population,informational,average-weight,tertiary,,auto,
average bmi for 5 5 female,30,0,0,Low,B2-population,informational,average-weight,tertiary,,auto,
average 5 4 woman weight,30,-33,0,Low,B2-population,informational,average-weight,tertiary,,auto,
average weight by age women,30,0,0,Low,B1-chart,informational,average-weight,tertiary,,auto,KWP group variants: female average weight by age
average height weight calculator,30,0,-25,Low,B1-chart,informational,average-weight,tertiary,,auto,KWP group variants: average height and weight calculator
average weight for 5.2 female,30,0,-25,Low,B2-population,informational,average-weight,tertiary,,auto,
average weight for different heights,20,-33,-33,Low,B1-chart,informational,average-weight,tertiary,,auto,
average male weight by age and height,20,-33,-50,Low,B1-chart,informational,average-weight,tertiary,,auto,KWP group variants: average male height and weight by age
average height weight chart female,20,-50,-67,Low,B1-chart,informational,average-weight,tertiary,,auto,
average weight 5.6 female,20,-50,-67,Low,B2-population,informational,average-weight,tertiary,,auto,
average height and weight for teenagers,20,-50,-67,Low,B1-chart,informational,average-weight,tertiary,,auto,
average weight for height in kg,20,-50,0,Low,B1-chart,informational,average-weight,tertiary,,auto,
average weight in america female,20,-50,-75,Low,B2-population,informational,average-weight,tertiary,,auto,
average american bmi by age,20,-67,-50,Low,B2-population,informational,average-weight,tertiary,,auto,
average weight for a woman who is 5 7,20,-67,-50,Low,B2-population,informational,average-weight,tertiary,,auto,
average weight for 5ft 3 female,20,-67,-67,Low,B2-population,informational,average-weight,tertiary,,auto,
average weight for men by age,20,0,-33,Low,B2-population,informational,average-weight,tertiary,,auto,
average height and weight scale,20,0,-50,Low,B2-population,informational,average-weight,tertiary,,auto,
average bmi for 5 7 female,20,0,-33,Low,B2-population,informational,average-weight,tertiary,,auto,
average weight for african american female,20,0,-67,Low,B2-population,informational,average-weight,tertiary,,auto,
average korean waist size,20,0,-67,Low,B2-population,informational,average-weight,tertiary,,auto,
average weight for 7ft male,20,0,0,Low,B2-population,informational,average-weight,tertiary,,auto,
average female weight 5 2,20,0,0,Low,B2-population,informational,average-weight,tertiary,,auto,
average bmi for 5 11 male,20,0,0,Low,B2-population,informational,average-weight,tertiary,,auto,
average obese weight,20,0,0,Low,B2-population,informational,average-weight,tertiary,,auto,
average weight for my height,20,0,0,Low,B1-chart,informational,average-weight,tertiary,,auto,
normal height and weight for adults,20,100,0,Low,B1-chart,informational,average-weight,tertiary,,auto,KWP group variants: average height and weight for adults
average male height and weight chart,20,100,0,Low,B1-chart,informational,average-weight,tertiary,,auto,
average us women's waist size,20,100,0,Low,B2-population,informational,average-weight,tertiary,,auto,
average bmi by age and gender,20,100,0,Low,B1-chart,informational,average-weight,tertiary,,auto,
women's average weight per height,20,-50,-50,Low,B1-chart,informational,average-weight,tertiary,,auto,
average weight for a 57 female,20,50,50,Low,B2-population,informational,average-weight,tertiary,,auto,
average bmi for 6 foot male,20,200,0,Low,B2-population,informational,average-weight,tertiary,,auto,
average weight by height for males,10,-100,-100,Unknown,B1-chart,informational,average-weight,tertiary,,auto,
average weight for male by age and height,10,∞,∞,Low,B1-chart,informational,average-weight,tertiary,,auto,
average weight for height in kg woman,10,∞,∞,Low,B1-chart,informational,average-weight,tertiary,,auto,
average female weight by age and height,10,∞,0,Low,B1-chart,informational,average-weight,tertiary,,auto,
average weight loss per month for female,10,∞,0,Low,B1-chart,informational,average-weight,tertiary,,auto,KWP group variants: according to 5 height what should be the weight
average bmi for 14 male,10,∞,0,Low,B2-population,informational,average-weight,tertiary,,auto,
men's average weight chart for height,10,∞,0,Low,B1-chart,informational,average-weight,tertiary,,auto,
height to weight ratio healthy,10,∞,0,Low,B1-chart,informational,average-weight,tertiary,,auto,KWP group variants: the average weight and height chart
average american woman weight 2020,10,∞,0,Low,B2-population,informational,average-weight,tertiary,,auto,
normal female bmi chart,10,100,100,Low,B1-chart,informational,average-weight,tertiary,,auto,KWP group variants: average bmi for women chart; women's average bmi chart
waist average size female,10,100,0,Low,B2-population,informational,average-weight,tertiary,,auto,
average weight for us female,10,100,0,Low,B2-population,informational,average-weight,tertiary,,auto,
underweight average overweight chart,10,0,∞,Low,B1-chart,informational,average-weight,tertiary,,auto,
average weight for 184cm male,10,0,∞,Low,B2-population,informational,average-weight,tertiary,,auto,
normal weight for height and age in kg,10,0,∞,Low,B1-chart,informational,average-weight,tertiary,,auto,KWP group variants: average weight for height and age in kg
average bmi for female by age,10,0,0,Unknown,B2-population,informational,average-weight,tertiary,,auto,KWP group variants: how to find your body fat percentage calculator; how to lose fat in waist and hips
average weight by height kg,10,0,0,Unknown,B1-chart,informational,average-weight,tertiary,,auto,
average body weight female kg,10,0,0,Unknown,B2-population,informational,average-weight,tertiary,,auto,
find average weight for my height and age,10,0,0,High,B1-chart,informational,average-weight,tertiary,,auto,
bmi average calculator,10,0,0,Low,B1-chart,informational,average-weight,tertiary,,auto,KWP group variants: weight and age chart male
average weight scale for males,10,0,0,Low,B2-population,informational,average-weight,tertiary,,auto,
average bmi for 5 7 male,10,0,0,Low,B2-population,informational,average-weight,tertiary,,auto,
average bmi for 5 6 male,10,0,0,Low,B2-population,informational,average-weight,tertiary,,auto,
average weight for 5 6 female in pounds,10,0,0,Low,B2-population,informational,average-weight,tertiary,,auto,
average weight for all ages,10,0,0,Low,B2-population,informational,average-weight,tertiary,,auto,
average weight scale for females,10,0,0,Low,B1-chart,informational,average-weight,tertiary,,auto,
average hip and waist measurements,10,0,0,Low,B2-population,informational,average-weight,tertiary,,auto,
bmi chart kg female,10,0,0,Low,B1-chart,informational,average-weight,tertiary,,auto,KWP group variants: average height and weight for preschoolers
average canadian male height and weight,10,0,0,Low,B2-population,informational,average-weight,tertiary,,auto,
average weight checker,10,0,-50,Low,B2-population,informational,average-weight,tertiary,,auto,
average weight for different ages,10,0,-50,Low,B2-population,informational,average-weight,tertiary,,auto,
average bmi by ethnicity,10,0,-100,Unknown,B2-population,informational,average-weight,tertiary,,auto,
average weight for 164cm woman,10,0,-100,Unknown,B2-population,informational,average-weight,tertiary,,auto,
average weight for 187cm male,10,0,-100,Unknown,B2-population,informational,average-weight,tertiary,,auto,
height and weight scale for females,10,-50,-50,Low,B1-chart,informational,average-weight,tertiary,,auto,KWP group variants: average waist size for 4 11 woman
average weight by age and gender,10,-50,-50,Low,B2-population,informational,average-weight,tertiary,,auto,
average weight for height in kg female,10,-100,0,Unknown,B1-chart,informational,average-weight,tertiary,,auto,
average weight by height cm,10,-100,0,Unknown,B1-chart,informational,average-weight,tertiary,,auto,
average canadian weight female,10,-100,0,Unknown,B2-population,informational,average-weight,tertiary,,auto,
5 5 average weight female kg,10,-100,-100,Unknown,B2-population,informational,average-weight,tertiary,,auto,
average weight for 175cm woman,10,-100,-100,Unknown,B2-population,informational,average-weight,tertiary,,auto,
average bmi by gender and age,10,-100,-100,Unknown,B1-chart,informational,average-weight,tertiary,,auto,
calorie calculator body weight,260,0,-19,Low,B3-bodyfat,informational,blog/bmi-and-metabolism,primary,,auto,
tdee calculator body fat,170,-21,-35,Low,B3-bodyfat,informational,blog/bmi-and-metabolism,secondary,,auto,
bmr calculator with body fat,140,-21,-58,Low,B3-bodyfat,informational,blog/bmi-and-metabolism,secondary,,auto,KWP group variants: basal metabolic rate calculator body fat; metabolic rate calculator body fat; metabolic rate calculator with body fat
calorie body fat calculator,110,0,-36,Low,B3-bodyfat,informational,blog/bmi-and-metabolism,secondary,,auto,KWP group variants: calorie calculator with body fat; calorie calculator using body fat
bmr calculator fat percentage,90,-18,80,Low,B3-bodyfat,informational,blog/bmi-and-metabolism,secondary,,auto,KWP group variants: basal metabolic rate calculator with body fat percentage; bmr calculator body fat percentage; bmr calculator using body fat percentage; bmr calculator with fat percentage
tdee calculator body fat percentage,70,29,80,Low,B3-bodyfat,informational,blog/bmi-and-metabolism,tertiary,,auto,
calorie calculator fat percentage,70,-43,-20,Low,B3-bodyfat,informational,blog/bmi-and-metabolism,tertiary,,auto,KWP group variants: body fat percentage calorie calculator; calorie calculator body fat percentage; calorie calculator with body fat percentage
body mass ratio bmr,70,0,-29,Low,B3-bodyfat,informational,blog/bmi-and-metabolism,tertiary,,auto,
tdee body fat,40,33,-20,Low,B3-bodyfat,informational,blog/bmi-and-metabolism,tertiary,,auto,KWP group variants: tdee with body fat
tdee percentages,30,-67,-67,Low,B3-bodyfat,informational,blog/bmi-and-metabolism,tertiary,,auto,
calorie calculator to lose body fat,30,0,0,Low,B3-bodyfat,informational,blog/bmi-and-metabolism,tertiary,,auto,
bmi weight loss calorie calculator,30,-33,0,Low,B3-bodyfat,informational,blog/bmi-and-metabolism,tertiary,,auto,
ripped body calorie calculator,30,-94,0,Low,B3-bodyfat,informational,blog/bmi-and-metabolism,tertiary,,auto,
calorie chart weight gain,20,-33,0,High,B1-chart,informational,blog/bmi-and-metabolism,tertiary,,auto,
calories burned a day to lose weight,20,0,-33,Low,B3-bodyfat,informational,blog/bmi-and-metabolism,tertiary,,auto,
basal metabolic rate body fat,20,0,-67,Low,B3-bodyfat,informational,blog/bmi-and-metabolism,tertiary,,auto,
height weight calorie chart,20,0,-75,Medium,B1-chart,informational,blog/bmi-and-metabolism,tertiary,,auto,
bmr with body fat percentage,20,0,0,Low,B3-bodyfat,informational,blog/bmi-and-metabolism,tertiary,,auto,
kettlebell swing calories burned calculator,20,0,-67,Low,B3-bodyfat,informational,blog/bmi-and-metabolism,tertiary,,auto,
calorie deficit for my weight,20,50,0,Low,B3-bodyfat,informational,blog/bmi-and-metabolism,tertiary,,auto,
how to calculate bmr with body fat,10,-100,-100,Unknown,B3-bodyfat,informational,blog/bmi-and-metabolism,tertiary,,auto,
calories calculator for weight loss with exercise,10,∞,∞,Medium,B3-bodyfat,informational,blog/bmi-and-metabolism,tertiary,,auto,
calories chart according to height and weight,10,∞,∞,Low,B1-chart,informational,blog/bmi-and-metabolism,tertiary,,auto,
bmr fat,10,∞,0,Low,B3-bodyfat,informational,blog/bmi-and-metabolism,tertiary,,auto,
calculate bmr using body fat percentage,10,∞,0,Low,B3-bodyfat,informational,blog/bmi-and-metabolism,tertiary,,auto,
accurate bmr calculator with body fat percentage,10,0,∞,Low,B3-bodyfat,informational,blog/bmi-and-metabolism,tertiary,,auto,
a good bmi healthy,10,0,0,Unknown,B1-chart,informational,blog/bmi-and-metabolism,tertiary,,auto,KWP group variants: healthy weight scale adults; ideal weight chart for indian female; a body composition body mass index; bmi bmr and fat calculator
bmi bmr chart,10,0,0,Unknown,B1-chart,informational,blog/bmi-and-metabolism,tertiary,,auto,KWP group variants: 147cm height weight chart; age weight chart teenager
calorie deficit calculator with body fat percentage,10,0,0,Low,B3-bodyfat,informational,blog/bmi-and-metabolism,tertiary,,auto,
bmr based on body fat,10,0,0,Low,B3-bodyfat,informational,blog/bmi-and-metabolism,tertiary,,auto,
calorie calculator to lose body fat and gain muscle,10,0,0,Medium,B3-bodyfat,informational,blog/bmi-and-metabolism,tertiary,,auto,
lose body fat calorie calculator,10,0,0,Medium,B3-bodyfat,informational,blog/bmi-and-metabolism,tertiary,,auto,
calculate fat mass index,10,0,0,Medium,B1-chart,informational,blog/bmi-and-metabolism,tertiary,,auto,KWP group variants: according to my height how much should i weigh; good weight for my age and height; calories for my body weight; how does a handheld body fat analyzer work; how to get your body fat percentage lower; most accurate way to check body fat
body fat loss calorie calculator,10,0,0,Low,B3-bodyfat,informational,blog/bmi-and-metabolism,tertiary,,auto,
calorie calculator based on body fat percentage,10,0,0,Low,B3-bodyfat,informational,blog/bmi-and-metabolism,tertiary,,auto,
bmr calculator based on body fat,10,0,0,Low,B3-bodyfat,informational,blog/bmi-and-metabolism,tertiary,,auto,KWP group variants: muscle weight to fat weight
tdee body fat calculator,10,0,0,Low,B3-bodyfat,informational,blog/bmi-and-metabolism,tertiary,,auto,
bmi assessment chart,10,0,0,Low,B1-chart,informational,blog/bmi-and-metabolism,tertiary,,auto,KWP group variants: height weight chart female age 60; resting metabolic rate calculator with body fat
bmi check up machine,10,0,0,Low,B3-bodyfat,informational,blog/bmi-and-metabolism,tertiary,,auto,KWP group variants: bmr with body fat calculator; body fat percentage without calipers
calories exercise weight loss calculator,10,0,-67,Low,B3-bodyfat,informational,blog/bmi-and-metabolism,tertiary,,auto,
healthy calorie intake chart,10,0,-100,Unknown,B1-chart,informational,blog/bmi-and-metabolism,tertiary,,auto,
calculate bmr with body fat percentage,10,-50,0,Low,B3-bodyfat,informational,blog/bmi-and-metabolism,tertiary,,auto,
low calorie food for weight loss chart,10,-100,-100,Unknown,B1-chart,informational,blog/bmi-and-metabolism,tertiary,,auto,
bmi by age,1600,30,-32,Low,B1-chart,informational,blog/bmi-by-age,primary,,auto,KWP group variants: bmi and age; bmi index age
weight chart for seniors female,3600,24,-18,Low,B1-chart,informational,blog/bmi-by-age,secondary,,auto,KWP group variants: weight chart for elderly females
weight chart by age,2900,0,-33,Low,B1-chart,informational,blog/bmi-by-age,secondary,,auto,
ht wt age chart,2400,0,-45,Low,B1-chart,informational,blog/bmi-by-age,secondary,,auto,KWP group variants: height and weight chart according to age; age height weight chart; according age height weight chart; according to age height weight chart; age and height and weight chart; age and height weight chart; age of weight and height; chart age weight height; height weight according to age; weight table according to height and age; weight chart as per age and height; weight chart by height and age
age weight height,1600,46,0,Low,B1-chart,informational,blog/bmi-by-age,secondary,,auto,KWP group variants: weight for height and age; height according to age and weight; height and weight and age; weight per age and height; weight range for height and age; weight scale age and height; weight as per height and age; height weight and age
best weight age height,1600,-23,-38,Low,B1-chart,informational,blog/bmi-by-age,tertiary,,auto,KWP group variants: ideal weight for age and height; appropriate height and weight for age; best weight for age and height; correct height and weight for age; correct weight according to height and age; healthy weight according to height and age; healthy weight age height; ideal body weight by age and height; ideal height and weight by age; ideal weight according to age and height; ideal weight age height gender; ideal weight as per age and height; ideal weight by age height; ideal weight by age height and gender; optimal weight by height and age; perfect weight according to height and age; perfect weight for age and height; preferred weight for height and age; proper weight according to height and age; proper weight for age and height; recommended weight by age and height; right height and weight for age; right weight and height for age; suggested weight by height and age; suitable weight for height and age; target weight by height and age; ideal weight height and age
bmi calculator elderly,880,19,387,Low,B1-chart,informational,blog/bmi-by-age,tertiary,,auto,
bmi female age,880,14,0,Low,B1-chart,informational,blog/bmi-by-age,tertiary,,auto,KWP group variants: bmi for women by age; bmi for women and age
weight chart for seniors male,880,30,120,Low,B1-chart,informational,blog/bmi-by-age,tertiary,,auto,
height and age chart,720,0,-28,Low,B1-chart,informational,blog/bmi-by-age,tertiary,,auto,
bmi per age and gender,720,22,-28,Low,B1-chart,informational,blog/bmi-by-age,tertiary,,auto,
bmi chart for women over 60,480,23,23,Low,B1-chart,informational,blog/bmi-by-age,tertiary,,auto,
bmi chart by age,480,-19,-71,Low,B1-chart,informational,blog/bmi-by-age,tertiary,,auto,KWP group variants: age and bmi chart; bmi for age table; body mass chart by age; body mass index chart by age
bmi calculator female over 60,390,-56,22,Low,B1-chart,informational,blog/bmi-by-age,tertiary,,auto,KWP group variants: bmi calculator for women over 60
bmi calculator female over 50,390,-45,50,Low,B1-chart,informational,blog/bmi-by-age,tertiary,,auto,KWP group variants: bmi calculator for women over 50
women's weight chart over 60,390,-19,-19,Low,B1-chart,informational,blog/bmi-by-age,tertiary,,auto,KWP group variants: weight chart for females over 60; weight chart for women over 60
bmi chart for women over 50,260,50,129,Low,B1-chart,informational,blog/bmi-by-age,tertiary,,auto,
bmi calculator for senior woman,260,23,23,Low,B1-chart,informational,blog/bmi-by-age,tertiary,,auto,KWP group variants: bmi calculator for senior females
bmi for women over 60,260,0,0,Low,B1-chart,informational,blog/bmi-by-age,tertiary,,auto,
weight chart for women over 50,260,-19,-35,Low,B1-chart,informational,blog/bmi-by-age,tertiary,,auto,KWP group variants: weight chart for females over 50
normal bmi for women over 50,210,-33,-56,Low,B1-chart,informational,blog/bmi-by-age,tertiary,,auto,KWP group variants: healthy bmi for women over 50
senior women weight chart,210,-19,-19,Low,B1-chart,informational,blog/bmi-by-age,tertiary,,auto,KWP group variants: older women's weight chart; weight chart for older females; weight chart for older women
weight according to height age,170,-21,-48,Low,B1-chart,informational,blog/bmi-by-age,tertiary,,auto,KWP group variants: weight according to height and age
age height weight chart teenager,170,-18,-46,Low,B1-chart,informational,blog/bmi-by-age,tertiary,,auto,KWP group variants: height and weight chart for teenagers
bmi calculator for older women,170,50,50,Low,B1-chart,informational,blog/bmi-by-age,tertiary,,auto,KWP group variants: bmi calculator for elderly women; bmi calculator for older females
bmi calculator for women over 65,170,-35,55,Low,B1-chart,informational,blog/bmi-by-age,tertiary,,auto,KWP group variants: bmi calculator for females over 65
weight based on age and height,170,0,-19,Low,B1-chart,informational,blog/bmi-by-age,tertiary,,auto,KWP group variants: weight based on height age and gender
bmi for women over 50,170,0,-18,Low,B1-chart,informational,blog/bmi-by-age,tertiary,,auto,
healthy weight age and height,140,-21,-21,Low,B1-chart,informational,blog/bmi-by-age,tertiary,,auto,KWP group variants: healthy weight for height and age; healthy body weight by age and height; healthy height and weight by age; normal weight and height by age
bmi male age,140,0,-21,Low,B1-chart,informational,blog/bmi-by-age,tertiary,,auto,KWP group variants: bmi for men by age
weight chart for women over 70,140,24,50,Low,B1-chart,informational,blog/bmi-by-age,tertiary,,auto,
weight according to height and age in kg,140,0,-36,Low,B1-chart,informational,blog/bmi-by-age,tertiary,,auto,
bmi chart for women over 70,110,24,200,Low,B1-chart,informational,blog/bmi-by-age,tertiary,,auto,
bmi calculator for women over 70,110,53,271,Low,B1-chart,informational,blog/bmi-by-age,tertiary,,auto,
bmi for women over 70,110,55,89,Low,B1-chart,informational,blog/bmi-by-age,tertiary,,auto,
age weight height bmi,90,-22,-36,Low,B1-chart,informational,blog/bmi-by-age,tertiary,,auto,KWP group variants: bmi by age height and weight; bmi by age weight height
weight for my age and height,90,-22,0,Low,B1-chart,informational,blog/bmi-by-age,tertiary,,auto,KWP group variants: my weight for my age and height
weight charts for seniors,90,-22,-36,Low,B1-chart,informational,blog/bmi-by-age,tertiary,,auto,
right weight for my height and age,90,-22,-36,Low,B1-chart,informational,blog/bmi-by-age,tertiary,,auto,KWP group variants: healthy weight for my height and age; correct weight for my age and height; normal weight for my age and height; perfect weight for my height and age
bmi by age and gender chart,90,0,-18,Low,B1-chart,informational,blog/bmi-by-age,tertiary,,auto,KWP group variants: bmi range by age and gender
bmi age adjusted,90,29,-18,Low,B1-chart,informational,blog/bmi-by-age,tertiary,,auto,
bmi age and height,90,0,-59,Low,B1-chart,informational,blog/bmi-by-age,tertiary,,auto,KWP group variants: body mass index by age and height
bmi range for seniors,90,0,0,Low,B1-chart,informational,blog/bmi-by-age,tertiary,,auto,
bmi chart for senior woman,90,0,29,Low,B1-chart,informational,blog/bmi-by-age,tertiary,,auto,
bmi for older men,90,0,57,Low,B1-chart,informational,blog/bmi-by-age,tertiary,,auto,KWP group variants: bmi for senior men
normal bmi by age,70,-29,-55,Low,B1-chart,informational,blog/bmi-by-age,tertiary,,auto,
normal bmi for elderly,70,-43,-43,Low,B2-population,informational,blog/bmi-by-age,tertiary,,auto,
bmi chart for women over 65,70,-22,-22,Low,B1-chart,informational,blog/bmi-by-age,tertiary,,auto,
age height weight bmi chart,70,-29,-55,Low,B1-chart,informational,blog/bmi-by-age,tertiary,,auto,KWP group variants: bmi chart with age height and weight; body mass index age height weight chart
bmi based on age,70,0,-36,Low,B1-chart,informational,blog/bmi-by-age,tertiary,,auto,
normal weight age,70,-44,-55,Low,B1-chart,informational,blog/bmi-by-age,tertiary,,auto,KWP group variants: normal weight per age; age normal weight
ideal weight based on age and height,70,0,0,Low,B1-chart,informational,blog/bmi-by-age,tertiary,,auto,KWP group variants: healthy weight based on age and height; recommended weight based on height and age
bmi for women over 65,70,0,0,Low,B1-chart,informational,blog/bmi-by-age,tertiary,,auto,
bmi normal range by age,70,0,-64,Low,B1-chart,informational,blog/bmi-by-age,tertiary,,auto,
bmi chart for men over 60,70,80,29,Low,B1-chart,informational,blog/bmi-by-age,tertiary,,auto,
age healthy weight chart,50,150,67,Low,B1-chart,informational,blog/bmi-by-age,tertiary,,auto,KWP group variants: healthy age and weight chart
height to age chart,50,-20,-20,Low,B1-chart,informational,blog/bmi-by-age,tertiary,,auto,
weight chart for women over 65,50,-20,-43,Low,B1-chart,informational,blog/bmi-by-age,tertiary,,auto,
ideal weight for height and age in kg,50,-18,800,Low,B1-chart,informational,blog/bmi-by-age,tertiary,,auto,KWP group variants: correct weight for height and age in kg
height weight chart for women over 60,40,0,-20,Low,B1-chart,informational,blog/bmi-by-age,tertiary,,auto,KWP group variants: height and weight chart for women over 60
weight chart based on age and height,40,-40,-25,Low,B1-chart,informational,blog/bmi-by-age,tertiary,,auto,
height weight chart for women over 50,40,-50,-60,Low,B1-chart,informational,blog/bmi-by-age,tertiary,,auto,KWP group variants: height and weight chart for women over 50
bmi age range,40,-25,-57,Low,B1-chart,informational,blog/bmi-by-age,tertiary,,auto,
age height weight ratio,30,100,-33,Low,B1-chart,informational,blog/bmi-by-age,tertiary,,auto,KWP group variants: age height and weight ratio
bmi calculator for men over 50,30,25,-29,Low,B1-chart,informational,blog/bmi-by-age,tertiary,,auto,
expected height and weight for age,30,-33,-33,Low,B1-chart,informational,blog/bmi-by-age,tertiary,,auto,KWP group variants: weight expected for height and age
bmi per age,30,-50,-60,Low,B1-chart,informational,blog/bmi-by-age,tertiary,,auto,
weight chart for senior men,30,0,-33,Low,B1-chart,informational,blog/bmi-by-age,tertiary,,auto,
ideal age height weight chart,30,-50,-75,Low,B1-chart,informational,blog/bmi-by-age,tertiary,,auto,KWP group variants: ideal height and weight chart by age; ideal weight chart age and height; ideal weight chart for age and height
weight chart for elderly women,20,-50,-50,Low,B1-chart,informational,blog/bmi-by-age,tertiary,,auto,
age height weight chart adults,20,300,0,Low,B1-chart,informational,blog/bmi-by-age,tertiary,,auto,KWP group variants: age height and weight chart for adults
age weight bmi chart,20,-33,-50,Low,B1-chart,informational,blog/bmi-by-age,tertiary,,auto,KWP group variants: bmi age and weight chart
bmi for men over 70,20,-33,0,Low,B1-chart,informational,blog/bmi-by-age,tertiary,,auto,
healthy weight based on height and age,20,-33,0,Low,B2-population,informational,blog/bmi-by-age,tertiary,,auto,
healthy bmi for seniors,20,-50,-67,Low,B1-chart,informational,blog/bmi-by-age,tertiary,,auto,
weight chart for seniors female in kg,20,-50,-75,Low,B1-chart,informational,blog/bmi-by-age,tertiary,,auto,
height and weight according to age chart,20,-50,-75,Low,B1-chart,informational,blog/bmi-by-age,tertiary,,auto,
bmi chart for senior men,20,0,-50,Low,B1-chart,informational,blog/bmi-by-age,tertiary,,auto,
bmi by age women,20,0,-33,Low,B1-chart,informational,blog/bmi-by-age,tertiary,,auto,
ideal weights for seniors,20,0,0,Low,B1-chart,informational,blog/bmi-by-age,tertiary,,auto,
normal weight for my age,20,0,0,Low,B1-chart,informational,blog/bmi-by-age,tertiary,,auto,KWP group variants: healthy weight for my age
weight height age scale,20,0,0,Low,B1-chart,informational,blog/bmi-by-age,tertiary,,auto,
bmi for men over 60,20,0,100,Low,B1-chart,informational,blog/bmi-by-age,tertiary,,auto,
bmi for my age,20,100,-33,Low,B1-chart,informational,blog/bmi-by-age,tertiary,,auto,
bmi according to age,20,100,-33,Low,B1-chart,informational,blog/bmi-by-age,tertiary,,auto,KWP group variants: body mass index according to age
age weight chart adults,20,100,-50,Low,B1-chart,informational,blog/bmi-by-age,tertiary,,auto,KWP group variants: weight chart for adults by age; adult weight chart by age
age and weight chart adults,20,100,0,Low,B1-chart,informational,blog/bmi-by-age,tertiary,,auto,
bmi age weight,20,50,0,Low,B1-chart,informational,blog/bmi-by-age,tertiary,,auto,KWP group variants: bmi age and weight
the ideal weight for my height and age,20,50,200,Low,B1-chart,informational,blog/bmi-by-age,tertiary,,auto,KWP group variants: the perfect weight for my height and age; the right weight for my height and age
bmi chart for seniors female,20,-33,100,Low,B1-chart,informational,blog/bmi-by-age,tertiary,,auto,
healthy bmi by age and gender,20,-50,-50,Low,B1-chart,informational,blog/bmi-by-age,tertiary,,auto,
height with weight kg,10,-100,-100,Unknown,B1-chart,informational,blog/bmi-by-age,tertiary,,auto,KWP group variants: normal weight as per age
healthy weight for age and gender,10,-100,-100,Unknown,B1-chart,informational,blog/bmi-by-age,tertiary,,auto,
body weight chart according to age,10,-100,-100,Unknown,B1-chart,informational,blog/bmi-by-age,tertiary,,auto,
acceptable bmi by age,10,∞,∞,Medium,B1-chart,informational,blog/bmi-by-age,tertiary,,auto,
weight and height chart in kg with age,10,∞,∞,Low,B1-chart,informational,blog/bmi-by-age,tertiary,,auto,
weight list according to age and height,10,∞,∞,Low,B1-chart,informational,blog/bmi-by-age,tertiary,,auto,
a perfect weight for my height and age,10,∞,∞,Low,B1-chart,informational,blog/bmi-by-age,tertiary,,auto,
age height weight index,10,∞,∞,Low,B1-chart,informational,blog/bmi-by-age,tertiary,,auto,
healthy age weight height chart,10,∞,∞,Low,B1-chart,informational,blog/bmi-by-age,tertiary,,auto,
standard weight according to height and age,10,∞,∞,Low,B1-chart,informational,blog/bmi-by-age,tertiary,,auto,
standard weight age chart,10,∞,∞,Low,B2-population,informational,blog/bmi-by-age,tertiary,,auto,
bmi age bracket,10,∞,∞,Low,B1-chart,informational,blog/bmi-by-age,tertiary,,auto,
actual weight according to height and age,10,∞,∞,Low,B1-chart,informational,blog/bmi-by-age,tertiary,,auto,
age according weight chart,10,∞,∞,Low,B1-chart,informational,blog/bmi-by-age,tertiary,,auto,
weight age bmi chart,10,∞,0,Low,B1-chart,informational,blog/bmi-by-age,tertiary,,auto,
find correct weight for your age and height,10,∞,0,Low,B1-chart,informational,blog/bmi-by-age,tertiary,,auto,
correct weight chart for age and height,10,∞,0,Low,B1-chart,informational,blog/bmi-by-age,tertiary,,auto,KWP group variants: perfect height and weight chart and age
weight required for height and age,10,∞,0,Low,B1-chart,informational,blog/bmi-by-age,tertiary,,auto,
to calculate bmi weight is measured in,10,∞,0,Medium,B1-chart,informational,blog/bmi-by-age,tertiary,,auto,KWP group variants: find my ideal weight for my age and height
body weight and height according to age,10,∞,0,Low,B1-chart,informational,blog/bmi-by-age,tertiary,,auto,
correct weight and height for age,10,∞,0,Low,B1-chart,informational,blog/bmi-by-age,tertiary,,auto,KWP group variants: accurate weight for age and height
weight age and height chart for adults,10,∞,0,Low,B1-chart,informational,blog/bmi-by-age,tertiary,,auto,
weight determined by height and age,10,∞,0,Low,B1-chart,informational,blog/bmi-by-age,tertiary,,auto,
bmi according to age chart,10,∞,0,Low,B1-chart,informational,blog/bmi-by-age,tertiary,,auto,
healthy weight chart by age and gender,10,∞,0,Low,B1-chart,informational,blog/bmi-by-age,tertiary,,auto,
bmi age scale,10,∞,0,Low,B1-chart,informational,blog/bmi-by-age,tertiary,,auto,
weight according to age chart,10,∞,0,Low,B1-chart,informational,blog/bmi-by-age,tertiary,,auto,
ideal weight by age and height chart,10,∞,0,Low,B1-chart,informational,blog/bmi-by-age,tertiary,,auto,
age height weight chart in kg,10,∞,0,Low,B1-chart,informational,blog/bmi-by-age,tertiary,,auto,KWP group variants: height and weight and age chart in kg
target weight scale by age and height,10,∞,0,Low,B1-chart,informational,blog/bmi-by-age,tertiary,,auto,
healthy weight range by age,10,200,200,Low,B1-chart,informational,blog/bmi-by-age,tertiary,,auto,
standard height weight age chart,10,∞,0,Low,B1-chart,informational,blog/bmi-by-age,tertiary,,auto,KWP group variants: standard height weight chart with age; standard weight for height and age chart
ideal body mass index by age,10,100,100,Low,B1-chart,informational,blog/bmi-by-age,tertiary,,auto,
normal weight age wise,10,∞,0,Low,B2-population,informational,blog/bmi-by-age,tertiary,,auto,
bmi chart height cm weight kg,10,∞,0,Low,B1-chart,informational,blog/bmi-by-age,tertiary,,auto,KWP group variants: bmi chart weight in kg and height in cm; weight with age and height in kg
obesity chart height weight age,10,300,300,Low,B1-chart,informational,blog/bmi-by-age,tertiary,,auto,
age to body weight chart,10,150,400,Low,B1-chart,informational,blog/bmi-by-age,tertiary,,auto,
normal weight chart by age and height,10,100,100,Low,B1-chart,informational,blog/bmi-by-age,tertiary,,auto,
body weight according to age and height,10,100,100,Low,B1-chart,informational,blog/bmi-by-age,tertiary,,auto,
bmi age and height chart,10,0,∞,Low,B1-chart,informational,blog/bmi-by-age,tertiary,,auto,
ideal height weight and age chart,10,0,∞,Low,B1-chart,informational,blog/bmi-by-age,tertiary,,auto,
exact weight for height and age,10,0,∞,Low,B1-chart,informational,blog/bmi-by-age,tertiary,,auto,
healthy weight for my age height and gender,10,0,∞,Low,B1-chart,informational,blog/bmi-by-age,tertiary,,auto,
normal weight according to age and height,10,0,∞,Low,B1-chart,informational,blog/bmi-by-age,tertiary,,auto,KWP group variants: healthy weight according to age and height
right body weight according to height and age,10,0,∞,Low,B1-chart,informational,blog/bmi-by-age,tertiary,,auto,
right weight based on height and age,10,0,∞,Low,B1-chart,informational,blog/bmi-by-age,tertiary,,auto,
ideal weight and height chart according to age,10,0,0,Unknown,B1-chart,informational,blog/bmi-by-age,tertiary,,auto,
bmi with age weight and height,10,0,0,Unknown,B1-chart,informational,blog/bmi-by-age,tertiary,,auto,
ideal body weight according to height and age,10,0,0,Unknown,B1-chart,informational,blog/bmi-by-age,tertiary,,auto,
body weight against height,10,0,0,Unknown,B1-chart,informational,blog/bmi-by-age,tertiary,,auto,KWP group variants: perfect height and weight according to age
age 11 height and weight chart,10,0,0,Unknown,B1-chart,informational,blog/bmi-by-age,tertiary,,auto,
normal body weight in kg according to age and height,10,0,0,Unknown,B1-chart,informational,blog/bmi-by-age,tertiary,,auto,
chart of height according to age,10,0,0,Unknown,B1-chart,informational,blog/bmi-by-age,tertiary,,auto,
standard height and weight according to age,10,0,0,Unknown,B1-chart,informational,blog/bmi-by-age,tertiary,,auto,
ideal bmi according to age,10,0,0,Unknown,B1-chart,informational,blog/bmi-by-age,tertiary,,auto,
ideal body weight chart by age and height,10,0,0,Low,B1-chart,informational,blog/bmi-by-age,tertiary,,auto,
body height weight age chart,10,0,0,Low,B1-chart,informational,blog/bmi-by-age,tertiary,,auto,KWP group variants: body weight chart by age and height
height weight age index,10,0,0,Low,B1-chart,informational,blog/bmi-by-age,tertiary,,auto,KWP group variants: weight index by height and age
height weight chart senior women,10,0,0,Low,B1-chart,informational,blog/bmi-by-age,tertiary,,auto,
weight chart acc to height and age,10,0,0,Medium,B1-chart,informational,blog/bmi-by-age,tertiary,,auto,
standard height and weight chart with age,10,0,0,Medium,B1-chart,informational,blog/bmi-by-age,tertiary,,auto,
bmi per age group,10,0,0,Low,B1-chart,informational,blog/bmi-by-age,tertiary,,auto,
according to age and height weight chart,10,0,0,Low,B1-chart,informational,blog/bmi-by-age,tertiary,,auto,
appropriate bmi for age,10,0,0,Low,B1-chart,informational,blog/bmi-by-age,tertiary,,auto,
range of weight for height and age,10,0,0,Low,B1-chart,informational,blog/bmi-by-age,tertiary,,auto,
healthy bmi chart by age,10,0,0,Low,B1-chart,informational,blog/bmi-by-age,tertiary,,auto,
am ia healthy weight for my age,10,0,0,Low,B1-chart,informational,blog/bmi-by-age,tertiary,,auto,
age height weight ratio chart,10,0,0,Low,B1-chart,informational,blog/bmi-by-age,tertiary,,auto,
bmi chart for all age groups,10,0,0,Low,B1-chart,informational,blog/bmi-by-age,tertiary,,auto,
height weight chart by age and gender,10,0,0,Low,B1-chart,informational,blog/bmi-by-age,tertiary,,auto,
appropriate bmi for age and height,10,0,0,Low,B1-chart,informational,blog/bmi-by-age,tertiary,,auto,
ideal bmi by age,10,0,0,Low,B1-chart,informational,blog/bmi-by-age,tertiary,,auto,
correct bmi for my age,10,0,0,Low,B1-chart,informational,blog/bmi-by-age,tertiary,,auto,KWP group variants: healthy bmi for my age
according to age weight chart,10,0,0,Low,B1-chart,informational,blog/bmi-by-age,tertiary,,auto,KWP group variants: healthiest weight for my height
ideal weight by age height and frame,10,0,0,Low,B1-chart,informational,blog/bmi-by-age,tertiary,,auto,
healthy weight range by height and age,10,0,0,Low,B1-chart,informational,blog/bmi-by-age,tertiary,,auto,KWP group variants: normal weight ranges by age and height
target weight by age and height,10,0,0,Low,B1-chart,informational,blog/bmi-by-age,tertiary,,auto,
normal height and weight chart according to age,10,0,0,Low,B1-chart,informational,blog/bmi-by-age,tertiary,,auto,
find healthy weight for height and age,10,0,0,Low,B1-chart,informational,blog/bmi-by-age,tertiary,,auto,
bmi according to age and gender,10,0,0,Low,B1-chart,informational,blog/bmi-by-age,tertiary,,auto,
health height weight chart age,10,0,0,Low,B1-chart,informational,blog/bmi-by-age,tertiary,,auto,KWP group variants: chart of normal weight for height and age; health chart for weight height and age; normal weight height age chart
bmi age gender height weight,10,0,0,Low,B1-chart,informational,blog/bmi-by-age,tertiary,,auto,
age 8 height weight chart,10,0,0,Low,B1-chart,informational,blog/bmi-by-age,tertiary,,auto,
bmi for age interpretation,10,0,0,Low,B1-chart,informational,blog/bmi-by-age,tertiary,,auto,
age body weight height chart,10,0,0,Low,B1-chart,informational,blog/bmi-by-age,tertiary,,auto,
am ia healthy weight for my height and age,10,0,0,Low,B1-chart,informational,blog/bmi-by-age,tertiary,,auto,
height and weight by age and gender,10,0,0,Low,B1-chart,informational,blog/bmi-by-age,tertiary,,auto,
weight chart for females over 70,10,0,-50,Low,B1-chart,informational,blog/bmi-by-age,tertiary,,auto,
bmi for my age and height,10,0,-50,Medium,B1-chart,informational,blog/bmi-by-age,tertiary,,auto,
bmi based on height weight and age,10,0,-50,Low,B1-chart,informational,blog/bmi-by-age,tertiary,,auto,
height and weight chart for senior women,10,0,-50,Low,B1-chart,informational,blog/bmi-by-age,tertiary,,auto,
ideal height and weight chart according to age,10,0,-100,Unknown,B1-chart,informational,blog/bmi-by-age,tertiary,,auto,KWP group variants: ideal weight chart according to height and age
healthy height and weight chart by age,10,0,-50,Low,B1-chart,informational,blog/bmi-by-age,tertiary,,auto,KWP group variants: healthy weight chart by age and height
median bmi by age,10,0,-50,Low,B1-chart,informational,blog/bmi-by-age,tertiary,,auto,
bmi for age z score,10,0,-50,Low,B1-chart,informational,blog/bmi-by-age,tertiary,,auto,
bmi chart for age groups,10,0,-100,Unknown,B1-chart,informational,blog/bmi-by-age,tertiary,,auto,
age 3 height and weight chart,10,0,-100,Unknown,B1-chart,informational,blog/bmi-by-age,tertiary,,auto,
height and weight chart according to age for adults,10,0,-100,Unknown,B1-chart,informational,blog/bmi-by-age,tertiary,,auto,
body weight chart according to height and age,10,0,-100,Unknown,B1-chart,informational,blog/bmi-by-age,tertiary,,auto,
typical bmi by age,10,0,-100,Unknown,B1-chart,informational,blog/bmi-by-age,tertiary,,auto,
bmi height to weight age chart,10,0,-100,Unknown,B1-chart,informational,blog/bmi-by-age,tertiary,,auto,
according to age height and weight,10,0,-100,Unknown,B1-chart,informational,blog/bmi-by-age,tertiary,,auto,KWP group variants: according to age weight and height
indian height and weight chart according to age,10,0,-100,Unknown,B1-chart,informational,blog/bmi-by-age,tertiary,,auto,
bmi for age z score interpretation,10,0,-100,Unknown,B1-chart,informational,blog/bmi-by-age,tertiary,,auto,
balanced weight for height,10,0,-100,Unknown,B1-chart,informational,blog/bmi-by-age,tertiary,,auto,KWP group variants: at age 19 how much should i weigh
ideal body weight for age pediatrics,10,0,-100,Unknown,B1-chart,informational,blog/bmi-by-age,tertiary,,auto,KWP group variants: height and weight chart for adults over 60
height weight with age chart,10,0,-100,Unknown,B1-chart,informational,blog/bmi-by-age,tertiary,,auto,
healthy weight chart according to height and age,10,0,-100,Unknown,B1-chart,informational,blog/bmi-by-age,tertiary,,auto,
proper height and weight according to age,10,0,-100,Unknown,B1-chart,informational,blog/bmi-by-age,tertiary,,auto,
weight corresponding to height and age chart,10,0,-100,Unknown,B1-chart,informational,blog/bmi-by-age,tertiary,,auto,
bmi adjusted for age and gender,10,-50,0,Low,B1-chart,informational,blog/bmi-by-age,tertiary,,auto,
healthy weight and bmi range for older adults,10,-50,0,Low,B1-chart,informational,blog/bmi-by-age,tertiary,,auto,
realistic weight for height and age,10,-50,0,Low,B1-chart,informational,blog/bmi-by-age,tertiary,,auto,
bmi for men over 50,10,-50,-50,Low,B1-chart,informational,blog/bmi-by-age,tertiary,,auto,
check my weight for my height and age,10,-100,0,Unknown,B1-chart,informational,blog/bmi-by-age,tertiary,,auto,
weight against height and age,10,-100,0,Unknown,B1-chart,informational,blog/bmi-by-age,tertiary,,auto,
desired weight for height and age,10,-100,0,Unknown,B1-chart,informational,blog/bmi-by-age,tertiary,,auto,
chart of height and weight with age,10,-100,0,Unknown,B1-chart,informational,blog/bmi-by-age,tertiary,,auto,
weight with respect to height and age,10,-100,0,Unknown,B1-chart,informational,blog/bmi-by-age,tertiary,,auto,
weight bmi with age,10,-100,0,Unknown,B1-chart,informational,blog/bmi-by-age,tertiary,,auto,
6ft height weight chart,10,-100,0,Unknown,B1-chart,informational,blog/bmi-by-age,tertiary,,auto,KWP group variants: perfect height weight age chart
52 age height weight chart,10,-100,-100,Unknown,B1-chart,informational,blog/bmi-by-age,tertiary,,auto,
weight chart for adults by height and age,10,-100,-100,Unknown,B1-chart,informational,blog/bmi-by-age,tertiary,,auto,
bmi chart according to age and height,10,-100,-100,Unknown,B1-chart,informational,blog/bmi-by-age,tertiary,,auto,
bmi chart for females over 50,10,-100,-100,Unknown,B1-chart,informational,blog/bmi-by-age,tertiary,,auto,
healthy weight for my height age and gender,10,-100,-100,Unknown,B1-chart,informational,blog/bmi-by-age,tertiary,,auto,
weight measurement chart according to height and age,10,-100,-100,Unknown,B1-chart,informational,blog/bmi-by-age,tertiary,,auto,
according to height and age weight chart,10,-100,-100,Unknown,B1-chart,informational,blog/bmi-by-age,tertiary,,auto,
bmi chart for elderly females,10,-100,-100,Unknown,B1-chart,informational,blog/bmi-by-age,tertiary,,auto,
obese scale,1900,0,0,Low,B3-bodyfat,informational,blog/bmi-categories,primary,,auto,
bmi range for obese,1600,0,-16,Low,B1-chart,informational,blog/bmi-categories,secondary,,auto,
bmi obesity chart,1300,-23,-38,Low,B1-chart,informational,blog/bmi-categories,secondary,,auto,KWP group variants: bmi and obesity chart; body mass index obesity chart
obese woman chart,880,0,-12,Low,B3-bodyfat,informational,blog/bmi-categories,secondary,,auto,
obese weight chart,590,0,-33,Low,B1-chart,informational,blog/bmi-categories,secondary,,auto,
obese scale male,590,23,-18,Low,B1-chart,informational,blog/bmi-categories,tertiary,,auto,
normal weight obese,480,0,0,Low,B2-population,informational,blog/bmi-categories,tertiary,,auto,
obesity chart for women,390,0,-46,Low,B1-chart,informational,blog/bmi-categories,tertiary,,auto,
height weight obesity chart,390,0,-34,Low,B1-chart,informational,blog/bmi-categories,tertiary,,auto,KWP group variants: height and weight chart for obesity
obesity chart for men,320,23,-33,Low,B1-chart,informational,blog/bmi-categories,tertiary,,auto,
obese overweight chart,260,0,-47,Low,B1-chart,informational,blog/bmi-categories,tertiary,,auto,KWP group variants: obese and overweight chart
obese scale for women,260,-19,-19,Low,B1-chart,informational,blog/bmi-categories,tertiary,,auto,
obese scale for men,210,0,0,Low,B1-chart,informational,blog/bmi-categories,tertiary,,auto,
bmi underweight range,170,0,0,Low,B1-chart,informational,blog/bmi-categories,tertiary,,auto,
height obesity chart,140,0,-33,Low,B1-chart,informational,blog/bmi-categories,tertiary,,auto,
morbidly obese chart female,110,0,-94,Low,B1-chart,informational,blog/bmi-categories,tertiary,,auto,
female obese weight chart,90,-73,-73,Low,B1-chart,informational,blog/bmi-categories,tertiary,,auto,
obesity scale female,90,0,-18,Low,B1-chart,informational,blog/bmi-categories,tertiary,,auto,KWP group variants: female obesity scale
women's obese weight chart,90,29,-18,Low,B1-chart,informational,blog/bmi-categories,tertiary,,auto,KWP group variants: obese weight chart for women
female overweight chart,90,0,-47,Low,B1-chart,informational,blog/bmi-categories,tertiary,,auto,KWP group variants: overweight chart for women
above average obese c type,70,-29,-29,Low,B2-population,informational,blog/bmi-categories,tertiary,,auto,
overweight underweight chart,70,0,-44,Low,B1-chart,informational,blog/bmi-categories,tertiary,,auto,KWP group variants: overweight and underweight chart
bmi categories women,50,40,75,Low,B1-chart,informational,blog/bmi-categories,tertiary,,auto,
weight chart underweight overweight,50,0,150,Low,B1-chart,informational,blog/bmi-categories,tertiary,,auto,
obese table,50,-20,-43,Low,B1-chart,informational,blog/bmi-categories,tertiary,,auto,
obese bmi for women,40,-40,-25,Low,B1-chart,informational,blog/bmi-categories,tertiary,,auto,
men's obese weight chart,40,-60,-71,Low,B1-chart,informational,blog/bmi-categories,tertiary,,auto,
male overweight chart,40,33,-43,Low,B1-chart,informational,blog/bmi-categories,tertiary,,auto,
obese weight by height,40,0,-57,Low,B1-chart,informational,blog/bmi-categories,tertiary,,auto,
obese weight chart female,30,-50,-80,Low,B1-chart,informational,blog/bmi-categories,tertiary,,auto,
obese weight range,30,-33,-33,Low,B1-chart,informational,blog/bmi-categories,tertiary,,auto,
overweight by height chart,30,200,50,Low,B1-chart,informational,blog/bmi-categories,tertiary,,auto,KWP group variants: overweight chart by height
age obesity chart,30,0,-57,Low,B1-chart,informational,blog/bmi-categories,tertiary,,auto,
male obese weight chart,30,-25,50,Low,B1-chart,informational,blog/bmi-categories,tertiary,,auto,
height overweight chart,30,0,-25,Low,B1-chart,informational,blog/bmi-categories,tertiary,,auto,
obesity chart male by height,20,-50,-67,Low,B1-chart,informational,blog/bmi-categories,tertiary,,auto,
bmi chart women obese,20,0,-33,Low,B1-chart,informational,blog/bmi-categories,tertiary,,auto,
obesity chart female by height,20,0,100,Low,B1-chart,informational,blog/bmi-categories,tertiary,,auto,
obesity table by height and weight,20,0,100,Medium,B1-chart,informational,blog/bmi-categories,tertiary,,auto,
man overweight chart,20,100,-33,Low,B1-chart,informational,blog/bmi-categories,tertiary,,auto,KWP group variants: men overweight chart
height weight obesity chart male,20,100,100,Low,B1-chart,informational,blog/bmi-categories,tertiary,,auto,
height weight overweight chart,20,-50,-33,Low,B1-chart,informational,blog/bmi-categories,tertiary,,auto,KWP group variants: height and weight chart overweight
bmi chart overweight obese,10,∞,0,Low,B1-chart,informational,blog/bmi-categories,tertiary,,auto,
normal overweight obese chart,10,200,0,Low,B1-chart,informational,blog/bmi-categories,tertiary,,auto,
obese scale for male,10,0,0,Unknown,B1-chart,informational,blog/bmi-categories,tertiary,,auto,
obesity scale by height and weight,10,0,0,Low,B1-chart,informational,blog/bmi-categories,tertiary,,auto,
weight obesity chart male,10,0,0,Low,B1-chart,informational,blog/bmi-categories,tertiary,,auto,
underweight chart by age,10,0,0,Low,B1-chart,informational,blog/bmi-categories,tertiary,,auto,
obesity chart in kg,10,0,0,Low,B1-chart,informational,blog/bmi-categories,tertiary,,auto,
obese weight chart male,10,0,0,Low,B1-chart,informational,blog/bmi-categories,tertiary,,auto,
weight scale overweight,10,0,0,Low,B3-bodyfat,informational,blog/bmi-categories,tertiary,,auto,
overweight scale chart,10,0,0,Low,B1-chart,informational,blog/bmi-categories,tertiary,,auto,
bmi obesity chart male,10,0,0,Low,B1-chart,informational,blog/bmi-categories,tertiary,,auto,
overweight range chart,10,0,0,Low,B1-chart,informational,blog/bmi-categories,tertiary,,auto,
weight overweight chart,10,0,-50,Low,B1-chart,informational,blog/bmi-categories,tertiary,,auto,
obesity range in kg,10,0,0,Low,B1-chart,informational,blog/bmi-categories,tertiary,,auto,
height weight chart obese overweight,10,0,-50,Low,B1-chart,informational,blog/bmi-categories,tertiary,,auto,KWP group variants: height and weight chart overweight obese; height weight chart overweight obese
obesity chart male by age,10,0,-50,Low,B1-chart,informational,blog/bmi-categories,tertiary,,auto,
average age of obese person,10,0,-50,Low,B2-population,informational,blog/bmi-categories,tertiary,,auto,
height weight chart female obese,10,0,-50,Low,B1-chart,informational,blog/bmi-categories,tertiary,,auto,
weight chart overweight obese,10,0,-50,Low,B1-chart,informational,blog/bmi-categories,tertiary,,auto,
underweight chart female,10,0,-50,Low,B1-chart,informational,blog/bmi-categories,tertiary,,auto,
bmi chart obesity levels,10,-50,-50,Low,B1-chart,informational,blog/bmi-categories,tertiary,,auto,
obese female weight chart,10,-100,0,Unknown,B1-chart,informational,blog/bmi-categories,tertiary,,auto,
underweight normal overweight obese chart,10,-100,-100,Unknown,B1-chart,informational,blog/bmi-categories,tertiary,,auto,
bmi chart for men,40500,0,-18,Low,B1-chart,informational,blog/bmi-chart-men,primary,,auto,KWP group variants: male bmi chart; bmi for guys chart; bmi graph male; bmi index chart for male; bmi index chart for men; bmi index for men chart; bmi table for male; bmi table for men; body mass chart for males; body mass chart for men; body mass chart male; body mass index chart for male; body mass index chart for men; men's bmi index chart
ideal weight for 5 10 male,12100,0,-18,Low,B2-population,informational,blog/bmi-chart-men,secondary,,auto,KWP group variants: average weight for 5 10 male
bmi for men,12100,0,-18,Low,B1-chart,informational,blog/bmi-chart-men,secondary,,auto,KWP group variants: bmi index for male; body mass index for a male; body mass index of male; mass body index male
male normal bmi,8100,0,-19,Low,B1-chart,informational,blog/bmi-chart-men,secondary,,auto,KWP group variants: healthy bmi for men; good bmi for men; good bmi for male; healthy bmi for a male; healthy body mass index male; normal body mass index for male; normal body mass index for men; normal male bmi
men height weight chart,8100,23,0,Low,B1-chart,informational,blog/bmi-chart-men,secondary,,auto,KWP group variants: height weight chart male; height and weight chart for male; height and weight chart for men; men's height weight ratio chart; weight chart for height male; weight for height male chart
normal weight 5 7 male,8100,0,23,Low,B1-chart,informational,blog/bmi-chart-men,tertiary,,auto,KWP group variants: ideal weight for a man 5 7
average weight for 5 11 male,8100,-18,-18,Low,B1-chart,informational,blog/bmi-chart-men,tertiary,,auto,KWP group variants: ideal weight for a man 5 11
men's weight chart,6600,0,-33,Low,B1-chart,informational,blog/bmi-chart-men,tertiary,,auto,KWP group variants: weight chart for male
average weight 5 6 male,6600,22,0,Low,B1-chart,informational,blog/bmi-chart-men,tertiary,,auto,KWP group variants: ideal weight for a man 5 6; ideal weight for male 5 6
healthy weight 6 foot male,5400,22,22,Low,B2-population,informational,blog/bmi-chart-men,tertiary,,auto,
healthy weight for 59 male,4400,0,-19,Low,B2-population,informational,blog/bmi-chart-men,tertiary,,auto,KWP group variants: normal weight for 5 9 male; normal weight for male 5 9
ideal weight for a man 5 8,3600,0,22,Low,B1-chart,informational,blog/bmi-chart-men,tertiary,,auto,KWP group variants: ideal weight for a 5 8 male
ideal weight for 5 9 male,3600,22,22,Low,B2-population,informational,blog/bmi-chart-men,tertiary,,auto,
bmi scale for men,2900,0,0,Medium,B1-chart,informational,blog/bmi-chart-men,tertiary,,auto,
6 ft male ideal weight,2400,21,21,Low,B2-population,informational,blog/bmi-chart-men,tertiary,,auto,
normal weight of 5 8 male,2400,-21,-21,Low,B2-population,informational,blog/bmi-chart-men,tertiary,,auto,
ideal weight for a male 6 2,1900,26,0,Low,B2-population,informational,blog/bmi-chart-men,tertiary,,auto,
ideal men weight,1900,-23,-66,Low,B1-chart,informational,blog/bmi-chart-men,tertiary,,auto,KWP group variants: ideal weight for men; correct weight for men; ideal male weight; perfect weight for a man; healthy weight for a male; ideal weight male; recommended weight for men
normal weight for 5 6 male,1900,0,-21,Low,B1-chart,informational,blog/bmi-chart-men,tertiary,,auto,
bmi ranges for men,1900,0,-21,Low,B1-chart,informational,blog/bmi-chart-men,tertiary,,auto,KWP group variants: bmi range for male; body mass index range male
bmi chart for men by age,1600,0,0,Low,B1-chart,informational,blog/bmi-chart-men,tertiary,,auto,
normal male weight,1300,-28,-45,Low,B1-chart,informational,blog/bmi-chart-men,tertiary,,auto,KWP group variants: healthy men weight
ideal bmi men,1300,30,0,Low,B1-chart,informational,blog/bmi-chart-men,tertiary,,auto,KWP group variants: ideal body mass index male; perfect bmi for men; recommended bmi for men
average 5 10 male weight,1300,0,0,Low,B1-chart,informational,blog/bmi-chart-men,tertiary,,auto,KWP group variants: body weight for 5 10 male; average weight for a man 5 10
men ideal weight chart,880,0,48,Low,B1-chart,informational,blog/bmi-chart-men,tertiary,,auto,KWP group variants: ideal weight chart for men; ideal male weight chart; ideal weight chart for male
normal weight for a 6 foot male,880,0,22,Low,B2-population,informational,blog/bmi-chart-men,tertiary,,auto,
age weight chart male,720,0,0,Low,B1-chart,informational,blog/bmi-chart-men,tertiary,,auto,KWP group variants: age and weight chart for male; age weight chart for male; men weight chart by age; men's age and weight chart; men's age weight chart
age height weight chart male,720,49,49,Low,B1-chart,informational,blog/bmi-chart-men,tertiary,,auto,KWP group variants: height weight age chart for male; height weight age chart for men; male weight chart by height and age; men's age height weight chart; men's height and weight chart with age; men's weight and height age chart; men's weight chart age and height; weight chart by age and height male; weight chart male by height and age
ideal weight for 59 male,590,0,-18,Low,B2-population,informational,blog/bmi-chart-men,tertiary,,auto,
normal weight of a man in kg,590,0,-19,Low,B1-chart,informational,blog/bmi-chart-men,tertiary,,auto,
ideal weight for 511 male,590,0,-18,Low,B2-population,informational,blog/bmi-chart-men,tertiary,,auto,
good weight for 6 foot male,590,-18,23,Low,B2-population,informational,blog/bmi-chart-men,tertiary,,auto,
bmi healthy range male,590,23,-18,Low,B1-chart,informational,blog/bmi-chart-men,tertiary,,auto,KWP group variants: bmi normal range for male; bmi normal range for men; good bmi range for males; good bmi range for men; healthy bmi range for men
bmi weight chart for men,480,23,0,Low,B1-chart,informational,blog/bmi-chart-men,tertiary,,auto,
ideal weight for 6 foot man,480,0,0,Low,B2-population,informational,blog/bmi-chart-men,tertiary,,auto,
ideal weight for 6 0 male,480,0,-19,Low,B2-population,informational,blog/bmi-chart-men,tertiary,,auto,
ideal body weight for man,480,-18,-46,Low,B1-chart,informational,blog/bmi-chart-men,tertiary,,auto,KWP group variants: ideal body weight for male
ideal height weight male,480,-18,-56,Low,B1-chart,informational,blog/bmi-chart-men,tertiary,,auto,KWP group variants: correct weight for height male; healthy male weight by height; ideal height and weight for male; ideal height and weight for men; ideal height and weight male; ideal height weight for men; ideal weight and height for male; ideal weight by height male; ideal weight for height for male; perfect weight for height male; proper weight for height male; ideal height and weight men
height and weight for male,390,0,-34,Low,B1-chart,informational,blog/bmi-chart-men,tertiary,,auto,
healthy weight range for men,390,-34,-71,Low,B1-chart,informational,blog/bmi-chart-men,tertiary,,auto,KWP group variants: healthy weight range for male; healthy weight ranges for males
ideal male weight calculator,390,-18,-18,Low,B1-chart,informational,blog/bmi-chart-men,tertiary,,auto,KWP group variants: ideal weight calculator for men; men's ideal weight calculator
man normal weight,260,24,-19,Low,B1-chart,informational,blog/bmi-chart-men,tertiary,,auto,KWP group variants: normal body weight for men; male normal weight; normal weight for guys
healthy weight range 5 10 male,260,52,23,Low,B1-chart,informational,blog/bmi-chart-men,tertiary,,auto,
male bmi chart with age,260,0,-19,Low,B1-chart,informational,blog/bmi-chart-men,tertiary,,auto,
body mass index for men,260,22,50,Low,B1-chart,informational,blog/bmi-chart-men,tertiary,,auto,
men weight by height,260,-19,-46,Low,B1-chart,informational,blog/bmi-chart-men,tertiary,,auto,KWP group variants: height and weight for men; height to weight for men
bmi index for men,260,-19,-19,Low,B1-chart,informational,blog/bmi-chart-men,tertiary,,auto,
weight & height chart for male,210,52,23,Low,B2-population,informational,blog/bmi-chart-men,tertiary,,auto,
healthy weight range 6 foot male,210,529,700,Low,B1-chart,informational,blog/bmi-chart-men,tertiary,,auto,
height to weight ratio for men,210,53,-19,Low,B1-chart,informational,blog/bmi-chart-men,tertiary,,auto,KWP group variants: height and weight ratio for male; height and weight ratio for men; height to weight ratio for male
normal bmi for 6 foot male,210,24,24,Low,B1-chart,informational,blog/bmi-chart-men,tertiary,,auto,KWP group variants: healthy bmi for 6 foot male
ideal weight for a man 6 feet tall,210,0,24,Low,B1-chart,informational,blog/bmi-chart-men,tertiary,,auto,
height chart for male,210,0,0,Low,B1-chart,informational,blog/bmi-chart-men,tertiary,,auto,
body weight chart for men,210,0,-19,Low,B1-chart,informational,blog/bmi-chart-men,tertiary,,auto,KWP group variants: body weight chart for male
best bmi for men,210,0,-19,Low,B1-chart,informational,blog/bmi-chart-men,tertiary,,auto,
men's weight height chart,170,-18,-33,Low,B1-chart,informational,blog/bmi-chart-men,tertiary,,auto,
optimal bmi for men,140,21,0,Low,B1-chart,informational,blog/bmi-chart-men,tertiary,,auto,KWP group variants: optimal bmi for male
weight chart for seniors males by age and height,140,-19,89,Low,B1-chart,informational,blog/bmi-chart-men,tertiary,,auto,
healthy weight range for 5 11 male,140,0,55,Low,B1-chart,informational,blog/bmi-chart-men,tertiary,,auto,
ideal weight for 5ft 11 male,140,-18,-18,Low,B2-population,informational,blog/bmi-chart-men,tertiary,,auto,
weight range 5 10 male,140,-18,-18,Low,B1-chart,informational,blog/bmi-chart-men,tertiary,,auto,KWP group variants: weight range for 5 10 male
male normal weight chart,140,0,-48,Low,B1-chart,informational,blog/bmi-chart-men,tertiary,,auto,KWP group variants: healthy male weight chart; healthy men's weight chart; men's normal weight chart; normal weight chart for male; normal weight chart male
adult male bmi chart,140,0,21,Low,B1-chart,informational,blog/bmi-chart-men,tertiary,,auto,KWP group variants: bmi chart for male adults
weight for a 6 foot male,140,0,21,Low,B1-chart,informational,blog/bmi-chart-men,tertiary,,auto,
healthy weight by height men,140,0,0,Low,B1-chart,informational,blog/bmi-chart-men,tertiary,,auto,
healthy weight range for 5 9 male,140,0,55,Low,B1-chart,informational,blog/bmi-chart-men,tertiary,,auto,
men bmi scale,110,0,0,Low,B3-bodyfat,informational,blog/bmi-chart-men,tertiary,,auto,
weight range for men,110,-18,-47,Low,B2-population,informational,blog/bmi-chart-men,tertiary,,auto,KWP group variants: weight range for males
weight by height and age male,110,56,-18,Low,B1-chart,informational,blog/bmi-chart-men,tertiary,,auto,KWP group variants: men's weight by height and age; weight for height and age male
healthy weight range for 5 8 male,110,55,89,Low,B1-chart,informational,blog/bmi-chart-men,tertiary,,auto,
proper weight for 6 foot male,110,-55,-29,Low,B1-chart,informational,blog/bmi-chart-men,tertiary,,auto,
ideal body weight male formula,110,0,0,Low,B1-chart,informational,blog/bmi-chart-men,tertiary,,auto,
weight range for 5 11 male,90,-18,-18,Low,B1-chart,informational,blog/bmi-chart-men,tertiary,,auto,
ideal weight for 5ft 9 male,90,-18,0,Low,B2-population,informational,blog/bmi-chart-men,tertiary,,auto,
healthy male weight,90,0,-18,Low,B1-chart,informational,blog/bmi-chart-men,tertiary,,auto,
bmi height weight chart male,90,-50,-90,Low,B1-chart,informational,blog/bmi-chart-men,tertiary,,auto,
healthy weight range for 6 2 male,90,22,57,Low,B1-chart,informational,blog/bmi-chart-men,tertiary,,auto,
weight per height male,90,29,-36,Low,B1-chart,informational,blog/bmi-chart-men,tertiary,,auto,KWP group variants: male weight as per height; weight as per height for male
6ft man ideal weight,90,0,29,Low,B2-population,informational,blog/bmi-chart-men,tertiary,,auto,
adult male ideal weight,90,22,0,Low,B1-chart,informational,blog/bmi-chart-men,tertiary,,auto,KWP group variants: healthy adult male weight; healthy weight for adult male; ideal weight adult male
bmi scale for male,70,40,-22,Low,B1-chart,informational,blog/bmi-chart-men,tertiary,,auto,
ideal weight for male 5 ft 9,70,27,180,Low,B2-population,informational,blog/bmi-chart-men,tertiary,,auto,
bmi standard for male,70,-29,-29,Low,B1-chart,informational,blog/bmi-chart-men,tertiary,,auto,KWP group variants: bmi standards for men
ideal body weight chart male,70,0,0,Low,B1-chart,informational,blog/bmi-chart-men,tertiary,,auto,KWP group variants: ideal body weight chart for men; men's ideal body weight chart
good weight for male,70,0,-36,Medium,B2-population,informational,blog/bmi-chart-men,tertiary,,auto,
bmi chart male by age,70,-57,-67,Low,B1-chart,informational,blog/bmi-chart-men,tertiary,,auto,
average healthy male weight,70,-29,0,Low,B1-chart,informational,blog/bmi-chart-men,tertiary,,auto,
bmi chart men lbs,70,-43,-43,Low,B1-chart,informational,blog/bmi-chart-men,tertiary,,auto,
healthy bmi chart male,70,-43,-56,Low,B1-chart,informational,blog/bmi-chart-men,tertiary,,auto,KWP group variants: healthy bmi for men chart; male healthy bmi chart
bmi test for men,70,-44,0,Low,B1-chart,informational,blog/bmi-chart-men,tertiary,,auto,
bmi chart for males by age,70,0,-18,Low,B1-chart,informational,blog/bmi-chart-men,tertiary,,auto,
weight range for 5 7 male,70,40,0,Low,B1-chart,informational,blog/bmi-chart-men,tertiary,,auto,
perfect weight for 6 feet male,70,57,120,Low,B2-population,informational,blog/bmi-chart-men,tertiary,,auto,
healthy weight range for 6 1 male,70,57,22,Low,B1-chart,informational,blog/bmi-chart-men,tertiary,,auto,
healthy bmi for 6ft 3 male,50,0,25,Low,B1-chart,informational,blog/bmi-chart-men,tertiary,,auto,
ideal weight for men by age and height,50,25,-44,Low,B1-chart,informational,blog/bmi-chart-men,tertiary,,auto,
weight by height chart male,50,25,-29,Low,B1-chart,informational,blog/bmi-chart-men,tertiary,,auto,KWP group variants: weight for height chart male
ideal weight for 5.9 male,50,0,-55,Low,B2-population,informational,blog/bmi-chart-men,tertiary,,auto,
ideal height weight chart male,50,-29,-29,Low,B1-chart,informational,blog/bmi-chart-men,tertiary,,auto,KWP group variants: ideal height and weight chart for men; ideal height weight chart for men; male ideal height weight chart
ideal weight for 6 ft 1 male,50,-40,-57,Low,B2-population,informational,blog/bmi-chart-men,tertiary,,auto,
ideal weight by height men,50,40,0,Low,B1-chart,informational,blog/bmi-chart-men,tertiary,,auto,KWP group variants: men's ideal weight for height
weight chart for male adults,50,40,0,Low,B1-chart,informational,blog/bmi-chart-men,tertiary,,auto,
ideal weight 5.8 male,50,40,75,Low,B2-population,informational,blog/bmi-chart-men,tertiary,,auto,
bmi chart adult men,40,0,0,Low,B1-chart,informational,blog/bmi-chart-men,tertiary,,auto,
ideal bmi for 6 foot male,40,-40,0,Low,B2-population,informational,blog/bmi-chart-men,tertiary,,auto,
5 11 male bmi chart,40,-25,-25,Low,B1-chart,informational,blog/bmi-chart-men,tertiary,,auto,
weight range for 6 3 male,40,-20,0,Low,B1-chart,informational,blog/bmi-chart-men,tertiary,,auto,
healthy bmi 6 foot male,40,-25,-25,Low,B1-chart,informational,blog/bmi-chart-men,tertiary,,auto,
male weight bmi chart,40,75,75,Low,B1-chart,informational,blog/bmi-chart-men,tertiary,,auto,KWP group variants: weight chart for men bmi
ideal weight for 57 male,40,33,0,Low,B2-population,informational,blog/bmi-chart-men,tertiary,,auto,
height and weight chart for male adults,40,67,0,Low,B1-chart,informational,blog/bmi-chart-men,tertiary,,auto,
man weight and height,40,67,0,Low,B1-chart,informational,blog/bmi-chart-men,tertiary,,auto,
height weight chart male by age,40,133,133,Low,B1-chart,informational,blog/bmi-chart-men,tertiary,,auto,
normal weight for height men,40,0,-56,Low,B1-chart,informational,blog/bmi-chart-men,tertiary,,auto,KWP group variants: healthy weight to height male
ideal weight for 6 foot 3 male,30,0,-40,Low,B2-population,informational,blog/bmi-chart-men,tertiary,,auto,
ideal weight for men age,30,-50,-80,Low,B1-chart,informational,blog/bmi-chart-men,tertiary,,auto,KWP group variants: ideal weight for men by age
male bmi chart in kg,30,50,0,Low,B1-chart,informational,blog/bmi-chart-men,tertiary,,auto,KWP group variants: bmi chart for men in kg
mens healthy weight,30,0,-50,Low,B2-population,informational,blog/bmi-chart-men,tertiary,,auto,
healthy body weight for male,30,-25,-25,Low,B1-chart,informational,blog/bmi-chart-men,tertiary,,auto,
healthy height weight chart male,30,300,0,Low,B1-chart,informational,blog/bmi-chart-men,tertiary,,auto,
men's height to weight ratio,30,-40,0,Low,B1-chart,informational,blog/bmi-chart-men,tertiary,,auto,
5 9 male bmi chart,30,0,-25,Low,B1-chart,informational,blog/bmi-chart-men,tertiary,,auto,
normal bmi for adult male,30,33,33,Low,B1-chart,informational,blog/bmi-chart-men,tertiary,,auto,
healthy bmi 5 11 male,30,50,50,Low,B1-chart,informational,blog/bmi-chart-men,tertiary,,auto,
height weight index male,20,-50,-50,Low,B1-chart,informational,blog/bmi-chart-men,tertiary,,auto,
bmi chart for a man,20,50,0,Low,B1-chart,informational,blog/bmi-chart-men,tertiary,,auto,
healthy weight per height male,20,-50,-67,Low,B1-chart,informational,blog/bmi-chart-men,tertiary,,auto,
healthy weight for 5.9 male,20,0,-33,Low,B2-population,informational,blog/bmi-chart-men,tertiary,,auto,
ideal weight for 5 ft 9 inch male,20,0,-33,Low,B2-population,informational,blog/bmi-chart-men,tertiary,,auto,
normal height weight chart male,20,0,-67,Low,B1-chart,informational,blog/bmi-chart-men,tertiary,,auto,
normal weight for height male,20,0,-67,Low,B1-chart,informational,blog/bmi-chart-men,tertiary,,auto,
healthy bmi weight for 6 foot male,20,0,0,Low,B1-chart,informational,blog/bmi-chart-men,tertiary,,auto,
ideal weight for 5.5 male,20,0,0,Low,B2-population,informational,blog/bmi-chart-men,tertiary,,auto,
weight chart for 5 10 male,20,0,0,Low,B1-chart,informational,blog/bmi-chart-men,tertiary,,auto,
men's ideal weight chart by age,20,0,-80,Low,B1-chart,informational,blog/bmi-chart-men,tertiary,,auto,KWP group variants: ideal weight chart for men by age
ideal weight for 5.11 male,20,0,0,Low,B2-population,informational,blog/bmi-chart-men,tertiary,,auto,
weight height ratio male,20,0,0,Low,B1-chart,informational,blog/bmi-chart-men,tertiary,,auto,KWP group variants: weight to height ratio for male
ideal weight range for 5 11 male,20,0,0,Low,B1-chart,informational,blog/bmi-chart-men,tertiary,,auto,
bmi chart male height and weight,20,0,200,Low,B1-chart,informational,blog/bmi-chart-men,tertiary,,auto,
weight range for height male,20,0,200,Low,B1-chart,informational,blog/bmi-chart-men,tertiary,,auto,
good bmi for 6 foot male,20,100,-33,Low,B1-chart,informational,blog/bmi-chart-men,tertiary,,auto,
male age bmi chart,20,100,-71,Low,B1-chart,informational,blog/bmi-chart-men,tertiary,,auto,
normal male weight by height,20,100,-33,Low,B1-chart,informational,blog/bmi-chart-men,tertiary,,auto,
ideal weight range for 5 10 male,20,100,0,Low,B1-chart,informational,blog/bmi-chart-men,tertiary,,auto,
height weight chart male lbs,20,100,0,Low,B1-chart,informational,blog/bmi-chart-men,tertiary,,auto,
ideal weight per height male,20,50,50,Low,B1-chart,informational,blog/bmi-chart-men,tertiary,,auto,
body weight height chart male,20,50,200,Low,B1-chart,informational,blog/bmi-chart-men,tertiary,,auto,
ideal weight man 6ft,20,-50,-50,Low,B2-population,informational,blog/bmi-chart-men,tertiary,,auto,
proper body weight for males,10,-100,-100,Unknown,B1-chart,informational,blog/bmi-chart-men,tertiary,,auto,
men's normal height & weight,10,∞,∞,Low,B1-chart,informational,blog/bmi-chart-men,tertiary,,auto,
weight to height scale male,10,∞,∞,Low,B1-chart,informational,blog/bmi-chart-men,tertiary,,auto,
normal weight for male in kg,10,∞,∞,Low,B2-population,informational,blog/bmi-chart-men,tertiary,,auto,
weight graph male,10,∞,∞,Low,B1-chart,informational,blog/bmi-chart-men,tertiary,,auto,
normal weight and height for male,10,∞,∞,Low,B1-chart,informational,blog/bmi-chart-men,tertiary,,auto,
bmi chart in kg for men,10,∞,∞,Low,B1-chart,informational,blog/bmi-chart-men,tertiary,,auto,
ideal weight calculator men's health,10,∞,∞,Low,B1-chart,informational,blog/bmi-chart-men,tertiary,,auto,
right weight for male,10,∞,∞,Low,B2-population,informational,blog/bmi-chart-men,tertiary,,auto,
optimal weight for height male,10,∞,0,Low,B1-chart,informational,blog/bmi-chart-men,tertiary,,auto,
healthy bmi chart for male,10,∞,0,Low,B1-chart,informational,blog/bmi-chart-men,tertiary,,auto,
5.5 feet man ideal weight,10,∞,0,Low,B1-chart,informational,blog/bmi-chart-men,tertiary,,auto,
men's healthy body weight chart,10,∞,0,Low,B1-chart,informational,blog/bmi-chart-men,tertiary,,auto,
men's ideal weight for height and age,10,∞,0,Low,B1-chart,informational,blog/bmi-chart-men,tertiary,,auto,
men's healthy bmi chart,10,∞,0,Low,B1-chart,informational,blog/bmi-chart-men,tertiary,,auto,
men's ideal bmi chart,10,∞,0,Low,B1-chart,informational,blog/bmi-chart-men,tertiary,,auto,
male weight according to height and age,10,∞,0,Low,B1-chart,informational,blog/bmi-chart-men,tertiary,,auto,
ideal weight for indian male,10,∞,0,Low,B1-chart,informational,blog/bmi-chart-men,tertiary,,auto,
ideal weight for 5ft 10inch male,10,∞,0,Low,B2-population,informational,blog/bmi-chart-men,tertiary,,auto,
height & weight chart male,10,∞,0,Low,B1-chart,informational,blog/bmi-chart-men,tertiary,,auto,KWP group variants: height to weight ratio for a man
normal bmi value for male,10,∞,0,Low,B1-chart,informational,blog/bmi-chart-men,tertiary,,auto,KWP group variants: healthy weight for my height and age and gender
healthy weight scale male,10,∞,0,Low,B1-chart,informational,blog/bmi-chart-men,tertiary,,auto,
healthy height and weight chart male,10,∞,0,Low,B1-chart,informational,blog/bmi-chart-men,tertiary,,auto,
ideal weight for height male calculator,10,∞,0,Low,B1-chart,informational,blog/bmi-chart-men,tertiary,,auto,
ideal weight for fit male,10,∞,0,Low,B1-chart,informational,blog/bmi-chart-men,tertiary,,auto,
bmi chart male metric,10,∞,0,Low,B1-chart,informational,blog/bmi-chart-men,tertiary,,auto,
body bmi chart male,10,∞,0,Low,B1-chart,informational,blog/bmi-chart-men,tertiary,,auto,
weight and height chart for male by age,10,∞,0,Low,B1-chart,informational,blog/bmi-chart-men,tertiary,,auto,
body height weight chart male,10,∞,0,Low,B1-chart,informational,blog/bmi-chart-men,tertiary,,auto,
man standard height and weight,10,∞,0,Low,B1-chart,informational,blog/bmi-chart-men,tertiary,,auto,
ideal weight chart for males by age and height,10,100,100,Low,B1-chart,informational,blog/bmi-chart-men,tertiary,,auto,
age and weight chart male,10,100,100,Low,B1-chart,informational,blog/bmi-chart-men,tertiary,,auto,
ideal weight for 166cm male,10,0,∞,Low,B2-population,informational,blog/bmi-chart-men,tertiary,,auto,
weight height scale male,10,0,∞,Low,B1-chart,informational,blog/bmi-chart-men,tertiary,,auto,
male bmi chart 2022,10,0,∞,Low,B1-chart,informational,blog/bmi-chart-men,tertiary,,auto,
normal weight of male,10,0,0,Unknown,B2-population,informational,blog/bmi-chart-men,tertiary,,auto,
men's weight chart by age and height in kg,10,0,∞,Low,B1-chart,informational,blog/bmi-chart-men,tertiary,,auto,
bmi chart in kg male,10,0,∞,Low,B1-chart,informational,blog/bmi-chart-men,tertiary,,auto,
bmi male normal range,10,0,100,Low,B1-chart,informational,blog/bmi-chart-men,tertiary,,auto,
weight for 5.5 height male,10,0,0,Unknown,B1-chart,informational,blog/bmi-chart-men,tertiary,,auto,KWP group variants: body mass index for 5.4 height
human body height weight chart,10,0,0,Unknown,B1-chart,informational,blog/bmi-chart-men,tertiary,,auto,KWP group variants: weight chart for male in kg
man ideal weight in kg,10,0,0,Unknown,B1-chart,informational,blog/bmi-chart-men,tertiary,,auto,KWP group variants: my weight according to height and age; weight measurement according to height and age; weight ratio with height and age
normal weight of man according to age and height,10,0,0,Unknown,B1-chart,informational,blog/bmi-chart-men,tertiary,,auto,
ideal weight for male over 50,10,0,0,Unknown,B1-chart,informational,blog/bmi-chart-men,tertiary,,auto,
ideal weight male in kg,10,0,0,Unknown,B2-population,informational,blog/bmi-chart-men,tertiary,,auto,
weight bmi chart for males,10,0,0,Unknown,B1-chart,informational,blog/bmi-chart-men,tertiary,,auto,
ideal height weight age chart in kg,10,0,0,Unknown,B1-chart,informational,blog/bmi-chart-men,tertiary,,auto,KWP group variants: average weight for height in kg male
bmi chart for tall men,10,0,0,Low,B1-chart,informational,blog/bmi-chart-men,tertiary,,auto,
bmi ideal weight male,10,0,0,Low,B2-population,informational,blog/bmi-chart-men,tertiary,,auto,
healthy weight for 182cm male,10,0,0,Low,B2-population,informational,blog/bmi-chart-men,tertiary,,auto,
normal weight by height male,10,0,0,Low,B1-chart,informational,blog/bmi-chart-men,tertiary,,auto,
good bmi for 6 0 male,10,0,0,Medium,B1-chart,informational,blog/bmi-chart-men,tertiary,,auto,
ideal weight for 5.6 feet male,10,0,0,Medium,B1-chart,informational,blog/bmi-chart-men,tertiary,,auto,KWP group variants: bmi according to age height and weight; bmi according to age weight and height
weight index chart male,10,0,0,Medium,B1-chart,informational,blog/bmi-chart-men,tertiary,,auto,
ideal weight range for men,10,0,0,Low,B1-chart,informational,blog/bmi-chart-men,tertiary,,auto,
ideal weight for 184cm male,10,0,0,Medium,B2-population,informational,blog/bmi-chart-men,tertiary,,auto,
male height and weight chart by age,10,0,0,Low,B1-chart,informational,blog/bmi-chart-men,tertiary,,auto,
appropriate bmi for male,10,0,0,Low,B1-chart,informational,blog/bmi-chart-men,tertiary,,auto,
men's standard weight chart,10,0,0,Low,B1-chart,informational,blog/bmi-chart-men,tertiary,,auto,KWP group variants: im 4ft 11 how much should i weigh
male body mass chart,10,0,0,Low,B1-chart,informational,blog/bmi-chart-men,tertiary,,auto,
height weight chart male bmi,10,0,0,Low,B1-chart,informational,blog/bmi-chart-men,tertiary,,auto,
bmi for men what should it be,10,0,0,Low,B1-chart,informational,blog/bmi-chart-men,tertiary,,auto,
ideal weight for a man 5 feet 11 inches tall,10,0,0,Low,B1-chart,informational,blog/bmi-chart-men,tertiary,,auto,
men's healthy weight scale,10,0,0,Low,B1-chart,informational,blog/bmi-chart-men,tertiary,,auto,
men's healthy bmi range,10,0,0,Low,B1-chart,informational,blog/bmi-chart-men,tertiary,,auto,
normal weight index,10,0,0,Low,B1-chart,informational,blog/bmi-chart-men,tertiary,,auto,KWP group variants: weight based on height male
normal bmi chart for male,10,0,0,Low,B1-chart,informational,blog/bmi-chart-men,tertiary,,auto,
healthy weight for men by age,10,0,0,Low,B1-chart,informational,blog/bmi-chart-men,tertiary,,auto,
height weight and age chart male,10,0,0,Low,B1-chart,informational,blog/bmi-chart-men,tertiary,,auto,
body index chart male,10,0,0,Low,B1-chart,informational,blog/bmi-chart-men,tertiary,,auto,
bmi chart kg male,10,0,0,Low,B1-chart,informational,blog/bmi-chart-men,tertiary,,auto,
height weight chart male pounds,10,0,0,Low,B1-chart,informational,blog/bmi-chart-men,tertiary,,auto,
ideal weight for male 5 11 in kg,10,0,0,Low,B2-population,informational,blog/bmi-chart-men,tertiary,,auto,
height weight chart in kg male,10,0,0,Low,B1-chart,informational,blog/bmi-chart-men,tertiary,,auto,
normal bmi of male,10,0,0,Low,B1-chart,informational,blog/bmi-chart-men,tertiary,,auto,
normal body weight chart male,10,0,0,Low,B1-chart,informational,blog/bmi-chart-men,tertiary,,auto,
ideal weight for large frame male,10,0,-50,Low,B1-chart,informational,blog/bmi-chart-men,tertiary,,auto,
standard height and weight for men,10,0,0,Low,B2-population,informational,blog/bmi-chart-men,tertiary,,auto,
bmi index table male,10,0,-67,Low,B1-chart,informational,blog/bmi-chart-men,tertiary,,auto,KWP group variants: body mass index table for male
normal weight range for men,10,0,-50,Low,B1-chart,informational,blog/bmi-chart-men,tertiary,,auto,KWP group variants: ideal weight for my body type; normal weight range for males; bmi calculator with bone size
height to weight for male,10,0,-67,Low,B1-chart,informational,blog/bmi-chart-men,tertiary,,auto,
normal men bmi,10,0,-50,Low,B1-chart,informational,blog/bmi-chart-men,tertiary,,auto,
5.5 male ideal weight,10,0,-50,Low,B1-chart,informational,blog/bmi-chart-men,tertiary,,auto,
ibw chart male,10,0,-50,Low,B1-chart,informational,blog/bmi-chart-men,tertiary,,auto,
best height and weight for a man,10,0,-100,Unknown,B1-chart,informational,blog/bmi-chart-men,tertiary,,auto,
ideal weight chart for male in kg,10,0,-100,Unknown,B1-chart,informational,blog/bmi-chart-men,tertiary,,auto,
good body mass index for males,10,0,-100,Unknown,B1-chart,informational,blog/bmi-chart-men,tertiary,,auto,
bmi chart for men frame size,10,0,-100,Unknown,B1-chart,informational,blog/bmi-chart-men,tertiary,,auto,
medical bmi chart male,10,0,-100,Unknown,B1-chart,informational,blog/bmi-chart-men,tertiary,,auto,
normal weight for 190cm male,10,0,-100,Unknown,B2-population,informational,blog/bmi-chart-men,tertiary,,auto,
male weight chart according to height,10,0,-100,Unknown,B1-chart,informational,blog/bmi-chart-men,tertiary,,auto,
acceptable bmi for male,10,0,-100,Unknown,B1-chart,informational,blog/bmi-chart-men,tertiary,,auto,KWP group variants: ideal weight age height body type
ideal weight for 1.76 male,10,0,-100,Unknown,B2-population,informational,blog/bmi-chart-men,tertiary,,auto,
weight for men's height and age in lbs,10,0,-100,Unknown,B1-chart,informational,blog/bmi-chart-men,tertiary,,auto,
weight as per height and age male,10,0,-100,Unknown,B1-chart,informational,blog/bmi-chart-men,tertiary,,auto,
bmi weight chart for male,10,0,-100,Unknown,B1-chart,informational,blog/bmi-chart-men,tertiary,,auto,
man age and weight chart,10,0,-100,Unknown,B1-chart,informational,blog/bmi-chart-men,tertiary,,auto,KWP group variants: according to who height weight chart; man weight according to height and age
bmi weight for men,10,-50,0,Low,B1-chart,informational,blog/bmi-chart-men,tertiary,,auto,
height weight bmi chart male,10,-50,0,Low,B1-chart,informational,blog/bmi-chart-men,tertiary,,auto,
man normal bmi,10,-50,-50,Low,B1-chart,informational,blog/bmi-chart-men,tertiary,,auto,
normal weight for men's height,10,-100,0,Unknown,B1-chart,informational,blog/bmi-chart-men,tertiary,,auto,
standard height and weight chart for male,10,-100,0,Unknown,B1-chart,informational,blog/bmi-chart-men,tertiary,,auto,
ideal weight for my height men,10,-100,0,Unknown,B1-chart,informational,blog/bmi-chart-men,tertiary,,auto,
recommended bmi for male by age,10,-100,-100,Unknown,B1-chart,informational,blog/bmi-chart-men,tertiary,,auto,KWP group variants: recommended bmi for males by age
ideal weight for men's height in kg,10,-100,0,Unknown,B1-chart,informational,blog/bmi-chart-men,tertiary,,auto,
weight according to height and age for male,10,-100,0,Unknown,B1-chart,informational,blog/bmi-chart-men,tertiary,,auto,
men's healthy weight to height,10,-100,-100,Unknown,B1-chart,informational,blog/bmi-chart-men,tertiary,,auto,
age bmi chart male,10,-100,-100,Unknown,B1-chart,informational,blog/bmi-chart-men,tertiary,,auto,KWP group variants: bmi test machine near me
optimal male weight for height,10,-100,-100,Unknown,B1-chart,informational,blog/bmi-chart-men,tertiary,,auto,
ideal weight for height 5 feet 9 inches male,10,-100,-100,Unknown,B2-population,informational,blog/bmi-chart-men,tertiary,,auto,
men's ideal weight by age,10,-100,-100,Unknown,B1-chart,informational,blog/bmi-chart-men,tertiary,,auto,
bmi fitness chart,10,-100,-100,Unknown,B1-chart,informational,blog/bmi-chart-men,tertiary,,auto,KWP group variants: male body weight according to height
ideal height weight chart for indian male,10,-100,-100,Unknown,B1-chart,informational,blog/bmi-chart-men,tertiary,,auto,
normal weight and height for men,10,-100,-100,Unknown,B1-chart,informational,blog/bmi-chart-men,tertiary,,auto,
men's ideal height and weight chart,10,-100,-100,Unknown,B1-chart,informational,blog/bmi-chart-men,tertiary,,auto,
bmi chart men 2022,10,-100,-100,Unknown,B1-chart,informational,blog/bmi-chart-men,tertiary,,auto,
bmi chart female,74000,0,-33,Low,B1-chart,informational,blog/bmi-chart-women,primary,,auto,KWP group variants: body mass index chart female; bmi table women; bmi chart female chart; bmi chart for ladies; bmi chart ladies; bmi female table; bmi graph female; bmi index chart female; body mass chart female; body mass chart for women; body mass index table for women; chart bmi women
chart bmi female,27100,0,49,Low,B1-chart,informational,blog/bmi-chart-women,secondary,,auto,KWP group variants: bmi chart for women; bmi graph for women; bmi index chart for women; bmi index for women chart; bmi weight chart for women; bmi weight for women; body mass index chart for women; female body index chart
bmi for women,22200,0,0,Low,B1-chart,informational,blog/bmi-chart-women,secondary,,queued,queued: chart (reference) vs calculator intent; KWP group variants: bmi index female; bmi and women; body mass index female; body mass index for a woman; body weight index female
average weight 5 2 woman,14800,0,-18,Low,B2-population,informational,blog/bmi-chart-women,secondary,,auto,KWP group variants: 5 2 average weight female; 5 2 ideal weight for females; healthy weight for 5 2 women; ideal weight for a woman 5 2; ideal weight for female 5 2; normal weight for 5 2 woman
healthy weight 54 female,14800,0,-18,Low,B1-chart,informational,blog/bmi-chart-women,secondary,,auto,KWP group variants: 5 4 normal weight female; normal weight 5 4 female
female weight chart,14800,0,-18,Low,B1-chart,informational,blog/bmi-chart-women,tertiary,,auto,KWP group variants: height weight chart female; weight height chart women; height and weight chart for women; female chart for height and weight; female height and weight chart; ht wt chart female; height weight chart for women
bmi normal female,12100,0,-18,Low,B1-chart,informational,blog/bmi-chart-women,tertiary,,auto,KWP group variants: healthy bmi for women; good bmi for women; female healthy bmi; good bmi for female; healthy body mass index female; healthy body mass index for women; healthy women's bmi index; normal bmi of women; normal body mass for female; normal body mass for women; proper bmi for women; good bmi for a woman
normal weight 5 6 woman,12100,0,0,Low,B1-chart,informational,blog/bmi-chart-women,tertiary,,auto,KWP group variants: normal weight for female 5 6; 5 6 healthy weight female; 5 6 normal weight female; normal weight for 5 6 woman
normal weight for 5 7 woman,12100,0,-18,Low,B1-chart,informational,blog/bmi-chart-women,tertiary,,auto,KWP group variants: healthy weight for female 5 7; healthy weight for 5 7 female; normal weight for female 5 7
female weight table,12100,0,-33,Low,B1-chart,informational,blog/bmi-chart-women,tertiary,,auto,KWP group variants: weight chart for women; ladies weight chart; weight for female chart; weight guide for women; weight table for women; weight chart female; weight for females chart
normal weight for female 5 2,8100,0,0,Low,B1-chart,informational,blog/bmi-chart-women,tertiary,,auto,KWP group variants: normal weight for a woman 5 2; healthy weight for a female 5 2
5 3 ideal weight woman,8100,0,0,Low,B2-population,informational,blog/bmi-chart-women,tertiary,,auto,
normal weight 5 5 woman,8100,0,0,Low,B1-chart,informational,blog/bmi-chart-women,tertiary,,auto,KWP group variants: normal weight 5 5 female; healthy weight for 5 5 female; 5 5 healthy weight female; healthy weight for a 5 5 female; normal weight for a 5 5 female
normal weight 5 3 female,6600,0,-33,Low,B1-chart,informational,blog/bmi-chart-women,tertiary,,auto,KWP group variants: normal weight for female 5 3
bmi scale women,6600,0,0,Low,B1-chart,informational,blog/bmi-chart-women,tertiary,,auto,
normal weight for 5 8 woman,4400,0,0,Low,B2-population,informational,blog/bmi-chart-women,tertiary,,auto,KWP group variants: 5 6 woman how much should i weigh; healthy weight for 5 8 women
bmi female range,4400,0,0,Low,B1-chart,informational,blog/bmi-chart-women,tertiary,,auto,KWP group variants: bmi ranges for women; bmi level for female; body mass index range female; ladies bmi range
normal weight 5 8 female,3600,0,-18,Low,B1-chart,informational,blog/bmi-chart-women,tertiary,,auto,KWP group variants: average weight 5 8 female; average weight for 5 8 woman; normal weight for a 5 8 female
healthy weight 5 1 female,3600,0,-18,Low,B2-population,informational,blog/bmi-chart-women,tertiary,,auto,KWP group variants: healthy weight for women 5 1
female age bmi chart,2900,24,24,Low,B1-chart,informational,blog/bmi-chart-women,tertiary,,auto,
normal weight 5 9 female,2900,0,0,Low,B1-chart,informational,blog/bmi-chart-women,tertiary,,auto,KWP group variants: healthy weight for 5 9 female; healthy weight for 59 female; healthy weight for a 5 9 female; normal weight for 5 9 female
healthy weight women,2900,-16,-64,Low,B1-chart,informational,blog/bmi-chart-women,tertiary,,auto,KWP group variants: healthy weight for female; proper weight for women; healthy female weight
normal weight for 5 1 female,2900,-17,-17,Low,B2-population,informational,blog/bmi-chart-women,tertiary,,auto,KWP group variants: normal weight for female 5 1
bmi women 5 3,2400,0,21,Low,B1-chart,informational,blog/bmi-chart-women,tertiary,,auto,KWP group variants: body mass index 5 3 female
bmi women 5 5,2400,0,26,Low,B1-chart,informational,blog/bmi-chart-women,tertiary,,auto,
ideal weight for 5 7 woman,2400,-17,-17,Low,B2-population,informational,blog/bmi-chart-women,tertiary,,auto,
ideal weight for female 5 10,2400,0,26,Low,B2-population,informational,blog/bmi-chart-women,tertiary,,auto,KWP group variants: healthy weight for 5 10 female
5 6 150 lbs female,2400,-33,23,Low,B1-chart,informational,blog/bmi-chart-women,tertiary,,auto,
5 4 140 lb female,2400,-33,60,Low,B1-chart,informational,blog/bmi-chart-women,tertiary,,auto,
bmi chart women age,1900,0,0,Low,B1-chart,informational,blog/bmi-chart-women,tertiary,,auto,KWP group variants: bmi chart female age; body mass index chart for women age
5 5 130 lbs female,1900,-58,39,Low,B1-chart,informational,blog/bmi-chart-women,tertiary,,auto,
5ft female ideal weight,1900,0,0,Low,B2-population,informational,blog/bmi-chart-women,tertiary,,auto,KWP group variants: normal weight for 5 foot female; ideal weight for 5ft female
5 5 150 lbs female,1900,-46,30,Low,B1-chart,informational,blog/bmi-chart-women,tertiary,,auto,
5 4 130 lbs female,1900,-46,233,Low,B1-chart,informational,blog/bmi-chart-women,tertiary,,auto,
bmi female normal range,1900,0,-21,Low,B1-chart,informational,blog/bmi-chart-women,tertiary,,auto,KWP group variants: bmi healthy range female; bmi normal range for women; good bmi range for females; healthy bmi range for women; women's healthy bmi range; healthy bmi range female
5 5 140 lbs female,1900,-47,39,Low,B1-chart,informational,blog/bmi-chart-women,tertiary,,auto,
5 6 130 lb female,1900,-47,14,Low,B1-chart,informational,blog/bmi-chart-women,tertiary,,auto,
female ideal weight,1600,0,-46,High,B1-chart,informational,blog/bmi-chart-women,tertiary,,auto,KWP group variants: ladies ideal weight; ideal weight female; ideal weight for a woman; optimal weight for women; perfect weight for a woman; recommended weight for female
5 7 150 lbs female,1600,-32,30,Low,B1-chart,informational,blog/bmi-chart-women,tertiary,,auto,
5 7 140 lbs female,1600,-45,49,Low,B1-chart,informational,blog/bmi-chart-women,tertiary,,auto,
best bmi for women,1600,0,0,Low,B1-chart,informational,blog/bmi-chart-women,tertiary,,auto,KWP group variants: optimal bmi for women
normal weight for 4 11 female,1600,0,0,Low,B1-chart,informational,blog/bmi-chart-women,tertiary,,auto,
5 2 150 lbs female,1300,-45,0,Low,B1-chart,informational,blog/bmi-chart-women,tertiary,,auto,
5 6 180 lb female,1300,-32,22,Low,B1-chart,informational,blog/bmi-chart-women,tertiary,,auto,
5 5 120 lbs female,1300,-45,22,Low,B1-chart,informational,blog/bmi-chart-women,tertiary,,auto,
5 6 120 lbs female,1300,-55,0,Low,B1-chart,informational,blog/bmi-chart-women,tertiary,,auto,
5 4 125 lbs female,1000,-55,23,Low,B1-chart,informational,blog/bmi-chart-women,tertiary,,auto,
5 7 120 lbs female,1000,-28,22,Low,B1-chart,informational,blog/bmi-chart-women,tertiary,,auto,
5 4 200 lbs female,1000,-28,0,Low,B1-chart,informational,blog/bmi-chart-women,tertiary,,auto,
woman ideal weight chart,1000,0,-32,Low,B1-chart,informational,blog/bmi-chart-women,tertiary,,auto,KWP group variants: healthy weight chart for women; female healthy weight chart; female normal weight chart; health weight chart for women; normal weight chart for women; recommended weight chart for women; healthy weight chart female
weight height chart women age,1000,0,-38,Low,B1-chart,informational,blog/bmi-chart-women,tertiary,,auto,KWP group variants: age and height chart for women's weight; age height weight chart female; age height weight chart for women; female age height and weight chart; female weight chart by age and height; height and weight and age chart for women; height and weight chart for females by age; women's weight chart age and height; weight height age chart female; women's weight chart by age and height
normal weight range female,1000,23,-69,Low,B1-chart,informational,blog/bmi-chart-women,tertiary,,auto,KWP group variants: healthy weight range for women; female healthy weight range; healthy weight scale for women; healthy weight range female
5 6 200 lbs female,1000,-41,-18,Low,B1-chart,informational,blog/bmi-chart-women,tertiary,,auto,
5 8 140 lbs female,1000,-41,23,Low,B1-chart,informational,blog/bmi-chart-women,tertiary,,auto,
age weight chart female,880,14,39,Low,B1-chart,informational,blog/bmi-chart-women,tertiary,,auto,KWP group variants: age and weight chart female; age and weight chart for female; age and weight chart for women; age weight chart for women; female age and weight chart; weight chart by age female
bmi index for women,880,30,48,Low,B1-chart,informational,blog/bmi-chart-women,tertiary,,auto,
woman female age weight chart,880,0,0,Low,B1-chart,informational,blog/bmi-chart-women,tertiary,,auto,
5 9 180 lbs female,880,-12,175,Low,B1-chart,informational,blog/bmi-chart-women,tertiary,,auto,
5 6 125 lbs female,880,-45,85,Low,B1-chart,informational,blog/bmi-chart-women,tertiary,,auto,
5 9 150 lbs female,880,-45,0,Low,B1-chart,informational,blog/bmi-chart-women,tertiary,,auto,
5 2 180 lbs female,880,-33,23,Low,B1-chart,informational,blog/bmi-chart-women,tertiary,,auto,
5 3 125 lbs female,880,-41,51,Low,B1-chart,informational,blog/bmi-chart-women,tertiary,,auto,
normal bmi for women 5 3,880,0,0,Low,B1-chart,informational,blog/bmi-chart-women,tertiary,,auto,KWP group variants: average bmi for 5 3 female
5 9 140 lbs female,720,-46,0,Low,B1-chart,informational,blog/bmi-chart-women,tertiary,,auto,
female weight by height,720,0,-33,Low,B1-chart,informational,blog/bmi-chart-women,tertiary,,auto,KWP group variants: female weight and height; height and weight for women; height to weight for women; weight for women's height
healthy bmi for women 5 7,720,0,0,Low,B1-chart,informational,blog/bmi-chart-women,tertiary,,auto,
height weight graph female,720,22,0,Low,B1-chart,informational,blog/bmi-chart-women,tertiary,,auto,KWP group variants: chart for women's weight and height; height and weight chart for ladies; height and weight chart of women; height weight chart for ladies
5 1 140 lbs female,720,-33,23,Low,B1-chart,informational,blog/bmi-chart-women,tertiary,,auto,
5 8 200 lbs female,720,22,85,Low,B1-chart,informational,blog/bmi-chart-women,tertiary,,auto,
5 3 145 lbs female,720,-33,0,Low,B1-chart,informational,blog/bmi-chart-women,tertiary,,auto,
5 3 200 lbs female,720,-19,-19,Low,B1-chart,informational,blog/bmi-chart-women,tertiary,,auto,
healthy body weight female,720,0,0,Low,B1-chart,informational,blog/bmi-chart-women,tertiary,,auto,KWP group variants: ideal body weight for females
5 7 125 lbs female,720,-33,433,Low,B1-chart,informational,blog/bmi-chart-women,tertiary,,auto,
ideal height weight women,720,0,0,Low,B1-chart,informational,blog/bmi-chart-women,tertiary,,auto,KWP group variants: appropriate weight for height female; correct weight for height female; female healthy weight by height; female ideal weight by height; ideal height and weight female; ideal height and weight for women; ideal height weight for women; ideal weight by height female; ideal weight for height for female; proper weight for height female; healthy female weight by height; ideal weight and height for female
good bmi for 5 5 female,720,22,0,Low,B1-chart,informational,blog/bmi-chart-women,tertiary,,auto,
weight range for 5 4 woman,590,0,0,Low,B1-chart,informational,blog/bmi-chart-women,tertiary,,auto,KWP group variants: weight range for 5 4 female
5 6 110 lbs female,590,-34,22,Low,B1-chart,informational,blog/bmi-chart-women,tertiary,,auto,
5 8 120 lbs female,590,-33,50,Low,B1-chart,informational,blog/bmi-chart-women,tertiary,,auto,
5 8 135 lbs female,590,-34,22,Low,B1-chart,informational,blog/bmi-chart-women,tertiary,,auto,
healthy weight 5ft female,590,22,50,Low,B2-population,informational,blog/bmi-chart-women,tertiary,,auto,KWP group variants: healthy weight for 5ft woman; ideal weight for 5 foot female
healthy weight range 5 4 female,590,22,22,Low,B1-chart,informational,blog/bmi-chart-women,tertiary,,auto,KWP group variants: normal weight range for 5 4 female
female normal weight,590,-19,-19,Low,B1-chart,informational,blog/bmi-chart-women,tertiary,,auto,KWP group variants: normal weight for female; normal weight for a female
ideal weight calculator for female,590,-19,-19,Low,B1-chart,informational,blog/bmi-chart-women,tertiary,,auto,
5 2 200 lbs female,590,-18,-33,Low,B1-chart,informational,blog/bmi-chart-women,tertiary,,auto,
healthy weight for 5 5 women,590,0,-46,Low,B2-population,informational,blog/bmi-chart-women,tertiary,,auto,
healthy weight range 5 2 female,480,50,50,Low,B1-chart,informational,blog/bmi-chart-women,tertiary,,auto,
healthy weight range 5 3 female,480,50,85,Low,B1-chart,informational,blog/bmi-chart-women,tertiary,,auto,KWP group variants: healthy weight range for 5 3 female; normal weight range for 5 3 female
healthy weight range 5 7 female,480,23,23,Low,B1-chart,informational,blog/bmi-chart-women,tertiary,,auto,KWP group variants: healthy weight range for 5 7 woman; normal weight range for 5 7 female
normal weight range for 5 5 female,480,23,23,Low,B1-chart,informational,blog/bmi-chart-women,tertiary,,auto,
healthy weight for 511 female,480,0,23,Low,B2-population,informational,blog/bmi-chart-women,tertiary,,auto,
5 10 160 lbs female,480,-33,23,Low,B1-chart,informational,blog/bmi-chart-women,tertiary,,auto,
5 8 125 lbs female,480,-56,0,Low,B1-chart,informational,blog/bmi-chart-women,tertiary,,auto,
5 10 180 lbs female,480,-19,50,Low,B1-chart,informational,blog/bmi-chart-women,tertiary,,auto,
5 6 220 lbs female,480,-33,23,Low,B1-chart,informational,blog/bmi-chart-women,tertiary,,auto,
5 3 190 lbs female,480,-33,24,Low,B1-chart,informational,blog/bmi-chart-women,tertiary,,auto,
5 1 115 lbs female,480,-33,52,Low,B1-chart,informational,blog/bmi-chart-women,tertiary,,auto,
female ideal weight chart,480,-45,-19,Low,B1-chart,informational,blog/bmi-chart-women,tertiary,,auto,KWP group variants: ideal weight chart for women; ideal weight for female chart
5 10 150 lbs female,480,-46,0,Low,B1-chart,informational,blog/bmi-chart-women,tertiary,,auto,
5 3 105 lbs female,480,-33,23,Low,B1-chart,informational,blog/bmi-chart-women,tertiary,,auto,
healthy weight range 5 6 female,480,22,22,Low,B1-chart,informational,blog/bmi-chart-women,tertiary,,auto,KWP group variants: healthy weight range for 5 6 woman; healthy weight range for female 5 6; normal weight range for 5 6 female
5 5 220 lbs female,390,-46,0,Low,B1-chart,informational,blog/bmi-chart-women,tertiary,,auto,
5 7 220 lbs female,390,-46,0,Low,B1-chart,informational,blog/bmi-chart-women,tertiary,,auto,
weight range 5 6 female,390,22,-19,Low,B1-chart,informational,blog/bmi-chart-women,tertiary,,auto,KWP group variants: weight range for women 5 6
weight range for 5 2 woman,390,0,0,Low,B1-chart,informational,blog/bmi-chart-women,tertiary,,auto,KWP group variants: weight range for 5 2 female; weight range for women 5 2
optimal bmi female,390,0,-19,Low,B1-chart,informational,blog/bmi-chart-women,tertiary,,auto,KWP group variants: ideal bmi for women
5 6 250 lbs female,390,-19,0,Low,B1-chart,informational,blog/bmi-chart-women,tertiary,,auto,
5 3 220 lbs female,390,-19,24,Low,B1-chart,informational,blog/bmi-chart-women,tertiary,,auto,
5 1 180 lbs female,390,-33,24,Low,B1-chart,informational,blog/bmi-chart-women,tertiary,,auto,
4 11 130 lbs female,390,-33,53,Low,B1-chart,informational,blog/bmi-chart-women,tertiary,,auto,
women weight range,320,0,-33,Low,B1-chart,informational,blog/bmi-chart-women,tertiary,,auto,KWP group variants: weight range for women; female weight range
healthy weight for 6ft female,320,-18,23,Low,B2-population,informational,blog/bmi-chart-women,tertiary,,auto,
weight range for 5 3 female,320,22,-19,Low,B1-chart,informational,blog/bmi-chart-women,tertiary,,auto,
weight range 5 7 female,320,-18,-18,Low,B1-chart,informational,blog/bmi-chart-women,tertiary,,auto,KWP group variants: weight range for 5 7 female; weight range for 5 7 woman; weight range for female 5 7
healthy bmi 5 8 female,320,0,0,Low,B2-population,informational,blog/bmi-chart-women,tertiary,,auto,
woman 5 4 150 lbs,320,-19,0,Low,B1-chart,informational,blog/bmi-chart-women,tertiary,,auto,
5 10 130 lbs female,320,-19,136,Low,B1-chart,informational,blog/bmi-chart-women,tertiary,,auto,
average american woman bmi,320,-18,0,Low,B2-population,informational,blog/bmi-chart-women,tertiary,,auto,
5 7 250 lbs female,320,-34,0,Low,B1-chart,informational,blog/bmi-chart-women,tertiary,,auto,
5 5 230 lbs female,320,-34,50,Low,B1-chart,informational,blog/bmi-chart-women,tertiary,,auto,
5 0 150 lbs female,320,-46,24,Low,B1-chart,informational,blog/bmi-chart-women,tertiary,,auto,
5 9 women's healthy weight,320,50,50,Low,B2-population,informational,blog/bmi-chart-women,tertiary,,auto,
5 9 120 lbs female,320,-46,0,Low,B1-chart,informational,blog/bmi-chart-women,tertiary,,auto,
bmi chart men women,260,52,23,Low,B1-chart,informational,blog/bmi-chart-women,tertiary,,auto,KWP group variants: bmi chart for men and women; bmi index for men and women; bmi scale for men and women; bmi table for male and female; bmi table for men and women
healthy weight range for 5 8 female,260,52,23,Low,B1-chart,informational,blog/bmi-chart-women,tertiary,,auto,
height to weight ratio for women,260,0,0,Low,B1-chart,informational,blog/bmi-chart-women,tertiary,,auto,KWP group variants: height and weight ratio for female; height and weight ratio for women; height to weight ratio for female; weight to height ratio for women
bmi for older women,260,23,-18,Low,B1-chart,informational,blog/bmi-chart-women,tertiary,,auto,
5 8 115 lbs female,260,-19,24,Low,B1-chart,informational,blog/bmi-chart-women,tertiary,,auto,
5 2 230 lbs female,260,-56,-18,Low,B1-chart,informational,blog/bmi-chart-women,tertiary,,auto,
female weight scale,260,-19,-47,High,B1-chart,informational,blog/bmi-chart-women,tertiary,,auto,
5 2 90 lbs female,260,-34,50,Low,B1-chart,informational,blog/bmi-chart-women,tertiary,,auto,
5 3 185 lbs female,260,-19,89,Low,B1-chart,informational,blog/bmi-chart-women,tertiary,,auto,
5 4 210 lbs female,260,-33,0,Low,B1-chart,informational,blog/bmi-chart-women,tertiary,,auto,
5 3 250 lbs female,260,-19,0,Low,B1-chart,informational,blog/bmi-chart-women,tertiary,,auto,
ideal weight for 5.0 female,260,-19,0,Low,B2-population,informational,blog/bmi-chart-women,tertiary,,auto,
5 8 250 lbs female,260,-19,21,Low,B1-chart,informational,blog/bmi-chart-women,tertiary,,auto,
5 9 125 lbs female,260,-19,24,Low,B1-chart,informational,blog/bmi-chart-women,tertiary,,auto,
5 3 210 lbs female,260,-18,-18,Low,B1-chart,informational,blog/bmi-chart-women,tertiary,,auto,
ideal body weight for women 5 2,210,0,0,Low,B1-chart,informational,blog/bmi-chart-women,tertiary,,auto,
bmi adult women,210,0,0,Low,B1-chart,informational,blog/bmi-chart-women,tertiary,,auto,
5ft5 female ideal weight,210,0,-19,Low,B2-population,informational,blog/bmi-chart-women,tertiary,,auto,KWP group variants: ideal weight for 5 feet women; ideal weight for 5 foot woman
5 10 190 lbs female,210,-46,0,Low,B1-chart,informational,blog/bmi-chart-women,tertiary,,auto,
5 9 250 lbs female,210,-33,0,Low,B1-chart,informational,blog/bmi-chart-women,tertiary,,auto,
4 11 125 lbs female,210,-33,56,Low,B1-chart,informational,blog/bmi-chart-women,tertiary,,auto,
5 11 150 lbs female,210,-35,-21,Low,B1-chart,informational,blog/bmi-chart-women,tertiary,,auto,
5 5 200 lbs female,210,-18,-88,Low,B1-chart,informational,blog/bmi-chart-women,tertiary,,auto,
5 11 160 lbs female,170,-18,56,Low,B1-chart,informational,blog/bmi-chart-women,tertiary,,auto,
healthy height weight chart female,170,-18,0,Low,B1-chart,informational,blog/bmi-chart-women,tertiary,,auto,KWP group variants: healthy height and weight chart female; healthy weight height chart female
healthy weight range for 5 1 female,170,86,86,Low,B1-chart,informational,blog/bmi-chart-women,tertiary,,auto,
weight range for 5 8 female,170,0,0,Low,B1-chart,informational,blog/bmi-chart-women,tertiary,,auto,
recommended bmi for women,170,21,0,Low,B1-chart,informational,blog/bmi-chart-women,tertiary,,auto,
5 2 165 lbs female,170,24,-19,Low,B1-chart,informational,blog/bmi-chart-women,tertiary,,auto,
body weight chart female,170,-18,-18,Low,B1-chart,informational,blog/bmi-chart-women,tertiary,,auto,KWP group variants: body weight chart for women; body weight chart for females
ideal weight for 4 11 female in lbs,170,0,91,Low,B1-chart,informational,blog/bmi-chart-women,tertiary,,auto,
normal weight range for 5 9 female,170,0,50,Low,B1-chart,informational,blog/bmi-chart-women,tertiary,,auto,KWP group variants: healthy weight range for 5 9 female
healthy weight for 5 foot 2 female,170,0,21,Low,B2-population,informational,blog/bmi-chart-women,tertiary,,auto,
5 3 women's healthy weight,170,53,24,Low,B2-population,informational,blog/bmi-chart-women,tertiary,,auto,
5 10 220 lbs female,170,-36,-18,Low,B1-chart,informational,blog/bmi-chart-women,tertiary,,auto,
5 3 112 lbs female,170,-47,80,Low,B1-chart,informational,blog/bmi-chart-women,tertiary,,auto,
5 3 117 lbs female,170,-58,57,Low,B1-chart,informational,blog/bmi-chart-women,tertiary,,auto,
body mass index woman,140,-21,-21,Low,B1-chart,informational,blog/bmi-chart-women,tertiary,,auto,
healthy bmi for women by age,140,21,-47,Low,B1-chart,informational,blog/bmi-chart-women,tertiary,,auto,
5 ft 6 female ideal weight,140,21,55,Low,B2-population,informational,blog/bmi-chart-women,tertiary,,auto,KWP group variants: healthy weight for 5 foot 6 female
5 4 144 lbs female,140,-21,0,Low,B1-chart,informational,blog/bmi-chart-women,tertiary,,auto,
5 9 110 lbs female,140,-18,56,Low,B1-chart,informational,blog/bmi-chart-women,tertiary,,auto,
weight for 5ft woman,140,0,-18,Low,B2-population,informational,blog/bmi-chart-women,tertiary,,auto,
bmi chart adult women,140,-21,-35,Low,B1-chart,informational,blog/bmi-chart-women,tertiary,,auto,KWP group variants: adult female bmi chart; bmi chart adult female
weight range for 5 1 female,140,-21,-21,Low,B1-chart,informational,blog/bmi-chart-women,tertiary,,auto,
female height chart,140,0,-33,Low,B1-chart,informational,blog/bmi-chart-women,tertiary,,auto,KWP group variants: height chart female
weight size chart for women,140,0,-57,Medium,B1-chart,informational,blog/bmi-chart-women,tertiary,,auto,
5 10 250 lbs female,140,-18,180,Low,B1-chart,informational,blog/bmi-chart-women,tertiary,,auto,
bmi chart women in kg,110,0,0,Low,B1-chart,informational,blog/bmi-chart-women,tertiary,,auto,
female height weight scale,110,0,0,Low,B1-chart,informational,blog/bmi-chart-women,tertiary,,auto,KWP group variants: height and weight scale for women; height weight scale for women; weight to height scale female
5 1 220 lbs female,110,-50,0,Low,B1-chart,informational,blog/bmi-chart-women,tertiary,,auto,
men women weight chart,110,0,-36,Low,B1-chart,informational,blog/bmi-chart-women,tertiary,,auto,KWP group variants: men and women weight chart
5 3 144 lbs female,110,-18,29,Low,B1-chart,informational,blog/bmi-chart-women,tertiary,,auto,
healthy weight for women over 60,110,-71,-43,Low,B2-population,informational,blog/bmi-chart-women,tertiary,,auto,
height weight chart female kg,110,89,240,Low,B1-chart,informational,blog/bmi-chart-women,tertiary,,auto,KWP group variants: height and weight chart for women in kg; height weight chart female in kg; height weight chart for female in kg; height weight chart for women in kg
healthy weight for 53 female,110,0,-33,Low,B1-chart,informational,blog/bmi-chart-women,tertiary,,auto,
5 9 130 lbs female,110,-35,0,Low,B1-chart,informational,blog/bmi-chart-women,tertiary,,auto,
5 10 125 lbs female,110,-36,0,Low,B1-chart,informational,blog/bmi-chart-women,tertiary,,auto,
5 4 116 lbs female,110,-36,125,Low,B1-chart,informational,blog/bmi-chart-women,tertiary,,auto,
5 5 women bmi,90,29,0,Low,B1-chart,informational,blog/bmi-chart-women,tertiary,,auto,
bmi for men and women,90,29,29,Low,B1-chart,informational,blog/bmi-chart-women,tertiary,,auto,KWP group variants: body mass index for men and women
5 4 female weight chart,90,-36,-36,Low,B1-chart,informational,blog/bmi-chart-women,tertiary,,auto,KWP group variants: weight chart for women 5 4
5 5 122 lbs female,90,-36,29,Low,B1-chart,informational,blog/bmi-chart-women,tertiary,,auto,
normal body mass index female,90,-67,-79,Low,B1-chart,informational,blog/bmi-chart-women,tertiary,,auto,
female normal weight for height,90,29,0,Low,B1-chart,informational,blog/bmi-chart-women,tertiary,,auto,KWP group variants: healthy height and weight for females; healthy weight by height for women; normal weight for height female
180 lbs 5 5 woman,90,0,57,Low,B1-chart,informational,blog/bmi-chart-women,tertiary,,auto,
bmi height weight chart female,90,-22,-50,Low,B1-chart,informational,blog/bmi-chart-women,tertiary,,auto,
5.3 woman ideal weight,90,-22,0,Low,B2-population,informational,blog/bmi-chart-women,tertiary,,auto,KWP group variants: ideal weight for 5.3 female
5.5 female ideal weight,90,0,-36,Low,B2-population,informational,blog/bmi-chart-women,tertiary,,auto,
weight per height woman,90,0,-36,Low,B1-chart,informational,blog/bmi-chart-women,tertiary,,auto,
bmi 45 female,90,-18,-36,Low,B1-chart,informational,blog/bmi-chart-women,tertiary,,auto,
200 lbs 5 6 woman,90,-18,80,Low,B1-chart,informational,blog/bmi-chart-women,tertiary,,auto,
180 pound woman 5 7,90,0,-18,Low,B1-chart,informational,blog/bmi-chart-women,tertiary,,auto,
bmi height weight chart women,90,0,-18,Low,B1-chart,informational,blog/bmi-chart-women,tertiary,,auto,
height weight age female,90,22,57,Low,B1-chart,informational,blog/bmi-chart-women,tertiary,,auto,KWP group variants: weight by height and age female; weight by height and age women; weight for women by age and height
healthy weight for 5 foot 7 female,90,22,57,Low,B2-population,informational,blog/bmi-chart-women,tertiary,,auto,
female weight loss measurement chart,90,29,-18,High,B1-chart,informational,blog/bmi-chart-women,tertiary,,auto,
bmi chart for older women,90,56,56,Low,B1-chart,informational,blog/bmi-chart-women,tertiary,,auto,
180 pound woman 5 2,90,0,-71,Low,B1-chart,informational,blog/bmi-chart-women,tertiary,,auto,
5 3 normal weight female,90,0,29,Low,B1-chart,informational,blog/bmi-chart-women,tertiary,,auto,
ideal weight for height and age female,70,0,29,Low,B1-chart,informational,blog/bmi-chart-women,tertiary,,auto,KWP group variants: ideal weight for women by age and height; ideal weight for women's height and age
ideal weight chart female by age,70,0,-22,Low,B1-chart,informational,blog/bmi-chart-women,tertiary,,auto,KWP group variants: ideal weight chart for women by age; women's ideal weight chart by age
5 4 120 lbs female size,70,0,-29,Low,B1-chart,informational,blog/bmi-chart-women,tertiary,,auto,
average healthy weight for 5 4 female,70,-29,-29,Low,B2-population,informational,blog/bmi-chart-women,tertiary,,auto,
healthy body weight for women,70,25,-29,Low,B2-population,informational,blog/bmi-chart-women,tertiary,,auto,
height weight chart female by age,70,-18,250,Low,B1-chart,informational,blog/bmi-chart-women,tertiary,,auto,
5 3 130 lb woman,70,-43,33,Low,B1-chart,informational,blog/bmi-chart-women,tertiary,,auto,
female ideal body weight chart,70,0,-29,Low,B1-chart,informational,blog/bmi-chart-women,tertiary,,auto,KWP group variants: ideal body weight chart for women
ideal weight for 5ft2 female,70,0,-36,Low,B2-population,informational,blog/bmi-chart-women,tertiary,,auto,
bmi levels women,70,-22,0,Low,B1-chart,informational,blog/bmi-chart-women,tertiary,,auto,
bmi chart for black females,70,-22,-22,Low,B1-chart,informational,blog/bmi-chart-women,tertiary,,auto,
standard bmi female,70,0,0,Low,B1-chart,informational,blog/bmi-chart-women,tertiary,,auto,KWP group variants: bmi standards for women
height weight chart for men and women,70,40,-22,Low,B1-chart,informational,blog/bmi-chart-women,tertiary,,auto,KWP group variants: height and weight chart for male and female; height and weight chart for men and women; height weight chart for male and female
perfect bmi for women,70,40,-22,Low,B1-chart,informational,blog/bmi-chart-women,tertiary,,auto,
bmi chart male female,70,33,-71,Low,B1-chart,informational,blog/bmi-chart-women,tertiary,,auto,KWP group variants: bmi chart female and male
weight range for 5 0 female,50,0,40,Low,B1-chart,informational,blog/bmi-chart-women,tertiary,,auto,
healthy weight for 5 ft 8 female,50,0,40,Low,B2-population,informational,blog/bmi-chart-women,tertiary,,auto,
weight loss chart for women,50,50,-57,Medium,B1-chart,informational,blog/bmi-chart-women,tertiary,,auto,
180 lbs 5 7 woman,50,0,133,Low,B1-chart,informational,blog/bmi-chart-women,tertiary,,auto,
height weight chart female in lbs,50,56,1300,Low,B1-chart,informational,blog/bmi-chart-women,tertiary,,auto,
5 4 162 lbs female,50,40,250,Low,B1-chart,informational,blog/bmi-chart-women,tertiary,,auto,
5 7 116 lbs female,50,-57,0,Low,B1-chart,informational,blog/bmi-chart-women,tertiary,,auto,
normal bmi for men and women,50,0,-20,Low,B1-chart,informational,blog/bmi-chart-women,tertiary,,auto,KWP group variants: healthy bmi for men and women
ideal weight for 6ft woman,50,0,-20,Low,B1-chart,informational,blog/bmi-chart-women,tertiary,,auto,KWP group variants: ideal weight for 6ft female
bmi chart for 5 4 female,50,25,0,Low,B1-chart,informational,blog/bmi-chart-women,tertiary,,auto,
healthy weight for 5ft3 female,50,0,0,Low,B2-population,informational,blog/bmi-chart-women,tertiary,,auto,
5ft 6 female ideal weight,50,0,0,Low,B2-population,informational,blog/bmi-chart-women,tertiary,,auto,
adult female weight chart,50,0,0,Low,B1-chart,informational,blog/bmi-chart-women,tertiary,,auto,
healthiest bmi for women,50,0,0,Low,B1-chart,informational,blog/bmi-chart-women,tertiary,,auto,
healthy bmi for women 5 3,50,0,0,Low,B1-chart,informational,blog/bmi-chart-women,tertiary,,auto,
200 lbs 5 3 woman,50,133,40,Low,B1-chart,informational,blog/bmi-chart-women,tertiary,,auto,
woman 5 3 130 pounds,50,0,0,Low,B1-chart,informational,blog/bmi-chart-women,tertiary,,auto,
weight range for 4 11 female,50,-29,0,Low,B1-chart,informational,blog/bmi-chart-women,tertiary,,auto,
female height weight ratio,50,-40,-25,Low,B1-chart,informational,blog/bmi-chart-women,tertiary,,auto,KWP group variants: female height to weight ratio; weight and height ratio for female; weight height ratio for female
ideal height weight chart female,50,-20,-20,Low,B1-chart,informational,blog/bmi-chart-women,tertiary,,auto,KWP group variants: ideal height and weight chart female; ideal height and weight chart for women; ideal height weight chart for women
5 6 female weight range,50,-43,-43,Low,B1-chart,informational,blog/bmi-chart-women,tertiary,,auto,
ideal weight for 5.4 female,50,0,-29,Low,B2-population,informational,blog/bmi-chart-women,tertiary,,auto,
female bmi chart kg,50,-20,-20,Low,B1-chart,informational,blog/bmi-chart-women,tertiary,,auto,KWP group variants: bmi chart female in kg; bmi chart for women in kg; bmi chart in kg for female
female healthy bmi chart,50,-20,-43,Low,B1-chart,informational,blog/bmi-chart-women,tertiary,,auto,KWP group variants: healthy bmi chart female; healthy bmi chart for women
ideal weight for 5.6 female,50,-20,-43,Low,B2-population,informational,blog/bmi-chart-women,tertiary,,auto,
healthy height weight chart women,50,-29,-29,Low,B1-chart,informational,blog/bmi-chart-women,tertiary,,auto,KWP group variants: healthy height and weight chart for women; women's healthy height and weight chart
weight chart for black females,50,-40,-57,Low,B1-chart,informational,blog/bmi-chart-women,tertiary,,auto,
5ft 3 woman ideal weight,50,80,29,Low,B2-population,informational,blog/bmi-chart-women,tertiary,,auto,KWP group variants: ideal weight for 5ft3 female
women's normal weight and height,50,40,0,Low,B1-chart,informational,blog/bmi-chart-women,tertiary,,auto,KWP group variants: healthy height and weight for women
healthy weight range for 5 0 female,50,40,75,Low,B1-chart,informational,blog/bmi-chart-women,tertiary,,auto,
weight range for women by height,40,0,0,Low,B1-chart,informational,blog/bmi-chart-women,tertiary,,auto,
healthy weight for 5 foot 1 female,40,0,33,Low,B2-population,informational,blog/bmi-chart-women,tertiary,,auto,
5 5 and 200 lbs female,40,0,0,Low,B1-chart,informational,blog/bmi-chart-women,tertiary,,auto,
women's height weight size chart,40,-33,-33,Low,B1-chart,informational,blog/bmi-chart-women,tertiary,,auto,KWP group variants: women's weight height size chart
male female weight chart,40,-33,-50,Low,B1-chart,informational,blog/bmi-chart-women,tertiary,,auto,KWP group variants: weight chart for male and female
body mass index for male and female,40,-25,-40,Low,B1-chart,informational,blog/bmi-chart-women,tertiary,,auto,
normal weight for 5 1 woman,40,0,-29,Low,B2-population,informational,blog/bmi-chart-women,tertiary,,auto,
normal weight range for 5 8 female,40,-20,33,Low,B1-chart,informational,blog/bmi-chart-women,tertiary,,auto,
bmi standard for female,40,-20,0,Low,B1-chart,informational,blog/bmi-chart-women,tertiary,,auto,KWP group variants: bmi standards for female
bmi on women,40,-20,0,Low,B1-chart,informational,blog/bmi-chart-women,tertiary,,auto,
woman 5 7 160 lbs,40,-40,0,Low,B1-chart,informational,blog/bmi-chart-women,tertiary,,auto,
healthy weight for 55 female,40,-33,-71,Low,B1-chart,informational,blog/bmi-chart-women,tertiary,,auto,
bmi chart of female,40,-22,600,Low,B1-chart,informational,blog/bmi-chart-women,tertiary,,auto,
ideal weight for 5ft1 female,40,-20,33,Low,B2-population,informational,blog/bmi-chart-women,tertiary,,auto,
bmi chart 5 4 female,40,75,40,Low,B1-chart,informational,blog/bmi-chart-women,tertiary,,auto,
acceptable bmi for women,40,33,-20,Low,B1-chart,informational,blog/bmi-chart-women,tertiary,,auto,KWP group variants: acceptable bmi for female
ideal weight for 5.7 female,40,33,-20,Low,B2-population,informational,blog/bmi-chart-women,tertiary,,auto,
normal healthy weight for a woman,40,33,-43,Low,B2-population,informational,blog/bmi-chart-women,tertiary,,auto,
bmi chart asian female,40,33,33,Low,B1-chart,informational,blog/bmi-chart-women,tertiary,,auto,
good bmi for 5 3 female,40,33,-20,Low,B1-chart,informational,blog/bmi-chart-women,tertiary,,auto,
bmi female scale,40,100,-20,Low,B1-chart,informational,blog/bmi-chart-women,tertiary,,auto,KWP group variants: bmi female weight chart; body mass index table female
200 lbs 5 2 woman,40,0,0,Low,B1-chart,informational,blog/bmi-chart-women,tertiary,,auto,
bmi chart for 5 5 female,40,0,33,Low,B1-chart,informational,blog/bmi-chart-women,tertiary,,auto,
ladies ideal weight for height,30,0,-50,Low,B1-chart,informational,blog/bmi-chart-women,tertiary,,auto,KWP group variants: perfect height and weight for a woman; women's ideal weight and height
bmi chart women with age,30,-50,-67,Low,B1-chart,informational,blog/bmi-chart-women,tertiary,,auto,
ideal body mass index female,30,-50,-50,Medium,B1-chart,informational,blog/bmi-chart-women,tertiary,,auto,
healthy weight by height and age female,30,-60,-33,Low,B1-chart,informational,blog/bmi-chart-women,tertiary,,auto,KWP group variants: healthy weight for women by age and height
healthy weight for 52 female,30,-50,-33,Low,B1-chart,informational,blog/bmi-chart-women,tertiary,,auto,
healthy weight range for 4 11 woman,30,-33,-33,Low,B1-chart,informational,blog/bmi-chart-women,tertiary,,auto,
women's healthy weight chart by age and height,30,150,25,Low,B1-chart,informational,blog/bmi-chart-women,tertiary,,auto,KWP group variants: healthy weight chart for females by age and height
weight chart for 5 2 female,30,200,-25,Low,B1-chart,informational,blog/bmi-chart-women,tertiary,,auto,
normal weight for 5.6 female,30,50,0,Low,B2-population,informational,blog/bmi-chart-women,tertiary,,auto,
female 5 feet ideal weight,30,0,50,Low,B2-population,informational,blog/bmi-chart-women,tertiary,,auto,
weight chart by age and height female,30,0,50,Low,B1-chart,informational,blog/bmi-chart-women,tertiary,,auto,
weight chart for 5 4 female,30,50,-25,Low,B1-chart,informational,blog/bmi-chart-women,tertiary,,auto,
bmi and weight chart for women,30,100,-33,Medium,B1-chart,informational,blog/bmi-chart-women,tertiary,,auto,KWP group variants: weight and bmi chart for females
healthy weight for a 5ft female,30,0,33,Low,B2-population,informational,blog/bmi-chart-women,tertiary,,auto,
167cm female ideal weight,30,0,0,Low,B2-population,informational,blog/bmi-chart-women,tertiary,,auto,
bmi chart female with age,30,0,200,Low,B1-chart,informational,blog/bmi-chart-women,tertiary,,auto,
women's weight chart in pounds,30,133,75,Low,B1-chart,informational,blog/bmi-chart-women,tertiary,,auto,KWP group variants: weight chart for women in lbs; weight chart for women in pounds
5 6 female bmi chart,30,150,150,Low,B1-chart,informational,blog/bmi-chart-women,tertiary,,auto,
women's healthy weight ranges for height,30,0,50,Low,B1-chart,informational,blog/bmi-chart-women,tertiary,,auto,
appropriate bmi for female,30,0,300,Low,B1-chart,informational,blog/bmi-chart-women,tertiary,,auto,
ideal weight range for 5 4 female,30,0,0,Low,B1-chart,informational,blog/bmi-chart-women,tertiary,,auto,
ideal weight range for 5 6 female,30,-25,0,Low,B1-chart,informational,blog/bmi-chart-women,tertiary,,auto,
asian weight chart female,30,-33,-82,Low,B1-chart,informational,blog/bmi-chart-women,tertiary,,auto,
healthy weight for 58 female,30,-33,-33,Low,B2-population,informational,blog/bmi-chart-women,tertiary,,auto,
healthy bmi weight for 5 3 female,30,-33,-33,Low,B2-population,informational,blog/bmi-chart-women,tertiary,,auto,
best weight for 5 foot female,30,-25,50,Low,B2-population,informational,blog/bmi-chart-women,tertiary,,auto,
average healthy weight for female,30,0,0,Low,B2-population,informational,blog/bmi-chart-women,tertiary,,auto,
bmi chart for women by age and height,30,-25,50,Low,B1-chart,informational,blog/bmi-chart-women,tertiary,,auto,
healthy weight for 57 female,30,-33,0,Low,B2-population,informational,blog/bmi-chart-women,tertiary,,auto,
healthy weight for 5.2 female,30,-33,0,Low,B2-population,informational,blog/bmi-chart-women,tertiary,,auto,
normal range bmi female,30,-33,0,Low,B1-chart,informational,blog/bmi-chart-women,tertiary,,auto,
ideal weight 5.1 female,30,-40,0,Low,B2-population,informational,blog/bmi-chart-women,tertiary,,auto,
bmi chart for 5 2 female,30,0,-20,Low,B1-chart,informational,blog/bmi-chart-women,tertiary,,auto,
bmi chart 5 5 female,30,-33,-50,Low,B1-chart,informational,blog/bmi-chart-women,tertiary,,auto,
ideal weight range for 5 7 female,30,33,33,Low,B1-chart,informational,blog/bmi-chart-women,tertiary,,auto,
healthy weight for 5 2.5 female,30,33,0,Low,B2-population,informational,blog/bmi-chart-women,tertiary,,auto,
bmi ranges for men and women,30,67,67,Low,B1-chart,informational,blog/bmi-chart-women,tertiary,,auto,KWP group variants: bmi range for male and female
healthy weight range 5 8 female,30,50,-40,Low,B1-chart,informational,blog/bmi-chart-women,tertiary,,auto,
bmi chart women lbs,20,75,250,Low,B1-chart,informational,blog/bmi-chart-women,tertiary,,auto,
healthy weight for women by age,20,200,50,Low,B1-chart,informational,blog/bmi-chart-women,tertiary,,auto,
normal weight for women 5 1,20,200,0,Low,B2-population,informational,blog/bmi-chart-women,tertiary,,auto,
weight range for 5 5 woman,20,300,33,Low,B1-chart,informational,blog/bmi-chart-women,tertiary,,auto,
5 3 160 pound woman,20,50,-25,Low,B1-chart,informational,blog/bmi-chart-women,tertiary,,auto,
weight chart female in kg,20,300,100,Low,B1-chart,informational,blog/bmi-chart-women,tertiary,,auto,KWP group variants: weight chart for female in kg; weight chart for women in kg; weight chart for women kg; women's weight chart in kilograms
weight chart for 5 5 female,20,50,0,Low,B1-chart,informational,blog/bmi-chart-women,tertiary,,auto,
ideal weight for 411 female,20,-33,0,Low,B2-population,informational,blog/bmi-chart-women,tertiary,,auto,
bmi chart men metric,20,-50,-67,Low,B1-chart,informational,blog/bmi-chart-women,tertiary,,auto,KWP group variants: bmi chart female metric; bmi chart women metric
healthy height to weight ratio female,20,-33,-33,Low,B1-chart,informational,blog/bmi-chart-women,tertiary,,auto,
normal weight range for women,20,-50,-67,Low,B1-chart,informational,blog/bmi-chart-women,tertiary,,auto,
height weight bmi chart female,20,-50,-75,Low,B1-chart,informational,blog/bmi-chart-women,tertiary,,auto,
height weight chart female in pounds,20,-50,0,Low,B1-chart,informational,blog/bmi-chart-women,tertiary,,auto,
weight range for 5 6 woman,20,-50,-67,Low,B1-chart,informational,blog/bmi-chart-women,tertiary,,auto,
weight range chart female,20,0,-33,Low,B1-chart,informational,blog/bmi-chart-women,tertiary,,auto,KWP group variants: weight range chart for women
good weight for female,20,0,-50,Low,B2-population,informational,blog/bmi-chart-women,tertiary,,auto,
5 3 female weight chart,20,0,-60,Low,B1-chart,informational,blog/bmi-chart-women,tertiary,,auto,
women's body weight height chart,20,0,-67,Low,B1-chart,informational,blog/bmi-chart-women,tertiary,,auto,
body chart female weight,20,0,-50,Low,B1-chart,informational,blog/bmi-chart-women,tertiary,,auto,
ideal weight for women over 60,20,0,-50,Low,B1-chart,informational,blog/bmi-chart-women,tertiary,,auto,
healthy weight for 51 female,20,0,-75,Low,B2-population,informational,blog/bmi-chart-women,tertiary,,auto,
ideal weight for women by age,20,0,-75,Low,B1-chart,informational,blog/bmi-chart-women,tertiary,,auto,
ibw chart female,20,0,0,Low,B1-chart,informational,blog/bmi-chart-women,tertiary,,auto,
normal range for bmi female,20,0,0,Low,B1-chart,informational,blog/bmi-chart-women,tertiary,,auto,
weight for 52 female,20,0,0,Low,B1-chart,informational,blog/bmi-chart-women,tertiary,,auto,
bmi chart for female by age,20,0,0,Low,B1-chart,informational,blog/bmi-chart-women,tertiary,,auto,
ideal weight for 5 3.5 female,20,0,0,Low,B1-chart,informational,blog/bmi-chart-women,tertiary,,auto,
bmi women's health chart,20,0,0,Low,B1-chart,informational,blog/bmi-chart-women,tertiary,,auto,KWP group variants: normal bmi for women chart
ideal weight for women 5,20,0,0,Low,B2-population,informational,blog/bmi-chart-women,tertiary,,auto,
healthy weight for 5ft 7 female,20,0,0,Low,B2-population,informational,blog/bmi-chart-women,tertiary,,auto,
height weight chart female lbs,20,0,100,Low,B1-chart,informational,blog/bmi-chart-women,tertiary,,auto,
normal weight for 57 female,20,0,100,Low,B2-population,informational,blog/bmi-chart-women,tertiary,,auto,
bmi chart female height and weight,20,0,100,Low,B1-chart,informational,blog/bmi-chart-women,tertiary,,auto,
5 160 lbs female dress size,20,0,100,Low,B1-chart,informational,blog/bmi-chart-women,tertiary,,auto,
bmi percentage women,20,0,100,Low,B1-chart,informational,blog/bmi-chart-women,tertiary,,auto,
bmi values for women,20,0,0,Medium,B1-chart,informational,blog/bmi-chart-women,tertiary,,auto,
weight chart for 5 1 female,20,100,-33,Low,B1-chart,informational,blog/bmi-chart-women,tertiary,,auto,
ideal weight for men and women,20,100,-50,Low,B1-chart,informational,blog/bmi-chart-women,tertiary,,auto,
women's weight by age and height,20,100,-50,Low,B1-chart,informational,blog/bmi-chart-women,tertiary,,auto,
woman 5 6 180 lbs,20,0,100,Low,B1-chart,informational,blog/bmi-chart-women,tertiary,,auto,
adult woman weight chart,20,100,-33,Low,B1-chart,informational,blog/bmi-chart-women,tertiary,,auto,
healthy weight for adult female,20,100,0,Low,B2-population,informational,blog/bmi-chart-women,tertiary,,auto,
weight and bmi for women,20,100,0,Low,B1-chart,informational,blog/bmi-chart-women,tertiary,,auto,
height weight chart adult female,20,100,0,Low,B1-chart,informational,blog/bmi-chart-women,tertiary,,auto,
weight based on height woman,20,100,100,Low,B1-chart,informational,blog/bmi-chart-women,tertiary,,auto,
healthy weight for 5ft 6 female,20,100,100,Low,B2-population,informational,blog/bmi-chart-women,tertiary,,auto,
healthy weight for 5.3 female,20,50,0,Low,B2-population,informational,blog/bmi-chart-women,tertiary,,auto,
ideal weight for 5 4.5 female,20,50,50,Low,B1-chart,informational,blog/bmi-chart-women,tertiary,,auto,
ideal weight for 5.2 female in kg,20,50,50,Low,B2-population,informational,blog/bmi-chart-women,tertiary,,auto,
healthy bmi for older women,20,50,50,Low,B1-chart,informational,blog/bmi-chart-women,tertiary,,auto,
bmi chart black female,20,-33,100,Low,B1-chart,informational,blog/bmi-chart-women,tertiary,,auto,
5 6 healthy weight women,20,-33,100,Low,B2-population,informational,blog/bmi-chart-women,tertiary,,auto,
weight chart for 5 6 female,20,-50,-50,Low,B1-chart,informational,blog/bmi-chart-women,tertiary,,auto,
normal bmi for adult female,20,-50,-50,Low,B1-chart,informational,blog/bmi-chart-women,tertiary,,auto,
normal bmi chart female,10,-100,-100,Unknown,B1-chart,informational,blog/bmi-chart-women,tertiary,,auto,KWP group variants: healthy bmi for 5ft4 female
bmi chart pounds female,10,-100,-100,Unknown,B1-chart,informational,blog/bmi-chart-women,tertiary,,auto,KWP group variants: height 5 5 how much should i weigh
bmi 27 female weight chart,10,-100,-100,Unknown,B1-chart,informational,blog/bmi-chart-women,tertiary,,auto,
women's ideal weight by age,10,-100,-100,Unknown,B1-chart,informational,blog/bmi-chart-women,tertiary,,auto,
female weight and age chart,10,∞,∞,Low,B1-chart,informational,blog/bmi-chart-women,tertiary,,auto,
female normal body weight,10,∞,∞,Low,B1-chart,informational,blog/bmi-chart-women,tertiary,,auto,
169cm female ideal weight,10,∞,∞,Low,B2-population,informational,blog/bmi-chart-women,tertiary,,auto,
female weight chart according to height and age,10,∞,∞,Low,B1-chart,informational,blog/bmi-chart-women,tertiary,,auto,
bmi chart stone female,10,∞,∞,Low,B1-chart,informational,blog/bmi-chart-women,tertiary,,auto,
ideal weight and height chart for female,10,∞,∞,Low,B1-chart,informational,blog/bmi-chart-women,tertiary,,auto,
158cm female ideal weight,10,∞,∞,Low,B2-population,informational,blog/bmi-chart-women,tertiary,,auto,
height weight scale for females,10,∞,∞,Low,B1-chart,informational,blog/bmi-chart-women,tertiary,,auto,
women's body measurement chart weight loss,10,∞,∞,Low,B1-chart,informational,blog/bmi-chart-women,tertiary,,auto,
standard height and weight chart for female,10,∞,0,High,B1-chart,informational,blog/bmi-chart-women,tertiary,,auto,
bmi chart female 2021,10,∞,∞,Low,B1-chart,informational,blog/bmi-chart-women,tertiary,,auto,
female height weight chart with age,10,∞,∞,Low,B1-chart,informational,blog/bmi-chart-women,tertiary,,auto,
healthy weight for women in kg,10,∞,0,Low,B2-population,informational,blog/bmi-chart-women,tertiary,,auto,
body height weight chart female,10,∞,∞,Low,B1-chart,informational,blog/bmi-chart-women,tertiary,,auto,
175cm ideal weight female,10,∞,∞,Low,B1-chart,informational,blog/bmi-chart-women,tertiary,,auto,
healthy weight scale female,10,∞,0,Low,B1-chart,informational,blog/bmi-chart-women,tertiary,,auto,
normal height and weight for female,10,∞,0,Low,B1-chart,informational,blog/bmi-chart-women,tertiary,,auto,
body index female,10,∞,0,Medium,B1-chart,informational,blog/bmi-chart-women,tertiary,,auto,
female how much should i weigh,10,∞,0,Medium,B1-chart,informational,blog/bmi-chart-women,tertiary,,auto,
normal weight for 5 7 female in kg,10,∞,0,Low,B2-population,informational,blog/bmi-chart-women,tertiary,,auto,
right weight for women,10,∞,0,Low,B2-population,informational,blog/bmi-chart-women,tertiary,,auto,
ideal weight for female over 70,10,∞,0,Low,B1-chart,informational,blog/bmi-chart-women,tertiary,,auto,
height weight age chart male and female,10,∞,0,Low,B1-chart,informational,blog/bmi-chart-women,tertiary,,auto,
weight ibm chart,10,∞,0,Low,B1-chart,informational,blog/bmi-chart-women,tertiary,,auto,KWP group variants: women's ideal body weight chart
normal bmi range for male and female,10,∞,0,Low,B1-chart,informational,blog/bmi-chart-women,tertiary,,auto,
weight chart for women lbs,10,∞,0,Low,B1-chart,informational,blog/bmi-chart-women,tertiary,,auto,
ideal female weight by height and age,10,∞,0,Low,B1-chart,informational,blog/bmi-chart-women,tertiary,,auto,
ideal weight for 1.75 m female,10,∞,0,Low,B1-chart,informational,blog/bmi-chart-women,tertiary,,auto,
women's height weight chart age in kg,10,∞,0,Low,B1-chart,informational,blog/bmi-chart-women,tertiary,,auto,
weight graph female,10,∞,0,Low,B1-chart,informational,blog/bmi-chart-women,tertiary,,auto,KWP group variants: female weight chart according to height
right weight for female,10,∞,0,Low,B2-population,informational,blog/bmi-chart-women,tertiary,,auto,
weight by age and height female,10,50,200,Low,B1-chart,informational,blog/bmi-chart-women,tertiary,,auto,KWP group variants: female weight according to height and age; weight for age and height female
5 7 weight chart female,10,∞,-75,Low,B1-chart,informational,blog/bmi-chart-women,tertiary,,auto,
height weight chart female pounds,10,200,200,Low,B1-chart,informational,blog/bmi-chart-women,tertiary,,auto,
weight chart female by height and age,10,100,100,Low,B1-chart,informational,blog/bmi-chart-women,tertiary,,auto,
ideal weight for 5.3 height female in kg,10,100,100,Low,B2-population,informational,blog/bmi-chart-women,tertiary,,auto,
female height and weight chart by age,10,100,100,Low,B1-chart,informational,blog/bmi-chart-women,tertiary,,auto,
ideal weight for women over 70,10,100,100,Low,B1-chart,informational,blog/bmi-chart-women,tertiary,,auto,
womens healthy weight chart,10,100,100,Low,B1-chart,informational,blog/bmi-chart-women,tertiary,,auto,
healthy body weight chart women,10,100,100,Low,B1-chart,informational,blog/bmi-chart-women,tertiary,,auto,KWP group variants: healthy body weight chart female
ideal weight for women over 50,10,100,0,Low,B1-chart,informational,blog/bmi-chart-women,tertiary,,auto,KWP group variants: ideal weight for female over 50
ideal weight for 4 9 female in kg,10,100,-33,Low,B1-chart,informational,blog/bmi-chart-women,tertiary,,auto,
female weight for height chart,10,0,∞,Low,B1-chart,informational,blog/bmi-chart-women,tertiary,,auto,
ideal weight for 4ft 11 female,10,0,∞,Low,B1-chart,informational,blog/bmi-chart-women,tertiary,,auto,
bmi for women what should it be,10,0,∞,Low,B1-chart,informational,blog/bmi-chart-women,tertiary,,auto,
women's normal height and weight,10,0,∞,Low,B1-chart,informational,blog/bmi-chart-women,tertiary,,auto,
female weight age height chart,10,0,∞,Low,B1-chart,informational,blog/bmi-chart-women,tertiary,,auto,
height & weight chart female,10,0,∞,Low,B1-chart,informational,blog/bmi-chart-women,tertiary,,auto,
standard weight chart for female,10,0,∞,Low,B1-chart,informational,blog/bmi-chart-women,tertiary,,auto,
ideal weight per height female,10,0,100,Low,B1-chart,informational,blog/bmi-chart-women,tertiary,,auto,
height and weight chart for female in kg,10,0,0,Unknown,B1-chart,informational,blog/bmi-chart-women,tertiary,,auto,
ideal weight chart for women by age and height,10,0,100,Low,B1-chart,informational,blog/bmi-chart-women,tertiary,,auto,KWP group variants: ideal weight chart for females by age and height
standard weight chart for women,10,0,100,Low,B1-chart,informational,blog/bmi-chart-women,tertiary,,auto,
healthy bmi chart for female,10,0,0,Unknown,B1-chart,informational,blog/bmi-chart-women,tertiary,,auto,
women's ideal weight by age and height in kg,10,0,0,Unknown,B1-chart,informational,blog/bmi-chart-women,tertiary,,auto,
height weight chart women's health,10,0,0,Unknown,B1-chart,informational,blog/bmi-chart-women,tertiary,,auto,
weight chart according to age for female,10,0,0,Unknown,B1-chart,informational,blog/bmi-chart-women,tertiary,,auto,
ideal weight for height metric,10,0,0,Unknown,B1-chart,informational,blog/bmi-chart-women,tertiary,,auto,KWP group variants: weight chart for teenage females by age and height
normal weight and height for female,10,0,0,Unknown,B1-chart,informational,blog/bmi-chart-women,tertiary,,auto,
normal body weight of a woman,10,0,0,Unknown,B1-chart,informational,blog/bmi-chart-women,tertiary,,auto,
height & weight chart for male & female,10,0,0,Unknown,B1-chart,informational,blog/bmi-chart-women,tertiary,,auto,
good body mass index for females,10,0,0,Unknown,B1-chart,informational,blog/bmi-chart-women,tertiary,,auto,
ideal weight chart for women in kg,10,0,0,Unknown,B1-chart,informational,blog/bmi-chart-women,tertiary,,auto,
normal weight for 166cm female,10,0,0,Unknown,B2-population,informational,blog/bmi-chart-women,tertiary,,auto,
healthy weight for 174cm woman,10,0,0,Unknown,B1-chart,informational,blog/bmi-chart-women,tertiary,,auto,
average healthy woman weight kg,10,0,0,Unknown,B2-population,informational,blog/bmi-chart-women,tertiary,,auto,
acceptable bmi range female,10,0,0,Unknown,B1-chart,informational,blog/bmi-chart-women,tertiary,,auto,
indian female height weight chart according to age,10,0,0,Unknown,B1-chart,informational,blog/bmi-chart-women,tertiary,,auto,
height and weight chart in kg for female,10,0,0,Unknown,B1-chart,informational,blog/bmi-chart-women,tertiary,,auto,
womens size 4 weight range,10,0,0,Unknown,B1-chart,informational,blog/bmi-chart-women,tertiary,,auto,
women bmi chart 2022,10,0,0,Unknown,B1-chart,informational,blog/bmi-chart-women,tertiary,,auto,KWP group variants: bmi meter kg calculator; height to weight chart female in kg; weight according to height in kg for male; women's bmi chart 2022; my age is 28 how much should i weigh
female standard weight chart,10,0,0,Unknown,B1-chart,informational,blog/bmi-chart-women,tertiary,,auto,
weight chart of female,10,0,0,Unknown,B1-chart,informational,blog/bmi-chart-women,tertiary,,auto,KWP group variants: ideal weight for 5.2 female in stones
ideal weight and height female,10,0,0,Unknown,B1-chart,informational,blog/bmi-chart-women,tertiary,,auto,
normal weight in female,10,0,0,Unknown,B2-population,informational,blog/bmi-chart-women,tertiary,,auto,
ideal weight for indian female,10,0,0,Unknown,B1-chart,informational,blog/bmi-chart-women,tertiary,,auto,
body weight composition calculator,10,0,0,Low,B2-population,informational,blog/bmi-chart-women,tertiary,,auto,KWP group variants: 5ft 4 inches ideal weight female
height weight chart for female in lbs,10,0,0,Unknown,B1-chart,informational,blog/bmi-chart-women,tertiary,,auto,
5 7 bmi chart female,10,0,0,Low,B1-chart,informational,blog/bmi-chart-women,tertiary,,auto,
bmi and height to weight calculator,10,0,0,Low,B2-population,informational,blog/bmi-chart-women,tertiary,,auto,KWP group variants: healthy weight for african american female
ideal weight chart for women over 60,10,0,0,Low,B1-chart,informational,blog/bmi-chart-women,tertiary,,auto,
bmi calculator cm kg woman,10,0,0,Low,B1-chart,informational,blog/bmi-chart-women,tertiary,,auto,KWP group variants: bmi calculator cm kg female; height and age weight chart male; perfect weight chart for female
healthy weight for 5ft 10 female,10,0,0,Low,B1-chart,informational,blog/bmi-chart-women,tertiary,,auto,KWP group variants: ideal weight chart based on age and height
bmi for ladies chart,10,0,0,Low,B1-chart,informational,blog/bmi-chart-women,tertiary,,auto,
normal body weight chart female,10,0,0,Low,B1-chart,informational,blog/bmi-chart-women,tertiary,,auto,
bmi height and weight chart female,10,0,0,Low,B1-chart,informational,blog/bmi-chart-women,tertiary,,auto,
us women's height and weight chart,10,0,0,Low,B1-chart,informational,blog/bmi-chart-women,tertiary,,auto,
height age weight chart female,10,0,0,Low,B1-chart,informational,blog/bmi-chart-women,tertiary,,auto,
healthy weight chart for men and women,10,0,0,Low,B1-chart,informational,blog/bmi-chart-women,tertiary,,auto,
5 9 180 pounds woman,10,0,0,Low,B1-chart,informational,blog/bmi-chart-women,tertiary,,auto,
weight age height chart female,10,0,0,Low,B1-chart,informational,blog/bmi-chart-women,tertiary,,auto,
weight index chart female,10,0,0,Medium,B1-chart,informational,blog/bmi-chart-women,tertiary,,auto,
healthy goal weight female,10,0,0,Medium,B2-population,informational,blog/bmi-chart-women,tertiary,,auto,
bmi chart for older females,10,0,0,Medium,B1-chart,informational,blog/bmi-chart-women,tertiary,,auto,
152cm ideal weight female,10,0,0,Low,B1-chart,informational,blog/bmi-chart-women,tertiary,,auto,KWP group variants: normal height and weight according to age; normal weight and height according to age
women's height weight ratio chart,10,0,0,Low,B1-chart,informational,blog/bmi-chart-women,tertiary,,auto,KWP group variants: women's height to weight ratio chart
weight chart for women over 40,10,0,0,Low,B1-chart,informational,blog/bmi-chart-women,tertiary,,auto,
ideal weight for women based on height,10,0,0,Low,B1-chart,informational,blog/bmi-chart-women,tertiary,,auto,
most accurate bmi measurement,10,0,0,Low,B1-chart,informational,blog/bmi-chart-women,tertiary,,auto,KWP group variants: women's age weight and height chart
healthy weight and height chart female,10,0,0,Low,B1-chart,informational,blog/bmi-chart-women,tertiary,,auto,
female ibm chart,10,0,0,Low,B1-chart,informational,blog/bmi-chart-women,tertiary,,auto,KWP group variants: body weight index chart male
women's weight and bmi chart,10,0,0,Low,B1-chart,informational,blog/bmi-chart-women,tertiary,,auto,
ideal weight for age and height female,10,0,0,Low,B1-chart,informational,blog/bmi-chart-women,tertiary,,auto,
age to weight chart female,10,0,0,Low,B1-chart,informational,blog/bmi-chart-women,tertiary,,auto,
bmi of weight and height,10,0,0,Low,B1-chart,informational,blog/bmi-chart-women,tertiary,,auto,KWP group variants: weight chart for women pounds
ideal bmi chart female,10,0,0,Low,B1-chart,informational,blog/bmi-chart-women,tertiary,,auto,KWP group variants: ideal bmi for women chart
women's size 8 weight range,10,0,0,Low,B1-chart,informational,blog/bmi-chart-women,tertiary,,auto,
5 1 weight range female,10,0,0,Low,B1-chart,informational,blog/bmi-chart-women,tertiary,,auto,KWP group variants: age height and weight chart female; weight scale for 6 foot male
healthy weight height chart women,10,0,0,Low,B2-population,informational,blog/bmi-chart-women,tertiary,,auto,
female 5.5 ideal weight,10,0,0,Low,B2-population,informational,blog/bmi-chart-women,tertiary,,auto,
normal height weight chart female,10,0,0,Low,B1-chart,informational,blog/bmi-chart-women,tertiary,,auto,
size and weight chart for women,10,0,0,Low,B1-chart,informational,blog/bmi-chart-women,tertiary,,auto,
5 5 how much should i weigh female,10,0,0,Low,B2-population,informational,blog/bmi-chart-women,tertiary,,auto,
healthy bmi for 5.5 female,10,0,0,Low,B1-chart,informational,blog/bmi-chart-women,tertiary,,auto,
height weight index female,10,0,0,Low,B1-chart,informational,blog/bmi-chart-women,tertiary,,auto,KWP group variants: height weight ratio chart female
height weight chart age female,10,0,0,Low,B1-chart,informational,blog/bmi-chart-women,tertiary,,auto,KWP group variants: women weight according to height and age
ideal weight for height 5.4 female,10,0,0,Low,B1-chart,informational,blog/bmi-chart-women,tertiary,,auto,
normal bmi level for female,10,0,0,Low,B1-chart,informational,blog/bmi-chart-women,tertiary,,auto,
women's normal bmi range,10,0,0,Low,B1-chart,informational,blog/bmi-chart-women,tertiary,,auto,
women's height and weight chart by age,10,0,0,Low,B1-chart,informational,blog/bmi-chart-women,tertiary,,auto,
weight for women's height and age chart,10,0,0,Low,B1-chart,informational,blog/bmi-chart-women,tertiary,,auto,
weight chart according to height for female,10,0,0,High,B1-chart,informational,blog/bmi-chart-women,tertiary,,auto,
healthy weight for black female,10,0,0,Low,B1-chart,informational,blog/bmi-chart-women,tertiary,,auto,KWP group variants: weight and height calculator bmi
average healthy woman weight,10,0,0,Low,B2-population,informational,blog/bmi-chart-women,tertiary,,auto,
body mass percentage female,10,0,0,Low,B3-bodyfat,informational,blog/bmi-chart-women,tertiary,,auto,
female height chart by age,10,0,0,Low,B1-chart,informational,blog/bmi-chart-women,tertiary,,auto,
bmi men women,10,0,0,Low,B1-chart,informational,blog/bmi-chart-women,tertiary,,auto,
women weight to height,10,0,0,Low,B1-chart,informational,blog/bmi-chart-women,tertiary,,auto,
40 age woman weight chart in kg,10,0,0,Low,B1-chart,informational,blog/bmi-chart-women,tertiary,,auto,
healthy weight for my height female,10,0,0,Low,B1-chart,informational,blog/bmi-chart-women,tertiary,,auto,KWP group variants: at age 23 how much should i weigh
5 1 weight chart for females,10,0,0,Low,B1-chart,informational,blog/bmi-chart-women,tertiary,,auto,
ideal weight chart for male and female,10,0,0,Low,B1-chart,informational,blog/bmi-chart-women,tertiary,,auto,
female weight chart with height,10,0,0,Low,B1-chart,informational,blog/bmi-chart-women,tertiary,,auto,
female weight height age chart,10,0,0,Low,B1-chart,informational,blog/bmi-chart-women,tertiary,,auto,
weight to age chart female,10,0,0,Low,B1-chart,informational,blog/bmi-chart-women,tertiary,,auto,KWP group variants: female standard height and weight
5 8 140 lbs female size,10,0,0,Low,B1-chart,informational,blog/bmi-chart-women,tertiary,,auto,KWP group variants: ideal weight for male by age
body index chart female,10,0,0,Low,B1-chart,informational,blog/bmi-chart-women,tertiary,,auto,
bmi ideal weight female,10,0,0,Low,B1-chart,informational,blog/bmi-chart-women,tertiary,,auto,
healthy weight 5ft 6 female,10,0,0,Low,B2-population,informational,blog/bmi-chart-women,tertiary,,auto,
weight and age chart female,10,0,-67,Low,B1-chart,informational,blog/bmi-chart-women,tertiary,,auto,
men height chart women weight chart,10,0,0,Low,B1-chart,informational,blog/bmi-chart-women,tertiary,,auto,
normal weight of 5 1 female in kg,10,0,0,Low,B2-population,informational,blog/bmi-chart-women,tertiary,,auto,
height to weight scale female,10,0,0,Low,B1-chart,informational,blog/bmi-chart-women,tertiary,,auto,
bmi for women by height,10,0,-67,Low,B1-chart,informational,blog/bmi-chart-women,tertiary,,auto,
ideal weight for female 5 3 height,10,0,-67,Low,B1-chart,informational,blog/bmi-chart-women,tertiary,,auto,
bmi calculator female ideal weight,10,0,-67,Low,B1-chart,informational,blog/bmi-chart-women,tertiary,,auto,
ideal weight range for women,10,0,-50,Low,B1-chart,informational,blog/bmi-chart-women,tertiary,,auto,
5 3 weight chart female,10,0,-67,Low,B1-chart,informational,blog/bmi-chart-women,tertiary,,auto,
bmi chart for african american females,10,0,-67,Low,B1-chart,informational,blog/bmi-chart-women,tertiary,,auto,
normal body mass index for women,10,0,-50,Medium,B1-chart,informational,blog/bmi-chart-women,tertiary,,auto,
ideal weight chart for men and women,10,0,-50,Low,B1-chart,informational,blog/bmi-chart-women,tertiary,,auto,
male female height weight chart,10,0,-50,Low,B1-chart,informational,blog/bmi-chart-women,tertiary,,auto,
normal weight for 52 female,10,0,-50,Low,B1-chart,informational,blog/bmi-chart-women,tertiary,,auto,
ideal weight for 5 8.5 female,10,0,-50,Low,B1-chart,informational,blog/bmi-chart-women,tertiary,,auto,
weight chart by height and age female,10,0,-50,Low,B1-chart,informational,blog/bmi-chart-women,tertiary,,auto,
bmi chart lbs woman,10,0,-50,Low,B1-chart,informational,blog/bmi-chart-women,tertiary,,auto,KWP group variants: bmi chart for women in pounds
black female weight chart,10,0,-50,Low,B1-chart,informational,blog/bmi-chart-women,tertiary,,auto,
normal bmi for adult women,10,0,-50,Low,B1-chart,informational,blog/bmi-chart-women,tertiary,,auto,
good bmi number for females,10,0,-50,Low,B1-chart,informational,blog/bmi-chart-women,tertiary,,auto,
healthy weight for 157cm female,10,0,-50,Low,B2-population,informational,blog/bmi-chart-women,tertiary,,auto,
the ideal weight for a woman,10,0,-50,Low,B2-population,informational,blog/bmi-chart-women,tertiary,,auto,
healthy weight range chart female,10,0,-50,Low,B1-chart,informational,blog/bmi-chart-women,tertiary,,auto,
weight scale for 5 4 woman,10,0,-50,Low,B1-chart,informational,blog/bmi-chart-women,tertiary,,auto,
weight range for women 5 7,10,0,-50,Low,B1-chart,informational,blog/bmi-chart-women,tertiary,,auto,
women's weight bmi chart,10,0,-50,Low,B1-chart,informational,blog/bmi-chart-women,tertiary,,auto,
ideal weight for 53 female,10,0,-50,Low,B1-chart,informational,blog/bmi-chart-women,tertiary,,auto,KWP group variants: body weight chart according to height
height weight chart black female,10,0,-50,Low,B1-chart,informational,blog/bmi-chart-women,tertiary,,auto,
bone mass lbs female chart,10,0,-50,Low,B1-chart,informational,blog/bmi-chart-women,tertiary,,auto,
ideal weight for 162cm female,10,0,-50,Low,B2-population,informational,blog/bmi-chart-women,tertiary,,auto,
bmi calculator weight range,10,0,-50,Low,B1-chart,informational,blog/bmi-chart-women,tertiary,,auto,KWP group variants: average weight for 5 7 african american female
5 6 bmi chart female,10,0,-33,Low,B1-chart,informational,blog/bmi-chart-women,tertiary,,auto,
female height age weight chart,10,0,-100,Unknown,B1-chart,informational,blog/bmi-chart-women,tertiary,,auto,
bmi chart for large frame woman,10,0,-100,Unknown,B1-chart,informational,blog/bmi-chart-women,tertiary,,auto,
height weight chart female metric,10,0,-100,Unknown,B1-chart,informational,blog/bmi-chart-women,tertiary,,auto,
maximum healthy weight for my height,10,0,-100,Unknown,B1-chart,informational,blog/bmi-chart-women,tertiary,,auto,KWP group variants: height and weight chart according to age for women
weight chart according to age in kg for female,10,0,-100,Unknown,B1-chart,informational,blog/bmi-chart-women,tertiary,,auto,
bmi range chart female,10,0,-100,Unknown,B1-chart,informational,blog/bmi-chart-women,tertiary,,auto,
weight chart for young females,10,0,-100,Unknown,B1-chart,informational,blog/bmi-chart-women,tertiary,,auto,
normal bmi value for female,10,0,-100,Unknown,B1-chart,informational,blog/bmi-chart-women,tertiary,,auto,KWP group variants: women's height weight and age chart
healthy weight for my height woman,10,0,-100,Unknown,B1-chart,informational,blog/bmi-chart-women,tertiary,,auto,
female age height weight chart in pounds,10,0,-100,Unknown,B1-chart,informational,blog/bmi-chart-women,tertiary,,auto,
weight chart according to height and age for female,10,0,-100,Unknown,B1-chart,informational,blog/bmi-chart-women,tertiary,,auto,
weight chart for female by age and height in kg,10,0,-100,Unknown,B1-chart,informational,blog/bmi-chart-women,tertiary,,auto,
female ideal height and weight chart,10,0,-100,Unknown,B1-chart,informational,blog/bmi-chart-women,tertiary,,auto,
ideal weight for height female kg,10,0,-100,Unknown,B1-chart,informational,blog/bmi-chart-women,tertiary,,auto,
height and weight chart for female adults,10,0,-100,Unknown,B1-chart,informational,blog/bmi-chart-women,tertiary,,auto,
bmi chart women stone,10,0,-100,Unknown,B1-chart,informational,blog/bmi-chart-women,tertiary,,auto,
ideal weight for black female,10,0,-100,Unknown,B1-chart,informational,blog/bmi-chart-women,tertiary,,auto,
women's healthy weight scale,10,0,-100,Unknown,B1-chart,informational,blog/bmi-chart-women,tertiary,,auto,
ideal weight for age female,10,0,-100,Unknown,B1-chart,informational,blog/bmi-chart-women,tertiary,,auto,
ideal women's weight chart in kg,10,0,-100,Unknown,B1-chart,informational,blog/bmi-chart-women,tertiary,,auto,
weight based on age female,10,0,-100,Unknown,B1-chart,informational,blog/bmi-chart-women,tertiary,,auto,
healthy weight 168cm female,10,0,-100,Unknown,B2-population,informational,blog/bmi-chart-women,tertiary,,auto,
bmi chart women 2022,10,0,-100,Unknown,B1-chart,informational,blog/bmi-chart-women,tertiary,,auto,
healthy weight range for 169cm female,10,0,-100,Unknown,B2-population,informational,blog/bmi-chart-women,tertiary,,auto,
healthy weight as per height,10,0,-100,Unknown,B1-chart,informational,blog/bmi-chart-women,tertiary,,auto,KWP group variants: weight for women's height and age in kg
weight chart female by age,10,-50,0,Low,B1-chart,informational,blog/bmi-chart-women,tertiary,,auto,
bmi chart for women by height,10,-50,0,Low,B1-chart,informational,blog/bmi-chart-women,tertiary,,auto,
ideal weight for 4.11 female in kg,10,-50,0,Low,B2-population,informational,blog/bmi-chart-women,tertiary,,auto,
weight chart for african american females,10,-67,0,Low,B1-chart,informational,blog/bmi-chart-women,tertiary,,auto,
women's body mass index table,10,0,-100,Unknown,B1-chart,informational,blog/bmi-chart-women,tertiary,,auto,KWP group variants: height and weight chart for adults in kg
weight range for 5ft female,10,-50,0,Low,B1-chart,informational,blog/bmi-chart-women,tertiary,,auto,
printable bmi chart for women,10,-50,0,Low,B1-chart,informational,blog/bmi-chart-women,tertiary,,auto,
ideal body weight for height female,10,-50,0,Low,B1-chart,informational,blog/bmi-chart-women,tertiary,,auto,
weight chart for women 5 2,10,-50,0,Low,B1-chart,informational,blog/bmi-chart-women,tertiary,,auto,
healthy weight for 5.8 female,10,-50,0,Low,B2-population,informational,blog/bmi-chart-women,tertiary,,auto,
female body weight according to height,10,-100,0,Unknown,B1-chart,informational,blog/bmi-chart-women,tertiary,,auto,KWP group variants: height and weight chart for women according to age; ideal weight for my height and age calculator
5 6 180 lbs female size,10,-50,0,Low,B1-chart,informational,blog/bmi-chart-women,tertiary,,auto,
female age to weight chart,10,-100,0,Unknown,B1-chart,informational,blog/bmi-chart-women,tertiary,,auto,
female weight chart with age,10,-100,0,Unknown,B1-chart,informational,blog/bmi-chart-women,tertiary,,auto,
bmi index table female,10,-100,0,Unknown,B1-chart,informational,blog/bmi-chart-women,tertiary,,auto,
height weight chart with age female,10,-100,0,Unknown,B1-chart,informational,blog/bmi-chart-women,tertiary,,auto,
weight per height in kg,10,-100,0,Unknown,B1-chart,informational,blog/bmi-chart-women,tertiary,,auto,KWP group variants: women's height and weight chart 2021
weight per height chart female,10,-100,0,Unknown,B1-chart,informational,blog/bmi-chart-women,tertiary,,auto,
5 4 170 lbs woman bmi,10,-100,0,Unknown,B3-bodyfat,informational,blog/bmi-chart-women,tertiary,,auto,
weight with height chart female,10,-100,0,Unknown,B1-chart,informational,blog/bmi-chart-women,tertiary,,auto,
height and weight chart according to age female,10,-100,0,Unknown,B1-chart,informational,blog/bmi-chart-women,tertiary,,auto,
female weight with height,10,-100,0,Unknown,B1-chart,informational,blog/bmi-chart-women,tertiary,,auto,KWP group variants: australian healthy weight range
normal body weight for female in kg,10,-100,-100,Unknown,B1-chart,informational,blog/bmi-chart-women,tertiary,,auto,
height in cm weight chart,10,-100,0,Unknown,B1-chart,informational,blog/bmi-chart-women,tertiary,,auto,KWP group variants: height weight age chart female in kg
female weight loss chart,10,-100,-100,Unknown,B1-chart,informational,blog/bmi-chart-women,tertiary,,auto,KWP group variants: weight loss chart for female
female body height weight ratio,10,-100,-100,Unknown,B1-chart,informational,blog/bmi-chart-women,tertiary,,auto,
body bmi chart female,10,-100,-100,Unknown,B1-chart,informational,blog/bmi-chart-women,tertiary,,auto,
bmi chart for both male and female,10,-100,-100,Unknown,B1-chart,informational,blog/bmi-chart-women,tertiary,,auto,KWP group variants: healthy male weight by age and height
weight chart by age for female,10,-100,-100,Unknown,B1-chart,informational,blog/bmi-chart-women,tertiary,,auto,
normal ideal body weight,10,-100,-100,Unknown,B1-chart,informational,blog/bmi-chart-women,tertiary,,auto,KWP group variants: bmi chart female height and weight in kg
ideal weight and age,10,-100,-100,Unknown,B1-chart,informational,blog/bmi-chart-women,tertiary,,auto,KWP group variants: ideal fit weight for height; ideal weight by height calculator; ideal weight for 176cm female
body mass and weight chart,10,-100,-100,Unknown,B1-chart,informational,blog/bmi-chart-women,tertiary,,auto,KWP group variants: female height age and weight chart
ideal weight for 154cm female,10,-100,-100,Unknown,B1-chart,informational,blog/bmi-chart-women,tertiary,,auto,
female bmi chart in kg,10,-100,-100,Unknown,B1-chart,informational,blog/bmi-chart-women,tertiary,,auto,
body mass index chart female age,10,-100,-100,Unknown,B1-chart,informational,blog/bmi-chart-women,tertiary,,auto,
bmi chart in kg and cm for female,10,-100,-100,Unknown,B1-chart,informational,blog/bmi-chart-women,tertiary,,auto,
normal weight for 175cm female,10,-100,-100,Unknown,B2-population,informational,blog/bmi-chart-women,tertiary,,auto,
normal weight of female in kg,10,-100,-100,Unknown,B2-population,informational,blog/bmi-chart-women,tertiary,,auto,KWP group variants: normal weight for female in kg
normal bmi chart for female,10,-100,-100,Unknown,B1-chart,informational,blog/bmi-chart-women,tertiary,,auto,
age female bmi chart,10,-100,-100,Unknown,B1-chart,informational,blog/bmi-chart-women,tertiary,,auto,
height and age chart female,10,-100,-100,Unknown,B1-chart,informational,blog/bmi-chart-women,tertiary,,auto,
bmi calculator muscle,480,-19,-34,Low,B3-bodyfat,informational,blog/bmi-for-athletes,primary,,auto,
bmi athletes calculator,390,22,-19,Low,B3-bodyfat,informational,blog/bmi-for-athletes,secondary,,auto,
bmi calculator muscular male,90,0,-36,Low,B3-bodyfat,informational,blog/bmi-for-athletes,secondary,,auto,KWP group variants: bmi calculator male with muscle
body muscle calculator,70,-29,-29,Low,B3-bodyfat,informational,blog/bmi-for-athletes,secondary,,auto,
how to calculate body muscle,70,-29,-29,Low,B3-bodyfat,informational,blog/bmi-for-athletes,secondary,,auto,
muscle index calculator,50,-20,-43,Low,B3-bodyfat,informational,blog/bmi-for-athletes,tertiary,,auto,
bmi with muscle calculator,40,-25,-73,Low,B3-bodyfat,informational,blog/bmi-for-athletes,tertiary,,auto,
muscle to weight ratio,30,0,-25,Low,B3-bodyfat,informational,blog/bmi-for-athletes,tertiary,,auto,
bmi calculator that accounts for muscle,30,33,100,Low,B3-bodyfat,informational,blog/bmi-for-athletes,tertiary,,auto,
how to tell how much of your weight is muscle,20,0,0,Low,B3-bodyfat,informational,blog/bmi-for-athletes,tertiary,,auto,
muscle body weight percentage,20,100,0,Low,B3-bodyfat,informational,blog/bmi-for-athletes,tertiary,,auto,
body muscle index calculator,10,0,0,Low,B3-bodyfat,informational,blog/bmi-for-athletes,tertiary,,auto,
muscle ratio calculator,10,0,0,Low,B3-bodyfat,informational,blog/bmi-for-athletes,tertiary,,auto,
bmi calculator for muscular frame,10,0,-50,Low,B3-bodyfat,informational,blog/bmi-for-athletes,tertiary,,auto,
bmi calculator muscular build,10,0,-50,Low,B3-bodyfat,informational,blog/bmi-for-athletes,tertiary,,auto,
bmi calculator for females with muscle,10,0,-100,Unknown,B3-bodyfat,informational,blog/bmi-for-athletes,tertiary,,auto,
how much percentage of muscle should i have,10,0,-100,Unknown,B3-bodyfat,informational,blog/bmi-for-athletes,tertiary,,auto,
athletic body weight height,10,0,-100,Unknown,B1-chart,informational,blog/bmi-for-athletes,tertiary,,auto,
muscular body weight calculator,10,-100,-100,Unknown,B3-bodyfat,informational,blog/bmi-for-athletes,tertiary,,auto,
how to measure body mass index,4400,23,23,Low,B3-bodyfat,informational,blog/bmi-formula,primary,,auto,KWP group variants: how do you measure body mass index; how do i measure body mass index; how to measure body bmi; how to measure body index
how to check body mass,1900,19,19,Medium,B3-bodyfat,informational,blog/bmi-formula,secondary,,auto,
measure body mass index,1900,0,-16,Low,B3-bodyfat,informational,blog/bmi-formula,secondary,,auto,KWP group variants: measuring body mass index bmi
how do you measure your body mass index,1000,30,30,Medium,B3-bodyfat,informational,blog/bmi-formula,secondary,,auto,
how to measure bmi at home,260,52,-18,Medium,B3-bodyfat,informational,blog/bmi-formula,secondary,,auto,KWP group variants: how to measure body mass index at home
how to check your bmi at home,170,0,133,Medium,B3-bodyfat,informational,blog/bmi-formula,tertiary,,auto,
bmi formula for men,140,0,-21,Low,B1-chart,informational,blog/bmi-formula,tertiary,,auto,
how to measure a body,70,25,25,Low,B3-bodyfat,informational,blog/bmi-formula,tertiary,,auto,
formula jackson pollock,30,-50,-67,Low,B3-bodyfat,informational,blog/bmi-formula,tertiary,,auto,
how do you measure bmi at home,30,67,400,Medium,B3-bodyfat,informational,blog/bmi-formula,tertiary,,auto,
weight for height formula,30,50,50,Low,B1-chart,informational,blog/bmi-formula,tertiary,,auto,
how to measure bmi with tape,20,50,0,Low,B3-bodyfat,informational,blog/bmi-formula,tertiary,,auto,KWP group variants: how to measure bmi with measuring tape
bmi formula with age and gender,10,∞,∞,Low,B1-chart,informational,blog/bmi-formula,tertiary,,auto,
how to measure before weight loss,10,∞,0,High,B3-bodyfat,informational,blog/bmi-formula,tertiary,,auto,
how do you measure bmi with a tape measure,10,∞,0,Low,B3-bodyfat,informational,blog/bmi-formula,tertiary,,auto,
how do you check your bmi at home,10,100,100,Medium,B3-bodyfat,informational,blog/bmi-formula,tertiary,,auto,
how to measure body fitness,10,100,100,Low,B3-bodyfat,informational,blog/bmi-formula,tertiary,,auto,
how to measure weight using tape measure,10,0,0,Unknown,B3-bodyfat,informational,blog/bmi-formula,tertiary,,auto,
body mass index formula with age,10,0,0,Unknown,B1-chart,informational,blog/bmi-formula,tertiary,,auto,
how to get bmi percentage,10,0,0,High,B3-bodyfat,informational,blog/bmi-formula,tertiary,,auto,
how to measure overweight,10,0,0,Low,B3-bodyfat,informational,blog/bmi-formula,tertiary,,auto,
how to measure bioelectrical impedance,10,0,0,Low,B3-bodyfat,informational,blog/bmi-formula,tertiary,,auto,
how to know you are obese,10,0,0,Medium,B3-bodyfat,informational,blog/bmi-formula,tertiary,,auto,
how to find body weight percentage,10,0,0,Low,B3-bodyfat,informational,blog/bmi-formula,tertiary,,auto,
how to find percentage of body weight loss,10,0,0,Low,B3-bodyfat,informational,blog/bmi-formula,tertiary,,auto,
how to measure water weight in body,10,0,0,Low,B3-bodyfat,informational,blog/bmi-formula,tertiary,,auto,
how to measure body before weight loss,10,0,0,Low,B3-bodyfat,informational,blog/bmi-formula,tertiary,,auto,
how to measure skin fold,10,0,0,Low,B3-bodyfat,informational,blog/bmi-formula,tertiary,,auto,
how measure body mass index,10,0,-50,Medium,B3-bodyfat,informational,blog/bmi-formula,tertiary,,auto,
how to measure your bmi accurately,10,0,-50,Medium,B3-bodyfat,informational,blog/bmi-formula,tertiary,,auto,
how to measure body inches lost,10,0,-100,Unknown,B3-bodyfat,informational,blog/bmi-formula,tertiary,,auto,
how to measure body mass percentage,10,-100,-100,Unknown,B3-bodyfat,informational,blog/bmi-formula,tertiary,,auto,
how to figure body weight percentage,10,-100,-100,Unknown,B3-bodyfat,informational,blog/bmi-formula,tertiary,,auto,
how accurate is a bmi,590,0,0,Low,B3-bodyfat,informational,blog/bmi-limitations,primary,,auto,
accurate body mass index,390,-18,-33,Low,B3-bodyfat,informational,blog/bmi-limitations,secondary,,auto,
how to accurately measure bmi,140,55,55,Low,B3-bodyfat,informational,blog/bmi-limitations,secondary,,auto,KWP group variants: how do you accurately measure bmi
how accurate is bia,110,100,56,Low,B3-bodyfat,informational,blog/bmi-limitations,secondary,,auto,KWP group variants: how accurate is bioelectrical impedance analysis
more accurate bmi,50,67,0,Low,B3-bodyfat,informational,blog/bmi-limitations,secondary,,auto,
most accurate bmi test,30,0,-40,Low,B3-bodyfat,informational,blog/bmi-limitations,tertiary,,auto,
measuring bmi accurately,20,-50,100,Medium,B3-bodyfat,informational,blog/bmi-limitations,tertiary,,auto,
most accurate way to measure bmi,20,0,-33,Low,B3-bodyfat,informational,blog/bmi-limitations,tertiary,,auto,
accurate bmi test,20,0,100,Low,B3-bodyfat,informational,blog/bmi-limitations,tertiary,,auto,
accurate way to measure bmi,10,0,0,Low,B3-bodyfat,informational,blog/bmi-limitations,tertiary,,auto,
accurate weight according to height,10,-100,0,Unknown,B1-chart,informational,blog/bmi-limitations,tertiary,,auto,
measure body for weight loss,720,0,-33,High,B3-bodyfat,informational,blog/bmi-tracking-guide,primary,,auto,
how to track body fat percentage,210,-58,-48,Medium,B3-bodyfat,informational,blog/bmi-tracking-guide,secondary,,auto,
how to take body measurements for weight loss,210,-66,-48,Medium,B3-bodyfat,informational,blog/bmi-tracking-guide,secondary,,auto,
how to take measurements for weight loss,210,-35,-35,Low,B3-bodyfat,informational,blog/bmi-tracking-guide,secondary,,auto,KWP group variants: how do you take measurements for weight loss
how to measure body weight loss,140,-21,-35,High,B3-bodyfat,informational,blog/bmi-tracking-guide,secondary,,auto,KWP group variants: how to measure body for weight loss
body fat percentage tracker,110,89,21,Low,B3-bodyfat,informational,blog/bmi-tracking-guide,tertiary,,auto,
body fat tracker,110,191,129,Medium,B3-bodyfat,informational,blog/bmi-tracking-guide,tertiary,,auto,
how to measure your body for weight loss,90,0,-22,High,B3-bodyfat,informational,blog/bmi-tracking-guide,tertiary,,auto,
how to track body fat,70,56,100,Medium,B3-bodyfat,informational,blog/bmi-tracking-guide,tertiary,,auto,
how to measure yourself for weight loss,70,-29,-44,Medium,B3-bodyfat,informational,blog/bmi-tracking-guide,tertiary,,auto,
how to track my body fat percentage,30,0,0,Low,B3-bodyfat,informational,blog/bmi-tracking-guide,tertiary,,auto,KWP group variants: how do i track my body fat percentage
how to do body measurements for weight loss,30,100,100,High,B3-bodyfat,informational,blog/bmi-tracking-guide,tertiary,,auto,
how do you track body fat,20,-50,-67,Medium,B3-bodyfat,informational,blog/bmi-tracking-guide,tertiary,,auto,
how to track your body fat percentage,20,-50,-50,Medium,B3-bodyfat,informational,blog/bmi-tracking-guide,tertiary,,auto,
how to take your measurements for weight loss,20,0,0,High,B3-bodyfat,informational,blog/bmi-tracking-guide,tertiary,,auto,
how to measure your waist for weight loss,20,0,100,Low,B3-bodyfat,informational,blog/bmi-tracking-guide,tertiary,,auto,
how to measure body for weight loss tracking,20,100,100,High,B3-bodyfat,informational,blog/bmi-tracking-guide,tertiary,,auto,KWP group variants: how to measure body to track weight loss
how to track your body fat,10,100,0,High,B3-bodyfat,informational,blog/bmi-tracking-guide,tertiary,,auto,
bmi bmr fat calculator,10,0,0,Unknown,B1-chart,informational,blog/bmi-tracking-guide,tertiary,,auto,KWP group variants: dinner chart for weight loss; navy body fat standards 2020
how to properly measure your body for weight loss,10,0,0,High,B3-bodyfat,informational,blog/bmi-tracking-guide,tertiary,,auto,
body type calculator for weight loss,10,0,0,Low,B3-bodyfat,informational,blog/bmi-tracking-guide,tertiary,,auto,
how to measure the body for weight loss,10,0,0,Medium,B3-bodyfat,informational,blog/bmi-tracking-guide,tertiary,,auto,
how do you measure your body for weight loss,10,0,0,Low,B3-bodyfat,informational,blog/bmi-tracking-guide,tertiary,,auto,
how to measure waist and hips for weight loss,10,0,0,Medium,B3-bodyfat,informational,blog/bmi-tracking-guide,tertiary,,auto,
how to take your body measurements for weight loss,10,0,0,Medium,B3-bodyfat,informational,blog/bmi-tracking-guide,tertiary,,auto,
how do you measure yourself for weight loss,10,0,0,Medium,B3-bodyfat,informational,blog/bmi-tracking-guide,tertiary,,auto,
how to measure body inches for weight loss,10,0,0,Low,B3-bodyfat,informational,blog/bmi-tracking-guide,tertiary,,auto,
how to take accurate body measurements for weight loss,10,0,0,Low,B3-bodyfat,informational,blog/bmi-tracking-guide,tertiary,,auto,
how to lose 8 percent body fat,10,0,0,High,B3-bodyfat,informational,blog/bmi-tracking-guide,tertiary,,auto,KWP group variants: how to measure my body for weight loss
how to take measurements of your body for weight loss,10,0,0,Low,B3-bodyfat,informational,blog/bmi-tracking-guide,tertiary,,auto,
how to measure thighs for weight loss,10,0,-50,Low,B3-bodyfat,informational,blog/bmi-tracking-guide,tertiary,,auto,
how to take measurements to track weight loss,10,-50,-50,Low,B3-bodyfat,informational,blog/bmi-tracking-guide,tertiary,,auto,
how to take proper measurements for weight loss,10,-100,0,Unknown,B3-bodyfat,informational,blog/bmi-tracking-guide,tertiary,,auto,
how to body measurements for weight loss,10,-100,-100,Unknown,B3-bodyfat,informational,blog/bmi-tracking-guide,tertiary,,auto,
bmi and body fat percentage,390,0,22,Low,B3-bodyfat,informational,blog/body-fat-vs-bmi,primary,,auto,KWP group variants: bmi with fat percentage; body mass fat percentage; body mass index and body fat percentage; body mass index body fat percentage; body mass index fat percentage; body mass index to body fat percentage
bmi calculator body fat,720,-19,-52,Low,B3-bodyfat,informational,blog/body-fat-vs-bmi,secondary,,auto,KWP group variants: bmi and body fat calculator; bmi and body fat percentage calculator; bmi body fat percentage calculator; bmi to body fat percentage converter; body fat mass index calculator; determine body fat from bmi
bmi calculator fat percentage,210,0,0,Low,B3-bodyfat,informational,blog/body-fat-vs-bmi,secondary,,auto,KWP group variants: bmi and fat percentage calculator; bmi estimate body fat percentage; calculate bmi and fat percentage; calculate bmi with body fat percentage
bmi fat chart,110,-36,-59,Low,B1-chart,informational,blog/body-fat-vs-bmi,secondary,,auto,KWP group variants: bmi and body fat chart; bmi body fat chart; body fat mass index chart
body composition bmi,110,40,-50,Low,B3-bodyfat,informational,blog/body-fat-vs-bmi,secondary,,auto,KWP group variants: bmi and body composition
bmi fat scale,110,0,-21,High,B3-bodyfat,informational,blog/body-fat-vs-bmi,tertiary,,auto,KWP group variants: scale with bmi and body fat; body fat and bmi scale; body fat bmi scale
bmi fat percentage chart,90,40,-36,Low,B1-chart,informational,blog/body-fat-vs-bmi,tertiary,,auto,KWP group variants: bmi and fat percentage chart; bmi body fat percentage chart; body fat percentage and bmi chart
how to calculate fat percentage from bmi,70,-43,-43,Low,B3-bodyfat,informational,blog/body-fat-vs-bmi,tertiary,,auto,KWP group variants: how do you calculate body fat percentage from bmi; how to calculate bmi and body fat percentage; how to calculate body fat percentage from bmi; how to find body fat percentage from bmi; how to find body fat percentage with bmi
body fat and bmi,70,0,-29,Low,B3-bodyfat,informational,blog/body-fat-vs-bmi,tertiary,,auto,
bmi and fat calculator,40,33,33,Low,B3-bodyfat,informational,blog/body-fat-vs-bmi,tertiary,,auto,KWP group variants: body fat calculator with bmi; check bmi and body fat
fat and bmi chart,20,0,-50,Low,B1-chart,informational,blog/body-fat-vs-bmi,tertiary,,auto,KWP group variants: fat mass index chart
how to check bmi and body fat,10,0,∞,High,B3-bodyfat,informational,blog/body-fat-vs-bmi,tertiary,,auto,
how to reduce bmi and body fat,10,0,100,Medium,B3-bodyfat,informational,blog/body-fat-vs-bmi,tertiary,,auto,
how to calculate my bmi and body fat percentage,10,0,0,Medium,B3-bodyfat,informational,blog/body-fat-vs-bmi,tertiary,,auto,
normal bmi and body fat percentage,10,0,0,Low,B1-chart,informational,blog/body-fat-vs-bmi,tertiary,,auto,
healthy bmi and body fat,10,0,0,Low,B1-chart,informational,blog/body-fat-vs-bmi,tertiary,,auto,
how to measure bmi and body fat,10,0,0,Low,B3-bodyfat,informational,blog/body-fat-vs-bmi,tertiary,,auto,
healthy bmi range,8100,0,23,Low,B1-chart,informational,blog/healthy-bmi-range,primary,,auto,KWP group variants: normal bmi range; bmi good range; body mass index healthy range; normal bmi level; normal body mass index range
normal of bmi,22200,0,0,Low,B1-chart,informational,blog/healthy-bmi-range,secondary,,auto,KWP group variants: normal bmi index; normal body bmi; normal body index mass; normal body weight index; ranges for bmi; bmi what is normal; body mass index normal; normal body index
healthy body bmi,18100,0,-18,Low,B1-chart,informational,blog/healthy-bmi-range,secondary,,auto,KWP group variants: healthy bmi index; healthy body mass index bmi; normal body mass; normal body mass index bmi
bmi average range,2900,0,0,Low,B1-chart,informational,blog/healthy-bmi-range,secondary,,auto,KWP group variants: bmi index normal range; normal healthy bmi range
good bmi,2900,0,-19,Low,B1-chart,informational,blog/healthy-bmi-range,secondary,,auto,KWP group variants: good bmi index; good body mass index
ideal body mass,2400,0,-17,Low,B3-bodyfat,informational,blog/healthy-bmi-range,tertiary,,auto,
normal bmi for adult,320,-18,0,Low,B1-chart,informational,blog/healthy-bmi-range,tertiary,,auto,KWP group variants: healthy bmi for adults; normal body mass index for adults
optimal bmi,320,22,0,Low,B1-chart,informational,blog/healthy-bmi-range,tertiary,,auto,
recommended bmi,260,24,-19,Low,B1-chart,informational,blog/healthy-bmi-range,tertiary,,auto,
a good bmi,140,0,0,Low,B1-chart,informational,blog/healthy-bmi-range,tertiary,,auto,KWP group variants: a healthy bmi; a normal body mass index
bmi weight range,110,0,-21,Low,B1-chart,informational,blog/healthy-bmi-range,tertiary,,auto,
good bmi score,70,0,-22,Low,B1-chart,informational,blog/healthy-bmi-range,tertiary,,auto,KWP group variants: healthy bmi score; normal bmi score
healthiest bmi range,70,-29,-29,Low,B1-chart,informational,blog/healthy-bmi-range,tertiary,,auto,
bmi range by height,70,40,-22,Low,B1-chart,informational,blog/healthy-bmi-range,tertiary,,auto,
bmi ideal range,70,80,29,Low,B1-chart,informational,blog/healthy-bmi-range,tertiary,,auto,KWP group variants: ideal range of bmi
acceptable bmi range,50,0,0,Low,B1-chart,informational,blog/healthy-bmi-range,tertiary,,auto,
bmi reference range,50,-29,-29,Low,B1-chart,informational,blog/healthy-bmi-range,tertiary,,auto,
normal bmi range for adults,40,0,-33,Low,B1-chart,informational,blog/healthy-bmi-range,tertiary,,auto,KWP group variants: healthy bmi range for adults
healthy bmi percentage,30,-25,-25,Low,B3-bodyfat,informational,blog/healthy-bmi-range,tertiary,,auto,
bmi best range,20,0,0,Low,B1-chart,informational,blog/healthy-bmi-range,tertiary,,auto,
safe bmi range,20,0,0,Low,B1-chart,informational,blog/healthy-bmi-range,tertiary,,auto,
average adult bmi,20,100,-33,Low,B2-population,informational,blog/healthy-bmi-range,tertiary,,auto,
bmi weight range by height,20,100,-33,Low,B1-chart,informational,blog/healthy-bmi-range,tertiary,,auto,
perfect bmi range,10,-100,-100,Unknown,B1-chart,informational,blog/healthy-bmi-range,tertiary,,auto,
range of bmi index,10,∞,∞,Low,B1-chart,informational,blog/healthy-bmi-range,tertiary,,auto,
the normal body mass index,10,100,0,Low,B2-population,informational,blog/healthy-bmi-range,tertiary,,auto,
normal bmi rate,10,100,100,Low,B2-population,informational,blog/healthy-bmi-range,tertiary,,auto,KWP group variants: normal rate of bmi
correct bmi range,10,0,0,Low,B1-chart,informational,blog/healthy-bmi-range,tertiary,,auto,
normal bmi of a person,10,0,-50,Low,B1-chart,informational,blog/healthy-bmi-range,tertiary,,auto,
how to reduce body mass index,590,23,-18,Low,B3-bodyfat,informational,blog/how-to-lower-bmi,primary,,auto,
how to reduce body fat mass,8100,0,-18,Low,B3-bodyfat,informational,blog/how-to-lower-bmi,secondary,,auto,KWP group variants: how to lower body fat percentage; how to reduce body fat percentage; how to lose body fat percentage; how to cut body fat percentage; how can i reduce body fat percentage; how do i decrease body fat percentage; how do i reduce body fat percentage; how do you reduce body fat percentage; how to reduce body fat index; how to reduce body fat ratio; how to reduce percentage of body fat
how to lower bf percentage,1900,-16,-16,Low,B3-bodyfat,informational,blog/how-to-lower-bmi,secondary,,auto,KWP group variants: how to decrease body fat percentage; how to lower fat percentage; how to get low body fat percentage; how do you lose body fat percentage; how do you lower body fat percentage; how do i lose body fat percentage; how can i lose body fat percentage; how do i lower body fat percentage; how to lower body fat index; how to lower the fat percentage in body
how to lower my fat percentage,1000,0,30,Low,B3-bodyfat,informational,blog/how-to-lower-bmi,secondary,,auto,KWP group variants: how to lower your body fat percentage; how to lower my body fat percentage; how do i lower my body fat percentage; how to reduce your body fat percentage; how do you lower your body fat percentage; how to lower your fat percentage; how do i reduce my body fat percentage; how to decrease your body fat percentage; how to reduce my body fat percentage; how to decrease my body fat percentage; how can i reduce my body fat percentage; how can you lower your body fat percentage; how do i decrease my body fat percentage; how do you reduce your body fat percentage; how to lose your body fat percentage; how to lower your percent body fat; how to reduce my fat percentage
how to lower body fat percentage female,480,0,50,Low,B3-bodyfat,informational,blog/how-to-lower-bmi,secondary,,auto,KWP group variants: how to reduce body fat percentage female; how to decrease body fat percentage female; how to decrease body fat percentage women; how to lower body fat percentage for women
how to lower my body fat,260,22,129,Low,B3-bodyfat,informational,blog/how-to-lower-bmi,tertiary,,auto,KWP group variants: how do i lower my body fat; how can i lower my body fat
how to quickly lose body fat percentage,210,24,0,Low,B3-bodyfat,informational,blog/how-to-lower-bmi,tertiary,,auto,
how to low your body fat,170,0,24,Low,B3-bodyfat,informational,blog/how-to-lower-bmi,tertiary,,auto,KWP group variants: how to lower your body fat
best eating plans to lose weight,140,-36,-36,High,B1-chart,informational,blog/how-to-lower-bmi,tertiary,,auto,
how to lose 5 of body fat,140,-18,-46,Low,B3-bodyfat,informational,blog/how-to-lower-bmi,tertiary,,auto,
lower body fat percentage women,110,22,-21,Low,B3-bodyfat,informational,blog/how-to-lower-bmi,tertiary,,auto,
how to reduce fat percentage,110,22,-21,Low,B3-bodyfat,informational,blog/how-to-lower-bmi,tertiary,,auto,
how can i lower my body fat percentage,110,21,89,Low,B3-bodyfat,informational,blog/how-to-lower-bmi,tertiary,,auto,
lose percent body fat,110,0,-35,Low,B3-bodyfat,informational,blog/how-to-lower-bmi,tertiary,,auto,
how to lose body fat mass,70,0,0,Medium,B3-bodyfat,informational,blog/how-to-lower-bmi,tertiary,,auto,
reduce body fat percentage women,70,-25,-57,Low,B3-bodyfat,informational,blog/how-to-lower-bmi,tertiary,,auto,KWP group variants: reduce body fat percentage female
how to lose body fat percentage men,70,0,40,Low,B3-bodyfat,informational,blog/how-to-lower-bmi,tertiary,,auto,KWP group variants: how to lower body fat percentage male; how to lower body fat percentage men; how to reduce body fat percentage male; how to reduce body fat percentage men
how fast can you reduce body fat percentage,70,-22,-36,Low,B3-bodyfat,informational,blog/how-to-lower-bmi,tertiary,,auto,
how to lower body fat mass,70,-22,0,Low,B3-bodyfat,informational,blog/how-to-lower-bmi,tertiary,,auto,
how to reduce body fat percentage from 25 to 15,70,-67,-95,Low,B3-bodyfat,informational,blog/how-to-lower-bmi,tertiary,,auto,
how to have a low body fat percentage,40,67,-44,Low,B3-bodyfat,informational,blog/how-to-lower-bmi,tertiary,,auto,KWP group variants: how to have a lower body fat percentage
how to lower fat mass,40,33,33,Low,B3-bodyfat,informational,blog/how-to-lower-bmi,tertiary,,auto,
how to cut down body fat percentage,40,25,0,Low,B3-bodyfat,informational,blog/how-to-lower-bmi,tertiary,,auto,KWP group variants: how to cut down on body fat percentage
how to lose 4 body fat,30,50,-25,Low,B3-bodyfat,informational,blog/how-to-lower-bmi,tertiary,,auto,
how to lower your body fat percentage fast,30,1300,1300,Low,B3-bodyfat,informational,blog/how-to-lower-bmi,tertiary,,auto,KWP group variants: how to lower your body fat percentage quickly
how quickly can you reduce body fat percentage,30,0,50,Low,B3-bodyfat,informational,blog/how-to-lower-bmi,tertiary,,auto,
how to lose 20 of body fat,30,-25,0,Medium,B3-bodyfat,informational,blog/how-to-lower-bmi,tertiary,,auto,
how to lose 15 body fat,30,0,0,High,B3-bodyfat,informational,blog/how-to-lower-bmi,tertiary,,auto,
how to lower body fat percentage reddit,30,0,-60,Low,B3-bodyfat,informational,blog/how-to-lower-bmi,tertiary,,auto,
how to lose 5 percent body fat,30,-40,0,Low,B3-bodyfat,informational,blog/how-to-lower-bmi,tertiary,,auto,
how to burn body fat percentage,20,-50,-50,Low,B3-bodyfat,informational,blog/how-to-lower-bmi,tertiary,,auto,
macro calculator to lose fat and gain muscle,20,50,-25,Medium,B3-bodyfat,informational,blog/how-to-lower-bmi,tertiary,,auto,
how to lose percentage of body fat,20,-33,0,Low,B3-bodyfat,informational,blog/how-to-lower-bmi,tertiary,,auto,
how to decrease body mass index,20,-50,-50,Low,B3-bodyfat,informational,blog/how-to-lower-bmi,tertiary,,auto,
how to lose body fat percentage female,20,-50,-50,Medium,B3-bodyfat,informational,blog/how-to-lower-bmi,tertiary,,auto,
how to lose bf percentage,20,-67,-67,Low,B3-bodyfat,informational,blog/how-to-lower-bmi,tertiary,,auto,
how to reduce fat mass in body,20,-50,0,Medium,B3-bodyfat,informational,blog/how-to-lower-bmi,tertiary,,auto,
how to decrease fat mass,20,0,-67,Medium,B3-bodyfat,informational,blog/how-to-lower-bmi,tertiary,,auto,
how to reduce neck circumference,20,0,0,Low,B3-bodyfat,informational,blog/how-to-lower-bmi,tertiary,,auto,
how to reduce hip width,20,0,100,Low,B3-bodyfat,informational,blog/how-to-lower-bmi,tertiary,,auto,
how to decrease body fat mass,20,50,0,Low,B3-bodyfat,informational,blog/how-to-lower-bmi,tertiary,,auto,
how to reduce body fat percentage for women,20,-50,-50,Low,B3-bodyfat,informational,blog/how-to-lower-bmi,tertiary,,auto,
percentage body fat weight loss calculator,10,∞,∞,Low,B3-bodyfat,informational,blog/how-to-lower-bmi,tertiary,,auto,KWP group variants: how to lose 9 percent body fat
how can i reduce my fat percentage,10,∞,0,High,B3-bodyfat,informational,blog/how-to-lower-bmi,tertiary,,auto,
how to reduce body percentage fat,10,∞,∞,Low,B3-bodyfat,informational,blog/how-to-lower-bmi,tertiary,,auto,
medical bmi chart female,10,∞,∞,Low,B1-chart,informational,blog/how-to-lower-bmi,tertiary,,auto,KWP group variants: how reduce fat percentage
how to reduce body fat to 5 percent,10,∞,∞,Low,B3-bodyfat,informational,blog/how-to-lower-bmi,tertiary,,auto,
lower body fat percentage calculator,10,∞,0,Low,B1-chart,informational,blog/how-to-lower-bmi,tertiary,,auto,KWP group variants: standard weight and height for female
how to decrease body fat ratio,10,∞,0,Low,B3-bodyfat,informational,blog/how-to-lower-bmi,tertiary,,auto,
how to reduce body fat percentage from 35 to 15,10,∞,0,Low,B3-bodyfat,informational,blog/how-to-lower-bmi,tertiary,,auto,
how to reduce your body fat percentage by 10 percent,10,∞,0,Low,B3-bodyfat,informational,blog/how-to-lower-bmi,tertiary,,auto,
how to lose 4 percent body fat,10,100,100,Low,B3-bodyfat,informational,blog/how-to-lower-bmi,tertiary,,auto,
how can i decrease my body fat percentage,10,100,100,Low,B3-bodyfat,informational,blog/how-to-lower-bmi,tertiary,,auto,
how to decrease total body fat,10,0,∞,Medium,B3-bodyfat,informational,blog/how-to-lower-bmi,tertiary,,auto,
how to cut down your body fat percentage,10,0,∞,High,B3-bodyfat,informational,blog/how-to-lower-bmi,tertiary,,auto,
bmi chart in kg female,10,0,∞,Low,B1-chart,informational,blog/how-to-lower-bmi,tertiary,,auto,KWP group variants: how to lose 5 body fat male
how can i lower body fat percentage,10,0,100,Low,B3-bodyfat,informational,blog/how-to-lower-bmi,tertiary,,auto,
how to reduce total body fat,10,0,100,Low,B3-bodyfat,informational,blog/how-to-lower-bmi,tertiary,,auto,
how do lower body fat percentage,10,0,0,Unknown,B3-bodyfat,informational,blog/how-to-lower-bmi,tertiary,,auto,
lose weight chart female,10,0,0,High,B1-chart,informational,blog/how-to-lower-bmi,tertiary,,auto,
target weight chart,10,0,0,Low,B1-chart,informational,blog/how-to-lower-bmi,tertiary,,auto,KWP group variants: age height weight body fat calculator; body fat calculator by age weight and height; body measurement fat calculator; how to calculate current body fat percentage; how to estimate body fat at home; how to get to 17 body fat; how to quickly reduce body fat percentage
how to lower belly fat percentage,10,0,0,High,B3-bodyfat,informational,blog/how-to-lower-bmi,tertiary,,auto,
how to decrease your fat percentage,10,0,0,Medium,B3-bodyfat,informational,blog/how-to-lower-bmi,tertiary,,auto,
5 height bmi weight,10,0,0,Low,B1-chart,informational,blog/how-to-lower-bmi,tertiary,,auto,KWP group variants: recommended weight by height male; weight range for women by age; how to calculate how much body fat to lose
how to reduce body fat percentage at home,10,0,0,Low,B3-bodyfat,informational,blog/how-to-lower-bmi,tertiary,,auto,
macro calculator to lose body fat,10,0,0,Medium,B3-bodyfat,informational,blog/how-to-lower-bmi,tertiary,,auto,
ways to determine body fat percentage,10,0,0,Medium,B3-bodyfat,informational,blog/how-to-lower-bmi,tertiary,,auto,KWP group variants: how to cut my body fat percentage
how to lower your body fat mass,10,0,0,Medium,B3-bodyfat,informational,blog/how-to-lower-bmi,tertiary,,auto,
how to lose more body fat percentage,10,0,0,Low,B3-bodyfat,informational,blog/how-to-lower-bmi,tertiary,,auto,
female ideal weight in kg,10,0,0,Low,B1-chart,informational,blog/how-to-lower-bmi,tertiary,,auto,KWP group variants: ideal weight in kg for men; ideal weight for female in kg; ideal weight for women kg; how to know your losing body fat
macro calculator for body fat loss,10,0,0,Low,B3-bodyfat,informational,blog/how-to-lower-bmi,tertiary,,auto,KWP group variants: how to lose 6 percent body fat
how to lower your percentage of body fat,10,0,0,Low,B3-bodyfat,informational,blog/how-to-lower-bmi,tertiary,,auto,
how to reduce body water percentage,10,0,0,Low,B3-bodyfat,informational,blog/how-to-lower-bmi,tertiary,,auto,
how to quickly lower body fat percentage,10,0,0,Low,B3-bodyfat,informational,blog/how-to-lower-bmi,tertiary,,auto,
figure my body fat percentage,10,0,0,Low,B3-bodyfat,informational,blog/how-to-lower-bmi,tertiary,,auto,KWP group variants: how do you decrease your body fat percentage; how i know my body fat percentage; how to properly calculate body fat percentage
body fat cut calculator,10,0,0,Low,B3-bodyfat,informational,blog/how-to-lower-bmi,tertiary,,auto,
how can i lower my body fat percentage fast,10,0,0,Low,B3-bodyfat,informational,blog/how-to-lower-bmi,tertiary,,auto,
how to reduce overall body fat percentage,10,0,0,Low,B3-bodyfat,informational,blog/how-to-lower-bmi,tertiary,,auto,
bmi for men over 65,10,0,0,Low,B1-chart,informational,blog/how-to-lower-bmi,tertiary,,auto,KWP group variants: how can i find out my fat percentage; how to lower body fat percentage quickly
how to decrease body water percentage,10,0,0,Low,B3-bodyfat,informational,blog/how-to-lower-bmi,tertiary,,auto,
women's weight and age chart,10,0,0,Low,B1-chart,informational,blog/how-to-lower-bmi,tertiary,,auto,KWP group variants: calculate body fat based on measurements; how to lower fat percentage in body
body fat percentage how to reduce,10,0,0,Low,B3-bodyfat,informational,blog/how-to-lower-bmi,tertiary,,auto,
how fast to lose body fat percentage,10,0,0,Low,B3-bodyfat,informational,blog/how-to-lower-bmi,tertiary,,auto,
average weight generator,10,0,0,Low,B1-chart,informational,blog/how-to-lower-bmi,tertiary,,auto,KWP group variants: ideal weight for every height; men's healthy weight range chart; weight calculator according to height; body fat percentage examples male; how to lose body fat percentage women
how fast can body fat percentage decrease,10,0,0,Low,B3-bodyfat,informational,blog/how-to-lower-bmi,tertiary,,auto,
how to cut your body fat percentage,10,0,0,Low,B1-chart,informational,blog/how-to-lower-bmi,tertiary,,auto,KWP group variants: normal height and weight chart for adults
how to lose body fat percentage at home,10,0,0,Low,B3-bodyfat,informational,blog/how-to-lower-bmi,tertiary,,auto,
how lose fat percentage,10,0,0,Low,B3-bodyfat,informational,blog/how-to-lower-bmi,tertiary,,auto,
macros to lose weight women,10,0,-67,Medium,B3-bodyfat,informational,blog/how-to-lower-bmi,tertiary,,auto,
how to reduce body fat percentage reddit,10,0,-67,Low,B3-bodyfat,informational,blog/how-to-lower-bmi,tertiary,,auto,
how to lose 3 percent body fat,10,0,-50,Low,B3-bodyfat,informational,blog/how-to-lower-bmi,tertiary,,auto,
how to lose 2 percent body fat,10,0,-50,Low,B3-bodyfat,informational,blog/how-to-lower-bmi,tertiary,,auto,
how to lose 20 percent body fat,10,0,-50,Low,B3-bodyfat,informational,blog/how-to-lower-bmi,tertiary,,auto,
how much weight to lose body fat percentage,10,0,-50,Low,B3-bodyfat,informational,blog/how-to-lower-bmi,tertiary,,auto,
how to reduce 5 percent body fat,10,0,-100,Unknown,B3-bodyfat,informational,blog/how-to-lower-bmi,tertiary,,auto,
how to reduce female chest size with exercise,10,0,-100,Unknown,B3-bodyfat,informational,blog/how-to-lower-bmi,tertiary,,auto,
how do you decrease body fat percentage,10,-50,0,Low,B3-bodyfat,informational,blog/how-to-lower-bmi,tertiary,,auto,
how do u lose body fat percentage,10,-50,0,Low,B3-bodyfat,informational,blog/how-to-lower-bmi,tertiary,,auto,
normal body fat calculator,10,-100,-100,Unknown,B1-chart,informational,blog/how-to-lower-bmi,tertiary,,auto,KWP group variants: bmi chart how to calculate; how much to lose body fat percentage; how to calculate body composition percentage; how to lose general body fat
how to reduce the fat percentage in your body,10,-100,-100,Unknown,B3-bodyfat,informational,blog/how-to-lower-bmi,tertiary,,auto,
macro count to lose body fat,10,-100,-100,Unknown,B3-bodyfat,informational,blog/how-to-lower-bmi,tertiary,,auto,
how to lose the most body fat percentage,10,-100,-100,Unknown,B3-bodyfat,informational,blog/how-to-lower-bmi,tertiary,,auto,
best healthy eating plans to lose weight,10,-100,-100,Unknown,B1-chart,informational,blog/how-to-lower-bmi,tertiary,,auto,
how to lower down body fat percentage,10,-100,-100,Unknown,B3-bodyfat,informational,blog/how-to-lower-bmi,tertiary,,auto,
how to lower body fat percentage reddit female,10,-100,-100,Unknown,B3-bodyfat,informational,blog/how-to-lower-bmi,tertiary,,auto,
how to lower body fat percentage for female,10,-100,-100,Unknown,B3-bodyfat,informational,blog/how-to-lower-bmi,tertiary,,auto,
how to calculate body fat percentage,18100,-18,50,Low,B3-bodyfat,informational,blog/how-to-measure-body-fat,primary,,auto,KWP group variants: how to find body fat percentage; how to find out body fat percentage; how to calculate fat percentage; how do you calculate body fat percentage; how do you figure out body fat percentage; how can i calculate body fat percentage; how can you calculate body fat percentage; how can you determine body fat percentage; how do i calculate body fat percentage; how do i determine body fat percentage; how do you calculate body fat index; how do you calculate fat percentage; how do you determine body fat percentage; how is body fat percentage calculator; how to calculate bf percentage; how to calculate body fat composition; how to calculate body fat content; how to calculate body fat index; how to calculate body fat level; how to calculate body fat rate; how to calculate body fat ratio; how to calculate fat body percentage; how to calculate fat percentage in the body; how to calculate the fat percentage; how to compute body fat percentage; how to compute fat percentage
how to figure body fat,6600,0,-45,Low,B3-bodyfat,informational,blog/how-to-measure-body-fat,secondary,,auto,KWP group variants: how to calculate body fat; how to measure fat percentage; how do you calculate body fat; how do i calculate body fat; how to estimate body fat; how to find out body fat; how do you determine body fat; how to find fat percentage; how to figure out fat percentage; how do you figure body fat; how can i calculate body fat; how can you calculate body fat; how do i determine body fat; how do i figure body fat; how do i figure out body fat; how do i work out body fat; how do you figure out body fat; how do you get body fat percentage; how do you work out body fat; how do you work out fat percentage; how to compute body fat; how to determine body fat index; how to find body fat index; how to work out fat percentage
how to check fat percentage,6600,0,0,Medium,B3-bodyfat,informational,blog/how-to-measure-body-fat,secondary,,auto,KWP group variants: how to measure body fat percentage; how do you measure body fat percentage; how do i measure body fat percentage; how can i measure body fat percentage; how can you measure body fat percentage; how do i measure fat percentage; how do you measure body fat index; how do you measure fat percentage; how to check fat percentage of body; how to count body fat percentage; how to gauge body fat percentage; how to measure body fat composition; how to measure body fat content; how to measure body fat index; how to measure body fat level; how to measure body fat ratio; how to measure fat content in body; how to measure for body fat percentage; how to measure the percentage of body fat
how to check your body fat,5400,-18,0,Low,B3-bodyfat,informational,blog/how-to-measure-body-fat,secondary,,auto,KWP group variants: how to know your body fat percentage; how to check your body fat percentage; how to know body fat percentage; how to tell body fat percentage; how do you check your body fat percentage; how to check your fat percentage; how can you check your body fat percentage; how can you check your body fat; how do i check body fat percentage; how to find out you body fat percentage
how to find out fat percentage,3600,-18,0,Low,B3-bodyfat,informational,blog/how-to-measure-body-fat,secondary,,auto,KWP group variants: how to determine body fat percentage; how to figure out body fat percentage; how can you tell body fat percentage; how to tell percentage of body fat
how do i know my fat percentage,2900,0,50,Low,B3-bodyfat,informational,blog/how-to-measure-body-fat,tertiary,,auto,KWP group variants: how do i know my body fat percentage; how to know my body fat percentage; how to tell my body fat percentage; how can i know my body fat percentage; how can i tell my body fat percentage; how can i know my fat percentage; how do i know my percent body fat; how do i know the percentage of my body fat; how do i tell my body fat percentage; how to know my percentage of body fat
how to know fat percentage,2900,0,21,Low,B3-bodyfat,informational,blog/how-to-measure-body-fat,tertiary,,auto,KWP group variants: how to check body fat percentage; how do you know your body fat percentage; how do you check body fat percentage; how can i check body fat percentage; how can you check body fat percentage; how to check body fat level; how to check body percentage fat; how to check fat content in body; how to check for body fat percentage; how to check the body fat percentage; how to know body fat level; how to know fat percentage in body
how to gauge body fat,2900,-19,-19,Medium,B3-bodyfat,informational,blog/how-to-measure-body-fat,tertiary,,auto,KWP group variants: how to measure body fat; how do i measure body fat; how can you measure body fat; how can i measure body fat; how can we measure body fat; how do we measure body fat; how to mager body fat; how to measure fat in the body
how to calculate your fat percentage,2400,0,81,Low,B3-bodyfat,informational,blog/how-to-measure-body-fat,tertiary,,auto,KWP group variants: how to calculate your body fat percentage; how do i find out my body fat percentage; how do you find out your body fat percentage; how can i find out my body fat percentage; how do you calculate your body fat percentage; how can i figure out my body fat percentage; how can i calculate my body fat percentage; how can you calculate your body fat percentage; how can you determine your body fat percentage; how can you figure out your body fat percentage; how do you calculate fat percentage in your body; how do you calculate your fat percentage; how do you determine your body fat percentage; how do you determine your percentage of body fat; how to calculate the percentage of fat in your body; how to calculate your body fat index
how to calculate my fat percentage,1900,0,50,Low,B3-bodyfat,informational,blog/how-to-measure-body-fat,tertiary,,auto,KWP group variants: how to find my body fat percentage; how do i calculate my body fat percentage; how to calculate my body fat percentage; how do i figure out my body fat percentage; how to figure out my body fat percentage; how can i calculate my fat percentage; how do i calculate my fat percentage; how do i calculate my percent body fat; how do i figure out my fat percentage; how to figure out my fat percentage; how to i calculate my body fat percentage
measure body fat,1900,19,-21,High,B3-bodyfat,informational,blog/how-to-measure-body-fat,tertiary,,auto,
how to find your bf percentage,1600,-16,23,Low,B3-bodyfat,informational,blog/how-to-measure-body-fat,tertiary,,auto,KWP group variants: how to find your body fat percentage; how do i find my body fat percentage; how do you find your body fat percentage; how to find your fat percentage; how can you find out your body fat percentage; how can you find your body fat percentage; how do you find out your fat percentage; how do you find your fat percentage
how do you measure body fat,1600,0,50,Low,B3-bodyfat,informational,blog/how-to-measure-body-fat,tertiary,,auto,KWP group variants: how do i know body fat percentage; how do you determine percent body fat; how do you estimate body fat percentage; how do you know body fat percentage; how do you tell body fat percentage; how to determine body fat composition; how to estimate body fat percentage
how to know my fat percentage,1300,-19,0,Low,B3-bodyfat,informational,blog/how-to-measure-body-fat,tertiary,,auto,KWP group variants: how to find out your body fat percentage; how to figure out your body fat percentage; how to find out your fat percentage; how do you figure out your body fat percentage; how do you figure out your fat percentage; how to figure out your fat percentage
how to find body fat percentage at home,1300,0,48,Low,B3-bodyfat,informational,blog/how-to-measure-body-fat,tertiary,,auto,KWP group variants: how to calculate body fat percentage at home; how do i calculate body fat percentage at home; how to compute body fat percentage at home; how to find out body fat percentage at home
check fat percentage,1300,30,-32,Medium,B3-bodyfat,informational,blog/how-to-measure-body-fat,tertiary,,auto,KWP group variants: measure body fat percentage; measure fat percentage; body fat index measurement; measure bf percentage; measure body fat composition
how to know how much body fat u have,1300,0,23,Low,B3-bodyfat,informational,blog/how-to-measure-body-fat,tertiary,,auto,KWP group variants: how to know how much body fat you have; how to tell how much body fat you have; how do you know how much body fat you have; how to check how much body fat you have; how can you tell how much body fat you have; how to figure out how much body fat you have; how do you check how much body fat you have; how do you determine how much body fat you have; how do you tell how much body fat you have; how to check how much body fat u have; how to determine how much body fat you have; how to tell how much body fat u have
how much body fat should i have,1300,0,-19,Low,B3-bodyfat,informational,blog/how-to-measure-body-fat,tertiary,,auto,
how to know your body fat,1000,0,30,Low,B3-bodyfat,informational,blog/how-to-measure-body-fat,tertiary,,auto,KWP group variants: how to tell your body fat percentage; how to tell your body fat; how do you check your body fat; how can you tell your body fat; how do you tell your body fat
how do scales measure body fat,1000,0,-12,Low,B3-bodyfat,informational,blog/how-to-measure-body-fat,tertiary,,auto,KWP group variants: how can a scale measure body fat; how do bathroom scales measure body fat; how do body scales measure fat; how do scales calculate body fat
how accurate are bodyfat scales,880,0,-12,Low,B3-bodyfat,informational,blog/how-to-measure-body-fat,tertiary,,auto,KWP group variants: how accurate are body fat scales; how accurate are fat percentage scales; how accurate are scales for body fat; how accurate are scales with body fat
how much body fat should a women have,880,0,0,Low,B3-bodyfat,informational,blog/how-to-measure-body-fat,tertiary,,auto,
how much body fat i have,880,14,39,Low,B3-bodyfat,informational,blog/how-to-measure-body-fat,tertiary,,auto,KWP group variants: how much body fat do i have
how to test fat percentage,720,0,0,Medium,B3-bodyfat,informational,blog/how-to-measure-body-fat,tertiary,,auto,KWP group variants: how to test body fat percentage; how do you test body fat percentage
how to check fat percentage at home,720,0,49,Medium,B3-bodyfat,informational,blog/how-to-measure-body-fat,tertiary,,auto,KWP group variants: how to measure body fat percentage at home; how do you measure body fat percentage at home; how to determine body fat percentage at home; how can i measure body fat percentage at home
how to know how much body fat i have,720,0,83,Low,B3-bodyfat,informational,blog/how-to-measure-body-fat,tertiary,,auto,KWP group variants: how do i know how much body fat i have; how can i tell how much body fat i have; how can i know how much body fat i have; how do i tell how much body fat i have; how to check how much body fat i have; how to tell how much body fat i have
how to get fat percentage,720,0,0,Low,B3-bodyfat,informational,blog/how-to-measure-body-fat,tertiary,,auto,KWP group variants: how to get body fat percentage; how do i get body fat percentage; how to get percent body fat; how to get percentage of body fat; how to take body fat percentage
how to check my body fat percentage,720,14,69,Medium,B3-bodyfat,informational,blog/how-to-measure-body-fat,tertiary,,auto,KWP group variants: how do i check my body fat percentage; how can i check my body fat percentage; how can i determine my body fat percentage
how to measure your body fat,590,0,0,Medium,B3-bodyfat,informational,blog/how-to-measure-body-fat,tertiary,,auto,KWP group variants: how can i measure my body fat; how do you measure your body fat; how can you measure your body fat
how to properly measure body fat,590,0,0,Low,B3-bodyfat,informational,blog/how-to-measure-body-fat,tertiary,,auto,KWP group variants: how to accurately measure body fat
tape measure fat percentage,590,-33,23,High,B3-bodyfat,informational,blog/how-to-measure-body-fat,tertiary,,auto,KWP group variants: measure body fat with tape
how does a scale determine body fat,590,0,-18,Low,B3-bodyfat,informational,blog/how-to-measure-body-fat,tertiary,,auto,
how to get low body fat,590,0,0,Low,B3-bodyfat,informational,blog/how-to-measure-body-fat,tertiary,,auto,
measure body fat caliper,590,0,-46,Medium,B3-bodyfat,informational,blog/how-to-measure-body-fat,tertiary,,auto,KWP group variants: measure body fat using calipers
how to figure fat percentage,590,-18,0,Low,B3-bodyfat,informational,blog/how-to-measure-body-fat,tertiary,,auto,KWP group variants: how to figure body fat percentage; how do i figure body fat percentage; how do i find body fat percentage; how do i find out body fat percentage; how do you figure body fat percentage; how do you find body fat percentage; how do you find out body fat percentage; how to determine fat percentage; how to find body fat percentage calculator
how to measure body composition,590,23,-19,Low,B3-bodyfat,informational,blog/how-to-measure-body-fat,tertiary,,auto,KWP group variants: how can you measure body composition; how do we measure body composition; how do you measure body composition; how to measure the body composition
best way to measure fat,590,0,0,High,B3-bodyfat,informational,blog/how-to-measure-body-fat,tertiary,,auto,KWP group variants: best way to measure body fat
how to check fat,480,0,23,Low,B3-bodyfat,informational,blog/how-to-measure-body-fat,tertiary,,auto,KWP group variants: how to check body fat; how do i check body fat; how do you check body fat
calculate my fat percentage,480,0,23,Low,B3-bodyfat,informational,blog/how-to-measure-body-fat,tertiary,,auto,KWP group variants: calculate my body fat percentage; find my body fat percentage; figure out my body fat percentage
how to measure your fat percentage,480,-19,23,Medium,B3-bodyfat,informational,blog/how-to-measure-body-fat,tertiary,,auto,KWP group variants: how to measure your body fat percentage; how do you measure your body fat percentage; how can you measure your body fat percentage; how do you measure your fat percentage; how do you measure your percentage of body fat; how to measure your percentage of body fat
how do body composition scales work,480,23,23,Low,B3-bodyfat,informational,blog/how-to-measure-body-fat,tertiary,,auto,
how to calculate your body fat,480,23,23,Low,B3-bodyfat,informational,blog/how-to-measure-body-fat,tertiary,,auto,KWP group variants: how can i calculate my body fat; how do you calculate your body fat; how can i figure out my body fat; how can you calculate your body fat; how can you determine your body fat; how do you determine your body fat
how to measure my fat percentage,480,22,85,Medium,B3-bodyfat,informational,blog/how-to-measure-body-fat,tertiary,,auto,KWP group variants: how do i measure my body fat percentage; how to measure my body fat percentage; how can i measure my body fat percentage; how can i measure my fat percentage; how do i measure my fat percentage
how to tell my body fat,480,22,126,Low,B3-bodyfat,informational,blog/how-to-measure-body-fat,tertiary,,auto,KWP group variants: how to determine your body fat; how do i know my body fat; how do i determine my body fat; how can i determine my body fat; how can i know my body fat; how can i tell my body fat; how to determine my body fat
how to count my body fat,390,23,84,Low,B3-bodyfat,informational,blog/how-to-measure-body-fat,tertiary,,auto,KWP group variants: how to calculate my body fat; how do i calculate my body fat; how do i figure out my body fat; how i calculate my body fat; how to figure out my body fat
how to determine body fat,390,0,0,Low,B3-bodyfat,informational,blog/how-to-measure-body-fat,tertiary,,auto,KWP group variants: how do you estimate body fat; how do you know body fat; how to determine of body fat
how accurate are fat measuring scales,390,0,0,Low,B3-bodyfat,informational,blog/how-to-measure-body-fat,tertiary,,auto,KWP group variants: how accurate are scales that measure body fat; how accurate are body fat percentage scales; how accurate are scales at measuring body fat; how accurate are scales measuring body fat
how to check my fat percentage,390,0,23,Low,B3-bodyfat,informational,blog/how-to-measure-body-fat,tertiary,,auto,KWP group variants: how to find out my body fat percentage; how to determine my body fat percentage; how to find out my fat percentage
scale that can measure body fat,390,0,-19,Medium,B3-bodyfat,informational,blog/how-to-measure-body-fat,tertiary,,auto,
how to check body fat at home,390,0,-33,Medium,B3-bodyfat,informational,blog/how-to-measure-body-fat,tertiary,,auto,KWP group variants: how to measure body fat at home; how can i measure body fat at home; how can you measure body fat at home; how do you measure body fat at home; how to measure fat percentage at home
how to know your fat percentage,320,0,22,Low,B3-bodyfat,informational,blog/how-to-measure-body-fat,tertiary,,auto,KWP group variants: how do you know your body fat; how do you know your fat percentage; how can you know your body fat percentage; how do you know your percent body fat; how do you know your percentage of body fat; how do you tell your body fat percentage; how to know fat percentage in your body; how to know the percentage of fat in your body; how to know the percentage of your body fat
how to get low percent body fat,320,-19,-33,Low,B3-bodyfat,informational,blog/how-to-measure-body-fat,tertiary,,auto,KWP group variants: how to get to a low body fat percentage
how do bodyfat scales work,320,-19,-33,Low,B3-bodyfat,informational,blog/how-to-measure-body-fat,tertiary,,auto,KWP group variants: how do body fat scales work; how do fat percentage scales work
how accurate is the in body scan,320,0,50,Low,B3-bodyfat,informational,blog/how-to-measure-body-fat,tertiary,,auto,
most accurate way to measure body fat,320,0,0,Low,B3-bodyfat,informational,blog/how-to-measure-body-fat,tertiary,,auto,
how to figure your body fat percentage,320,-19,22,Low,B3-bodyfat,informational,blog/how-to-measure-body-fat,tertiary,,auto,KWP group variants: how to determine your body fat percentage; how do you figure your body fat percentage; how to estimate your body fat percentage; how to find out your body fat percentage calculator
how to know my body fat,320,23,127,Low,B3-bodyfat,informational,blog/how-to-measure-body-fat,tertiary,,auto,KWP group variants: how can i check my body fat; how do i check my body fat; how to check my body fat
how to get your fat percentage,320,-19,0,Low,B3-bodyfat,informational,blog/how-to-measure-body-fat,tertiary,,auto,KWP group variants: how to get your body fat percentage; how do you get your body fat percentage; how can you get your body fat percentage
how to measure my body fat,260,0,23,Medium,B3-bodyfat,informational,blog/how-to-measure-body-fat,tertiary,,auto,KWP group variants: how do i measure my body fat
how to tell what percent body fat you are,260,0,53,Low,B3-bodyfat,informational,blog/how-to-measure-body-fat,tertiary,,auto,KWP group variants: how to tell what body fat percentage you are
body fat caliper how to,260,0,-34,Low,B3-bodyfat,informational,blog/how-to-measure-body-fat,tertiary,,auto,KWP group variants: how do you use a body fat caliper; how do you use body fat calipers
how to find body fat,260,0,0,Low,B3-bodyfat,informational,blog/how-to-measure-body-fat,tertiary,,auto,KWP group variants: how do you find body fat; how do you find out body fat; how to find of body fat
how to figure my body fat percentage,260,22,86,Low,B3-bodyfat,informational,blog/how-to-measure-body-fat,tertiary,,auto,KWP group variants: how do i get my body fat percentage; how do i determine my body fat percentage; how do i figure my body fat percentage; how do u figure out your body fat percentage; how do u find out your body fat percentage
how accurate is in body,260,0,52,Low,B3-bodyfat,informational,blog/how-to-measure-body-fat,tertiary,,auto,
how do smart scales measure body fat,260,0,88,Low,B3-bodyfat,informational,blog/how-to-measure-body-fat,tertiary,,auto,
how to know what my body fat percentage is,260,0,88,Low,B3-bodyfat,informational,blog/how-to-measure-body-fat,tertiary,,auto,KWP group variants: how do i know what my body fat percentage is
how to test body fat with calipers,260,24,-19,Low,B3-bodyfat,informational,blog/how-to-measure-body-fat,tertiary,,auto,KWP group variants: how to measure body fat with calipers; how do you measure body fat with calipers; how to measure body fat using calipers; how to measure with calipers body fat
how to know what percent body fat you are,260,50,22,Low,B3-bodyfat,informational,blog/how-to-measure-body-fat,tertiary,,auto,KWP group variants: how can you tell what percent body fat you are; how to know what body fat percentage you are
how much body fat is normal,260,0,0,Low,B3-bodyfat,informational,blog/how-to-measure-body-fat,tertiary,,auto,KWP group variants: how much body fat is healthy; how much of body fat is healthy
how to get fat percentage down,260,0,-19,Low,B3-bodyfat,informational,blog/how-to-measure-body-fat,tertiary,,auto,KWP group variants: how to get body fat percentage down; how to get down body fat percentage
how accurate are body composition scales,260,0,0,Low,B3-bodyfat,informational,blog/how-to-measure-body-fat,tertiary,,auto,
how to measure neck for body fat,210,23,23,Low,B3-bodyfat,informational,blog/how-to-measure-body-fat,tertiary,,auto,
how to test body fat,210,0,24,Medium,B3-bodyfat,informational,blog/how-to-measure-body-fat,tertiary,,auto,KWP group variants: how do you test body fat; how to test fat in body
how to estimate my body fat percentage,210,0,86,Low,B3-bodyfat,informational,blog/how-to-measure-body-fat,tertiary,,auto,KWP group variants: how can i estimate my body fat percentage; how can i figure my body fat percentage; how do i estimate my body fat percentage
how do bmi scales work,210,0,0,Low,B3-bodyfat,informational,blog/how-to-measure-body-fat,tertiary,,auto,KWP group variants: how do body mass scales work
how accurate are bmi scales,210,0,0,Low,B3-bodyfat,informational,blog/how-to-measure-body-fat,tertiary,,auto,
how to get to 15 body fat,210,0,0,Low,B3-bodyfat,informational,blog/how-to-measure-body-fat,tertiary,,auto,
know body fat percentage,210,0,-19,High,B3-bodyfat,informational,blog/how-to-measure-body-fat,tertiary,,auto,KWP group variants: check body fat percentage
how to know body fat,210,-19,50,Low,B3-bodyfat,informational,blog/how-to-measure-body-fat,tertiary,,auto,
how to find my fat percentage,210,-19,86,Low,B3-bodyfat,informational,blog/how-to-measure-body-fat,tertiary,,auto,KWP group variants: how can i find my body fat percentage; how do i find my fat percentage; how do i find my percent body fat; how do i find my percentage of body fat; how do i find out my fat percentage; how do i find out my percentage of body fat; how to find my percent body fat
how to find my body fat,170,-19,91,Low,B3-bodyfat,informational,blog/how-to-measure-body-fat,tertiary,,auto,KWP group variants: how do i find out my body fat; how do i find my body fat; how do i get my body fat
how to see body fat percentage,170,-19,21,Low,B3-bodyfat,informational,blog/how-to-measure-body-fat,tertiary,,auto,
ways to measure body fat,170,-21,-35,Medium,B3-bodyfat,informational,blog/how-to-measure-body-fat,tertiary,,auto,
how to tell body fat,170,-19,50,Low,B3-bodyfat,informational,blog/how-to-measure-body-fat,tertiary,,auto,
how accurate are weighing scales,170,0,0,Low,B3-bodyfat,informational,blog/how-to-measure-body-fat,tertiary,,auto,
how to measure body fat with tape,170,0,0,Medium,B3-bodyfat,informational,blog/how-to-measure-body-fat,tertiary,,auto,KWP group variants: how to measure body fat tape measure
how to get 12 body fat,170,0,0,Low,B3-bodyfat,informational,blog/how-to-measure-body-fat,tertiary,,auto,KWP group variants: how to get to 12 body fat
how much body fat,170,84,743,Low,B3-bodyfat,informational,blog/how-to-measure-body-fat,tertiary,,auto,
how to test your fat percentage,170,-18,-18,Medium,B3-bodyfat,informational,blog/how-to-measure-body-fat,tertiary,,auto,KWP group variants: how to test your body fat percentage; how do you test your body fat percentage
calculate my bodyfat,170,0,50,Low,B3-bodyfat,informational,blog/how-to-measure-body-fat,tertiary,,auto,KWP group variants: calculate my body fat; figure out my body fat
how does a smart scale measure body fat,170,0,600,Low,B3-bodyfat,informational,blog/how-to-measure-body-fat,tertiary,,auto,
how to know body fat percentage at home,170,0,89,Medium,B3-bodyfat,informational,blog/how-to-measure-body-fat,tertiary,,auto,KWP group variants: how to check body fat percentage at home; how do you check your body fat percentage at home
how do you know what your body fat percentage is,170,0,24,Low,B3-bodyfat,informational,blog/how-to-measure-body-fat,tertiary,,auto,
how to find how much body fat you have,170,0,24,Low,B3-bodyfat,informational,blog/how-to-measure-body-fat,tertiary,,auto,KWP group variants: how to find out how much body fat you have
check body fat at home,170,27,-46,High,B3-bodyfat,informational,blog/how-to-measure-body-fat,tertiary,,auto,KWP group variants: measure body fat at home
how to work out body fat,170,-33,0,Low,B3-bodyfat,informational,blog/how-to-measure-body-fat,tertiary,,auto,KWP group variants: how to figure out body fat
how much fat percentage should i have,170,0,-18,Low,B3-bodyfat,informational,blog/how-to-measure-body-fat,tertiary,,auto,KWP group variants: how much body fat percentage should i have; how much percent of body fat should i have
how to find fat mass,170,0,-21,Low,B3-bodyfat,informational,blog/how-to-measure-body-fat,tertiary,,auto,KWP group variants: how do you calculate fat mass; how to calculate fat mass
how to test body composition,170,0,-18,Low,B3-bodyfat,informational,blog/how-to-measure-body-fat,tertiary,,auto,KWP group variants: how to check body composition; how can you test body composition; how do you test body composition
how can i get to 10 percent body fat,140,21,21,Low,B3-bodyfat,informational,blog/how-to-measure-body-fat,tertiary,,auto,KWP group variants: how to get to 10 percent body fat
measure fat with calipers,140,55,21,High,B3-bodyfat,informational,blog/how-to-measure-body-fat,tertiary,,auto,
most accurate way to measure body fat percentage at home,140,-33,600,High,B3-bodyfat,informational,blog/how-to-measure-body-fat,tertiary,,auto,
how much fat percentage is healthy,140,-35,-21,Low,B3-bodyfat,informational,blog/how-to-measure-body-fat,tertiary,,auto,KWP group variants: how much body fat percentage is healthy; how much is a healthy body fat percentage
how to find your body fat,140,0,55,Low,B3-bodyfat,informational,blog/how-to-measure-body-fat,tertiary,,auto,KWP group variants: how can i find my body fat; how do you find your body fat
how to get accurate body fat percentage,140,27,0,Medium,B3-bodyfat,informational,blog/how-to-measure-body-fat,tertiary,,auto,
how to measure fat,140,29,-36,Low,B3-bodyfat,informational,blog/how-to-measure-body-fat,tertiary,,auto,KWP group variants: how do you measure fat
how much body fat should a person have,140,0,27,Low,B3-bodyfat,informational,blog/how-to-measure-body-fat,tertiary,,auto,
how accurate is vesync scale,140,0,27,Low,B3-bodyfat,informational,blog/how-to-measure-body-fat,tertiary,,auto,
how do you tell what your body fat percentage is,140,0,21,Low,B3-bodyfat,informational,blog/how-to-measure-body-fat,tertiary,,auto,KWP group variants: how can you tell what your body fat percentage is
how to tell the percentage of body fat,140,0,21,Low,B3-bodyfat,informational,blog/how-to-measure-body-fat,tertiary,,auto,KWP group variants: how can you tell your body fat percentage
most accurate measure of body fat,140,0,-21,Medium,B3-bodyfat,informational,blog/how-to-measure-body-fat,tertiary,,auto,
best way to measure body fat at home,140,-18,-18,High,B3-bodyfat,informational,blog/how-to-measure-body-fat,tertiary,,auto,
how to see how much body fat you have,110,-21,57,Low,B3-bodyfat,informational,blog/how-to-measure-body-fat,tertiary,,auto,
how to get my body fat percentage down,110,27,56,Medium,B3-bodyfat,informational,blog/how-to-measure-body-fat,tertiary,,auto,KWP group variants: how do i get my body fat percentage down; how can i get my body fat percentage down
best way to measure fat percentage,110,22,22,Medium,B3-bodyfat,informational,blog/how-to-measure-body-fat,tertiary,,auto,KWP group variants: best way to measure body fat percentage
accurately measure body fat,110,-18,-36,High,B3-bodyfat,informational,blog/how-to-measure-body-fat,tertiary,,auto,
how to measure belly fat,110,50,50,Low,B3-bodyfat,informational,blog/how-to-measure-body-fat,tertiary,,auto,KWP group variants: how do you measure belly fat; how to measure abdominal fat; how to measure stomach fat
ways to measure body fat percentage,110,40,0,Medium,B3-bodyfat,informational,blog/how-to-measure-body-fat,tertiary,,auto,
how to find out my body fat,110,0,143,Low,B3-bodyfat,informational,blog/how-to-measure-body-fat,tertiary,,auto,KWP group variants: how can i find out my body fat; how can you find out your body fat; how do you find out your body fat
how to figure out your body fat,110,0,-21,Low,B3-bodyfat,informational,blog/how-to-measure-body-fat,tertiary,,auto,KWP group variants: how do you figure out your body fat
how much body fat should we have,110,0,-36,Low,B3-bodyfat,informational,blog/how-to-measure-body-fat,tertiary,,auto,KWP group variants: how much body fat should you have
how accurate are body fat calipers,110,0,0,Low,B3-bodyfat,informational,blog/how-to-measure-body-fat,tertiary,,auto,KWP group variants: how accurate are calipers for body fat
how to get my body fat percentage,110,0,56,Low,B3-bodyfat,informational,blog/how-to-measure-body-fat,tertiary,,auto,
how to tell what my body fat percentage is,110,-46,56,Low,B3-bodyfat,informational,blog/how-to-measure-body-fat,tertiary,,auto,KWP group variants: how can i tell what my body fat percentage is
how to calculate body composition,110,-47,0,Low,B3-bodyfat,informational,blog/how-to-measure-body-fat,tertiary,,auto,KWP group variants: how do you calculate body composition; how to figure out body composition
body measurements body fat,90,80,-36,Low,B3-bodyfat,informational,blog/how-to-measure-body-fat,tertiary,,auto,
how to measure body fat percentage calipers,90,-29,-55,Low,B3-bodyfat,informational,blog/how-to-measure-body-fat,tertiary,,auto,KWP group variants: how to check body fat percentage with calipers; how to measure body fat percentage with caliper; how to measure fat percentage with calipers; how to test body fat percentage with calipers
how to see your body fat percentage,90,-36,-22,Low,B3-bodyfat,informational,blog/how-to-measure-body-fat,tertiary,,auto,
how to calculate body fat percentage for women,90,-36,75,Low,B3-bodyfat,informational,blog/how-to-measure-body-fat,tertiary,,auto,
skinfold measurement chart,90,180,100,Low,B3-bodyfat,informational,blog/how-to-measure-body-fat,tertiary,,auto,
how to calculate how much body fat you have,90,-22,40,Low,B3-bodyfat,informational,blog/how-to-measure-body-fat,tertiary,,auto,KWP group variants: how do you calculate how much body fat you have
how to work out my body fat,90,-18,0,Low,B3-bodyfat,informational,blog/how-to-measure-body-fat,tertiary,,auto,KWP group variants: how to find out your body fat; how do i work out my body fat; how do you work out your body fat; how to work out your body fat
how to get your fat percentage down,90,-22,-36,Low,B3-bodyfat,informational,blog/how-to-measure-body-fat,tertiary,,auto,KWP group variants: how to get your body fat percentage down; how do you get your body fat percentage down
how to get body fat,90,22,22,Low,B3-bodyfat,informational,blog/how-to-measure-body-fat,tertiary,,auto,KWP group variants: how do you get body fat; how to take body fat
how to find out how much body fat i have,90,27,56,Low,B3-bodyfat,informational,blog/how-to-measure-body-fat,tertiary,,auto,
how to test my body fat percentage,90,56,56,High,B3-bodyfat,informational,blog/how-to-measure-body-fat,tertiary,,auto,KWP group variants: how can i test my body fat percentage; how do i test my body fat percentage
how to use a skinfold caliper,90,0,-36,Low,B3-bodyfat,informational,blog/how-to-measure-body-fat,tertiary,,auto,
how accurate are smart scales for body fat,90,0,267,Low,B3-bodyfat,informational,blog/how-to-measure-body-fat,tertiary,,auto,
accurately measure body fat percentage,90,0,29,Low,B3-bodyfat,informational,blog/how-to-measure-body-fat,tertiary,,auto,
how to figure my body fat,70,89,240,Low,B3-bodyfat,informational,blog/how-to-measure-body-fat,tertiary,,auto,KWP group variants: how can i estimate my body fat; how do i estimate my body fat; how to estimate my body fat
how to get to 5 body fat,70,0,-22,Low,B3-bodyfat,informational,blog/how-to-measure-body-fat,tertiary,,auto,
how to have low body fat,70,29,29,Low,B3-bodyfat,informational,blog/how-to-measure-body-fat,tertiary,,auto,
how to accurately measure body fat percentage,70,29,80,Low,B3-bodyfat,informational,blog/how-to-measure-body-fat,tertiary,,auto,
how to know what percent body fat you have,70,-18,125,Low,B3-bodyfat,informational,blog/how-to-measure-body-fat,tertiary,,auto,KWP group variants: how do you know what percent body fat you have
scale measuring body fat percentage,70,-29,-44,High,B3-bodyfat,informational,blog/how-to-measure-body-fat,tertiary,,auto,
how to get 15 percent body fat,70,-22,0,Low,B3-bodyfat,informational,blog/how-to-measure-body-fat,tertiary,,auto,KWP group variants: how to get to 15 percent body fat
how much body fat is healthy for women,70,22,57,Low,B3-bodyfat,informational,blog/how-to-measure-body-fat,tertiary,,auto,
how to check how much fat percentage you have,70,0,40,Low,B3-bodyfat,informational,blog/how-to-measure-body-fat,tertiary,,auto,KWP group variants: how to know how much body fat percentage you have; how to know how much percent body fat you have; how to tell how much body fat percentage you have
how to test body fat percentage at home,70,0,125,Medium,B3-bodyfat,informational,blog/how-to-measure-body-fat,tertiary,,auto,
how to measure body composition at home,70,-44,0,High,B3-bodyfat,informational,blog/how-to-measure-body-fat,tertiary,,auto,
how to tell what your body fat is,70,-44,0,Low,B3-bodyfat,informational,blog/how-to-measure-body-fat,tertiary,,auto,KWP group variants: how do you know what your body fat is
how accurate are bia scales,70,-20,0,Low,B3-bodyfat,informational,blog/how-to-measure-body-fat,tertiary,,auto,
how to find body fat percentage loss,70,-43,-43,Low,B3-bodyfat,informational,blog/how-to-measure-body-fat,tertiary,,auto,KWP group variants: how to calculate body fat percentage loss; how do i calculate body fat percentage loss; how do you calculate body fat percentage loss; how to figure out body fat percentage loss; how to work out body fat percentage loss
neck measurement for body fat,70,-22,0,Low,B3-bodyfat,informational,blog/how-to-measure-body-fat,tertiary,,auto,
how to get body fat down,70,-22,0,Low,B3-bodyfat,informational,blog/how-to-measure-body-fat,tertiary,,auto,
how to get less body fat,70,-59,40,Low,B3-bodyfat,informational,blog/how-to-measure-body-fat,tertiary,,auto,
how do i figure out body fat percentage,70,0,0,Low,B3-bodyfat,informational,blog/how-to-measure-body-fat,tertiary,,auto,KWP group variants: how do you work out body fat percentage; how to work out body fat percentage calculator
how to use a fat caliper,70,40,-22,Low,B3-bodyfat,informational,blog/how-to-measure-body-fat,tertiary,,auto,
how much fat percentage do i have,70,29,0,Low,B3-bodyfat,informational,blog/how-to-measure-body-fat,tertiary,,auto,KWP group variants: how much body fat percentage do i have; how much percent of body fat do i have
how accurate is bod pod,70,40,40,Low,B3-bodyfat,informational,blog/how-to-measure-body-fat,tertiary,,auto,
how much body fat is obese,50,0,40,Low,B3-bodyfat,informational,blog/how-to-measure-body-fat,tertiary,,auto,
most accurate way to measure body fat at home,50,25,-29,Medium,B3-bodyfat,informational,blog/how-to-measure-body-fat,tertiary,,auto,
how to find out what my body fat percentage is,50,0,75,Low,B3-bodyfat,informational,blog/how-to-measure-body-fat,tertiary,,auto,
how to measure my body fat percentage at home,50,0,75,Medium,B3-bodyfat,informational,blog/how-to-measure-body-fat,tertiary,,auto,KWP group variants: how can i measure my body fat percentage at home; how do i measure my body fat percentage at home
how does body fat percentage work,50,0,25,Low,B3-bodyfat,informational,blog/how-to-measure-body-fat,tertiary,,auto,
how to figure out body fat percentage at home,50,0,250,Low,B3-bodyfat,informational,blog/how-to-measure-body-fat,tertiary,,auto,
how much fat percentage,50,56,367,Low,B3-bodyfat,informational,blog/how-to-measure-body-fat,tertiary,,auto,KWP group variants: how much body fat percentage; how much percentage of fat in body
how to determine body composition,50,0,-20,Low,B3-bodyfat,informational,blog/how-to-measure-body-fat,tertiary,,auto,KWP group variants: how to work out body composition
how accurate is fitindex scale,50,0,-29,Low,B3-bodyfat,informational,blog/how-to-measure-body-fat,tertiary,,auto,
how to tell your fat percentage,50,0,0,Low,B3-bodyfat,informational,blog/how-to-measure-body-fat,tertiary,,auto,KWP group variants: how to tell your percentage of body fat
how do scales measure visceral fat,50,0,25,Low,B3-bodyfat,informational,blog/how-to-measure-body-fat,tertiary,,auto,
how to get to 20 body fat,50,0,0,Low,B3-bodyfat,informational,blog/how-to-measure-body-fat,tertiary,,auto,
how can a scale tell your body fat percentage,50,150,400,Low,B3-bodyfat,informational,blog/how-to-measure-body-fat,tertiary,,auto,
how to know how much fat you have,50,25,-29,Low,B3-bodyfat,informational,blog/how-to-measure-body-fat,tertiary,,auto,KWP group variants: how can you tell how much fat you have
how to work out bf percentage,50,-29,0,Low,B3-bodyfat,informational,blog/how-to-measure-body-fat,tertiary,,auto,KWP group variants: how to work out body fat percentage; how can you work out body fat percentage; how do i work out body fat percentage; how do you work out percentage body fat; how to work out fat percentage of body
how to find bf percentage,50,-29,0,Low,B3-bodyfat,informational,blog/how-to-measure-body-fat,tertiary,,auto,
how to count fat percentage,50,-29,25,Low,B3-bodyfat,informational,blog/how-to-measure-body-fat,tertiary,,auto,KWP group variants: how do u calculate body fat percentage; how do u measure body fat percentage; how do u work out body fat percentage
accurate way to measure body fat,50,-20,-20,Medium,B3-bodyfat,informational,blog/how-to-measure-body-fat,tertiary,,auto,
how to find out what percent body fat you are,50,0,133,Low,B3-bodyfat,informational,blog/how-to-measure-body-fat,tertiary,,auto,KWP group variants: how to figure out what percent body fat you are; how to find out what body fat percentage you are
how to figure out how much body fat i have,50,0,200,Low,B3-bodyfat,informational,blog/how-to-measure-body-fat,tertiary,,auto,
how to calculate body fat at home,50,0,-20,Low,B3-bodyfat,informational,blog/how-to-measure-body-fat,tertiary,,auto,
how to figure your body fat,50,-43,-43,Low,B3-bodyfat,informational,blog/how-to-measure-body-fat,tertiary,,auto,KWP group variants: how do you estimate your body fat; how do you figure your body fat; how to estimate your body fat
how to use caliper for body fat,50,-43,-56,Low,B3-bodyfat,informational,blog/how-to-measure-body-fat,tertiary,,auto,
how do scales measure bmi,50,-20,-20,Low,B3-bodyfat,informational,blog/how-to-measure-body-fat,tertiary,,auto,
how do i know what percent body fat i have,50,-20,-20,Low,B3-bodyfat,informational,blog/how-to-measure-body-fat,tertiary,,auto,
how to tell body fat percentage at home,50,-22,600,Low,B3-bodyfat,informational,blog/how-to-measure-body-fat,tertiary,,auto,
how to measure body fat percentage with tape,50,-20,33,Low,B3-bodyfat,informational,blog/how-to-measure-body-fat,tertiary,,auto,
how to figure out my body fat percentage at home,50,-22,133,Low,B3-bodyfat,informational,blog/how-to-measure-body-fat,tertiary,,auto,KWP group variants: how can i calculate my body fat percentage at home
body fat measurement formula,50,0,-43,Low,B3-bodyfat,informational,blog/how-to-measure-body-fat,tertiary,,auto,
how to get 12 percent body fat,50,-20,-20,Low,B3-bodyfat,informational,blog/how-to-measure-body-fat,tertiary,,auto,
how to calculate body fat accurately,50,25,25,Low,B3-bodyfat,informational,blog/how-to-measure-body-fat,tertiary,,auto,KWP group variants: how accurate are body fat calculators
how to measure bf percentage,50,75,133,Low,B3-bodyfat,informational,blog/how-to-measure-body-fat,tertiary,,auto,
how does a scale measure visceral fat,50,0,67,Low,B3-bodyfat,informational,blog/how-to-measure-body-fat,tertiary,,auto,
how much body fat am i,50,80,200,Low,B3-bodyfat,informational,blog/how-to-measure-body-fat,tertiary,,auto,
measure fat percentage at home,50,80,80,High,B3-bodyfat,informational,blog/how-to-measure-body-fat,tertiary,,auto,KWP group variants: measure body fat percentage at home
how accurate is fitdays scale,50,25,0,Low,B3-bodyfat,informational,blog/how-to-measure-body-fat,tertiary,,auto,
how to measure bf,50,40,75,Low,B3-bodyfat,informational,blog/how-to-measure-body-fat,tertiary,,auto,
how do i know what body fat percentage i am,50,29,200,Low,B3-bodyfat,informational,blog/how-to-measure-body-fat,tertiary,,auto,
how to test your body fat,50,75,40,Medium,B3-bodyfat,informational,blog/how-to-measure-body-fat,tertiary,,auto,KWP group variants: how do you test your body fat
how accurate are the scales that measure body fat,50,40,40,Low,B3-bodyfat,informational,blog/how-to-measure-body-fat,tertiary,,auto,
how does body fat work,50,40,40,Low,B3-bodyfat,informational,blog/how-to-measure-body-fat,tertiary,,auto,
how to measure your fat percentage at home,40,0,100,Low,B3-bodyfat,informational,blog/how-to-measure-body-fat,tertiary,,auto,KWP group variants: how do you measure your body fat percentage at home; how to measure your body fat percentage at home
how to measure neck size for body fat,40,0,33,Low,B3-bodyfat,informational,blog/how-to-measure-body-fat,tertiary,,auto,
how to know your bf percentage,40,-60,0,Low,B3-bodyfat,informational,blog/how-to-measure-body-fat,tertiary,,auto,
how accurate is taylor body composition scale,40,-67,-50,Low,B3-bodyfat,informational,blog/how-to-measure-body-fat,tertiary,,auto,
how to get to 12 body fat male,40,0,-33,Low,B3-bodyfat,informational,blog/how-to-measure-body-fat,tertiary,,auto,
how do they measure body fat,40,-40,50,Low,B3-bodyfat,informational,blog/how-to-measure-body-fat,tertiary,,auto,
how do scales measure fat percentage,40,0,-20,Low,B3-bodyfat,informational,blog/how-to-measure-body-fat,tertiary,,auto,KWP group variants: how do scales measure body fat percentage
how to know how much fat i have,40,0,-20,Low,B3-bodyfat,informational,blog/how-to-measure-body-fat,tertiary,,auto,
how do i get my body fat down,40,-25,50,Low,B3-bodyfat,informational,blog/how-to-measure-body-fat,tertiary,,auto,KWP group variants: how can i get my body fat down
how do u know your body fat percentage,40,-20,300,Low,B3-bodyfat,informational,blog/how-to-measure-body-fat,tertiary,,auto,
how to calculate body fat percentage using bmi,40,-20,300,Low,B3-bodyfat,informational,blog/how-to-measure-body-fat,tertiary,,auto,
how to get to 15 body fat male,40,-43,100,Low,B3-bodyfat,informational,blog/how-to-measure-body-fat,tertiary,,auto,
how to know what body fat you are,40,-43,300,Low,B3-bodyfat,informational,blog/how-to-measure-body-fat,tertiary,,auto,
how much is 1 body fat,40,0,-20,Low,B3-bodyfat,informational,blog/how-to-measure-body-fat,tertiary,,auto,KWP group variants: how much is 1 of body fat
how accurate is the fitindex scale,40,-40,-40,Low,B3-bodyfat,informational,blog/how-to-measure-body-fat,tertiary,,auto,
how to check bf percentage,40,-40,-40,Low,B3-bodyfat,informational,blog/how-to-measure-body-fat,tertiary,,auto,
how does smart scale measure visceral fat,40,-20,100,Low,B3-bodyfat,informational,blog/how-to-measure-body-fat,tertiary,,auto,
how to know your body fat percentage at home,40,-20,300,Low,B3-bodyfat,informational,blog/how-to-measure-body-fat,tertiary,,auto,
how much body fat do i have calculator,40,-43,0,Low,B3-bodyfat,informational,blog/how-to-measure-body-fat,tertiary,,auto,
how to test my body fat,40,-20,33,Medium,B3-bodyfat,informational,blog/how-to-measure-body-fat,tertiary,,auto,KWP group variants: how can i test my body fat; how do i test my body fat
how to see my body fat percentage,40,-20,0,Low,B3-bodyfat,informational,blog/how-to-measure-body-fat,tertiary,,auto,
how to calculate muscle to fat ratio,40,-25,50,Low,B3-bodyfat,informational,blog/how-to-measure-body-fat,tertiary,,auto,KWP group variants: how to figure out muscle to fat ratio
how can a scale tell your body fat,40,-29,150,Low,B3-bodyfat,informational,blog/how-to-measure-body-fat,tertiary,,auto,
how to tell how much fat you have,40,-25,-25,Low,B3-bodyfat,informational,blog/how-to-measure-body-fat,tertiary,,auto,
how to use taylor body composition scale,40,-20,0,Low,B3-bodyfat,informational,blog/how-to-measure-body-fat,tertiary,,auto,
how to get body fat measured,40,33,0,Low,B3-bodyfat,informational,blog/how-to-measure-body-fat,tertiary,,auto,
how much body fat mass should i have,40,33,0,Low,B3-bodyfat,informational,blog/how-to-measure-body-fat,tertiary,,auto,
how to know you body fat percentage,40,33,100,Low,B3-bodyfat,informational,blog/how-to-measure-body-fat,tertiary,,auto,
how does a scale know your body fat,40,40,75,Low,B3-bodyfat,informational,blog/how-to-measure-body-fat,tertiary,,auto,
how to measure fat loss,40,67,67,Low,B3-bodyfat,informational,blog/how-to-measure-body-fat,tertiary,,auto,KWP group variants: how to measure body fat loss
how to measure neck for body fat percentage,40,75,250,Low,B3-bodyfat,informational,blog/how-to-measure-body-fat,tertiary,,auto,
how to accurately measure body fat at home,40,67,0,Medium,B3-bodyfat,informational,blog/how-to-measure-body-fat,tertiary,,auto,
how can a scale measure visceral fat,40,67,150,Low,B3-bodyfat,informational,blog/how-to-measure-body-fat,tertiary,,auto,
body fat measurement chart,40,33,-43,Medium,B3-bodyfat,informational,blog/how-to-measure-body-fat,tertiary,,auto,
how much fat mass should i have,40,33,-20,Low,B3-bodyfat,informational,blog/how-to-measure-body-fat,tertiary,,auto,
how to get body fat percentage measured,40,0,67,Low,B3-bodyfat,informational,blog/how-to-measure-body-fat,tertiary,,auto,
how to check my body fat percentage at home,40,0,67,Medium,B3-bodyfat,informational,blog/how-to-measure-body-fat,tertiary,,auto,KWP group variants: how can i check my body fat percentage at home; how do i check my body fat percentage at home
how to check your body fat percentage at home,40,25,150,Low,B3-bodyfat,informational,blog/how-to-measure-body-fat,tertiary,,auto,KWP group variants: how can you check your body fat percentage at home
how do the scales measure body fat,40,150,0,Low,B3-bodyfat,informational,blog/how-to-measure-body-fat,tertiary,,auto,
how can i get my body fat percentage,40,0,600,Medium,B3-bodyfat,informational,blog/how-to-measure-body-fat,tertiary,,auto,
how does my scale know my body fat,40,0,-86,Low,B3-bodyfat,informational,blog/how-to-measure-body-fat,tertiary,,auto,
most accurate way to measure body fat percentage,40,25,25,Low,B3-bodyfat,informational,blog/how-to-measure-body-fat,tertiary,,auto,
how do digital scales measure body fat,40,25,25,Low,B3-bodyfat,informational,blog/how-to-measure-body-fat,tertiary,,auto,
how much is my body fat,40,25,0,Low,B3-bodyfat,informational,blog/how-to-measure-body-fat,tertiary,,auto,
best way to check body fat percentage,40,25,0,Medium,B3-bodyfat,informational,blog/how-to-measure-body-fat,tertiary,,auto,
measuring neck for body fat,40,25,0,Low,B3-bodyfat,informational,blog/how-to-measure-body-fat,tertiary,,auto,
how scale measure body fat,40,0,-25,Medium,B3-bodyfat,informational,blog/how-to-measure-body-fat,tertiary,,auto,KWP group variants: how a scale measures body fat; how is body fat measured on a scale
check body fat,40,0,0,Medium,B3-bodyfat,informational,blog/how-to-measure-body-fat,tertiary,,auto,
how to measure subcutaneous fat,40,0,33,Low,B3-bodyfat,informational,blog/how-to-measure-body-fat,tertiary,,auto,
how much body fat is good,30,0,-40,Low,B3-bodyfat,informational,blog/how-to-measure-body-fat,tertiary,,auto,
how do scales determine body fat,30,0,-33,Low,B3-bodyfat,informational,blog/how-to-measure-body-fat,tertiary,,auto,
how to know what percent of body fat you have,30,-86,-50,Medium,B3-bodyfat,informational,blog/how-to-measure-body-fat,tertiary,,auto,
how do weighing scales measure body fat,30,-50,-50,Low,B3-bodyfat,informational,blog/how-to-measure-body-fat,tertiary,,auto,KWP group variants: how can a weight scale measure body fat
how to assess body composition,30,-50,-50,Low,B3-bodyfat,informational,blog/how-to-measure-body-fat,tertiary,,auto,
circumference measurements for body fat,30,-50,-50,Low,B3-bodyfat,informational,blog/how-to-measure-body-fat,tertiary,,auto,
best measure of body fat,30,150,25,Medium,B3-bodyfat,informational,blog/how-to-measure-body-fat,tertiary,,auto,
how does weighing machine measure body fat,30,100,0,Low,B3-bodyfat,informational,blog/how-to-measure-body-fat,tertiary,,auto,KWP group variants: how does a weight scale measure body fat
how to get 5 percent body fat,30,100,100,Low,B3-bodyfat,informational,blog/how-to-measure-body-fat,tertiary,,auto,KWP group variants: how to get to 5 percent body fat
how accurate are biometric scales,30,50,-25,Low,B3-bodyfat,informational,blog/how-to-measure-body-fat,tertiary,,auto,
how to estimate body fat percentage at home,30,40,600,Low,B3-bodyfat,informational,blog/how-to-measure-body-fat,tertiary,,auto,
how to see body fat,30,0,0,Low,B3-bodyfat,informational,blog/how-to-measure-body-fat,tertiary,,auto,
how to get to 20 body fat female,30,0,33,Low,B3-bodyfat,informational,blog/how-to-measure-body-fat,tertiary,,auto,
how to find out your body fat percentage at home,30,25,150,Low,B3-bodyfat,informational,blog/how-to-measure-body-fat,tertiary,,auto,KWP group variants: how to figure out your body fat percentage at home
how to measure hip for body fat,30,0,100,Low,B3-bodyfat,informational,blog/how-to-measure-body-fat,tertiary,,auto,
body fat percentage how to,30,0,0,Low,B3-bodyfat,informational,blog/how-to-measure-body-fat,tertiary,,auto,KWP group variants: how to body fat percentage; how to fat percentage in body
how much is my fat percentage,30,67,150,Low,B3-bodyfat,informational,blog/how-to-measure-body-fat,tertiary,,auto,KWP group variants: how much is my body fat percentage
how do scales know body fat,30,67,25,Low,B3-bodyfat,informational,blog/how-to-measure-body-fat,tertiary,,auto,
how much does body fat weigh,30,100,33,Low,B3-bodyfat,informational,blog/how-to-measure-body-fat,tertiary,,auto,
how can i see my body fat percentage,30,0,50,Low,B3-bodyfat,informational,blog/how-to-measure-body-fat,tertiary,,auto,
how accurate are scale body fat measurements,30,-25,0,Low,B3-bodyfat,informational,blog/how-to-measure-body-fat,tertiary,,auto,
how to get 0 body fat,30,0,33,Low,B3-bodyfat,informational,blog/how-to-measure-body-fat,tertiary,,auto,
how to tell fat percentage,30,0,33,Low,B3-bodyfat,informational,blog/how-to-measure-body-fat,tertiary,,auto,
how much body fat percentage is good,30,50,0,Low,B3-bodyfat,informational,blog/how-to-measure-body-fat,tertiary,,auto,
how can body composition be measured,30,0,-80,Low,B3-bodyfat,informational,blog/how-to-measure-body-fat,tertiary,,auto,
how do smart scales calculate body fat,30,0,0,Low,B3-bodyfat,informational,blog/how-to-measure-body-fat,tertiary,,auto,
how do i check how much body fat i have,30,0,0,Low,B3-bodyfat,informational,blog/how-to-measure-body-fat,tertiary,,auto,KWP group variants: how can i check how much body fat i have
how to get 6 body fat,30,0,0,Low,B3-bodyfat,informational,blog/how-to-measure-body-fat,tertiary,,auto,
how to accurately calculate body fat percentage,30,0,0,Low,B3-bodyfat,informational,blog/how-to-measure-body-fat,tertiary,,auto,
how to find your body fat percentage at home,30,25,400,Low,B3-bodyfat,informational,blog/how-to-measure-body-fat,tertiary,,auto,
how to calculate body fat with calipers,30,-33,-50,Low,B3-bodyfat,informational,blog/how-to-measure-body-fat,tertiary,,auto,KWP group variants: how to calculate body fat using calipers
how to calculate body fat mass,30,-33,-50,Low,B3-bodyfat,informational,blog/how-to-measure-body-fat,tertiary,,auto,KWP group variants: how do you calculate body fat mass
how you measure body fat,30,-33,-50,Medium,B3-bodyfat,informational,blog/how-to-measure-body-fat,tertiary,,auto,KWP group variants: how do u measure body fat
how to measure how much body fat you have,30,-25,50,Low,B3-bodyfat,informational,blog/how-to-measure-body-fat,tertiary,,auto,KWP group variants: how do you measure how much body fat you have
how accurate are skinfold calipers,30,-33,-33,Low,B3-bodyfat,informational,blog/how-to-measure-body-fat,tertiary,,auto,
how do biometric scales work,30,-33,-33,Low,B3-bodyfat,informational,blog/how-to-measure-body-fat,tertiary,,auto,
body fat caliper how to use,30,0,50,Low,B3-bodyfat,informational,blog/how-to-measure-body-fat,tertiary,,auto,
body fat percentage based on measurements,30,0,50,Low,B3-bodyfat,informational,blog/how-to-measure-body-fat,tertiary,,auto,
how to tell your body fat percentage at home,30,0,300,Low,B3-bodyfat,informational,blog/how-to-measure-body-fat,tertiary,,auto,
how accurate is a body composition scale,30,-33,100,Low,B3-bodyfat,informational,blog/how-to-measure-body-fat,tertiary,,auto,
how to measure body fat with calipers female,30,-33,-60,Low,B3-bodyfat,informational,blog/how-to-measure-body-fat,tertiary,,auto,
how can a scale measure protein,30,-33,-50,Low,B3-bodyfat,informational,blog/how-to-measure-body-fat,tertiary,,auto,
how do body fat percentage scales work,30,0,-57,Low,B3-bodyfat,informational,blog/how-to-measure-body-fat,tertiary,,auto,
find out fat percentage,30,0,-25,Low,B3-bodyfat,informational,blog/how-to-measure-body-fat,tertiary,,auto,KWP group variants: find out body fat percentage
body fat based on measurements,30,0,-33,Low,B3-bodyfat,informational,blog/how-to-measure-body-fat,tertiary,,auto,
how do scales measure protein,30,0,-25,Low,B3-bodyfat,informational,blog/how-to-measure-body-fat,tertiary,,auto,
body fat scale how does it work,30,-33,0,Low,B3-bodyfat,informational,blog/how-to-measure-body-fat,tertiary,,auto,KWP group variants: how does the body fat scale work
how do body fat calipers work,30,33,0,Low,B3-bodyfat,informational,blog/how-to-measure-body-fat,tertiary,,auto,
how to measure my body fat at home,30,33,100,Medium,B3-bodyfat,informational,blog/how-to-measure-body-fat,tertiary,,auto,KWP group variants: how can i measure my body fat at home; how do i measure my body fat at home
how accurate is the in body scale,30,33,100,Low,B3-bodyfat,informational,blog/how-to-measure-body-fat,tertiary,,auto,
body fat percentage measuring tape,30,33,100,Low,B3-bodyfat,informational,blog/how-to-measure-body-fat,tertiary,,auto,KWP group variants: body fat percentage using measuring tape
measure fat,30,0,-33,High,B3-bodyfat,informational,blog/how-to-measure-body-fat,tertiary,,auto,
how much should your body fat be,30,0,-25,Low,B3-bodyfat,informational,blog/how-to-measure-body-fat,tertiary,,auto,
how to find body fat percentage with calipers,30,0,-25,Low,B3-bodyfat,informational,blog/how-to-measure-body-fat,tertiary,,auto,KWP group variants: how to calculate body fat percentage using calipers; how to calculate body fat percentage with calipers
body circumference measurements for body fat,30,-67,-75,Low,B3-bodyfat,informational,blog/how-to-measure-body-fat,tertiary,,auto,
how to know what body fat percentage i am,30,-73,200,Low,B3-bodyfat,informational,blog/how-to-measure-body-fat,tertiary,,auto,
how accurate is the body fat percentage on a scale,20,200,50,Low,B3-bodyfat,informational,blog/how-to-measure-body-fat,tertiary,,auto,
how to measure your neck for body fat,20,33,300,Low,B3-bodyfat,informational,blog/how-to-measure-body-fat,tertiary,,auto,
how do i tell my body fat,20,33,300,Low,B3-bodyfat,informational,blog/how-to-measure-body-fat,tertiary,,auto,
how much body fat have i lost,20,200,50,Low,B3-bodyfat,informational,blog/how-to-measure-body-fat,tertiary,,auto,
how do i know what percent body fat i am,20,300,300,Low,B3-bodyfat,informational,blog/how-to-measure-body-fat,tertiary,,auto,
how accurate is handheld body fat analyzer,20,50,200,Low,B3-bodyfat,informational,blog/how-to-measure-body-fat,tertiary,,auto,KWP group variants: how accurate is the handheld body fat analyzer
use calipers to measure body fat,20,-33,-50,Low,B3-bodyfat,informational,blog/how-to-measure-body-fat,tertiary,,auto,
how to measure body fat percentage reddit,20,-33,-60,Low,B3-bodyfat,informational,blog/how-to-measure-body-fat,tertiary,,auto,
how to calculate bmi body fat,20,-33,-33,Low,B3-bodyfat,informational,blog/how-to-measure-body-fat,tertiary,,auto,KWP group variants: how to calculate body fat with bmi
best way to measure body fat percentage at home,20,-33,-33,High,B3-bodyfat,informational,blog/how-to-measure-body-fat,tertiary,,auto,
how to get low fat percentage,20,-33,0,Low,B3-bodyfat,informational,blog/how-to-measure-body-fat,tertiary,,auto,
how to get 7 body fat,20,-33,0,Low,B3-bodyfat,informational,blog/how-to-measure-body-fat,tertiary,,auto,
how to get your body fat down,20,-33,0,Low,B3-bodyfat,informational,blog/how-to-measure-body-fat,tertiary,,auto,
how do u calculate body fat,20,-33,100,Low,B3-bodyfat,informational,blog/how-to-measure-body-fat,tertiary,,auto,
how to calculate your fat percentage at home,20,-33,100,Low,B3-bodyfat,informational,blog/how-to-measure-body-fat,tertiary,,auto,KWP group variants: how to calculate your body fat percentage at home
how accurate is scale body fat,20,-50,-50,Low,B3-bodyfat,informational,blog/how-to-measure-body-fat,tertiary,,auto,
how to do a body fat test,20,-50,-50,Low,B3-bodyfat,informational,blog/how-to-measure-body-fat,tertiary,,auto,
how to get 9 body fat,20,-50,-50,Low,B3-bodyfat,informational,blog/how-to-measure-body-fat,tertiary,,auto,
easiest way to measure body fat,20,-50,-50,Medium,B3-bodyfat,informational,blog/how-to-measure-body-fat,tertiary,,auto,
how to measure fat mass,20,-50,-67,Low,B3-bodyfat,informational,blog/how-to-measure-body-fat,tertiary,,auto,KWP group variants: how do you measure fat mass
how to get less body fat percentage,20,-50,-50,Low,B3-bodyfat,informational,blog/how-to-measure-body-fat,tertiary,,auto,
fat caliper how to use,20,-50,-67,Low,B3-bodyfat,informational,blog/how-to-measure-body-fat,tertiary,,auto,
how to count body fat,20,-50,-75,Low,B3-bodyfat,informational,blog/how-to-measure-body-fat,tertiary,,auto,
how accurate are skin calipers,20,-50,0,Low,B3-bodyfat,informational,blog/how-to-measure-body-fat,tertiary,,auto,
how to calculate fat to muscle ratio,20,-50,0,Low,B3-bodyfat,informational,blog/how-to-measure-body-fat,tertiary,,auto,
how accurate are scales that measure body fat percentage,20,-50,0,Low,B3-bodyfat,informational,blog/how-to-measure-body-fat,tertiary,,auto,
how to figure out bf percentage,20,-50,0,Low,B3-bodyfat,informational,blog/how-to-measure-body-fat,tertiary,,auto,
how accurate is the arboleaf scale,20,-50,0,Low,B3-bodyfat,informational,blog/how-to-measure-body-fat,tertiary,,auto,
how accurate is body fat calculator,20,-50,0,Low,B3-bodyfat,informational,blog/how-to-measure-body-fat,tertiary,,auto,
how can i tell my body fat percentage at home,20,-50,0,Low,B3-bodyfat,informational,blog/how-to-measure-body-fat,tertiary,,auto,
how do scales determine body fat percentage,20,-50,0,Low,B3-bodyfat,informational,blog/how-to-measure-body-fat,tertiary,,auto,
how can scales calculate body fat,20,-67,-50,Low,B3-bodyfat,informational,blog/how-to-measure-body-fat,tertiary,,auto,KWP group variants: how can a scale determine body fat
how accurate is a scale for body fat,20,-67,-67,Low,B3-bodyfat,informational,blog/how-to-measure-body-fat,tertiary,,auto,
check my fat percentage,20,0,-25,Medium,B3-bodyfat,informational,blog/how-to-measure-body-fat,tertiary,,auto,KWP group variants: check my body fat percentage
how does my scale measure protein,20,-67,-50,Low,B3-bodyfat,informational,blog/how-to-measure-body-fat,tertiary,,auto,
how to test body fat at home,20,-67,-50,Medium,B3-bodyfat,informational,blog/how-to-measure-body-fat,tertiary,,auto,
how does a scale measure body fat percentage,20,0,-33,Low,B3-bodyfat,informational,blog/how-to-measure-body-fat,tertiary,,auto,
how is body fat percentage determined,20,0,-33,Low,B3-bodyfat,informational,blog/how-to-measure-body-fat,tertiary,,auto,
how to know how much body fat,20,0,-33,Low,B3-bodyfat,informational,blog/how-to-measure-body-fat,tertiary,,auto,KWP group variants: how to check how much body fat; how to tell how much body fat
how accurate are bioimpedance scales,20,0,-33,Low,B3-bodyfat,informational,blog/how-to-measure-body-fat,tertiary,,auto,
how much weight is 1 body fat,20,0,-33,Low,B3-bodyfat,informational,blog/how-to-measure-body-fat,tertiary,,auto,
best method for measuring body fat,20,0,-33,High,B3-bodyfat,informational,blog/how-to-measure-body-fat,tertiary,,auto,
accurately measure body fat at home,20,0,-33,High,B3-bodyfat,informational,blog/how-to-measure-body-fat,tertiary,,auto,
how to get body fat percentage tested,20,0,-33,Low,B3-bodyfat,informational,blog/how-to-measure-body-fat,tertiary,,auto,KWP group variants: how to get a body fat percentage test
how to measure your body composition,20,0,-40,Low,B3-bodyfat,informational,blog/how-to-measure-body-fat,tertiary,,auto,KWP group variants: how do you measure your body composition
how low can your body fat percentage be,20,0,-50,Low,B3-bodyfat,informational,blog/how-to-measure-body-fat,tertiary,,auto,
how to use body fat scale,20,0,-50,Low,B3-bodyfat,informational,blog/how-to-measure-body-fat,tertiary,,auto,KWP group variants: how to use a body fat scale
how to measure body fat without calipers,20,0,-50,Low,B3-bodyfat,informational,blog/how-to-measure-body-fat,tertiary,,auto,
how can i get my body fat measured,20,0,-50,High,B3-bodyfat,informational,blog/how-to-measure-body-fat,tertiary,,auto,
how to calculate how much fat you have,20,0,-67,Medium,B3-bodyfat,informational,blog/how-to-measure-body-fat,tertiary,,auto,
how accurate are electronic body fat scales,20,0,-67,Low,B3-bodyfat,informational,blog/how-to-measure-body-fat,tertiary,,auto,KWP group variants: how accurate are electronic scales for body fat
how to tell what body fat you are,20,0,-71,Low,B3-bodyfat,informational,blog/how-to-measure-body-fat,tertiary,,auto,
how to scales measure body fat,20,0,-67,Low,B3-bodyfat,informational,blog/how-to-measure-body-fat,tertiary,,auto,
how do smart scales measure body composition,20,0,-67,Low,B3-bodyfat,informational,blog/how-to-measure-body-fat,tertiary,,auto,
how to get to 13 body fat,20,0,0,Low,B3-bodyfat,informational,blog/how-to-measure-body-fat,tertiary,,auto,
how do my scales measure body fat,20,0,0,Low,B3-bodyfat,informational,blog/how-to-measure-body-fat,tertiary,,auto,
how to use skin calipers,20,0,0,Low,B3-bodyfat,informational,blog/how-to-measure-body-fat,tertiary,,auto,
how much is 10 body fat,20,0,0,Low,B3-bodyfat,informational,blog/how-to-measure-body-fat,tertiary,,auto,
most accurate way to calculate body fat percentage,20,0,0,Low,B3-bodyfat,informational,blog/how-to-measure-body-fat,tertiary,,auto,
how to get body fat tested,20,0,0,Low,B3-bodyfat,informational,blog/how-to-measure-body-fat,tertiary,,auto,
how to get down to 12 body fat,20,0,0,Low,B3-bodyfat,informational,blog/how-to-measure-body-fat,tertiary,,auto,
how to determine your fat percentage,20,0,0,Low,B3-bodyfat,informational,blog/how-to-measure-body-fat,tertiary,,auto,KWP group variants: how to determine your percent body fat
body composition how to measure,20,0,0,Low,B3-bodyfat,informational,blog/how-to-measure-body-fat,tertiary,,auto,
how does a smart scale measure visceral fat,20,0,0,Low,B3-bodyfat,informational,blog/how-to-measure-body-fat,tertiary,,auto,
how to calculate fat weight,20,0,0,Low,B3-bodyfat,informational,blog/how-to-measure-body-fat,tertiary,,auto,
how to test how much body fat you have,20,0,0,Low,B3-bodyfat,informational,blog/how-to-measure-body-fat,tertiary,,auto,
how to tell you body fat percentage,20,0,0,Low,B3-bodyfat,informational,blog/how-to-measure-body-fat,tertiary,,auto,
how to find body fat percentage formula,20,0,0,Low,B3-bodyfat,informational,blog/how-to-measure-body-fat,tertiary,,auto,KWP group variants: how to calculate body fat percentage formula; how to calculate fat percentage in body formula
how to measure muscle to fat ratio,20,0,0,Low,B3-bodyfat,informational,blog/how-to-measure-body-fat,tertiary,,auto,
how much should your body fat percentage be,20,0,0,Low,B3-bodyfat,informational,blog/how-to-measure-body-fat,tertiary,,auto,
how to know how much body fat percentage,20,0,0,Low,B3-bodyfat,informational,blog/how-to-measure-body-fat,tertiary,,auto,
how to use accu measure caliper,20,0,100,Low,B3-bodyfat,informational,blog/how-to-measure-body-fat,tertiary,,auto,
how accurate are at home body fat scales,20,0,0,Low,B3-bodyfat,informational,blog/how-to-measure-body-fat,tertiary,,auto,
how to have less body fat,20,0,0,Low,B3-bodyfat,informational,blog/how-to-measure-body-fat,tertiary,,auto,
how do scales that measure body fat work,20,0,100,Low,B3-bodyfat,informational,blog/how-to-measure-body-fat,tertiary,,auto,
how to measure neck for body fat calculator,20,0,100,Low,B3-bodyfat,informational,blog/how-to-measure-body-fat,tertiary,,auto,
body composition scale how does it work,20,0,100,Medium,B3-bodyfat,informational,blog/how-to-measure-body-fat,tertiary,,auto,
how do you know how much fat you have,20,0,100,Low,B3-bodyfat,informational,blog/how-to-measure-body-fat,tertiary,,auto,
how does my scale measure visceral fat,20,0,100,Low,B3-bodyfat,informational,blog/how-to-measure-body-fat,tertiary,,auto,
how body fat,20,0,100,Low,B3-bodyfat,informational,blog/how-to-measure-body-fat,tertiary,,auto,
how accurate are weight scales for body fat,20,0,100,Low,B3-bodyfat,informational,blog/how-to-measure-body-fat,tertiary,,auto,
how to test your body composition,20,0,0,Low,B3-bodyfat,informational,blog/how-to-measure-body-fat,tertiary,,auto,KWP group variants: how do you test your body composition
how much should be my body fat percentage,20,100,-33,Low,B3-bodyfat,informational,blog/how-to-measure-body-fat,tertiary,,auto,KWP group variants: how much should my body fat percentage be
how to get from 20 to 15 body fat,20,0,300,Low,B3-bodyfat,informational,blog/how-to-measure-body-fat,tertiary,,auto,
how do you get a low body fat percentage,20,0,50,Low,B3-bodyfat,informational,blog/how-to-measure-body-fat,tertiary,,auto,
how body fat scale work,20,100,-33,Low,B3-bodyfat,informational,blog/how-to-measure-body-fat,tertiary,,auto,
how does a scale know your body fat percentage,20,100,-33,Low,B3-bodyfat,informational,blog/how-to-measure-body-fat,tertiary,,auto,
measure fat percentage caliper,20,100,-33,Low,B3-bodyfat,informational,blog/how-to-measure-body-fat,tertiary,,auto,KWP group variants: measure body fat percentage calipers
how to measure your body fat at home,20,100,-33,Medium,B3-bodyfat,informational,blog/how-to-measure-body-fat,tertiary,,auto,
how much is 5 body fat,20,100,0,Low,B3-bodyfat,informational,blog/how-to-measure-body-fat,tertiary,,auto,
how do scales know your body fat percentage,20,100,0,Low,B3-bodyfat,informational,blog/how-to-measure-body-fat,tertiary,,auto,
how to determine how much fat you have,20,100,0,Low,B3-bodyfat,informational,blog/how-to-measure-body-fat,tertiary,,auto,KWP group variants: how to figure out how much fat you have
ways to calculate body fat percentage,20,100,0,Low,B3-bodyfat,informational,blog/how-to-measure-body-fat,tertiary,,auto,
how accurate is body composition scale,20,100,0,Low,B3-bodyfat,informational,blog/how-to-measure-body-fat,tertiary,,auto,
how to calculate body fat for women,20,100,0,Low,B3-bodyfat,informational,blog/how-to-measure-body-fat,tertiary,,auto,
how to tell how much of your body is fat,20,100,0,Low,B3-bodyfat,informational,blog/how-to-measure-body-fat,tertiary,,auto,
how to check muscle to fat ratio,20,100,0,Low,B3-bodyfat,informational,blog/how-to-measure-body-fat,tertiary,,auto,KWP group variants: how to measure fat to muscle ratio
how to know how much percent body fat you are,20,0,50,Low,B3-bodyfat,informational,blog/how-to-measure-body-fat,tertiary,,auto,
how accurate is scale body fat percentage,20,100,100,Low,B3-bodyfat,informational,blog/how-to-measure-body-fat,tertiary,,auto,
how to get body fat percentage checked,20,100,100,Low,B3-bodyfat,informational,blog/how-to-measure-body-fat,tertiary,,auto,
how accurate are home body fat scales,20,100,100,Low,B3-bodyfat,informational,blog/how-to-measure-body-fat,tertiary,,auto,
different ways to measure body fat,20,100,100,Medium,B3-bodyfat,informational,blog/how-to-measure-body-fat,tertiary,,auto,
how to get 0 percent body fat,20,100,100,Low,B3-bodyfat,informational,blog/how-to-measure-body-fat,tertiary,,auto,
how do i tell what my body fat percentage is,20,100,300,Low,B3-bodyfat,informational,blog/how-to-measure-body-fat,tertiary,,auto,
how do u know how much body fat u have,20,150,400,Low,B3-bodyfat,informational,blog/how-to-measure-body-fat,tertiary,,auto,
how can a smart scale measure body fat,20,100,100,Low,B3-bodyfat,informational,blog/how-to-measure-body-fat,tertiary,,auto,
how to measure belly fat with tape measure,20,100,100,Low,B3-bodyfat,informational,blog/how-to-measure-body-fat,tertiary,,auto,
how accurate is body fat percentage on a scale,20,100,100,Low,B3-bodyfat,informational,blog/how-to-measure-body-fat,tertiary,,auto,
body weight scale with body fat measurement,20,200,50,High,B3-bodyfat,informational,blog/how-to-measure-body-fat,tertiary,,auto,
how to measure body fat percentage with measuring tape,20,67,150,Low,B3-bodyfat,informational,blog/how-to-measure-body-fat,tertiary,,auto,KWP group variants: how to measure body fat percentage with tape measure
how to accurately measure body fat percentage at home,20,50,50,Low,B3-bodyfat,informational,blog/how-to-measure-body-fat,tertiary,,auto,
how to calculate total body fat,20,50,50,Low,B3-bodyfat,informational,blog/how-to-measure-body-fat,tertiary,,auto,
how to do body fat percentage,20,50,50,Low,B3-bodyfat,informational,blog/how-to-measure-body-fat,tertiary,,auto,
how to get your body fat,20,50,50,Medium,B3-bodyfat,informational,blog/how-to-measure-body-fat,tertiary,,auto,
how do i get to 15 body fat,20,50,50,Low,B3-bodyfat,informational,blog/how-to-measure-body-fat,tertiary,,auto,
how to see your body fat,20,50,50,Low,B3-bodyfat,informational,blog/how-to-measure-body-fat,tertiary,,auto,
how to tell what percent body fat you have,20,-40,200,Low,B3-bodyfat,informational,blog/how-to-measure-body-fat,tertiary,,auto,KWP group variants: how to tell what body fat percentage you have
how to learn body fat percentage,20,-50,-33,Low,B3-bodyfat,informational,blog/how-to-measure-body-fat,tertiary,,auto,
how to assess body fat percentage,20,-33,100,Low,B3-bodyfat,informational,blog/how-to-measure-body-fat,tertiary,,auto,
how to make body fat percentage go down,20,-33,100,Low,B3-bodyfat,informational,blog/how-to-measure-body-fat,tertiary,,auto,
how to measure fat with calipers,20,-50,-33,Low,B3-bodyfat,informational,blog/how-to-measure-body-fat,tertiary,,auto,KWP group variants: how to measure fat with a caliper
how to you measure body fat,20,-50,-50,Low,B3-bodyfat,informational,blog/how-to-measure-body-fat,tertiary,,auto,
how accurate are body fat analyzers,10,-100,-100,Unknown,B3-bodyfat,informational,blog/how-to-measure-body-fat,tertiary,,auto,KWP group variants: how accurate is a body fat analyzer
how to use accu measure fat calipers,10,-100,-100,Unknown,B3-bodyfat,informational,blog/how-to-measure-body-fat,tertiary,,auto,
how to be 0 body fat,10,-100,-100,Unknown,B3-bodyfat,informational,blog/how-to-measure-body-fat,tertiary,,auto,
how to calculate body fat percentage from weight,10,-100,-100,Unknown,B3-bodyfat,informational,blog/how-to-measure-body-fat,tertiary,,auto,
body circumference measurements body fat,10,-100,-100,Unknown,B3-bodyfat,informational,blog/how-to-measure-body-fat,tertiary,,auto,
how bmi scales work,10,-100,-100,Unknown,B3-bodyfat,informational,blog/how-to-measure-body-fat,tertiary,,auto,
how to calculate body fat from height and weight,10,-100,-100,Unknown,B3-bodyfat,informational,blog/how-to-measure-body-fat,tertiary,,auto,KWP group variants: how to go from 13 body fat to 10
know my ideal weight,10,-100,-100,Unknown,B2-population,informational,blog/how-to-measure-body-fat,tertiary,,auto,KWP group variants: best body fat formula
how does a machine calculate body fat,10,-100,-100,Unknown,B2-population,informational,blog/how-to-measure-body-fat,tertiary,,auto,KWP group variants: average weight for 5 3 male in kg
how to measure fat mass of body,10,∞,∞,High,B3-bodyfat,informational,blog/how-to-measure-body-fat,tertiary,,auto,
how to calculate body fat online,10,∞,∞,High,B3-bodyfat,informational,blog/how-to-measure-body-fat,tertiary,,auto,
check fat in body,10,∞,∞,High,B3-bodyfat,informational,blog/how-to-measure-body-fat,tertiary,,auto,
how can we measure body fat percentage,10,∞,∞,High,B3-bodyfat,informational,blog/how-to-measure-body-fat,tertiary,,auto,
how to measure bmi without calipers,10,∞,∞,Low,B3-bodyfat,informational,blog/how-to-measure-body-fat,tertiary,,auto,
how to calculate body fat in percentage,10,∞,∞,Low,B3-bodyfat,informational,blog/how-to-measure-body-fat,tertiary,,auto,
how to know about body fat percentage,10,∞,∞,Low,B3-bodyfat,informational,blog/how-to-measure-body-fat,tertiary,,auto,
how does a body analyzer scale work,10,∞,∞,Low,B3-bodyfat,informational,blog/how-to-measure-body-fat,tertiary,,auto,
how accurate are bathroom body fat scales,10,∞,∞,Low,B3-bodyfat,informational,blog/how-to-measure-body-fat,tertiary,,auto,
healthy body weight for my height,10,∞,∞,Low,B1-chart,informational,blog/how-to-measure-body-fat,tertiary,,auto,KWP group variants: how to calculate current body fat
how to have 5 body fat,10,∞,∞,Low,B3-bodyfat,informational,blog/how-to-measure-body-fat,tertiary,,auto,
how can a scale detect body fat,10,∞,∞,Low,B3-bodyfat,informational,blog/how-to-measure-body-fat,tertiary,,auto,
how can i measure my body fat without calipers,10,∞,∞,Low,B3-bodyfat,informational,blog/how-to-measure-body-fat,tertiary,,auto,
how to figure out body fat percentage from bmi,10,∞,∞,Low,B3-bodyfat,informational,blog/how-to-measure-body-fat,tertiary,,auto,
how can we measure body composition,10,∞,∞,Low,B3-bodyfat,informational,blog/how-to-measure-body-fat,tertiary,,auto,
how to calculate fat in our body,10,∞,∞,Low,B3-bodyfat,informational,blog/how-to-measure-body-fat,tertiary,,auto,
check body fat online,10,∞,∞,Low,B3-bodyfat,informational,blog/how-to-measure-body-fat,tertiary,,auto,
how to measure body fat rate,10,∞,∞,Low,B3-bodyfat,informational,blog/how-to-measure-body-fat,tertiary,,auto,
female height weight chart in kg,10,∞,∞,Low,B1-chart,informational,blog/how-to-measure-body-fat,tertiary,,auto,KWP group variants: how to get to 18 body fat female
standard body fat percentage for females,10,∞,∞,Low,B3-bodyfat,informational,blog/how-to-measure-body-fat,tertiary,,auto,KWP group variants: how to calculate body fat percentage in kg
how to go from 10 body fat to 5,10,∞,0,High,B3-bodyfat,informational,blog/how-to-measure-body-fat,tertiary,,auto,
how to accurately measure body fat with calipers,10,∞,0,Low,B3-bodyfat,informational,blog/how-to-measure-body-fat,tertiary,,auto,
bmi chart male kg cm,10,∞,∞,Low,B1-chart,informational,blog/how-to-measure-body-fat,tertiary,,auto,KWP group variants: according to age weight and height chart; bmi chart as per height; height weight chart in feet kg; ideal weight according to height in kg; standard height and weight chart according to age; ideal weight for 1.80 male; overweight and obesity statistics usa; how accurate are salter body fat scales
how accurate scale body fat,10,∞,0,Medium,B3-bodyfat,informational,blog/how-to-measure-body-fat,tertiary,,auto,
how body composition is measured,10,∞,0,Low,B3-bodyfat,informational,blog/how-to-measure-body-fat,tertiary,,auto,
how to measure body fat at home without calipers,10,∞,0,Low,B3-bodyfat,informational,blog/how-to-measure-body-fat,tertiary,,auto,
how to read body composition analyzer,10,∞,0,Low,B3-bodyfat,informational,blog/how-to-measure-body-fat,tertiary,,auto,
how to take out body fat percentage,10,∞,0,Medium,B3-bodyfat,informational,blog/how-to-measure-body-fat,tertiary,,auto,
how to figure out my percent body fat,10,∞,0,Low,B3-bodyfat,informational,blog/how-to-measure-body-fat,tertiary,,auto,
male body index chart,10,∞,0,Low,B1-chart,informational,blog/how-to-measure-body-fat,tertiary,,auto,KWP group variants: age height weight chart calculator; bmi calculator with age and activity level; female age weight and height chart; height and weight chart in inches; average age to weight chart; average weight for 177cm male; average weight for 180cm female; average weight for obese person; find ideal weight for body type; standard weight with age and height; average body fat percentage by weight; body fat for abs female; body fat percentage scale how does it work; how accurate are home bmi scales; how to use fat measuring calipers
how to measure your fat mass,10,∞,0,Low,B3-bodyfat,informational,blog/how-to-measure-body-fat,tertiary,,auto,
how to do body fat measurements,10,∞,0,Low,B3-bodyfat,informational,blog/how-to-measure-body-fat,tertiary,,auto,
female scale bmi calculator,10,∞,0,Low,B1-chart,informational,blog/how-to-measure-body-fat,tertiary,,auto,KWP group variants: how to measure belly fat with calipers
know my body fat percentage,10,∞,0,Low,B3-bodyfat,informational,blog/how-to-measure-body-fat,tertiary,,auto,
how to check body fat percentage online,10,∞,0,Low,B3-bodyfat,informational,blog/how-to-measure-body-fat,tertiary,,auto,
how to calculate body fat manually,10,∞,0,Low,B3-bodyfat,informational,blog/how-to-measure-body-fat,tertiary,,auto,
how to measure body fat with scale,10,∞,0,High,B3-bodyfat,informational,blog/how-to-measure-body-fat,tertiary,,auto,
weighing scale that can measure body fat,10,∞,0,High,B3-bodyfat,informational,blog/how-to-measure-body-fat,tertiary,,auto,
how to measure body fat machine,10,∞,0,High,B3-bodyfat,informational,blog/how-to-measure-body-fat,tertiary,,auto,
how accurate is omron body fat scale,10,∞,0,Low,B3-bodyfat,informational,blog/how-to-measure-body-fat,tertiary,,auto,
measure your body composition,10,∞,0,Low,B3-bodyfat,informational,blog/how-to-measure-body-fat,tertiary,,auto,
how to calculate fat ratio,10,∞,0,Low,B3-bodyfat,informational,blog/how-to-measure-body-fat,tertiary,,auto,
how to check fat in the body,10,∞,0,High,B3-bodyfat,informational,blog/how-to-measure-body-fat,tertiary,,auto,
how to measure fat percentage in your body,10,∞,0,High,B3-bodyfat,informational,blog/how-to-measure-body-fat,tertiary,,auto,
how to calculate your body fat percentage with calipers,10,∞,0,Low,B3-bodyfat,informational,blog/how-to-measure-body-fat,tertiary,,auto,KWP group variants: how to get to a low body fat
how to calculate your body fat percentage loss,10,∞,0,Low,B3-bodyfat,informational,blog/how-to-measure-body-fat,tertiary,,auto,
know your body fat,10,∞,0,Low,B3-bodyfat,informational,blog/how-to-measure-body-fat,tertiary,,auto,
how to measure body fat on scale,10,∞,0,Low,B3-bodyfat,informational,blog/how-to-measure-body-fat,tertiary,,auto,
how to test body fat percentage without calipers,10,∞,0,Low,B3-bodyfat,informational,blog/how-to-measure-body-fat,tertiary,,auto,
how to identify your body fat percentage,10,∞,0,Low,B3-bodyfat,informational,blog/how-to-measure-body-fat,tertiary,,auto,
how to get to 14 body fat,10,50,200,Low,B3-bodyfat,informational,blog/how-to-measure-body-fat,tertiary,,auto,
how to measure body fat chart,10,∞,0,Low,B3-bodyfat,informational,blog/how-to-measure-body-fat,tertiary,,auto,
how can scales determine body fat,10,200,200,Low,B3-bodyfat,informational,blog/how-to-measure-body-fat,tertiary,,auto,
how to do a body fat percentage test,10,200,50,Low,B3-bodyfat,informational,blog/how-to-measure-body-fat,tertiary,,auto,
best way to figure out body fat percentage,10,50,200,Low,B3-bodyfat,informational,blog/how-to-measure-body-fat,tertiary,,auto,
how do you accurately measure body fat,10,50,200,Low,B3-bodyfat,informational,blog/how-to-measure-body-fat,tertiary,,auto,
measure fat loss,10,100,100,High,B3-bodyfat,informational,blog/how-to-measure-body-fat,tertiary,,auto,
how do i estimate body fat percentage,10,100,300,Low,B3-bodyfat,informational,blog/how-to-measure-body-fat,tertiary,,auto,
how to check how much fat you have,10,100,100,Medium,B3-bodyfat,informational,blog/how-to-measure-body-fat,tertiary,,auto,
how make body fat,10,100,100,Medium,B3-bodyfat,informational,blog/how-to-measure-body-fat,tertiary,,auto,
measure your fat percentage,10,100,100,Medium,B3-bodyfat,informational,blog/how-to-measure-body-fat,tertiary,,auto,KWP group variants: measure your body fat percentage
healthy weight per height female,10,100,100,Low,B1-chart,informational,blog/how-to-measure-body-fat,tertiary,,auto,KWP group variants: how to get down to 5 body fat; how to see my body fat
how to measure body fat men,10,100,100,Medium,B3-bodyfat,informational,blog/how-to-measure-body-fat,tertiary,,auto,
how to find out how much body fat percentage,10,100,100,Low,B3-bodyfat,informational,blog/how-to-measure-body-fat,tertiary,,auto,
how to tell what my body fat is,10,100,100,Low,B3-bodyfat,informational,blog/how-to-measure-body-fat,tertiary,,auto,
how to get to 15 body fat female,10,100,100,Low,B3-bodyfat,informational,blog/how-to-measure-body-fat,tertiary,,auto,
how to measure belly fat at home,10,100,100,Low,B3-bodyfat,informational,blog/how-to-measure-body-fat,tertiary,,auto,
how do i figure my body fat,10,100,100,Low,B3-bodyfat,informational,blog/how-to-measure-body-fat,tertiary,,auto,
how to know my body fat percentage at home,10,100,100,Low,B3-bodyfat,informational,blog/how-to-measure-body-fat,tertiary,,auto,
mass index table,10,100,100,Low,B1-chart,informational,blog/how-to-measure-body-fat,tertiary,,auto,KWP group variants: height weight chart male in lbs; ideal weight compared to height; average weight for 5 ft 2 female; how do scales calculate bmi
how to measure your belly fat,10,100,100,Low,B3-bodyfat,informational,blog/how-to-measure-body-fat,tertiary,,auto,
how do u calculate your body fat percentage,10,100,0,Low,B3-bodyfat,informational,blog/how-to-measure-body-fat,tertiary,,auto,
how do i see how much body fat i have,10,100,0,Low,B3-bodyfat,informational,blog/how-to-measure-body-fat,tertiary,,auto,
how much body fat for women,10,100,0,Low,B3-bodyfat,informational,blog/how-to-measure-body-fat,tertiary,,auto,
how do machines calculate body fat,10,0,∞,Low,B3-bodyfat,informational,blog/how-to-measure-body-fat,tertiary,,auto,
how is body composition calculated,10,100,-71,Low,B3-bodyfat,informational,blog/how-to-measure-body-fat,tertiary,,auto,
how to measure fat in your body,10,0,∞,High,B3-bodyfat,informational,blog/how-to-measure-body-fat,tertiary,,auto,
how to measure your body fat percentage from home,10,0,∞,High,B3-bodyfat,informational,blog/how-to-measure-body-fat,tertiary,,auto,
how to find your body percentage fat,10,0,∞,Medium,B3-bodyfat,informational,blog/how-to-measure-body-fat,tertiary,,auto,
how to count fat percentage in body,10,0,∞,Low,B3-bodyfat,informational,blog/how-to-measure-body-fat,tertiary,,auto,
how to check body fat online,10,0,∞,High,B3-bodyfat,informational,blog/how-to-measure-body-fat,tertiary,,auto,
how to tell what percent of body fat you have,10,0,∞,Low,B3-bodyfat,informational,blog/how-to-measure-body-fat,tertiary,,auto,
how accurate are scales that measure bmi,10,0,∞,Low,B3-bodyfat,informational,blog/how-to-measure-body-fat,tertiary,,auto,
how to test your own body fat percentage,10,0,∞,Low,B3-bodyfat,informational,blog/how-to-measure-body-fat,tertiary,,auto,
how to get 10 body fat male,10,0,∞,Low,B3-bodyfat,informational,blog/how-to-measure-body-fat,tertiary,,auto,
how to measure body fat in percentage,10,0,∞,Low,B3-bodyfat,informational,blog/how-to-measure-body-fat,tertiary,,auto,
how to use body fat analyzer,10,0,∞,Low,B3-bodyfat,informational,blog/how-to-measure-body-fat,tertiary,,auto,
how do i know the fat percentage in my body,10,0,∞,Low,B3-bodyfat,informational,blog/how-to-measure-body-fat,tertiary,,auto,
how to detect body fat,10,0,∞,High,B3-bodyfat,informational,blog/how-to-measure-body-fat,tertiary,,auto,
how to major body fat,10,0,∞,Low,B3-bodyfat,informational,blog/how-to-measure-body-fat,tertiary,,auto,
how to get down to 7 body fat,10,0,∞,Low,B3-bodyfat,informational,blog/how-to-measure-body-fat,tertiary,,auto,
5 feet height weight in kg,10,0,∞,Low,B1-chart,informational,blog/how-to-measure-body-fat,tertiary,,auto,KWP group variants: ideal body weight by age and gender; how do you find how much body fat you have
how fat percentage is calculated,10,0,∞,Low,B3-bodyfat,informational,blog/how-to-measure-body-fat,tertiary,,auto,
normal fat range,10,0,∞,Low,B3-bodyfat,informational,blog/how-to-measure-body-fat,tertiary,,auto,KWP group variants: how to measure fat without calipers
how to measure body fat on apple watch,10,0,∞,Low,B3-bodyfat,informational,blog/how-to-measure-body-fat,tertiary,,auto,
how to 10 body fat,10,0,∞,Low,B3-bodyfat,informational,blog/how-to-measure-body-fat,tertiary,,auto,
the best way to measure fat is by weight,10,0,∞,Low,B3-bodyfat,informational,blog/how-to-measure-body-fat,tertiary,,auto,
how do smart scales measure water,10,0,∞,Low,B3-bodyfat,informational,blog/how-to-measure-body-fat,tertiary,,auto,
bmi for age who,10,0,0,Unknown,B1-chart,informational,blog/how-to-measure-body-fat,tertiary,,auto,KWP group variants: check body fat percentage online; measure body fat percentage online
most accurate method to measure body fat levels,10,0,∞,Low,B3-bodyfat,informational,blog/how-to-measure-body-fat,tertiary,,auto,
body fat average by age,10,0,∞,Low,B3-bodyfat,informational,blog/how-to-measure-body-fat,tertiary,,auto,KWP group variants: how to calculate body fat percentage using height and weight
how do u check your body fat percentage,10,0,100,Medium,B3-bodyfat,informational,blog/how-to-measure-body-fat,tertiary,,auto,
how to get my body fat,10,0,100,Low,B3-bodyfat,informational,blog/how-to-measure-body-fat,tertiary,,auto,
how do u find your body fat percentage,10,0,100,Low,B3-bodyfat,informational,blog/how-to-measure-body-fat,tertiary,,auto,
how to calculate how much body fat i have,10,0,100,Low,B3-bodyfat,informational,blog/how-to-measure-body-fat,tertiary,,auto,
how does a scale tell your body fat,10,0,100,Low,B3-bodyfat,informational,blog/how-to-measure-body-fat,tertiary,,auto,
how scales measure visceral fat,10,0,0,Unknown,B3-bodyfat,informational,blog/how-to-measure-body-fat,tertiary,,auto,
how to check fat in your body,10,0,0,Unknown,B3-bodyfat,informational,blog/how-to-measure-body-fat,tertiary,,auto,
measure your own body fat,10,0,0,Unknown,B3-bodyfat,informational,blog/how-to-measure-body-fat,tertiary,,auto,
how to measure body fat online,10,0,0,Unknown,B3-bodyfat,informational,blog/how-to-measure-body-fat,tertiary,,auto,
how to use omron body fat monitor,10,0,0,Unknown,B3-bodyfat,informational,blog/how-to-measure-body-fat,tertiary,,auto,
how to analyse body fat,10,0,0,Unknown,B3-bodyfat,informational,blog/how-to-measure-body-fat,tertiary,,auto,
the most accurate way to measure body fat is,10,0,0,Unknown,B3-bodyfat,informational,blog/how-to-measure-body-fat,tertiary,,auto,
how can i work out my body fat,10,0,0,Unknown,B3-bodyfat,informational,blog/how-to-measure-body-fat,tertiary,,auto,
how to measure body fat with phone,10,0,0,Unknown,B3-bodyfat,informational,blog/how-to-measure-body-fat,tertiary,,auto,
how accurate are handheld body fat machines,10,0,0,Unknown,B3-bodyfat,informational,blog/how-to-measure-body-fat,tertiary,,auto,
biometric scales how do they work,10,0,0,High,B3-bodyfat,informational,blog/how-to-measure-body-fat,tertiary,,auto,KWP group variants: how to track body fat at home
how to measure fat loss progress,10,0,0,Unknown,B3-bodyfat,informational,blog/how-to-measure-body-fat,tertiary,,auto,
how accurate are body fat handheld,10,0,0,Unknown,B3-bodyfat,informational,blog/how-to-measure-body-fat,tertiary,,auto,
how to calculate fat percentage in human body,10,0,0,Unknown,B3-bodyfat,informational,blog/how-to-measure-body-fat,tertiary,,auto,
2022 bmi chart,10,0,0,Unknown,B1-chart,informational,blog/how-to-measure-body-fat,tertiary,,auto,KWP group variants: finding body fat percentage at home; how to calculate body fat percentage india
how to work out body fat at home,10,0,0,Unknown,B3-bodyfat,informational,blog/how-to-measure-body-fat,tertiary,,auto,
weight for height cm,10,0,0,Unknown,B1-chart,informational,blog/how-to-measure-body-fat,tertiary,,auto,KWP group variants: how to check your body fat percentage online
how to find fat percentage in our body,10,0,0,Unknown,B3-bodyfat,informational,blog/how-to-measure-body-fat,tertiary,,auto,
right bmi range,10,0,0,Unknown,B1-chart,informational,blog/how-to-measure-body-fat,tertiary,,auto,KWP group variants: healthy kg for height; weight wrt height; im 6ft tall how much should i weigh; my height is 153cm how much should i weigh; cara kira body fat; formula to measure body composition
how to calculate body fat weight,10,0,0,Low,B3-bodyfat,informational,blog/how-to-measure-body-fat,tertiary,,auto,KWP group variants: how to calculate body fat from weight
how to find out your body fat percentage without calipers,10,0,0,Unknown,B3-bodyfat,informational,blog/how-to-measure-body-fat,tertiary,,auto,
how to monitor body fat,10,0,0,High,B3-bodyfat,informational,blog/how-to-measure-body-fat,tertiary,,auto,KWP group variants: body fat percentage calculator tool
machine to measure body fat percentage,10,0,0,High,B3-bodyfat,informational,blog/how-to-measure-body-fat,tertiary,,auto,
bmi ratio chart,10,0,0,Low,B1-chart,informational,blog/how-to-measure-body-fat,tertiary,,auto,KWP group variants: body weight loss formula; how to measure fat content; my ideal body fat percentage
bmi chart m,10,0,0,Low,B1-chart,informational,blog/how-to-measure-body-fat,tertiary,,auto,KWP group variants: 5 5 weight chart female; good bmi by age; healthy weight based on height age and gender; ideal bmi chart male; ideal weight for male height; optimal bmi for health; realistic body weight chart; weight height scale female; weight on height chart; american overweight and obesity statistics; average weight bmi; average weight for 5 3 african american female; normal weight 5 7 woman; bmi body measurements; body fat and skeletal muscle calculator; body fat measurement chart for men; body fat test calculator; find out your body fat percentage; free fat calculator; height weight muscle calculator; how accurate are weight scales body fat; how can a scale measure body water; how can i lower my fat percentage; how can you tell what your body fat is; how do you lower your fat percentage; how does a weighing scale measure body fat; how much should my fat percentage be; how to calculate a body fat percentage; how to get down to 12 percent body fat; how to measure bmi with muscle; how to tell how much body fat percentage; ways to check body fat
how to get down to 15 body fat female,10,0,0,High,B3-bodyfat,informational,blog/how-to-measure-body-fat,tertiary,,auto,
how to measure body fat male,10,0,0,High,B3-bodyfat,informational,blog/how-to-measure-body-fat,tertiary,,auto,
how to measure muscle and fat percentage,10,0,0,High,B3-bodyfat,informational,blog/how-to-measure-body-fat,tertiary,,auto,
how to measure body fat percentage calculator,10,0,0,High,B3-bodyfat,informational,blog/how-to-measure-body-fat,tertiary,,auto,
how do you measure fat in your body,10,0,0,High,B3-bodyfat,informational,blog/how-to-measure-body-fat,tertiary,,auto,
how to find out what your body fat is,10,0,0,High,B3-bodyfat,informational,blog/how-to-measure-body-fat,tertiary,,auto,
how to measure body fat by pinching,10,0,0,High,B3-bodyfat,informational,blog/how-to-measure-body-fat,tertiary,,auto,
body composition tape measure,10,0,0,High,B3-bodyfat,informational,blog/how-to-measure-body-fat,tertiary,,auto,
best way to accurately measure body fat,10,0,0,High,B3-bodyfat,informational,blog/how-to-measure-body-fat,tertiary,,auto,KWP group variants: easiest way to measure body fat percentage
how to check my body fat at home,10,0,0,High,B3-bodyfat,informational,blog/how-to-measure-body-fat,tertiary,,auto,
easy way to measure body fat percentage,10,0,0,High,B3-bodyfat,informational,blog/how-to-measure-body-fat,tertiary,,auto,
best calipers to measure body fat,10,0,0,Medium,B3-bodyfat,informational,blog/how-to-measure-body-fat,tertiary,,auto,KWP group variants: best calipers for measuring body fat
how do i determine my percentage of body fat,10,0,0,Medium,B3-bodyfat,informational,blog/how-to-measure-body-fat,tertiary,,auto,
how to know my level of body fat,10,0,0,High,B3-bodyfat,informational,blog/how-to-measure-body-fat,tertiary,,auto,
how measure body composition,10,0,0,High,B3-bodyfat,informational,blog/how-to-measure-body-fat,tertiary,,auto,KWP group variants: body fat percentage calculator amazon; body fat scales how do they work; fat percentage calculator amazon; how to test body composition at home
best way to check body fat percentage at home,10,0,0,High,B3-bodyfat,informational,blog/how-to-measure-body-fat,tertiary,,auto,
measure fat mass,10,0,0,High,B3-bodyfat,informational,blog/how-to-measure-body-fat,tertiary,,auto,
how can you accurately measure body fat,10,0,0,High,B3-bodyfat,informational,blog/how-to-measure-body-fat,tertiary,,auto,
how to figure body fat percentage without calipers,10,0,0,High,B3-bodyfat,informational,blog/how-to-measure-body-fat,tertiary,,auto,
how do scales estimate body fat,10,0,0,Low,B3-bodyfat,informational,blog/how-to-measure-body-fat,tertiary,,auto,KWP group variants: how accurate are body weight scales; how much should my body fat be
how to estimate fat percentage,10,0,0,Low,B3-bodyfat,informational,blog/how-to-measure-body-fat,tertiary,,auto,
how to correctly measure body fat,10,0,0,Medium,B3-bodyfat,informational,blog/how-to-measure-body-fat,tertiary,,auto,
required weight for height,10,0,0,Low,B1-chart,informational,blog/how-to-measure-body-fat,tertiary,,auto,KWP group variants: ideal weight for 5 4.5 female in kg; how to find body fat at home
how to get down to 5 percent body fat,10,0,0,Low,B3-bodyfat,informational,blog/how-to-measure-body-fat,tertiary,,auto,
how to measure your fat,10,0,0,High,B3-bodyfat,informational,blog/how-to-measure-body-fat,tertiary,,auto,
best way to calculate body fat at home,10,0,0,High,B3-bodyfat,informational,blog/how-to-measure-body-fat,tertiary,,auto,
how to determine my body fat percentage at home,10,0,0,Low,B3-bodyfat,informational,blog/how-to-measure-body-fat,tertiary,,auto,
average weight for your height,10,0,0,Low,B1-chart,informational,blog/how-to-measure-body-fat,tertiary,,auto,KWP group variants: how to accurately measure your body fat percentage; how to measure your body fat percentage accurately
how to calculate body composition at home,10,0,0,Medium,B3-bodyfat,informational,blog/how-to-measure-body-fat,tertiary,,auto,KWP group variants: accurate way to measure body fat at home; how do i get my body fat measured; the most accurate way to measure body fat
how is fat percentage calculated,10,0,0,Medium,B3-bodyfat,informational,blog/how-to-measure-body-fat,tertiary,,auto,KWP group variants: most accurate method for measuring body fat
how does a scale measure your body fat,10,0,0,Low,B3-bodyfat,informational,blog/how-to-measure-body-fat,tertiary,,auto,
how to get to 20 percent body fat,10,0,0,Low,B3-bodyfat,informational,blog/how-to-measure-body-fat,tertiary,,auto,
fat caliper measurement chart,10,0,0,Low,B3-bodyfat,informational,blog/how-to-measure-body-fat,tertiary,,auto,
how to have low fat percentage,10,0,0,Low,B1-chart,informational,blog/how-to-measure-body-fat,tertiary,,auto,KWP group variants: ideal weight by height and body type; ideal weight for height and body type
bmi calculator fat,10,0,0,Low,B1-chart,informational,blog/how-to-measure-body-fat,tertiary,,auto,KWP group variants: 5.5 height ideal weight; average weight for women over 50; best weight for height in kg; bmi calculator with age factor; correct weight for height in kg; healthy weight for 170cm male; ideal bmi calculator female; ideal height and weight in kg; ideal kg weight for height; ideal weight 5 foot 6 female; ideal weight with height in kg; interactive bmi chart; weight chart by height female; weight scale for males; america obesity rate by year; healthy bmi male 5 11; ideal weight for 5 foot 11 inch male; body fat 24 percent female; how can a scale track body fat; how to calculate belly fat; how to get fat percentage of body; how to know how much fat percentage you have; how to know how much percentage of fat you have; how to use fat calipers female
how do u measure your body fat,10,0,0,Medium,B3-bodyfat,informational,blog/how-to-measure-body-fat,tertiary,,auto,
how to determine body fat content,10,0,0,Medium,B3-bodyfat,informational,blog/how-to-measure-body-fat,tertiary,,auto,
how check body fat,10,0,0,Medium,B3-bodyfat,informational,blog/how-to-measure-body-fat,tertiary,,auto,
how to figure out how much body fat u have,10,0,0,Medium,B3-bodyfat,informational,blog/how-to-measure-body-fat,tertiary,,auto,
how to get to 1 body fat,10,0,0,Medium,B3-bodyfat,informational,blog/how-to-measure-body-fat,tertiary,,auto,
show me a bmi scale,10,0,0,Medium,B3-bodyfat,informational,blog/how-to-measure-body-fat,tertiary,,auto,KWP group variants: how accurate are bmi machines
recommended weight for my height,10,0,0,Medium,B1-chart,informational,blog/how-to-measure-body-fat,tertiary,,auto,KWP group variants: how to know your body fat level
how can you tell your fat percentage,10,0,0,Medium,B3-bodyfat,informational,blog/how-to-measure-body-fat,tertiary,,auto,
how much should be body fat,10,0,0,Low,B3-bodyfat,informational,blog/how-to-measure-body-fat,tertiary,,auto,KWP group variants: how much should be the body fat; how much should body fat be
how does bia measure body fat,10,0,0,Low,B3-bodyfat,informational,blog/how-to-measure-body-fat,tertiary,,auto,
fat calculator for men,10,0,0,Low,B3-bodyfat,informational,blog/how-to-measure-body-fat,tertiary,,auto,KWP group variants: how to see fat percentage
how to tape body fat,10,0,0,Low,B1-chart,informational,blog/how-to-measure-body-fat,tertiary,,auto,KWP group variants: normal weight range for adults; desired body fat percentage calculator
weight into height,10,0,0,Low,B1-chart,informational,blog/how-to-measure-body-fat,tertiary,,auto,KWP group variants: 123 cm height weight chart; 5.5 feet ideal weight; acceptable weight for height; bmi calculator in kg and m; body weight compared to height; chart weight height and age; female bmi range chart; healthy weight for women bmi; healthy weight per age and height; ideal weight for 5 3.5 female in kg; ideal weight for 5 feet 2 inches female in kg; male height weight chart obesity; men's normal weight for height; supposed weight for height and age; 5 6 height normal weight; the average bmi for a woman; body fat visual estimate; body weight calculator for weight loss; calorie calculator based on body fat; easy body fat percentage calculator; how do body weight scales work; how does body fat percentage machine work; how know body fat percentage; how know your body fat percentage; how much of my weight is body fat; how to calculate women's body fat percentage; how to figure out fat mass; how to find total body fat; how to know what your fat percentage is; how to know your fat to muscle ratio; how to know your visceral fat; how to lose 7 percent body fat; how to measure how much fat you have; how to work out how much body fat you have; men's body fat percentage by age
how do scales track body fat,10,0,0,Low,B3-bodyfat,informational,blog/how-to-measure-body-fat,tertiary,,auto,
bmi calculator and fat percentage,10,0,0,Low,B2-population,informational,blog/how-to-measure-body-fat,tertiary,,auto,KWP group variants: average height and weight chart for men; how do scales tell your body fat
how to get to 16 percent body fat,10,0,0,Low,B3-bodyfat,informational,blog/how-to-measure-body-fat,tertiary,,auto,
how to get to 18 percent body fat,10,0,0,Low,B3-bodyfat,informational,blog/how-to-measure-body-fat,tertiary,,auto,
healthy weight by age height and gender,10,0,0,Low,B1-chart,informational,blog/how-to-measure-body-fat,tertiary,,auto,KWP group variants: how to check the fat percentage of your body
how to calculate body fat per,10,0,0,Low,B3-bodyfat,informational,blog/how-to-measure-body-fat,tertiary,,auto,
how to get down to 8 percent body fat,10,0,0,Low,B3-bodyfat,informational,blog/how-to-measure-body-fat,tertiary,,auto,
how to weigh body fat,10,0,0,Medium,B3-bodyfat,informational,blog/how-to-measure-body-fat,tertiary,,auto,
how to i find out my body fat percentage,10,0,0,Medium,B3-bodyfat,informational,blog/how-to-measure-body-fat,tertiary,,auto,
test my body fat percentage,10,0,0,Medium,B3-bodyfat,informational,blog/how-to-measure-body-fat,tertiary,,auto,KWP group variants: how do smart scales measure water weight
how to measure your body fat with measuring tape,10,0,0,Medium,B3-bodyfat,informational,blog/how-to-measure-body-fat,tertiary,,auto,
normal weight for bmi,10,0,0,Medium,B1-chart,informational,blog/how-to-measure-body-fat,tertiary,,auto,KWP group variants: ideal weight by height and frame; ideal weight for height and build; body fat calculator scale accuracy; how to decrease waist size male; how to know your body fat at home; how to measure body fat percentage machine
how do electronic scales measure body fat,10,0,0,Medium,B3-bodyfat,informational,blog/how-to-measure-body-fat,tertiary,,auto,
how can i check my body fat at home,10,0,0,Medium,B3-bodyfat,informational,blog/how-to-measure-body-fat,tertiary,,auto,
how to measure body fat percentage female,10,0,0,Medium,B3-bodyfat,informational,blog/how-to-measure-body-fat,tertiary,,auto,
check my ideal weight,10,0,0,Medium,B2-population,informational,blog/how-to-measure-body-fat,tertiary,,auto,KWP group variants: get your body fat measured
how to compute for body fat percentage,10,0,0,Medium,B3-bodyfat,informational,blog/how-to-measure-body-fat,tertiary,,auto,
how to measure your body fat with calipers,10,0,0,Medium,B3-bodyfat,informational,blog/how-to-measure-body-fat,tertiary,,auto,
get my body fat percentage,10,0,0,Medium,B3-bodyfat,informational,blog/how-to-measure-body-fat,tertiary,,auto,KWP group variants: test to check body fat percentage
how to measure fat loss at home,10,0,0,Medium,B3-bodyfat,informational,blog/how-to-measure-body-fat,tertiary,,auto,
how to count my body fat percentage,10,0,0,Medium,B3-bodyfat,informational,blog/how-to-measure-body-fat,tertiary,,auto,
how to learn your body fat percentage,10,0,0,Low,B3-bodyfat,informational,blog/how-to-measure-body-fat,tertiary,,auto,
62 kg bmi,10,0,0,Low,B1-chart,informational,blog/how-to-measure-body-fat,tertiary,,auto,KWP group variants: age adjusted bmi chart; height and weight male chart; ideal weight chart according to height; men's normal weight; optimum weight for male; standard bmi chart for female; average weight for height 5 3 female; normal healthy weight for a man; normal weight for 5.4 female; overall obesity rate in america; best fat calculator; body fat caliper calculator 7 point; body fat percentage to pounds calculator; calculate lean body mass with body fat percentage; fat calculator women; how accurate are body fat scales reddit; how do machines measure body fat; how do scales measure bone density; how to find current body fat percentage; how to get body fat checked; how to tell your losing body fat; pounds to body fat percentage converter
how can i calculate how much body fat i have,10,0,0,Medium,B3-bodyfat,informational,blog/how-to-measure-body-fat,tertiary,,auto,
how do body analysis scales work,10,0,0,Medium,B3-bodyfat,informational,blog/how-to-measure-body-fat,tertiary,,auto,
how to calculate ideal body fat percentage,10,0,0,Medium,B3-bodyfat,informational,blog/how-to-measure-body-fat,tertiary,,auto,
how can u tell how much body fat u have,10,0,0,Medium,B3-bodyfat,informational,blog/how-to-measure-body-fat,tertiary,,auto,
how to check the body fat,10,0,0,Medium,B3-bodyfat,informational,blog/how-to-measure-body-fat,tertiary,,auto,
measure my fat percentage,10,0,0,Medium,B3-bodyfat,informational,blog/how-to-measure-body-fat,tertiary,,auto,
how do you measure bmi body composition,10,0,0,Medium,B3-bodyfat,informational,blog/how-to-measure-body-fat,tertiary,,auto,
how to check your fat,10,0,0,Medium,B3-bodyfat,informational,blog/how-to-measure-body-fat,tertiary,,auto,
how to check your body fat at home,10,0,0,Low,B3-bodyfat,informational,blog/how-to-measure-body-fat,tertiary,,auto,
target bmi women,10,0,0,Medium,B1-chart,informational,blog/how-to-measure-body-fat,tertiary,,auto,KWP group variants: how lower your body fat percentage; how smart scale measure body fat
how to measure your own body fat,10,0,0,Medium,B3-bodyfat,informational,blog/how-to-measure-body-fat,tertiary,,auto,
how to use digital body fat caliper,10,0,0,Low,B3-bodyfat,informational,blog/how-to-measure-body-fat,tertiary,,auto,
how to get accurate body fat,10,0,0,Low,B3-bodyfat,informational,blog/how-to-measure-body-fat,tertiary,,auto,
bmi chart online,10,0,0,Low,B1-chart,informational,blog/how-to-measure-body-fat,tertiary,,auto,KWP group variants: good weight for age and height; good weight for height and age; how to measure fat at home
how to get your body fat measured,10,0,0,Low,B3-bodyfat,informational,blog/how-to-measure-body-fat,tertiary,,auto,
my healthy weight range,10,0,0,Low,B1-chart,informational,blog/how-to-measure-body-fat,tertiary,,auto,KWP group variants: how to measure body fat at home with tape; how to tell how much percentage body fat you are
how to find my body fat percentage at home,10,0,0,Low,B3-bodyfat,informational,blog/how-to-measure-body-fat,tertiary,,auto,
how to find out how much body fat,10,0,0,Low,B3-bodyfat,informational,blog/how-to-measure-body-fat,tertiary,,auto,
google bmi chart,10,0,0,Low,B1-chart,informational,blog/how-to-measure-body-fat,tertiary,,auto,KWP group variants: how to work out your body fat percentage; how can you work out your body fat percentage; how do you work out your body fat percentage; how do you work out your fat percentage; how to calculate body fat by weight and height; how to calculate body fat with height and weight; how to work out your fat percentage
how to see how much fat you have,10,0,0,Low,B3-bodyfat,informational,blog/how-to-measure-body-fat,tertiary,,auto,
how to measure body fat from home,10,0,0,Low,B3-bodyfat,informational,blog/how-to-measure-body-fat,tertiary,,auto,
how to calculate body fat men,10,0,0,Low,B1-chart,informational,blog/how-to-measure-body-fat,tertiary,,auto,KWP group variants: weight according to height and age female; weight according to height and age for female; how to calculate body fat for men
normal weight graph,10,0,0,Low,B1-chart,informational,blog/how-to-measure-body-fat,tertiary,,auto,KWP group variants: bmi chart based on age; height weight chart website; male weight range by height; normal bmi for male and female; normal weight based on age and height; normal weight table; senior male weight chart; weight scale chart female; average weight loss for women; healthy weight for 168cm female; best body fat calculator online; body fat percentage online; goal weight body fat calculator; how can a scale measure body fat percentage; how much body fat do you have; how much does 1 percent of body fat weight; how to calculate body fat formula; how to calculate your fat mass; how to check your percentage of body fat; how to find muscle to fat ratio; how to get to 4 percent body fat; how to go down in body fat percentage; how to read body fat
how to measure body fat with skinfold calipers,10,0,0,Low,B3-bodyfat,informational,blog/how-to-measure-body-fat,tertiary,,auto,
women's weight calculator average,10,0,0,Low,B2-population,informational,blog/how-to-measure-body-fat,tertiary,,auto,KWP group variants: how accurate are body mass scales
how can i check my fat percentage,10,0,0,Low,B3-bodyfat,informational,blog/how-to-measure-body-fat,tertiary,,auto,
how to get to 20 percent body fat female,10,0,0,Low,B3-bodyfat,informational,blog/how-to-measure-body-fat,tertiary,,auto,
find my body fat,10,0,0,Low,B1-chart,informational,blog/how-to-measure-body-fat,tertiary,,auto,KWP group variants: best weight according to height; best weight based on height; good weight according to height; healthy bmi 6ft male; height and weight chart bmi calculator; ideal weight for age and height male; normal bmi level for male; optimal bmi by age; weight chart for women over 55; weight related to height; healthy bmi for 5 foot 7 female; army body composition tape measure; how figure out body fat percentage; how reliable are body fat scales; how to determine fat mass; how to find bmi percentage; how to get accurate body fat measurement; how to know what percentage of fat you have; how to reduce body fat composition
healthy woman weight chart,10,0,0,Low,B1-chart,informational,blog/how-to-measure-body-fat,tertiary,,auto,KWP group variants: how to calculate accurate body fat percentage
how accurate are body fat machines,10,0,0,Low,B3-bodyfat,informational,blog/how-to-measure-body-fat,tertiary,,auto,KWP group variants: how accurate are the body fat machines
how to check body fat percentage without equipment,10,0,0,Low,B3-bodyfat,informational,blog/how-to-measure-body-fat,tertiary,,auto,
how to measure body fat percentage loss,10,0,0,Low,B3-bodyfat,informational,blog/how-to-measure-body-fat,tertiary,,auto,
how to measure total body fat,10,0,0,Low,B3-bodyfat,informational,blog/how-to-measure-body-fat,tertiary,,auto,KWP group variants: how to determine your body fat percentage at home
how to figure body fat percentage at home,10,0,0,Low,B3-bodyfat,informational,blog/how-to-measure-body-fat,tertiary,,auto,
how to determine the body fat percentage,10,0,0,Low,B3-bodyfat,informational,blog/how-to-measure-body-fat,tertiary,,auto,
how to calculate body fat percentage with tape measure,10,0,0,Low,B3-bodyfat,informational,blog/how-to-measure-body-fat,tertiary,,auto,
normal bmi in male,10,0,0,Low,B1-chart,informational,blog/how-to-measure-body-fat,tertiary,,auto,KWP group variants: bmi ideal weight for height; ideal bmi for men and women; best way to measure fat loss; how can a scale measure your body fat; how do scales read body fat; how to calculate fat mass index; how to determine body fat at home; how to find your body weight percentage; how to find your total body fat percentage; how to get your body fat tested; how to measure body fat mass; how to see how much body fat u have
how do i calculate fat percentage,10,0,0,Low,B3-bodyfat,informational,blog/how-to-measure-body-fat,tertiary,,auto,
how to measure body fat to muscle ratio,10,0,0,Low,B3-bodyfat,informational,blog/how-to-measure-body-fat,tertiary,,auto,
ideal bmi calculator male,10,0,0,Low,B1-chart,informational,blog/how-to-measure-body-fat,tertiary,,auto,KWP group variants: how do scales measure fat; how much body fat calculator; how to get of body fat; how to measure muscle gain and fat loss
how to weigh body fat percentage,10,0,0,Low,B3-bodyfat,informational,blog/how-to-measure-body-fat,tertiary,,auto,
how do i calculate percentage of body fat,10,0,0,Low,B3-bodyfat,informational,blog/how-to-measure-body-fat,tertiary,,auto,
get your body fat percentage,10,0,0,Low,B1-chart,informational,blog/how-to-measure-body-fat,tertiary,,auto,KWP group variants: body mass index table for adults; most reliable way to measure body fat
how is fat percentage measured,10,0,0,Low,B3-bodyfat,informational,blog/how-to-measure-body-fat,tertiary,,auto,
how to see what percent body fat you are,10,0,0,Low,B3-bodyfat,informational,blog/how-to-measure-body-fat,tertiary,,auto,
how to scales calculate body fat,10,0,0,Low,B3-bodyfat,informational,blog/how-to-measure-body-fat,tertiary,,auto,
estimate your body fat,10,0,0,Low,B1-chart,informational,blog/how-to-measure-body-fat,tertiary,,auto,KWP group variants: healthy weight for 5ft 8 female; table of weight and height for women's; ideal weight for 5 foot 8 inch female; calorie and macro calculator for body recomposition; how accurate are body analysis scales; how the scale measure body fat; how to calculate body fat in pounds; how to calculate pounds of body fat; how to measure my fat; most effective way to measure body fat
how do u figure out body fat percentage,10,0,0,Low,B3-bodyfat,informational,blog/how-to-measure-body-fat,tertiary,,auto,
weight at body fat calculator,10,0,0,Low,B3-bodyfat,informational,blog/how-to-measure-body-fat,tertiary,,auto,KWP group variants: how do smart scales calculate bmr
how does my scale calculate body fat,10,0,0,Low,B3-bodyfat,informational,blog/how-to-measure-body-fat,tertiary,,auto,
how does a scale tell body fat,10,0,0,Low,B3-bodyfat,informational,blog/how-to-measure-body-fat,tertiary,,auto,
how accurate is 1byone scale,10,0,0,Low,B3-bodyfat,informational,blog/how-to-measure-body-fat,tertiary,,auto,KWP group variants: how to know my body fat level
how do you calculate body fat percentage at home,10,0,0,Low,B3-bodyfat,informational,blog/how-to-measure-body-fat,tertiary,,auto,
weight for normal bmi,10,0,0,Low,B1-chart,informational,blog/how-to-measure-body-fat,tertiary,,auto,KWP group variants: bmi chart for females over 60; bmi scale female calculator; men's healthy weight by height; proper weight and height for age chart; your weight and height; how accurate is body composition analyzer; how to check body fat with calipers; how to find out how much body fat u have; how to reduce high body fat percentage; weight to body fat percentage calculator
how to calculate bmi percent,10,0,0,Low,B3-bodyfat,informational,blog/how-to-measure-body-fat,tertiary,,auto,KWP group variants: how to get 1 body fat
how to calculate body fat percentage chart,10,0,0,Low,B3-bodyfat,informational,blog/how-to-measure-body-fat,tertiary,,auto,
body fat 31 percent,10,0,0,Low,B1-chart,informational,blog/how-to-measure-body-fat,tertiary,,auto,KWP group variants: ideal woman's weight by height; how to count your body fat; how decrease body fat percentage; how do scales detect body fat; how fast can you decrease body fat percentage; how to find out your fat to muscle ratio
how accurate are home scales for body fat percentage,10,0,0,Low,B3-bodyfat,informational,blog/how-to-measure-body-fat,tertiary,,auto,
how to test your body fat percentage at home,10,0,0,Low,B3-bodyfat,informational,blog/how-to-measure-body-fat,tertiary,,auto,
how can scales measure visceral fat,10,0,0,Low,B3-bodyfat,informational,blog/how-to-measure-body-fat,tertiary,,auto,KWP group variants: how do you know what percentage of body fat
how do digital scales calculate body fat,10,0,0,Low,B3-bodyfat,informational,blog/how-to-measure-body-fat,tertiary,,auto,
how to do a body composition test,10,0,0,Low,B3-bodyfat,informational,blog/how-to-measure-body-fat,tertiary,,auto,
body fat determination,10,0,0,Low,B3-bodyfat,informational,blog/how-to-measure-body-fat,tertiary,,auto,KWP group variants: how does a scale measure fat
how do fat measuring scales work,10,0,0,Low,B3-bodyfat,informational,blog/how-to-measure-body-fat,tertiary,,auto,KWP group variants: how to know what body fat you have
how accurate are bathroom scales that measure body fat,10,0,0,Low,B3-bodyfat,informational,blog/how-to-measure-body-fat,tertiary,,auto,
89 kg bmi,10,0,0,Low,B1-chart,informational,blog/how-to-measure-body-fat,tertiary,,auto,KWP group variants: appropriate body weight for height and age; male bmi height weight chart; male obesity scale; weight chart obesity range; bmi caliper test; measuring bmi with calipers
how to calculate my body fat at home,10,0,0,Low,B3-bodyfat,informational,blog/how-to-measure-body-fat,tertiary,,auto,KWP group variants: how can i calculate my body fat at home
large bmi chart,10,0,0,Low,B1-chart,informational,blog/how-to-measure-body-fat,tertiary,,auto,KWP group variants: bmi calculator for elderly female; childhood obesity bmi chart; female height weight chart according to age; healthy body weight chart male; healthy weight by age and gender; ideal male weight by height and age; ideal weight by height and age male; ideal weight for senior men; proper bmi for female; recommended bmi female; weight chart for females by age and height calculator; weight per height calculator; weight per height ratio; women's bmi height weight chart; women's weight based on height and age; if my height is 6 how much should i weigh; perfect bmi for 6ft male; work out body fat percentage; bmi calculator and how much weight to lose; b9dy fat calculator; body fat estimate us navy formula; body fat macro calculator; body fat to height ratio; calculate goal weight body fat percentage; find out your body fat; healthy fat level; how do i know my body fat level; how do i know what my fat percentage is; how do scales weigh body fat; how do weight machines calculate body fat; how find out body fat percentage; how find your body fat percentage; how measure your body fat percentage; how to calculate body fat calculator; how to calculate percentage of fat loss; how to figure body fat percentage loss; how to figure body weight loss percentage; how to find your fat to muscle ratio; how to go from 28 body fat to 20; how to lose body fat percentage male; lowering body fat percentage male; macros per body weight; maintenance calorie calculator body fat; measure of body fat based on height and weight; muscle gain fat loss calculator; normal body composition for males
how do smart scales know your body fat,10,0,0,Low,B3-bodyfat,informational,blog/how-to-measure-body-fat,tertiary,,auto,
how to calculate body fat percentage with measurements,10,0,0,Low,B3-bodyfat,informational,blog/how-to-measure-body-fat,tertiary,,auto,
how to measure body fat skinfold calipers,10,0,0,Low,B3-bodyfat,informational,blog/how-to-measure-body-fat,tertiary,,auto,
exact body fat percentage calculator,10,0,0,Low,B3-bodyfat,informational,blog/how-to-measure-body-fat,tertiary,,auto,KWP group variants: convert body fat percentage to bmi; how to tell what percent body fat i have
how to measure fat weight,10,0,0,Low,B3-bodyfat,informational,blog/how-to-measure-body-fat,tertiary,,auto,
how do scales tell body fat,10,0,0,Low,B3-bodyfat,informational,blog/how-to-measure-body-fat,tertiary,,auto,
how to calculate body fat percentage by weight,10,0,0,Low,B3-bodyfat,informational,blog/how-to-measure-body-fat,tertiary,,auto,
how do i measure my body fat accurately,10,0,0,Low,B3-bodyfat,informational,blog/how-to-measure-body-fat,tertiary,,auto,
how to estimate body fat without calipers,10,0,0,Low,B3-bodyfat,informational,blog/how-to-measure-body-fat,tertiary,,auto,
quick body fat calculator,10,0,0,Low,B1-chart,informational,blog/how-to-measure-body-fat,tertiary,,auto,KWP group variants: height and age weight chart female; normal weight for women by height; best way to calculate body fat percentage at home; how can u tell your body fat percentage; how do smart scales measure body fat percentage; how to do body fat; how to know you body fat; how to lose waist circumference
how to gauge your body fat percentage,10,0,0,Low,B3-bodyfat,informational,blog/how-to-measure-body-fat,tertiary,,auto,
how is body fat calculated on scales,10,0,0,Low,B3-bodyfat,informational,blog/how-to-measure-body-fat,tertiary,,auto,
how do home scales measure body fat,10,0,0,Low,B3-bodyfat,informational,blog/how-to-measure-body-fat,tertiary,,auto,
height and weight overweight chart,10,0,0,Low,B1-chart,informational,blog/how-to-measure-body-fat,tertiary,,auto,KWP group variants: how do smart scales determine body fat
how does a body fat percentage scale work,10,0,0,Low,B3-bodyfat,informational,blog/how-to-measure-body-fat,tertiary,,auto,
a measure of body fat based on height and weight,10,0,0,Low,B3-bodyfat,informational,blog/how-to-measure-body-fat,tertiary,,auto,
how do you know how much body fat i have,10,0,0,Low,B3-bodyfat,informational,blog/how-to-measure-body-fat,tertiary,,auto,
how do scales that measure fat work,10,0,0,Low,B3-bodyfat,informational,blog/how-to-measure-body-fat,tertiary,,auto,
how to use tape measure for body fat,10,0,0,Low,B3-bodyfat,informational,blog/how-to-measure-body-fat,tertiary,,auto,
how do body fat monitors work,10,0,0,Low,B3-bodyfat,informational,blog/how-to-measure-body-fat,tertiary,,auto,
how to estimate body fat percentage male,10,0,0,Low,B3-bodyfat,informational,blog/how-to-measure-body-fat,tertiary,,auto,
fat measure calculator,10,0,0,Low,B1-chart,informational,blog/how-to-measure-body-fat,tertiary,,auto,KWP group variants: bmi calculator female normal range; normal body weight bmi; weight according to your height; your weight according to your height; average bmi for 6ft male; bmi calculator to body fat; cutting body fat calculator; excess body weight loss calculator; how do fat scales work; how find out your body fat percentage; how much percent body fat am i; how to calculate fat mass percentage; how to determine muscle to fat ratio; how to weigh your body fat
how to determine body fat percentage from bmi,10,0,0,High,B3-bodyfat,informational,blog/how-to-measure-body-fat,tertiary,,auto,
measure body fat and muscle,10,0,0,High,B3-bodyfat,informational,blog/how-to-measure-body-fat,tertiary,,auto,
best bmi machine,10,0,0,High,B3-bodyfat,informational,blog/how-to-measure-body-fat,tertiary,,auto,KWP group variants: test your body fat
bmi electronic scale,10,0,0,High,B1-chart,informational,blog/how-to-measure-body-fat,tertiary,,auto,KWP group variants: good eating plans to lose weight; healthiest diet plans for weight loss; best bmi measuring device; body fat calculator at home; body fat counter machine; body fat percentage calculator scale; body weight bmi scale; how can i measure fat in my body; how do you determine body composition; how measure fat percentage; how to check my body fat and muscle mass; how to measure fat and muscle percentage; how to test your body fat at home; how to track body fat loss; machine to calculate body fat percentage; weight scale that measures bmi
how do bioimpedance scales work,10,0,0,Low,B3-bodyfat,informational,blog/how-to-measure-body-fat,tertiary,,auto,
how do skinfold calipers work,10,0,0,Low,B3-bodyfat,informational,blog/how-to-measure-body-fat,tertiary,,auto,
how to get to 13 percent body fat,10,0,0,Low,B3-bodyfat,informational,blog/how-to-measure-body-fat,tertiary,,auto,
the best way to measure body fat,10,0,0,Low,B3-bodyfat,informational,blog/how-to-measure-body-fat,tertiary,,auto,
best bmi chart,10,0,0,Low,B1-chart,informational,blog/how-to-measure-body-fat,tertiary,,auto,KWP group variants: 178 cm height ideal weight; 4 years height and weight; adequate weight for height and age; bmi chart with weight and height; bmi obesity chart female; bmi weight and age; correct bmi for age and height; expected weight for height; healthy bmi for height and age; healthy women's weight calculator; height weight chart male calculator; ht wt chart male; ideal bmi for height and age; overweight chart by age and height; overweight scale by height and age; recommended bmi chart; typical body weight for my height; weight and height normal; women's healthy body weight chart; average bmi for 5 0 female; calculate body fat percentage by weight and height; calculate body fat percentage with height and weight; calculate body fat percentage with weight and height; calculate my fat; calculate visceral fat level; fat mass percentage calculator; how accurate are body composition machines; how accurate is the scale for body fat; how can a scale read body fat; how can you find out body fat percentage; how do scales measure your body fat; how does weighing scale calculate body fat; how to calculate your own body fat percentage; how to i find my body fat percentage; measure visceral fat calculator; muscle mass and fat mass calculator; waist size body fat; waist to weight body fat calculator
how can we calculate body fat percentage,10,0,0,Low,B3-bodyfat,informational,blog/how-to-measure-body-fat,tertiary,,auto,
how to measure body fat measuring tape,10,0,0,Low,B3-bodyfat,informational,blog/how-to-measure-body-fat,tertiary,,auto,
bmi bf,10,0,0,Low,B1-chart,informational,blog/how-to-measure-body-fat,tertiary,,auto,KWP group variants: age weight and height chart for female; bmi chart according to age; bmi full chart; full bmi chart; height according to age; ideal male weight 5 11; standard weight chart for male; weight and height chart for females by age; 5 3 height normal weight; how accurate are scale body fat; how accurate are scales for body fat percentage; how does a smart scale calculate bmr; how to calculate body fat without calipers; how to find accurate body fat percentage; how to find your current body fat percentage; ideal weight and body fat
how to get to 10 12 body fat,10,0,0,Low,B3-bodyfat,informational,blog/how-to-measure-body-fat,tertiary,,auto,
how much is 3 body fat,10,0,0,Low,B3-bodyfat,informational,blog/how-to-measure-body-fat,tertiary,,auto,
how do skin calipers work,10,0,0,Low,B3-bodyfat,informational,blog/how-to-measure-body-fat,tertiary,,auto,
how much of your body is fat,10,0,0,Low,B3-bodyfat,informational,blog/how-to-measure-body-fat,tertiary,,auto,
how accurate are handheld body fat,10,0,0,Low,B3-bodyfat,informational,blog/how-to-measure-body-fat,tertiary,,auto,
how accurate is electrical impedance body fat,10,0,0,Low,B3-bodyfat,informational,blog/how-to-measure-body-fat,tertiary,,auto,
average body fat calculator,10,0,0,Low,B1-chart,informational,blog/how-to-measure-body-fat,tertiary,,auto,KWP group variants: age appropriate weight chart; height waist body fat calculator; how does a scale measure body water; how much body fat is overweight; normal body fat percentage by age
how to calculate body fat calipers,10,0,0,Low,B3-bodyfat,informational,blog/how-to-measure-body-fat,tertiary,,auto,
how to read a body fat caliper,10,0,0,Low,B3-bodyfat,informational,blog/how-to-measure-body-fat,tertiary,,auto,
how much is 2 body fat,10,0,0,Low,B3-bodyfat,informational,blog/how-to-measure-body-fat,tertiary,,auto,
height comparison weight,10,0,0,Low,B1-chart,informational,blog/how-to-measure-body-fat,tertiary,,auto,KWP group variants: height x weight chart; body fat calculator using bmi; body fat skin fold calculator; how can a scale know your body fat; how to get 10 12 body fat; how to go from 40 body fat to 20; how to lose fat around the waist and hips; how to lose fat around waist and hips; how to measure body fat without equipment; low body fat for a woman
bodybuilding fat calculator,10,0,0,Low,B1-chart,informational,blog/how-to-measure-body-fat,tertiary,,auto,KWP group variants: healthy bmi range for older adults; normal bmi range for older adults; obesity in us compared to other countries; obesity rates in america by decade; goal weight calculator body fat; how do calipers measure body fat; how does a scale know body fat; how to calculate goal weight from body fat percentage; how to use body fat
bmi scale table,10,0,0,Low,B1-chart,informational,blog/how-to-measure-body-fat,tertiary,,auto,KWP group variants: 5 3 height weight in kg female; 9 years height and weight; bmi category table; healthy range for bmi male and female; height and weight based on age; height weight chart men's health; height weight scale male; ideal men's body weight chart; normal age weight chart; normal range of bmi for male and female; underweight overweight obese chart; projected obesity rates in america; body mass and fat calculator; checking body fat with calipers; how to do body fat caliper test; how to measure your body fat percentage with calipers; subcutaneous fat percentage calculator; visceral fat normal percentage; weight loss waist size calculator
healthy weight for 167cm,10,0,0,Low,B1-chart,informational,blog/how-to-measure-body-fat,tertiary,,auto,KWP group variants: national health weight chart; how accurate are electronic body fat testers; how to have 5 percent body fat
overweight chart for height,10,0,0,Low,B1-chart,informational,blog/how-to-measure-body-fat,tertiary,,auto,KWP group variants: average weight by age adults; ideal weight for the height chart; average weight for 5 7 female kg; bmi based on body measurements; calculate body fat percentage without calipers; calories for recomposition calculator; how accurate is abyon scale; how do weighing machine calculate body fat; how good are body fat scales; how to calculate subcutaneous fat; how to calculate weight with body measurements; how to lose belly fat percentage; how to use a body caliper
how to determine body fat content based on bmi,10,0,0,Low,B3-bodyfat,informational,blog/how-to-measure-body-fat,tertiary,,auto,
how to measure fat using calipers,10,0,0,Low,B3-bodyfat,informational,blog/how-to-measure-body-fat,tertiary,,auto,
normal percentage of fat in body,10,0,0,Low,B3-bodyfat,informational,blog/how-to-measure-body-fat,tertiary,,auto,KWP group variants: how to get to 17 percent body fat
how to calculate amount of body fat,10,0,0,Low,B1-chart,informational,blog/how-to-measure-body-fat,tertiary,,auto,KWP group variants: healthy weight for men's height and age
ideal body chart,10,0,0,Low,B1-chart,informational,blog/how-to-measure-body-fat,tertiary,,auto,KWP group variants: age related bmi chart; average filipino height and weight chart; bmi weight scale chart; chart for female height and weight; female ideal height weight chart; healthy weight for my height calculator; height 5 3 weight in kg; height female chart; ideal body weight for height male; im 5ft 4in how much should i weigh; kentucky obesity rates by county; obesity rates by city in us; accurate way to calculate body fat; bmi method body fat calculator; body fat and age; body fat calculator caliper 4 site; body fat calculator freedieting; body fat calculator using waist size; how accurate are body fat weight scales; how to calculate body fat without measurements; how to measure arm fat; how to measure your body fat accurately; how to use a handheld body fat analyzer; ideal weight calculator muscle; skinfold fat calculator; skinfold measurement formula; weight loss percentage calculator with height; ymca fat calculator
weight and height chart in lbs,10,0,0,Low,B1-chart,informational,blog/how-to-measure-body-fat,tertiary,,auto,KWP group variants: bmi chart age height weight gender; how accurate is the health o meter body fat scale
how to read fat calipers,10,0,0,Low,B3-bodyfat,informational,blog/how-to-measure-body-fat,tertiary,,auto,KWP group variants: simple body fat calculator height weight
how to have 10 percent body fat,10,0,0,Low,B3-bodyfat,informational,blog/how-to-measure-body-fat,tertiary,,auto,
weight according to height and age male,10,0,0,Low,B1-chart,informational,blog/how-to-measure-body-fat,tertiary,,auto,KWP group variants: how do you know what body fat percentage you have
how to know your fat body percentage,10,0,0,Low,B3-bodyfat,informational,blog/how-to-measure-body-fat,tertiary,,auto,
how to check your own body fat,10,0,0,Low,B1-chart,informational,blog/how-to-measure-body-fat,tertiary,,auto,KWP group variants: healthy weight by age and height and gender
standard weight by age,10,0,0,Low,B2-population,informational,blog/how-to-measure-body-fat,tertiary,,auto,KWP group variants: how to use omron body fat analyzer
how does a weighing scale calculate body fat,10,0,0,Low,B3-bodyfat,informational,blog/how-to-measure-body-fat,tertiary,,auto,
measuring body fat with tape measure formula,10,0,0,Low,B3-bodyfat,informational,blog/how-to-measure-body-fat,tertiary,,auto,
how precise are body fat scales,10,0,0,Low,B3-bodyfat,informational,blog/how-to-measure-body-fat,tertiary,,auto,
body fat percentage measurement chart,10,0,0,Low,B3-bodyfat,informational,blog/how-to-measure-body-fat,tertiary,,auto,
ideal weight 5.8 female,10,0,0,Low,B1-chart,informational,blog/how-to-measure-body-fat,tertiary,,auto,KWP group variants: best weight according to height and age; healthy weight for 176cm male; how to measure body fat with loose skin
how does a body fat machine work,10,0,0,Low,B1-chart,informational,blog/how-to-measure-body-fat,tertiary,,auto,KWP group variants: bmi chart female height and weight and age
how to calculate fat percentage in your body,10,0,0,Low,B3-bodyfat,informational,blog/how-to-measure-body-fat,tertiary,,auto,
how to compute your body fat,10,0,0,Low,B3-bodyfat,informational,blog/how-to-measure-body-fat,tertiary,,auto,
how to measure body fat circumference,10,0,0,Low,B3-bodyfat,informational,blog/how-to-measure-body-fat,tertiary,,auto,
healthy male weight by age,10,0,0,Low,B1-chart,informational,blog/how-to-measure-body-fat,tertiary,,auto,KWP group variants: how accurate is body fat percentage scales
how much fat percentage in human body,10,0,0,Low,B3-bodyfat,informational,blog/how-to-measure-body-fat,tertiary,,auto,
how to measure forearm for body fat,10,0,0,Low,B3-bodyfat,informational,blog/how-to-measure-body-fat,tertiary,,auto,
medical height weight age chart,10,0,0,Low,B1-chart,informational,blog/how-to-measure-body-fat,tertiary,,auto,KWP group variants: how do scales measure body fat and water weight
how scale calculate body fat,10,0,0,Low,B3-bodyfat,informational,blog/how-to-measure-body-fat,tertiary,,auto,
how to use bmi calipers,10,0,0,Low,B3-bodyfat,informational,blog/how-to-measure-body-fat,tertiary,,auto,
how to tell what body fat you have,10,0,0,Low,B3-bodyfat,informational,blog/how-to-measure-body-fat,tertiary,,auto,
how to find your fat percentage at home,10,0,0,Low,B3-bodyfat,informational,blog/how-to-measure-body-fat,tertiary,,auto,
how to work out body fat percentage with calipers,10,0,0,Low,B3-bodyfat,informational,blog/how-to-measure-body-fat,tertiary,,auto,
calculate body fat without measurements,10,0,0,Low,B3-bodyfat,informational,blog/how-to-measure-body-fat,tertiary,,auto,
most accurate bmi chart,10,0,-50,Low,B1-chart,informational,blog/how-to-measure-body-fat,tertiary,,auto,KWP group variants: healthy body fat by age
how do you find the body fat percentage,10,0,0,Low,B3-bodyfat,informational,blog/how-to-measure-body-fat,tertiary,,auto,
how to measure body fat without tools,10,0,0,Low,B3-bodyfat,informational,blog/how-to-measure-body-fat,tertiary,,auto,
how to get down to 6 percent body fat,10,0,0,Low,B3-bodyfat,informational,blog/how-to-measure-body-fat,tertiary,,auto,
how do u know how much body fat you have,10,0,0,Low,B3-bodyfat,informational,blog/how-to-measure-body-fat,tertiary,,auto,
how to work out body fat percentage at home,10,0,0,Low,B3-bodyfat,informational,blog/how-to-measure-body-fat,tertiary,,auto,
how to measure body fat with calipers by yourself,10,0,0,Low,B3-bodyfat,informational,blog/how-to-measure-body-fat,tertiary,,auto,
how to have 15 body fat,10,0,0,Low,B3-bodyfat,informational,blog/how-to-measure-body-fat,tertiary,,auto,
how to calculate body fat percentage without calipers,10,0,-75,Low,B3-bodyfat,informational,blog/how-to-measure-body-fat,tertiary,,auto,
how do i measure body fat at home,10,0,-67,Medium,B3-bodyfat,informational,blog/how-to-measure-body-fat,tertiary,,auto,
how do i know my level of body fat,10,0,-67,Medium,B3-bodyfat,informational,blog/how-to-measure-body-fat,tertiary,,auto,
how to get 7 percent body fat,10,0,-67,Low,B3-bodyfat,informational,blog/how-to-measure-body-fat,tertiary,,auto,
how can a scale tell my body fat,10,0,-67,Low,B3-bodyfat,informational,blog/how-to-measure-body-fat,tertiary,,auto,
how to calculate total body fat percentage,10,0,-50,Low,B3-bodyfat,informational,blog/how-to-measure-body-fat,tertiary,,auto,
how to assess body fat,10,0,-50,Low,B3-bodyfat,informational,blog/how-to-measure-body-fat,tertiary,,auto,
how to see what your body fat percentage is,10,0,-50,Low,B3-bodyfat,informational,blog/how-to-measure-body-fat,tertiary,,auto,
how to get a body composition test,10,0,-50,High,B3-bodyfat,informational,blog/how-to-measure-body-fat,tertiary,,auto,
measure your body fat,10,0,-50,Low,B3-bodyfat,informational,blog/how-to-measure-body-fat,tertiary,,auto,KWP group variants: how can a scale calculate body fat; how do body fat machines work
how accurate is body fat percentage,10,0,-50,Low,B3-bodyfat,informational,blog/how-to-measure-body-fat,tertiary,,auto,
how to measure your own body fat percentage,10,0,-50,Medium,B3-bodyfat,informational,blog/how-to-measure-body-fat,tertiary,,auto,
proper bmi chart,10,0,-50,Low,B1-chart,informational,blog/how-to-measure-body-fat,tertiary,,auto,KWP group variants: correct bmi chart; how accurate is weight scale body fat
how do handheld body fat analyzers work,10,0,-50,Low,B3-bodyfat,informational,blog/how-to-measure-body-fat,tertiary,,auto,
how to roughly calculate body fat,10,0,-50,Low,B3-bodyfat,informational,blog/how-to-measure-body-fat,tertiary,,auto,
how to use body composition scale,10,0,-50,Low,B3-bodyfat,informational,blog/how-to-measure-body-fat,tertiary,,auto,
ideal weight frame,10,0,-50,Low,B1-chart,informational,blog/how-to-measure-body-fat,tertiary,,auto,KWP group variants: ideal body weight based on frame; normal body weight range; weight by age woman; how do doctors measure body fat percentage; how to find your body fat percentage without measurements
how accurate are impedance scales,10,0,-50,Low,B3-bodyfat,informational,blog/how-to-measure-body-fat,tertiary,,auto,
best way to check body fat,10,0,-50,Low,B3-bodyfat,informational,blog/how-to-measure-body-fat,tertiary,,auto,
scale the measures body fat,10,0,-50,High,B3-bodyfat,informational,blog/how-to-measure-body-fat,tertiary,,auto,
how much body fat percentage is normal,10,0,-50,Low,B3-bodyfat,informational,blog/how-to-measure-body-fat,tertiary,,auto,
machine to check body fat percentage,10,0,-50,High,B3-bodyfat,informational,blog/how-to-measure-body-fat,tertiary,,auto,
how to get 3 body fat,10,0,-50,Low,B3-bodyfat,informational,blog/how-to-measure-body-fat,tertiary,,auto,
how accurate are the handheld body fat calculators,10,0,-50,Low,B3-bodyfat,informational,blog/how-to-measure-body-fat,tertiary,,auto,
fat calculator bmi,10,0,-50,Low,B1-chart,informational,blog/how-to-measure-body-fat,tertiary,,auto,KWP group variants: bmi percentile calculator by age; female weight by height chart; max weight for height; how do scales know your body fat; how do you measure body fat percentage without calipers; how to get body composition measured; how to measure body fat percentage without calipers; how to measure fat percentage without calipers
how to use body calipers,10,0,-50,Low,B3-bodyfat,informational,blog/how-to-measure-body-fat,tertiary,,auto,
how to find out how much fat you have,10,0,-50,Low,B3-bodyfat,informational,blog/how-to-measure-body-fat,tertiary,,auto,
how accurate are fat calipers,10,0,-50,Low,B3-bodyfat,informational,blog/how-to-measure-body-fat,tertiary,,auto,
how can you measure your body composition,10,0,-100,Unknown,B3-bodyfat,informational,blog/how-to-measure-body-fat,tertiary,,auto,
how to know level of body fat,10,0,-100,Unknown,B3-bodyfat,informational,blog/how-to-measure-body-fat,tertiary,,auto,
bmi scale male calculator,10,0,-100,Unknown,B1-chart,informational,blog/how-to-measure-body-fat,tertiary,,auto,KWP group variants: age 9 height weight chart; bmi calculator age weight and height; ideal weight for men over 50; normal bmi range for elderly; how to body fat calculator; how to measure body fat apple watch
body fat category chart,10,0,-100,Unknown,B3-bodyfat,informational,blog/how-to-measure-body-fat,tertiary,,auto,KWP group variants: how to count fat in body
body fat look chart,10,0,-100,Unknown,B3-bodyfat,informational,blog/how-to-measure-body-fat,tertiary,,auto,KWP group variants: how to get my body fat down to 10 percent
4 point body fat,10,0,-100,Unknown,B3-bodyfat,informational,blog/how-to-measure-body-fat,tertiary,,auto,KWP group variants: fat percentage in female body; how to calculate body fat without tools
how to my body fat,10,0,-100,Unknown,B3-bodyfat,informational,blog/how-to-measure-body-fat,tertiary,,auto,
how to compute body composition,10,0,-100,Unknown,B3-bodyfat,informational,blog/how-to-measure-body-fat,tertiary,,auto,
how i lowered my body fat percentage,10,0,-100,Unknown,B3-bodyfat,informational,blog/how-to-measure-body-fat,tertiary,,auto,
how to use body fat calipers female,10,0,-100,Unknown,B3-bodyfat,informational,blog/how-to-measure-body-fat,tertiary,,auto,
how much should be your body fat,10,0,-100,Unknown,B3-bodyfat,informational,blog/how-to-measure-body-fat,tertiary,,auto,
how does machine calculate body fat percentage,10,0,-100,Unknown,B3-bodyfat,informational,blog/how-to-measure-body-fat,tertiary,,auto,
how to take body fat with calipers,10,0,-100,Unknown,B3-bodyfat,informational,blog/how-to-measure-body-fat,tertiary,,auto,
how to find out body fat at home,10,0,-100,Unknown,B3-bodyfat,informational,blog/how-to-measure-body-fat,tertiary,,auto,
how can you assess your body composition,10,0,-100,Unknown,B3-bodyfat,informational,blog/how-to-measure-body-fat,tertiary,,auto,
men's and women's body fat measurement chart,10,0,-100,Unknown,B1-chart,informational,blog/how-to-measure-body-fat,tertiary,,auto,
men's body fat measurement,10,0,-100,Unknown,B3-bodyfat,informational,blog/how-to-measure-body-fat,tertiary,,auto,
how to measure bmi body fat,10,0,-100,Unknown,B3-bodyfat,informational,blog/how-to-measure-body-fat,tertiary,,auto,
how to find how much fat you have,10,0,-100,Unknown,B3-bodyfat,informational,blog/how-to-measure-body-fat,tertiary,,auto,
how to calculate fat mass in kg,10,0,-100,Unknown,B3-bodyfat,informational,blog/how-to-measure-body-fat,tertiary,,auto,
height weight chart for defence,10,0,-100,Unknown,B1-chart,informational,blog/how-to-measure-body-fat,tertiary,,auto,KWP group variants: how to count body fat at home
how do bathroom scales measure bone density,10,0,-100,Unknown,B3-bodyfat,informational,blog/how-to-measure-body-fat,tertiary,,auto,
how to measure fat percentage of body,10,0,-100,Unknown,B3-bodyfat,informational,blog/how-to-measure-body-fat,tertiary,,auto,KWP group variants: how do we measure our body composition
how to calculate body fat percentage manually,10,-50,0,Low,B3-bodyfat,informational,blog/how-to-measure-body-fat,tertiary,,auto,KWP group variants: how to manually calculate body fat percentage
how to calculate lean and fat mass,10,0,-100,Unknown,B3-bodyfat,informational,blog/how-to-measure-body-fat,tertiary,,auto,
average weight for 172cm woman,10,0,-100,Unknown,B2-population,informational,blog/how-to-measure-body-fat,tertiary,,auto,KWP group variants: how to know fat percentage of body
how to tell what body fat percentage your at,10,0,-100,Unknown,B3-bodyfat,informational,blog/how-to-measure-body-fat,tertiary,,auto,
how to calculate your body composition,10,-75,0,Low,B3-bodyfat,informational,blog/how-to-measure-body-fat,tertiary,,auto,
bmi chart hd,10,0,-100,Unknown,B1-chart,informational,blog/how-to-measure-body-fat,tertiary,,auto,KWP group variants: bmi height for age; bmi range according to age; height weight chart ladies; weight for women's height and age in lbs; how to work out your body fat percentage at home; normal range of body fat for females
how to know what percent body fat i am,10,-50,0,Low,B3-bodyfat,informational,blog/how-to-measure-body-fat,tertiary,,auto,
how to see how much body fat i have,10,-50,0,Low,B3-bodyfat,informational,blog/how-to-measure-body-fat,tertiary,,auto,
how to tell what body fat percentage i am,10,-50,0,Low,B3-bodyfat,informational,blog/how-to-measure-body-fat,tertiary,,auto,
how do scales calculate body fat percentage,10,-50,0,Low,B3-bodyfat,informational,blog/how-to-measure-body-fat,tertiary,,auto,
how can scale tell body fat,10,-50,0,Low,B3-bodyfat,informational,blog/how-to-measure-body-fat,tertiary,,auto,
check my body fat,10,-50,0,High,B3-bodyfat,informational,blog/how-to-measure-body-fat,tertiary,,auto,
measure body fat percentage with tape,10,-50,0,Low,B3-bodyfat,informational,blog/how-to-measure-body-fat,tertiary,,auto,
how to identify body fat percentage,10,-50,0,Low,B3-bodyfat,informational,blog/how-to-measure-body-fat,tertiary,,auto,
easy way to measure body fat,10,-50,0,High,B3-bodyfat,informational,blog/how-to-measure-body-fat,tertiary,,auto,
how much should body fat percentage be,10,-50,0,Medium,B3-bodyfat,informational,blog/how-to-measure-body-fat,tertiary,,auto,
how to calculate body fat with measurements,10,-50,-50,Low,B3-bodyfat,informational,blog/how-to-measure-body-fat,tertiary,,auto,
how to determine how much body fat i have,10,-50,0,Low,B3-bodyfat,informational,blog/how-to-measure-body-fat,tertiary,,auto,
how accurate are digital scales for body fat,10,-50,0,Low,B3-bodyfat,informational,blog/how-to-measure-body-fat,tertiary,,auto,
find out my body fat percentage,10,-50,0,Low,B3-bodyfat,informational,blog/how-to-measure-body-fat,tertiary,,auto,
how do scales measure body fat and muscle mass,10,-50,0,Medium,B3-bodyfat,informational,blog/how-to-measure-body-fat,tertiary,,auto,
how to track fat percentage,10,-50,0,Medium,B3-bodyfat,informational,blog/how-to-measure-body-fat,tertiary,,auto,
best way to find out body fat percentage,10,-50,0,Low,B3-bodyfat,informational,blog/how-to-measure-body-fat,tertiary,,auto,
how can a bathroom scale measure body fat,10,-50,0,Low,B3-bodyfat,informational,blog/how-to-measure-body-fat,tertiary,,auto,
how to figure out what your body fat percentage is,10,-50,0,Low,B3-bodyfat,informational,blog/how-to-measure-body-fat,tertiary,,auto,
how can scales tell your body fat,10,-50,0,Low,B3-bodyfat,informational,blog/how-to-measure-body-fat,tertiary,,auto,
how to tell my fat percentage,10,-50,0,Low,B3-bodyfat,informational,blog/how-to-measure-body-fat,tertiary,,auto,
most accurate way to calculate body fat,10,-50,0,Low,B3-bodyfat,informational,blog/how-to-measure-body-fat,tertiary,,auto,
how get body fat percentage,10,-50,0,Low,B3-bodyfat,informational,blog/how-to-measure-body-fat,tertiary,,auto,
how to measure body fat for women,10,-50,0,Low,B3-bodyfat,informational,blog/how-to-measure-body-fat,tertiary,,auto,
how does a smart scale calculate body fat,10,-50,0,Low,B3-bodyfat,informational,blog/how-to-measure-body-fat,tertiary,,auto,
how does a scale calculate body fat percentage,10,-50,0,Low,B3-bodyfat,informational,blog/how-to-measure-body-fat,tertiary,,auto,
how to find the percentage of fat in your body,10,-100,0,Unknown,B3-bodyfat,informational,blog/how-to-measure-body-fat,tertiary,,auto,
how to get to 18 body fat,10,-50,0,Low,B3-bodyfat,informational,blog/how-to-measure-body-fat,tertiary,,auto,
how accurate is bioelectrical impedance body fat,10,-50,0,Low,B3-bodyfat,informational,blog/how-to-measure-body-fat,tertiary,,auto,
how to make your body fat percentage go down,10,-50,-50,Low,B3-bodyfat,informational,blog/how-to-measure-body-fat,tertiary,,auto,
how to read body fat percentage,10,-50,-50,Low,B3-bodyfat,informational,blog/how-to-measure-body-fat,tertiary,,auto,
check your fat percentage,10,-50,-50,Medium,B3-bodyfat,informational,blog/how-to-measure-body-fat,tertiary,,auto,KWP group variants: check your body fat percentage
how to know what my body fat is,10,-50,-50,Low,B3-bodyfat,informational,blog/how-to-measure-body-fat,tertiary,,auto,
how do you know what percent body fat you are,10,-50,-50,Low,B3-bodyfat,informational,blog/how-to-measure-body-fat,tertiary,,auto,
how to take body fat measurements,10,-50,-50,Low,B3-bodyfat,informational,blog/how-to-measure-body-fat,tertiary,,auto,
how do i check my fat percentage,10,-33,100,Low,B3-bodyfat,informational,blog/how-to-measure-body-fat,tertiary,,auto,
how to get 6 percent body fat,10,-50,-50,Low,B3-bodyfat,informational,blog/how-to-measure-body-fat,tertiary,,auto,
how to calculate body composition analysis,10,-100,0,Unknown,B3-bodyfat,informational,blog/how-to-measure-body-fat,tertiary,,auto,
how to determine body fat percentage loss,10,-100,0,Unknown,B3-bodyfat,informational,blog/how-to-measure-body-fat,tertiary,,auto,KWP group variants: how do you figure body fat percentage loss
how i make my body fat,10,-100,0,Unknown,B3-bodyfat,informational,blog/how-to-measure-body-fat,tertiary,,auto,KWP group variants: how can i make my body fat
calculate normal bmi,10,-100,0,Unknown,B1-chart,informational,blog/how-to-measure-body-fat,tertiary,,auto,KWP group variants: height and weight chart for senior female; average weight for 6ft male in kg; how to know the fat percentage in body
how do scales work out body fat,10,-100,0,Unknown,B3-bodyfat,informational,blog/how-to-measure-body-fat,tertiary,,auto,
perfect weight and height according to age,10,-100,0,Unknown,B1-chart,informational,blog/how-to-measure-body-fat,tertiary,,auto,KWP group variants: how does a weighing machine measure body fat
how to find percentage of fat in body,10,-100,0,Unknown,B3-bodyfat,informational,blog/how-to-measure-body-fat,tertiary,,auto,
how to count body fat percentage at home,10,-100,0,Unknown,B3-bodyfat,informational,blog/how-to-measure-body-fat,tertiary,,auto,
bmi scales how do they work,10,-100,0,Unknown,B3-bodyfat,informational,blog/how-to-measure-body-fat,tertiary,,auto,
how to count your fat percentage,10,-100,0,Unknown,B3-bodyfat,informational,blog/how-to-measure-body-fat,tertiary,,auto,
how can body composition be tested,10,-100,-100,Unknown,B3-bodyfat,informational,blog/how-to-measure-body-fat,tertiary,,auto,
how to check bmi body fat,10,-100,-100,Unknown,B3-bodyfat,informational,blog/how-to-measure-body-fat,tertiary,,auto,
standard bmi chart for male,10,-100,-100,Unknown,B1-chart,informational,blog/how-to-measure-body-fat,tertiary,,auto,KWP group variants: human body height and weight chart; how to know your level of body fat; skinfold to body fat percentage
expected bmi chart,10,-100,-100,Unknown,B1-chart,informational,blog/how-to-measure-body-fat,tertiary,,auto,KWP group variants: chubby weight range in kg; height weight chart female according to age; ideal weight chart in kg; normal weight scale female; obesity demographics in the us; army circumference value; circumference value army; how to calculate ideal body fat; ideal percent body fat female; level of body fat calculator
normal fat level,10,-100,-100,Unknown,B1-chart,informational,blog/how-to-measure-body-fat,tertiary,,auto,KWP group variants: bmi per height and weight; how do you count body fat
bmi scale chart female,10,-100,-100,Unknown,B1-chart,informational,blog/how-to-measure-body-fat,tertiary,,auto,KWP group variants: best method to calculate body fat; how to check body fat ratio; how to scale body fat
how to know your belly fat percentage,10,-100,-100,Unknown,B3-bodyfat,informational,blog/how-to-measure-body-fat,tertiary,,auto,
proper way to measure body fat,10,-100,-100,Unknown,B3-bodyfat,informational,blog/how-to-measure-body-fat,tertiary,,auto,KWP group variants: how to know percentage of fat in body
how can scales measure body water,10,-100,-100,Unknown,B3-bodyfat,informational,blog/how-to-measure-body-fat,tertiary,,auto,
how to calculate fat percentage in my body,10,-100,-100,Unknown,B3-bodyfat,informational,blog/how-to-measure-body-fat,tertiary,,auto,
how to work out body fat percentage with tape measure,10,-100,-100,Unknown,B3-bodyfat,informational,blog/how-to-measure-body-fat,tertiary,,auto,
measure fat percentage in body,10,-100,-100,Unknown,B3-bodyfat,informational,blog/how-to-measure-body-fat,tertiary,,auto,
how to calculate how much body fat you have lost,10,-100,-100,Unknown,B3-bodyfat,informational,blog/how-to-measure-body-fat,tertiary,,auto,
how to check percentage of fat in body,10,-100,-100,Unknown,B3-bodyfat,informational,blog/how-to-measure-body-fat,tertiary,,auto,
visceral fat range,5400,-19,0,Low,B3-bodyfat,informational,blog/visceral-fat,primary,,auto,
visceral fat calculator,1900,21,-46,Low,B3-bodyfat,informational,blog/visceral-fat,secondary,,auto,
how to measure visceral fat,1600,19,46,Low,B3-bodyfat,informational,blog/visceral-fat,secondary,,auto,
normal visceral fat range,1000,0,0,Low,B3-bodyfat,informational,blog/visceral-fat,secondary,,auto,KWP group variants: healthy visceral fat levels; healthy visceral fat range; normal visceral fat percentage
visceral fat level chart,1000,0,-18,Low,B3-bodyfat,informational,blog/visceral-fat,secondary,,auto,KWP group variants: visceral fat percentage chart; visceral fat rating chart
visceral fat chart,210,27,-81,Low,B3-bodyfat,informational,blog/visceral-fat,tertiary,,auto,
how to know how much visceral fat you have,210,23,88,Low,B3-bodyfat,informational,blog/visceral-fat,tertiary,,auto,KWP group variants: how do you know how much visceral fat you have
how to calculate visceral fat,170,0,-18,Low,B3-bodyfat,informational,blog/visceral-fat,tertiary,,auto,
how much visceral fat is normal,170,-67,-50,Low,B3-bodyfat,informational,blog/visceral-fat,tertiary,,auto,
how to test visceral fat,170,24,50,Low,B3-bodyfat,informational,blog/visceral-fat,tertiary,,auto,KWP group variants: how to test for visceral fat
how to check visceral fat,140,21,21,Low,B3-bodyfat,informational,blog/visceral-fat,tertiary,,auto,KWP group variants: how to check for visceral fat
how to measure visceral fat at home,140,24,550,Medium,B3-bodyfat,informational,blog/visceral-fat,tertiary,,auto,
how to tell how much visceral fat you have,140,21,89,Low,B3-bodyfat,informational,blog/visceral-fat,tertiary,,auto,
visceral fat index chart,90,-50,133,Low,B3-bodyfat,informational,blog/visceral-fat,tertiary,,auto,
visceral fat how to measure,90,100,180,Low,B3-bodyfat,informational,blog/visceral-fat,tertiary,,auto,
omron visceral fat chart,90,0,-57,Low,B3-bodyfat,informational,blog/visceral-fat,tertiary,,auto,KWP group variants: visceral fat chart omron
how to determine visceral fat,70,0,-29,Low,B3-bodyfat,informational,blog/visceral-fat,tertiary,,auto,
how to measure your visceral fat,50,67,150,Low,B3-bodyfat,informational,blog/visceral-fat,tertiary,,auto,
visceral fat level calculator,50,0,0,Low,B3-bodyfat,informational,blog/visceral-fat,tertiary,,auto,KWP group variants: visceral fat percentage calculator
how to calculate visceral fat level,40,0,300,Low,B3-bodyfat,informational,blog/visceral-fat,tertiary,,auto,KWP group variants: how to calculate visceral fat percentage
how to tell visceral fat,40,-25,-25,Low,B3-bodyfat,informational,blog/visceral-fat,tertiary,,auto,
visceral fat measurement chart,30,0,-50,Low,B3-bodyfat,informational,blog/visceral-fat,tertiary,,auto,
how can i measure visceral fat,30,33,300,Medium,B3-bodyfat,informational,blog/visceral-fat,tertiary,,auto,
how do i measure visceral fat,30,0,300,Medium,B3-bodyfat,informational,blog/visceral-fat,tertiary,,auto,
how to calculate your visceral fat,30,0,0,Low,B3-bodyfat,informational,blog/visceral-fat,tertiary,,auto,
how to detect visceral fat,30,50,0,Low,B3-bodyfat,informational,blog/visceral-fat,tertiary,,auto,
how is visceral fat calculated,30,0,-25,Low,B3-bodyfat,informational,blog/visceral-fat,tertiary,,auto,
visceral fat chart female,20,-25,200,Low,B3-bodyfat,informational,blog/visceral-fat,tertiary,,auto,
how can i measure my visceral fat,20,-25,200,Medium,B3-bodyfat,informational,blog/visceral-fat,tertiary,,auto,
how do you calculate visceral fat,20,100,0,Low,B3-bodyfat,informational,blog/visceral-fat,tertiary,,auto,
ideal visceral fat percentage for male,10,-100,-100,Unknown,B3-bodyfat,informational,blog/visceral-fat,tertiary,,auto,
waist fat calculator,10,∞,0,Low,B1-chart,informational,blog/visceral-fat,tertiary,,auto,KWP group variants: height with weight chart male; essential body fat for males; healthy visceral fat percentage male; how to calculate visceral fat manually; how to read skinfold calipers
bmi calculator printable,10,∞,0,Low,B1-chart,informational,blog/visceral-fat,tertiary,,auto,KWP group variants: age height chart male; visceral fat range chart
how to count visceral fat,10,0,∞,Low,B3-bodyfat,informational,blog/visceral-fat,tertiary,,auto,
how measure visceral fat,10,0,100,Low,B3-bodyfat,informational,blog/visceral-fat,tertiary,,auto,
how to measure visceral fat level,10,0,0,Low,B3-bodyfat,informational,blog/visceral-fat,tertiary,,auto,
visceral adiposity index calculator,10,0,0,Low,B3-bodyfat,informational,blog/visceral-fat,tertiary,,auto,
how visceral fat is measured,10,0,0,Low,B3-bodyfat,informational,blog/visceral-fat,tertiary,,auto,
ideal visceral fat for male,10,0,0,Low,B3-bodyfat,informational,blog/visceral-fat,tertiary,,auto,
normal visceral fat percentage female,10,0,0,Low,B3-bodyfat,informational,blog/visceral-fat,tertiary,,auto,
visceral fat formula,10,0,-67,Low,B3-bodyfat,informational,blog/visceral-fat,tertiary,,auto,
visceral fat chart women,10,0,-50,Low,B3-bodyfat,informational,blog/visceral-fat,tertiary,,auto,
visceral fat index calculator,10,0,-50,Low,B3-bodyfat,informational,blog/visceral-fat,tertiary,,auto,
visceral body fat calculator,10,0,-50,Low,B3-bodyfat,informational,blog/visceral-fat,tertiary,,auto,
visceral fat calculation formula,10,0,-50,Low,B1-chart,informational,blog/visceral-fat,tertiary,,auto,KWP group variants: healthy weight for women based on height; body fat measuring tape calculator
how much should be fat percentage,10,0,-100,Unknown,B3-bodyfat,informational,blog/visceral-fat,tertiary,,auto,KWP group variants: abdominal fat visceral fat level chart
normal visceral fat percentage male,10,0,-100,Unknown,B3-bodyfat,informational,blog/visceral-fat,tertiary,,auto,
how to measure visceral body fat,10,-50,0,Medium,B3-bodyfat,informational,blog/visceral-fat,tertiary,,auto,
visceral body fat percentage chart,10,-50,0,Low,B3-bodyfat,informational,blog/visceral-fat,tertiary,,auto,
visceral fat ideal range,10,-50,-50,Low,B3-bodyfat,informational,blog/visceral-fat,tertiary,,auto,
ideal visceral fat chart,10,-100,-100,Unknown,B3-bodyfat,informational,blog/visceral-fat,tertiary,,auto,
ideal visceral fat percentage for female,10,-100,-100,Unknown,B3-bodyfat,informational,blog/visceral-fat,tertiary,,auto,
normal visceral fat male,10,-100,-100,Unknown,B3-bodyfat,informational,blog/visceral-fat,tertiary,,auto,
healthy waist to height ratio,14800,124,311,Low,B1-chart,informational,blog/waist-to-height-ratio,primary,,auto,
normal waist size for female,1300,30,-19,Low,B2-population,informational,blog/waist-to-height-ratio,secondary,,auto,
bmi using waist measurement,390,22,0,Low,B3-bodyfat,informational,blog/waist-to-height-ratio,secondary,,auto,
how to measure waist for body fat,260,23,23,Low,B3-bodyfat,informational,blog/waist-to-height-ratio,secondary,,auto,
how to reduce my waist size,170,24,24,Low,B3-bodyfat,informational,blog/waist-to-height-ratio,secondary,,auto,KWP group variants: how can i reduce my waist size; how can i decrease my waist size; how to decrease my waist size
calculate bmi with waist measurement,140,27,0,Low,B3-bodyfat,informational,blog/waist-to-height-ratio,tertiary,,auto,
body fat calculator neck waist,110,-22,-22,Low,B3-bodyfat,informational,blog/waist-to-height-ratio,tertiary,,auto,KWP group variants: body fat calculator neck and waist; body fat calculator waist and neck
how to reduce men's waist size,90,56,100,Low,B3-bodyfat,informational,blog/waist-to-height-ratio,tertiary,,auto,
waist size bmi calculator,90,0,125,Low,B3-bodyfat,informational,blog/waist-to-height-ratio,tertiary,,auto,
how to measure neck and waist for body fat,70,29,125,Low,B3-bodyfat,informational,blog/waist-to-height-ratio,tertiary,,auto,
waist to weight ratio,70,125,80,Low,B3-bodyfat,informational,blog/waist-to-height-ratio,tertiary,,auto,
bmi waist,70,29,29,Low,B3-bodyfat,informational,blog/waist-to-height-ratio,tertiary,,auto,KWP group variants: bmi and waist
bmi calculator neck and waist,70,40,-36,Low,B3-bodyfat,informational,blog/waist-to-height-ratio,tertiary,,auto,
normal size waist for a man,70,29,0,Low,B2-population,informational,blog/waist-to-height-ratio,tertiary,,auto,
waist measurement for body fat,50,0,0,Low,B3-bodyfat,informational,blog/waist-to-height-ratio,tertiary,,auto,
body fat calculator waist,50,67,-29,Low,B3-bodyfat,informational,blog/waist-to-height-ratio,tertiary,,auto,KWP group variants: body fat waist calculator
measure waist for body fat,40,-40,-40,Low,B3-bodyfat,informational,blog/waist-to-height-ratio,tertiary,,auto,
how to lower your waist size,40,67,25,Medium,B3-bodyfat,informational,blog/waist-to-height-ratio,tertiary,,auto,
height weight waist calculator,40,67,67,Low,B3-bodyfat,informational,blog/waist-to-height-ratio,tertiary,,auto,
how to measure waist for body fat percentage,40,0,300,Low,B3-bodyfat,informational,blog/waist-to-height-ratio,tertiary,,auto,
how to decrease waist size female,20,200,0,Low,B3-bodyfat,informational,blog/waist-to-height-ratio,tertiary,,auto,
waist neck body fat,20,-33,0,Low,B3-bodyfat,informational,blog/waist-to-height-ratio,tertiary,,auto,
estimate waist size from height and weight,20,-33,0,Low,B3-bodyfat,informational,blog/waist-to-height-ratio,tertiary,,auto,
body fat calculator height weight waist,20,-33,100,Low,B3-bodyfat,informational,blog/waist-to-height-ratio,tertiary,,auto,
how to lose weight from waist and hips,20,-33,0,Medium,B3-bodyfat,informational,blog/waist-to-height-ratio,tertiary,,auto,
bmi calculator waist and neck,20,-50,-67,Low,B3-bodyfat,informational,blog/waist-to-height-ratio,tertiary,,auto,
how to lose waist and hip fat,20,-50,0,Medium,B3-bodyfat,informational,blog/waist-to-height-ratio,tertiary,,auto,KWP group variants: how to lose fat from waist and hips
waist to height body fat calculator,20,0,0,Low,B3-bodyfat,informational,blog/waist-to-height-ratio,tertiary,,auto,
how to get smaller waist and hips,20,0,0,Low,B3-bodyfat,informational,blog/waist-to-height-ratio,tertiary,,auto,
how to lose weight around waist and hips,20,0,0,Medium,B3-bodyfat,informational,blog/waist-to-height-ratio,tertiary,,auto,
how to measure your waist for body fat,20,0,100,Low,B3-bodyfat,informational,blog/waist-to-height-ratio,tertiary,,auto,
how to measure waist size for body fat,20,600,600,Low,B3-bodyfat,informational,blog/waist-to-height-ratio,tertiary,,auto,
how to increase waist size for male,20,-50,-50,Low,B3-bodyfat,informational,blog/waist-to-height-ratio,tertiary,,auto,
how to reduce waist size female,10,∞,0,High,B3-bodyfat,informational,blog/waist-to-height-ratio,tertiary,,auto,
bmi calculator height weight age gender waist,10,∞,0,Low,B1-chart,informational,blog/waist-to-height-ratio,tertiary,,auto,
measure neck and waist for body fat,10,100,100,Low,B3-bodyfat,informational,blog/waist-to-height-ratio,tertiary,,auto,
height waist ratio body fat,10,∞,0,Low,B3-bodyfat,informational,blog/waist-to-height-ratio,tertiary,,auto,
how to reduce fat around waist and hips,10,0,∞,Low,B3-bodyfat,informational,blog/waist-to-height-ratio,tertiary,,auto,
how to calculate body fat in kg,10,0,0,Unknown,B3-bodyfat,informational,blog/waist-to-height-ratio,tertiary,,auto,KWP group variants: how to reduce fat from hips and waist size
how to increase waist size naturally,10,0,0,Unknown,B3-bodyfat,informational,blog/waist-to-height-ratio,tertiary,,auto,
how to increase waist size for male exercise,10,0,0,Unknown,B3-bodyfat,informational,blog/waist-to-height-ratio,tertiary,,auto,
perfect weight for height cm,10,0,0,Unknown,B1-chart,informational,blog/waist-to-height-ratio,tertiary,,auto,KWP group variants: how to reduce weight around waist and hips
how to lose your waist size,10,0,0,High,B3-bodyfat,informational,blog/waist-to-height-ratio,tertiary,,auto,
calculate weight by waist and height,10,0,0,Low,B3-bodyfat,informational,blog/waist-to-height-ratio,tertiary,,auto,
how to calculate bmi with waist circumference,10,0,0,Low,B3-bodyfat,informational,blog/waist-to-height-ratio,tertiary,,auto,
how to reduce your waist size fast,10,0,0,Medium,B3-bodyfat,informational,blog/waist-to-height-ratio,tertiary,,auto,
how to best measure body fat,10,0,0,Low,B3-bodyfat,informational,blog/waist-to-height-ratio,tertiary,,auto,KWP group variants: how can i work out my body fat percentage; how do i work out my body fat percentage; how do i work out my fat percentage; how to lose fat on waist and hips; how to reduce total body water; how to work out my body fat percentage; how to work out my fat percentage
body waist calculator,10,0,0,Low,B1-chart,informational,blog/waist-to-height-ratio,tertiary,,auto,KWP group variants: bmi chart female kg cm
how to lose centimeters around waist,10,0,0,High,B3-bodyfat,informational,blog/waist-to-height-ratio,tertiary,,auto,
body fat calculator waist only,10,0,0,Low,B3-bodyfat,informational,blog/waist-to-height-ratio,tertiary,,auto,
waist to height ratio body fat calculator,10,0,0,Low,B3-bodyfat,informational,blog/waist-to-height-ratio,tertiary,,auto,
body fat percentage waist,10,0,0,Low,B3-bodyfat,informational,blog/waist-to-height-ratio,tertiary,,auto,KWP group variants: how to lower fat body percentage
waist measurement body fat percentage,10,0,0,Low,B3-bodyfat,informational,blog/waist-to-height-ratio,tertiary,,auto,
how to reduce waist and hip fat,10,0,0,Low,B3-bodyfat,informational,blog/waist-to-height-ratio,tertiary,,auto,
bmi calculator with neck and waist measurements,10,0,-67,Low,B3-bodyfat,informational,blog/waist-to-height-ratio,tertiary,,auto,
bmi calculator using waist measurement,10,0,-50,Low,B3-bodyfat,informational,blog/waist-to-height-ratio,tertiary,,auto,
how to lose body fat around waist,10,0,-50,Medium,B3-bodyfat,informational,blog/waist-to-height-ratio,tertiary,,auto,KWP group variants: how to lose body fat around the waist
fat level for female,10,0,-100,Unknown,B3-bodyfat,informational,blog/waist-to-height-ratio,tertiary,,auto,KWP group variants: determine bmi and waist measurement
normal weight based on age,10,0,-100,Unknown,B1-chart,informational,blog/waist-to-height-ratio,tertiary,,auto,KWP group variants: bmi calculator height weight waist neck; bmr calculator using body fat
how to reduce waist size male exercise,10,0,-100,Unknown,B3-bodyfat,informational,blog/waist-to-height-ratio,tertiary,,auto,
how to reduce hip and waist fat,10,0,-100,Unknown,B3-bodyfat,informational,blog/waist-to-height-ratio,tertiary,,auto,KWP group variants: how to tell what percentage of body fat
how to reduce waist and hip size at home,10,0,-100,Unknown,B3-bodyfat,informational,blog/waist-to-height-ratio,tertiary,,auto,
how to reduce waist size for female,10,-100,-100,Unknown,B3-bodyfat,informational,blog/waist-to-height-ratio,tertiary,,auto,
how to reduce waist size naturally,10,-100,-100,Unknown,B3-bodyfat,informational,blog/waist-to-height-ratio,tertiary,,auto,
bmi index chart,201000,0,-18,Low,B1-chart,informational,bmi-chart,primary,,auto,"Head ""bmi chart"" group (201k); ""bmi chart"" itself not returned; KWP group variants: body weight index chart; bmi bmi chart; bmi body mass index chart; bmi chart chart; body mass calculation chart; body mass indicator chart; body mass ratio chart"
height and weight chart,12100,-18,-33,Low,B1-chart,informational,bmi-chart,secondary,,auto,
height weight chart,9900,-18,-33,Low,B1-chart,informational,bmi-chart,secondary,,auto,KWP group variants: according height weight chart; height and weight graph; height and weight table; height per weight chart; height weight graph; weight according to height chart; weight to height graph
weight on height,9900,83,311,Low,B1-chart,informational,bmi-chart,secondary,,auto,KWP group variants: weight and height
weight charts,8100,0,-33,Low,B1-chart,informational,bmi-chart,secondary,,auto,KWP group variants: a weight chart
bmi body chart,3600,-19,-19,Low,B1-chart,informational,bmi-chart,tertiary,,auto,KWP group variants: body mass index chart; bmi indicator chart; bmi mass chart; body mass index weight chart; body mass weight chart; weight mass index chart
bmi table,2900,21,-19,Low,B1-chart,informational,bmi-chart,tertiary,,auto,KWP group variants: bmi index table; body index mass table; body mass table
bmi ht wt chart,2400,0,-33,Low,B1-chart,informational,bmi-chart,tertiary,,auto,KWP group variants: bmi height weight chart; bmi by height and weight chart; bmi for height and weight chart; body mass height weight chart; body mass index height and weight chart; height and weight and bmi chart; height bmi weight chart; height weight body mass index chart; ht wt bmi chart; weight bmi height chart
height to weight ratio,1900,19,19,Low,B1-chart,informational,bmi-chart,tertiary,,auto,
weight table according to height,1900,0,-33,Low,B1-chart,informational,bmi-chart,tertiary,,auto,
at 5 4 how much should i weigh,1600,0,60,Low,B2-population,informational,bmi-chart,tertiary,,auto,
at 5 2 how much should i weigh,1600,-16,60,Low,B2-population,informational,bmi-chart,tertiary,,auto,
bmi weight chart,1600,23,-16,Low,B1-chart,informational,bmi-chart,tertiary,,auto,KWP group variants: weight and bmi chart; bmi weight table; weight & bmi chart
height weight bmi,1300,-23,-38,Low,B1-chart,informational,bmi-chart,tertiary,,auto,KWP group variants: bmi by weight and height
health chart weight,1300,0,-38,Low,B1-chart,informational,bmi-chart,tertiary,,auto,KWP group variants: healthy weight chart; healthy weight graph; healthy weight table; normal weight chart
at 5 9 how much should i weigh,1300,30,0,Low,B2-population,informational,bmi-chart,tertiary,,auto,
at 5 3 how much should i weigh,1000,0,30,Low,B2-population,informational,bmi-chart,tertiary,,auto,
healthy weight range,1000,48,-19,Low,B1-chart,informational,bmi-chart,tertiary,,auto,KWP group variants: recommended weight range
healthy weight for 5,1000,30,-19,Low,B2-population,informational,bmi-chart,tertiary,,auto,
for my height how much should i weigh,1000,-12,-45,Low,B1-chart,informational,bmi-chart,tertiary,,auto,
at 5 8 how much should i weigh,880,0,0,Low,B2-population,informational,bmi-chart,tertiary,,auto,
height weight scale,880,22,-12,High,B1-chart,informational,bmi-chart,tertiary,,auto,KWP group variants: height and weight scale; weight scale according to height; weight scale per height
bmi chart for teens,880,-18,-33,Low,B1-chart,informational,bmi-chart,tertiary,,auto,
my plate chart,880,0,85,High,B1-chart,informational,bmi-chart,tertiary,,auto,
5 9 normal weight,880,14,0,Low,B1-chart,informational,bmi-chart,tertiary,,auto,
normal weight for 5 4,880,0,0,Low,B2-population,informational,bmi-chart,tertiary,,auto,
height weight size chart,720,0,-41,Low,B1-chart,informational,bmi-chart,tertiary,,auto,KWP group variants: size chart by height and weight
body weight chart,720,0,-33,Low,B1-chart,informational,bmi-chart,tertiary,,auto,KWP group variants: human body weight chart; human weight chart
check bmi chart,720,0,-18,Medium,B1-chart,informational,bmi-chart,tertiary,,auto,KWP group variants: determine bmi chart
for my age and height how much should i weigh,720,14,69,Low,B2-population,informational,bmi-chart,tertiary,,auto,
normal weight for height,720,-18,-33,Low,B1-chart,informational,bmi-chart,tertiary,,auto,KWP group variants: healthy weight for height; normal height and weight; height and weight normal
weight for height,720,0,-41,Low,B1-chart,informational,bmi-chart,tertiary,,auto,
weight scale bmi,720,0,-18,High,B3-bodyfat,informational,bmi-chart,tertiary,,auto,KWP group variants: body mass weight scale
adult bmi chart,720,-34,-56,Low,B1-chart,informational,bmi-chart,tertiary,,auto,KWP group variants: bmi table for adults; body mass chart for adults; body mass index bmi chart for adults; body mass index chart for adults
body mass scale,590,0,-19,High,B3-bodyfat,informational,bmi-chart,tertiary,,auto,
best bmi scale,590,23,-18,High,B3-bodyfat,informational,bmi-chart,tertiary,,auto,
normal bmi weight,480,22,-19,Low,B1-chart,informational,bmi-chart,tertiary,,auto,KWP group variants: body mass index normal weight; healthy bmi weight; healthy weight and bmi; normal weight and bmi; bmi for normal weight; bmi of normal weight
my bmi chart,480,324,555,Medium,B1-chart,informational,bmi-chart,tertiary,,auto,
weight per height,480,0,-33,Low,B1-chart,informational,bmi-chart,tertiary,,auto,KWP group variants: weight according to height
body and height weight chart,480,0,-33,Low,B1-chart,informational,bmi-chart,tertiary,,auto,KWP group variants: body weight chart for height
healthy weight for 14 year olds,480,-48,-89,Low,B2-population,informational,bmi-chart,tertiary,,auto,
bmi categories chart,480,0,-18,Low,B1-chart,informational,bmi-chart,tertiary,,auto,KWP group variants: bmi chart classification; bmi classification chart; body mass index classification chart
health height weight chart,480,23,-19,Low,B1-chart,informational,bmi-chart,tertiary,,auto,KWP group variants: healthy height and weight chart; chart for healthy weight by height; height and healthy weight chart; height and weight normal chart; normal height weight chart; normal height to weight chart
height weight length,480,23,23,Low,B1-chart,informational,bmi-chart,tertiary,,auto,
for my height what should i weigh,480,23,23,Low,B1-chart,informational,bmi-chart,tertiary,,auto,
best weight for my age and height,390,23,0,Low,B1-chart,informational,bmi-chart,tertiary,,auto,KWP group variants: ideal weight for my height and age; average weight for my age and height; my ideal weight for my age and height
normal body weight,390,0,-33,Low,B1-chart,informational,bmi-chart,tertiary,,auto,KWP group variants: body normal weight
bmi chart nih,390,-19,21,Low,B1-chart,informational,bmi-chart,tertiary,,auto,
good bmi chart,390,-18,-18,Low,B1-chart,informational,bmi-chart,tertiary,,auto,KWP group variants: healthy bmi chart; bmi chart normal; healthy bmi table; healthy body mass index chart; normal bmi table
cdc bmi chart,320,0,-19,Low,B1-chart,informational,bmi-chart,tertiary,,auto,
bmi by height chart,320,0,-18,Low,B1-chart,informational,bmi-chart,tertiary,,auto,KWP group variants: bmi and height chart
fatness chart,320,-19,0,Low,B3-bodyfat,informational,bmi-chart,tertiary,,auto,
bmi chart kg,320,-34,-19,Low,B1-chart,informational,bmi-chart,tertiary,,auto,KWP group variants: bmi calculator kg chart; bmi chart in kilograms; bmi chart kilos; bmi index chart in kg; bmi table in kg; body mass index chart in kg; body mass index table in kg
weight height measurement,320,243,-18,Low,B1-chart,informational,bmi-chart,tertiary,,auto,KWP group variants: weight and height measurement
birth weight and height chart,320,24,-33,Low,B1-chart,informational,bmi-chart,tertiary,,auto,
ibw chart,320,0,-19,Low,B1-chart,informational,bmi-chart,tertiary,,auto,
i am 5 4 how much should i weigh,320,23,247,Low,B2-population,informational,bmi-chart,tertiary,,auto,
ratio height and weight,260,24,0,Low,B1-chart,informational,bmi-chart,tertiary,,auto,
bmi chart healthy weight,260,53,-46,Low,B1-chart,informational,bmi-chart,tertiary,,auto,KWP group variants: healthy bmi and weight chart
normal weight for 5 2,260,0,-19,Low,B1-chart,informational,bmi-chart,tertiary,,auto,
bmi chart range,260,0,-34,Low,B1-chart,informational,bmi-chart,tertiary,,auto,KWP group variants: bmi range table
weight loss chart ideas,260,129,129,Low,B1-chart,informational,bmi-chart,tertiary,,auto,
body weight by height,260,-19,-34,Low,B1-chart,informational,bmi-chart,tertiary,,auto,KWP group variants: body weight and height
peds bmi chart,260,-19,-47,Low,B1-chart,informational,bmi-chart,tertiary,,auto,KWP group variants: bmi chart for pediatrics
adult height and weight chart,210,53,-19,Low,B1-chart,informational,bmi-chart,tertiary,,auto,KWP group variants: ht and wt chart for adults; weight and height scale for adults
bmi chart in lbs,210,53,53,Low,B1-chart,informational,bmi-chart,tertiary,,auto,KWP group variants: bmi chart in pounds
height and weight standard,210,24,24,Low,B1-chart,informational,bmi-chart,tertiary,,auto,
bmi chart 5 6,210,24,24,Low,B1-chart,informational,bmi-chart,tertiary,,auto,
height weight picture chart,210,21,-19,Low,B1-chart,informational,bmi-chart,tertiary,,auto,KWP group variants: photographic height weight chart
normal weight range,210,21,-19,Low,B1-chart,informational,bmi-chart,tertiary,,auto,
weight chart adults,210,0,-34,Low,B1-chart,informational,bmi-chart,tertiary,,auto,KWP group variants: adult height weight chart
height ratio weight chart,210,-21,-58,Low,B1-chart,informational,bmi-chart,tertiary,,auto,KWP group variants: height and weight ratio chart
weight and height generator,210,-19,-19,Low,B1-chart,informational,bmi-chart,tertiary,,auto,
healthy weight scale,210,-19,-19,High,B1-chart,informational,bmi-chart,tertiary,,auto,
bmi chart for infants,210,-18,-33,Low,B1-chart,informational,bmi-chart,tertiary,,auto,
army bmi chart,170,-64,-88,Low,B1-chart,informational,bmi-chart,tertiary,,auto,
over weight chart,170,-21,-58,Low,B1-chart,informational,bmi-chart,tertiary,,auto,
best weight for my height,170,-33,-18,Low,B1-chart,informational,bmi-chart,tertiary,,auto,KWP group variants: ideal weight for my height; my ideal weight for my height; right weight for my height
bmi chart us,170,-35,0,Low,B1-chart,informational,bmi-chart,tertiary,,auto,KWP group variants: american bmi chart
health weight and height,170,-21,-35,Low,B1-chart,informational,bmi-chart,tertiary,,auto,KWP group variants: healthy height and weight; normal weight according to height
ideal weight for 6ft,170,0,0,Low,B2-population,informational,bmi-chart,tertiary,,auto,
normal weight range by height,170,0,-35,Low,B1-chart,informational,bmi-chart,tertiary,,auto,KWP group variants: healthy weight range for height; health weight range for height; range of healthy weight for height
if im 5 6 how much should i weigh,170,22,680,Low,B2-population,informational,bmi-chart,tertiary,,auto,
weight height index,170,-18,-18,Low,B1-chart,informational,bmi-chart,tertiary,,auto,KWP group variants: weight and height index
show me a bmi chart,170,24,53,Medium,B1-chart,informational,bmi-chart,tertiary,,auto,KWP group variants: show me a body mass index chart
scale that measures bmi,170,21,0,High,B3-bodyfat,informational,bmi-chart,tertiary,,auto,
bmi chart elderly,170,0,-19,Low,B1-chart,informational,bmi-chart,tertiary,,auto,KWP group variants: bmi for older adults chart
bmi chart scale,140,-21,-21,Low,B1-chart,informational,bmi-chart,tertiary,,auto,
i am 5 6 how much should i weigh,140,21,21,Low,B2-population,informational,bmi-chart,tertiary,,auto,
bmi chart printable,140,0,-18,Low,B1-chart,informational,bmi-chart,tertiary,,auto,KWP group variants: printable body mass index chart
bmi score chart,140,55,21,Low,B1-chart,informational,bmi-chart,tertiary,,auto,
normal weight and height chart,140,-36,-57,Low,B2-population,informational,bmi-chart,tertiary,,auto,
height weight conversion chart,140,-36,-50,Low,B1-chart,informational,bmi-chart,tertiary,,auto,KWP group variants: height and weight conversion chart
height weight chart lbs,140,100,-33,Low,B1-chart,informational,bmi-chart,tertiary,,auto,KWP group variants: height and weight chart in lbs; height and weight chart in pounds; height to weight chart in pounds; height weight chart in lbs
if im 4 11 how much should i weigh,140,-19,55,Low,B2-population,informational,bmi-chart,tertiary,,auto,
i am 5 5 how much should i weigh,140,50,133,Low,B1-chart,informational,bmi-chart,tertiary,,auto,
weight for my height,140,50,0,Low,B1-chart,informational,bmi-chart,tertiary,,auto,KWP group variants: my weight for my height
normal weight for 5 feet,140,0,0,Low,B2-population,informational,bmi-chart,tertiary,,auto,
healthy weight for 6 foot,140,0,-33,Low,B2-population,informational,bmi-chart,tertiary,,auto,
height to weight table,140,0,-36,Low,B1-chart,informational,bmi-chart,tertiary,,auto,
normal weight for my height,140,0,-46,Low,B1-chart,informational,bmi-chart,tertiary,,auto,KWP group variants: healthy weight for my height; correct weight for my height; my perfect weight for my height; perfect weight for my height
height weight photo chart,140,0,-21,Low,B1-chart,informational,bmi-chart,tertiary,,auto,
check weight and height,110,-22,-22,Low,B1-chart,informational,bmi-chart,tertiary,,auto,
body percentage chart,110,0,-47,Low,B3-bodyfat,informational,bmi-chart,tertiary,,auto,
bmi based on height and weight,110,0,-47,Low,B1-chart,informational,bmi-chart,tertiary,,auto,
healthy weight to height ratio,110,-18,-18,Low,B1-chart,informational,bmi-chart,tertiary,,auto,
healthy weight for 4 10,110,-18,-36,Low,B1-chart,informational,bmi-chart,tertiary,,auto,
good weight by height,110,23,700,Low,B1-chart,informational,bmi-chart,tertiary,,auto,KWP group variants: best weight and height
5 foot weight,110,0,-35,Low,B1-chart,informational,bmi-chart,tertiary,,auto,
recommended weight for height,110,29,-57,Low,B1-chart,informational,bmi-chart,tertiary,,auto,
if i am 5 5 how much should i weigh,110,0,27,Low,B1-chart,informational,bmi-chart,tertiary,,auto,
ideal weight for 5 feet,110,0,22,Low,B2-population,informational,bmi-chart,tertiary,,auto,
bmi chart for me,110,0,-18,Low,B1-chart,informational,bmi-chart,tertiary,,auto,
6ft bmi,110,0,-21,Low,B1-chart,informational,bmi-chart,tertiary,,auto,
bmi chart 5 5,110,-36,0,Low,B1-chart,informational,bmi-chart,tertiary,,auto,
new bmi chart,110,-36,0,Low,B1-chart,informational,bmi-chart,tertiary,,auto,
bmi normal weight range,90,29,0,Low,B1-chart,informational,bmi-chart,tertiary,,auto,KWP group variants: bmi healthy weight range; bmi range for normal weight; body mass index healthy weight range
weightloss goal chart,90,-44,-29,High,B1-chart,informational,bmi-chart,tertiary,,auto,
healthy weight range for 5 6,90,200,91,Low,B1-chart,informational,bmi-chart,tertiary,,auto,
bmi chart updated,90,0,-36,Low,B1-chart,informational,bmi-chart,tertiary,,auto,KWP group variants: bmi updated chart
ht to wt chart,90,29,-36,Low,B1-chart,informational,bmi-chart,tertiary,,auto,KWP group variants: according to height weight chart
height weight standard,90,29,0,Low,B1-chart,informational,bmi-chart,tertiary,,auto,KWP group variants: standard weight by height; standard height and weight; standard height weight
height and weight ratio,90,29,0,Low,B1-chart,informational,bmi-chart,tertiary,,auto,
bmi chart metric,90,0,-64,Low,B1-chart,informational,bmi-chart,tertiary,,auto,KWP group variants: bmi chart in metric system; bmi metric table
accurate bmi scale,90,0,0,High,B3-bodyfat,informational,bmi-chart,tertiary,,auto,
weight range for 5 2,90,22,120,Low,B1-chart,informational,bmi-chart,tertiary,,auto,
if im 6ft how much should i weigh,70,40,40,Low,B2-population,informational,bmi-chart,tertiary,,auto,
height weight bmi chart in kg,70,80,-36,Low,B1-chart,informational,bmi-chart,tertiary,,auto,
i am 6 1 how much should i weigh,70,89,325,Low,B2-population,informational,bmi-chart,tertiary,,auto,
ibm weight chart,70,75,0,Low,B1-chart,informational,bmi-chart,tertiary,,auto,
weight range for 5 7,70,-18,29,Low,B1-chart,informational,bmi-chart,tertiary,,auto,
visual height weight chart,70,-29,-29,Low,B1-chart,informational,bmi-chart,tertiary,,auto,
5 6 weight range,70,-22,0,Low,B1-chart,informational,bmi-chart,tertiary,,auto,
bmi visual chart,70,-22,40,Low,B1-chart,informational,bmi-chart,tertiary,,auto,KWP group variants: visual bmi chart
5 8 height weight,70,0,0,Low,B1-chart,informational,bmi-chart,tertiary,,auto,
bmi growth chart,70,0,-29,Low,B1-chart,informational,bmi-chart,tertiary,,auto,
healthy weight based on height,70,0,0,Low,B1-chart,informational,bmi-chart,tertiary,,auto,
ht and wt chart,70,25,0,Low,B1-chart,informational,bmi-chart,tertiary,,auto,
5 8 weight range,70,-43,-43,Low,B1-chart,informational,bmi-chart,tertiary,,auto,
weight for 6ft,70,0,-22,Low,B2-population,informational,bmi-chart,tertiary,,auto,
height weight size,70,-22,0,Low,B1-chart,informational,bmi-chart,tertiary,,auto,
bmi chart for overweight,70,0,-44,Low,B1-chart,informational,bmi-chart,tertiary,,auto,
62 kg to lbs bmi conversion,70,0,0,Low,B1-chart,informational,bmi-chart,tertiary,,auto,
body scale bmi,70,40,40,High,B3-bodyfat,informational,bmi-chart,tertiary,,auto,
weight range for 5 3,70,29,29,Low,B1-chart,informational,bmi-chart,tertiary,,auto,
i am 5 9 how much should i weigh,70,29,29,Low,B2-population,informational,bmi-chart,tertiary,,auto,
normal bmi scale,70,40,0,Low,B1-chart,informational,bmi-chart,tertiary,,auto,KWP group variants: healthy bmi scale
height and weight chart lbs,50,100,-20,Low,B1-chart,informational,bmi-chart,tertiary,,auto,
bmi chart underweight,50,67,-29,Low,B1-chart,informational,bmi-chart,tertiary,,auto,KWP group variants: bmi underweight chart
current bmi chart,50,0,-29,Low,B1-chart,informational,bmi-chart,tertiary,,auto,
normal weight for adults,50,25,0,Low,B2-population,informational,bmi-chart,tertiary,,auto,
normal healthy weight,50,25,0,Low,B2-population,informational,bmi-chart,tertiary,,auto,
standard body weight chart,50,0,-57,Low,B1-chart,informational,bmi-chart,tertiary,,auto,
proportional weight to height,50,0,0,Low,B1-chart,informational,bmi-chart,tertiary,,auto,
military bmi chart,50,-50,-89,Low,B1-chart,informational,bmi-chart,tertiary,,auto,
bmi table who,50,-40,-25,Low,B1-chart,informational,bmi-chart,tertiary,,auto,
target weight for height,50,-43,-43,Low,B1-chart,informational,bmi-chart,tertiary,,auto,
height weight chart who,50,-20,-43,Low,B1-chart,informational,bmi-chart,tertiary,,auto,
body weight per height,50,-20,-43,Low,B1-chart,informational,bmi-chart,tertiary,,auto,KWP group variants: body weight according to height; human body weight according to height; human weight according to height
5 9 weight chart,50,-20,-56,Low,B1-chart,informational,bmi-chart,tertiary,,auto,
bmi conversion chart,50,-25,-67,Low,B1-chart,informational,bmi-chart,tertiary,,auto,KWP group variants: bmi conversion table
5 4 weight chart,50,67,-71,Low,B1-chart,informational,bmi-chart,tertiary,,auto,
bmi number chart,50,-40,0,Low,B1-chart,informational,bmi-chart,tertiary,,auto,KWP group variants: bmi chart numbers
transamerica height and weight chart,50,75,40,Low,B1-chart,informational,bmi-chart,tertiary,,auto,
5 foot 9 ideal weight,50,25,-29,Low,B2-population,informational,bmi-chart,tertiary,,auto,
weight based on height chart,50,33,-56,Low,B1-chart,informational,bmi-chart,tertiary,,auto,
bmi chart cm kg,40,0,0,Low,B1-chart,informational,bmi-chart,tertiary,,auto,KWP group variants: bmi chart cm and kg; bmi table cm kg; bmi table in kg and cm; body mass index chart in kg and cm
bmi chart normal range,40,-78,0,Low,B1-chart,informational,bmi-chart,tertiary,,auto,KWP group variants: bmi chart healthy range
health body weight chart,40,0,-40,Low,B1-chart,informational,bmi-chart,tertiary,,auto,KWP group variants: healthy body weight chart; healthy human weight chart; recommended body weight chart
bmi level chart,40,-40,-40,Low,B1-chart,informational,bmi-chart,tertiary,,auto,
normal weight person,40,-33,-50,Low,B2-population,informational,bmi-chart,tertiary,,auto,
basic bmi chart,40,-33,-60,Low,B1-chart,informational,bmi-chart,tertiary,,auto,KWP group variants: bmi chart simple; simple bmi chart
length weight chart,40,-25,-40,Low,B1-chart,informational,bmi-chart,tertiary,,auto,KWP group variants: length and weight chart
weight scale height chart,40,-25,-40,Low,B1-chart,informational,bmi-chart,tertiary,,auto,KWP group variants: height and weight scale chart
5ft healthy weight,40,-20,-20,Low,B2-population,informational,bmi-chart,tertiary,,auto,
5 ft 8 ideal weight,40,-25,-25,Low,B2-population,informational,bmi-chart,tertiary,,auto,
5 ft 2 ideal weight,40,-20,-20,Low,B1-chart,informational,bmi-chart,tertiary,,auto,KWP group variants: ideal weight for 5ft 2
realistic weight loss graph,40,67,-44,Low,B1-chart,informational,bmi-chart,tertiary,,auto,
standard height weight chart,40,33,-20,Low,B1-chart,informational,bmi-chart,tertiary,,auto,KWP group variants: standard height and weight chart; standard height & weight chart
accurate bmi chart,40,33,-20,Low,B1-chart,informational,bmi-chart,tertiary,,auto,
normal height and weight chart,40,33,-20,Low,B1-chart,informational,bmi-chart,tertiary,,auto,
a body mass index chart,40,67,25,Low,B1-chart,informational,bmi-chart,tertiary,,auto,
weight to height ratio chart,40,133,75,Low,B1-chart,informational,bmi-chart,tertiary,,auto,
the best weight for my height,40,50,-40,Low,B1-chart,informational,bmi-chart,tertiary,,auto,KWP group variants: the correct weight for my height; the ideal weight for my height; the perfect weight for my height; the right weight for my height
height and kg weight chart,40,50,-57,Low,B1-chart,informational,bmi-chart,tertiary,,auto,KWP group variants: height & weight chart in kg; height and weight chart in kg
mass weight chart,40,50,0,Low,B1-chart,informational,bmi-chart,tertiary,,auto,KWP group variants: mass and weight chart
normal weight range chart,40,0,-40,Low,B1-chart,informational,bmi-chart,tertiary,,auto,KWP group variants: healthy weight range chart
best height weight ratio,40,0,-57,Low,B1-chart,informational,bmi-chart,tertiary,,auto,KWP group variants: best height to weight ratio; recommended weight to height ratio
i am 4 11 how much should i weigh,40,0,250,Low,B2-population,informational,bmi-chart,tertiary,,auto,
height and what weight chart,40,33,-20,Low,B1-chart,informational,bmi-chart,tertiary,,auto,
bmi chart ideal weight,40,0,-73,Low,B1-chart,informational,bmi-chart,tertiary,,auto,KWP group variants: body mass index ideal weight chart; ideal weight and bmi chart
bmi health chart,40,0,0,Low,B1-chart,informational,bmi-chart,tertiary,,auto,KWP group variants: regular bmi chart
bmi chart standard,40,0,0,Low,B1-chart,informational,bmi-chart,tertiary,,auto,KWP group variants: bmi standard chart; standard body mass index bmi chart; standard body mass index chart
bmi kg m2 chart,30,0,-50,Low,B1-chart,informational,bmi-chart,tertiary,,auto,
5 ft 4 ideal weight,30,0,-40,Low,B1-chart,informational,bmi-chart,tertiary,,auto,KWP group variants: 5 foot 4 ideal weight
african american height and weight chart,30,0,-50,Low,B1-chart,informational,bmi-chart,tertiary,,auto,
bmi home scale,30,-50,-33,High,B3-bodyfat,informational,bmi-chart,tertiary,,auto,
healthy food chart for weight loss,30,100,-20,Medium,B1-chart,informational,bmi-chart,tertiary,,auto,
bmi chart free,30,50,-25,Medium,B1-chart,informational,bmi-chart,tertiary,,auto,
i am 6 2 how much should i weigh,30,25,25,Low,B2-population,informational,bmi-chart,tertiary,,auto,
5 4 height ideal weight,30,0,0,Low,B1-chart,informational,bmi-chart,tertiary,,auto,
bmi body weight chart,30,0,0,Low,B1-chart,informational,bmi-chart,tertiary,,auto,
healthy weight for each height,30,-25,-25,Low,B1-chart,informational,bmi-chart,tertiary,,auto,
health chart height and weight,30,0,50,Low,B1-chart,informational,bmi-chart,tertiary,,auto,KWP group variants: health chart weight and height; weight and height health chart
official bmi chart,30,-25,0,Low,B1-chart,informational,bmi-chart,tertiary,,auto,
5 foot 10 ideal weight,30,0,0,Low,B2-population,informational,bmi-chart,tertiary,,auto,
bmi size chart,30,0,0,Low,B1-chart,informational,bmi-chart,tertiary,,auto,
bmi life expectancy chart,30,0,-60,Low,B1-chart,informational,bmi-chart,tertiary,,auto,
i am 5 6 what is my ideal weight,30,-25,0,Low,B1-chart,informational,bmi-chart,tertiary,,auto,
bmi chart inches and pounds,30,-33,-33,Medium,B1-chart,informational,bmi-chart,tertiary,,auto,KWP group variants: bmi chart in inches and pounds
200 lbs overweight,30,-33,-33,Low,B3-bodyfat,informational,bmi-chart,tertiary,,auto,
how accurate is the bmi chart,30,-33,-60,Low,B3-bodyfat,informational,bmi-chart,tertiary,,auto,
human height weight chart,30,-33,0,Low,B1-chart,informational,bmi-chart,tertiary,,auto,KWP group variants: human height and weight chart
based on my height how much should i weigh,30,-33,-50,Low,B1-chart,informational,bmi-chart,tertiary,,auto,
body weight percentage chart,30,-33,-50,Low,B3-bodyfat,informational,bmi-chart,tertiary,,auto,
the height and weight chart,30,0,-33,Low,B1-chart,informational,bmi-chart,tertiary,,auto,
medical height weight chart,30,0,-25,Low,B1-chart,informational,bmi-chart,tertiary,,auto,KWP group variants: medical height and weight chart
normal weight scale,30,-67,-50,Low,B1-chart,informational,bmi-chart,tertiary,,auto,
i am 5 4 what is my ideal weight,30,-33,0,Low,B1-chart,informational,bmi-chart,tertiary,,auto,
height v weight chart,30,33,0,Low,B1-chart,informational,bmi-chart,tertiary,,auto,
based on height how much should i weigh,30,-67,-80,Low,B1-chart,informational,bmi-chart,tertiary,,auto,
cdc bmi chart adults,20,300,100,Low,B1-chart,informational,bmi-chart,tertiary,,auto,
recommended weight per height,20,200,50,Low,B1-chart,informational,bmi-chart,tertiary,,auto,
bmi test chart,20,50,0,Low,B1-chart,informational,bmi-chart,tertiary,,auto,KWP group variants: bmi measurement chart
height weight chart com,20,100,100,Low,B1-chart,informational,bmi-chart,tertiary,,auto,
the body mass index chart,20,50,-40,Low,B1-chart,informational,bmi-chart,tertiary,,auto,
5 foot 3 weight,20,50,-40,Low,B2-population,informational,bmi-chart,tertiary,,auto,
show bmi chart,20,-33,0,Low,B1-chart,informational,bmi-chart,tertiary,,auto,
how accurate is a bmi scale,20,-50,-50,Low,B3-bodyfat,informational,bmi-chart,tertiary,,auto,
ideal bmi chart,20,-33,-33,Low,B1-chart,informational,bmi-chart,tertiary,,auto,
bmi weight loss chart,20,-50,-67,Low,B1-chart,informational,bmi-chart,tertiary,,auto,
health body weight for height,20,-50,-67,Low,B1-chart,informational,bmi-chart,tertiary,,auto,
5 feet weight chart,20,-50,-67,Low,B1-chart,informational,bmi-chart,tertiary,,auto,
bmi risk chart,20,-50,0,Low,B1-chart,informational,bmi-chart,tertiary,,auto,
at age 11 how much should i weigh,20,-50,0,Low,B2-population,informational,bmi-chart,tertiary,,auto,KWP group variants: at the age of 11 how much should i weigh
how can a scale measure bmi,20,-50,100,Low,B3-bodyfat,informational,bmi-chart,tertiary,,auto,
printable bmi chart for adults,20,-50,0,Low,B1-chart,informational,bmi-chart,tertiary,,auto,
weight scale based on height,20,0,-33,Low,B1-chart,informational,bmi-chart,tertiary,,auto,
army bmi scale,20,0,-50,Low,B3-bodyfat,informational,bmi-chart,tertiary,,auto,
smart bmi chart,20,0,-50,Low,B1-chart,informational,bmi-chart,tertiary,,auto,
healthy weight chart for adults,20,0,-50,Low,B1-chart,informational,bmi-chart,tertiary,,auto,
real bmi chart,20,0,-50,Low,B1-chart,informational,bmi-chart,tertiary,,auto,KWP group variants: realistic bmi chart
bmi and weight to height,20,0,-67,Low,B1-chart,informational,bmi-chart,tertiary,,auto,
asian height and weight chart,20,0,-50,Low,B1-chart,informational,bmi-chart,tertiary,,auto,
bmi chart printable free,20,0,-86,Low,B1-chart,informational,bmi-chart,tertiary,,auto,
if im 5.5 how much should i weigh,20,0,0,Low,B2-population,informational,bmi-chart,tertiary,,auto,
scale that shows bmi,20,0,0,High,B3-bodyfat,informational,bmi-chart,tertiary,,auto,
i am 6 feet tall what is my ideal weight,20,0,0,Low,B2-population,informational,bmi-chart,tertiary,,auto,
5 ft 6 ideal weight,20,0,0,Low,B2-population,informational,bmi-chart,tertiary,,auto,
weight index chart,20,0,0,Low,B1-chart,informational,bmi-chart,tertiary,,auto,
bmi calculator how much should i weigh,20,0,0,Low,B1-chart,informational,bmi-chart,tertiary,,auto,
average bmi chart,20,0,0,Low,B1-chart,informational,bmi-chart,tertiary,,auto,
good weight for my height,20,0,0,Low,B1-chart,informational,bmi-chart,tertiary,,auto,
bmi chart interpretation,20,0,100,Low,B1-chart,informational,bmi-chart,tertiary,,auto,
6 feet weight chart,20,100,-33,Low,B1-chart,informational,bmi-chart,tertiary,,auto,
national institute of health weight chart,20,100,-33,Low,B1-chart,informational,bmi-chart,tertiary,,auto,
modern bmi chart,20,100,0,Low,B1-chart,informational,bmi-chart,tertiary,,auto,
ww bmi chart,20,0,50,Low,B1-chart,informational,bmi-chart,tertiary,,auto,
body height weight ratio,20,100,100,Low,B1-chart,informational,bmi-chart,tertiary,,auto,KWP group variants: body height and weight ratio; body height to weight ratio
healthy weights for different heights,20,100,0,Low,B1-chart,informational,bmi-chart,tertiary,,auto,
predicted body weight chart,20,100,0,Low,B1-chart,informational,bmi-chart,tertiary,,auto,
extended bmi chart,20,200,200,Low,B1-chart,informational,bmi-chart,tertiary,,auto,
medical bmi chart,20,100,100,Low,B1-chart,informational,bmi-chart,tertiary,,auto,
4 11 height ideal weight,20,50,0,Low,B1-chart,informational,bmi-chart,tertiary,,auto,KWP group variants: ideal weight for 4 11 height
national bmi chart,20,50,200,Low,B1-chart,informational,bmi-chart,tertiary,,auto,
normal weight body,20,-50,-50,Low,B2-population,informational,bmi-chart,tertiary,,auto,
height and weight in kg,20,-50,-50,Low,B1-chart,informational,bmi-chart,tertiary,,auto,
body weight chart in kg,10,-100,-100,Unknown,B1-chart,informational,bmi-chart,tertiary,,auto,
breakfast chart for weight loss,10,∞,∞,Low,B1-chart,informational,bmi-chart,tertiary,,auto,
fitness ideal weight for my height,10,∞,∞,Low,B1-chart,informational,bmi-chart,tertiary,,auto,
body height and weight chart in kg,10,∞,∞,Low,B1-chart,informational,bmi-chart,tertiary,,auto,
filipino height and weight chart,10,∞,∞,Low,B1-chart,informational,bmi-chart,tertiary,,auto,
body mass height chart,10,∞,∞,Low,B1-chart,informational,bmi-chart,tertiary,,auto,
weight for height who chart,10,∞,∞,Low,B1-chart,informational,bmi-chart,tertiary,,auto,
canadian healthy weight chart,10,∞,∞,Low,B1-chart,informational,bmi-chart,tertiary,,auto,
standard weight for height in kg,10,∞,∞,Low,B1-chart,informational,bmi-chart,tertiary,,auto,
exact height and weight chart,10,∞,∞,Low,B1-chart,informational,bmi-chart,tertiary,,auto,
check healthy weight for height,10,∞,0,Medium,B1-chart,informational,bmi-chart,tertiary,,auto,
natural body weight for height,10,∞,0,Medium,B1-chart,informational,bmi-chart,tertiary,,auto,
an ideal weight for my height,10,∞,0,Low,B1-chart,informational,bmi-chart,tertiary,,auto,
reasonable weight for height,10,∞,0,Low,B1-chart,informational,bmi-chart,tertiary,,auto,
height and normal weight,10,∞,0,Low,B2-population,informational,bmi-chart,tertiary,,auto,
at age 25 how much should i weigh,10,∞,0,Low,B2-population,informational,bmi-chart,tertiary,,auto,
bmi formula chart,10,∞,0,Low,B1-chart,informational,bmi-chart,tertiary,,auto,KWP group variants: bmi formula and chart
normal body weight scale,10,∞,0,Low,B2-population,informational,bmi-chart,tertiary,,auto,
4 9 height weight chart,10,∞,0,Low,B1-chart,informational,bmi-chart,tertiary,,auto,KWP group variants: ideal weight seems too low
at age 17 how much should i weigh,10,∞,0,Low,B2-population,informational,bmi-chart,tertiary,,auto,
bmi food chart,10,∞,0,Low,B1-chart,informational,bmi-chart,tertiary,,auto,
show me the bmi scale,10,200,200,Medium,B3-bodyfat,informational,bmi-chart,tertiary,,auto,
preferred weight chart,10,∞,0,Low,B1-chart,informational,bmi-chart,tertiary,,auto,
5 ft 2 weight chart,10,∞,0,Low,B1-chart,informational,bmi-chart,tertiary,,auto,
estimated height and weight chart,10,∞,0,Low,B1-chart,informational,bmi-chart,tertiary,,auto,
bmi guide chart,10,∞,0,Low,B1-chart,informational,bmi-chart,tertiary,,auto,
height weight chart in cm and feet,10,∞,0,Low,B1-chart,informational,bmi-chart,tertiary,,auto,
bmi of the normal weight range is,10,∞,0,Low,B1-chart,informational,bmi-chart,tertiary,,auto,
size chart according to height,10,∞,0,Low,B1-chart,informational,bmi-chart,tertiary,,auto,
weight to height chart lbs,10,∞,-50,Low,B1-chart,informational,bmi-chart,tertiary,,auto,
healthy weight guide,10,400,400,Low,B1-chart,informational,bmi-chart,tertiary,,auto,
if im 6 1 how much should i weigh,10,200,200,Low,B2-population,informational,bmi-chart,tertiary,,auto,
height to weight chart lbs,10,100,0,Low,B1-chart,informational,bmi-chart,tertiary,,auto,
5 2 height normal weight,10,100,100,Low,B1-chart,informational,bmi-chart,tertiary,,auto,
my height is 5 11 how much should i weigh,10,100,∞,Low,B2-population,informational,bmi-chart,tertiary,,auto,
healthy weight range based on height,10,100,100,Low,B1-chart,informational,bmi-chart,tertiary,,auto,
height to bmi chart,10,100,100,Low,B1-chart,informational,bmi-chart,tertiary,,auto,
healthy weight range for me,10,100,100,Low,B1-chart,informational,bmi-chart,tertiary,,auto,
68 kg bmi,10,100,100,Low,B1-chart,informational,bmi-chart,tertiary,,auto,
bmi scale machine,10,100,100,High,B3-bodyfat,informational,bmi-chart,tertiary,,auto,
weight for height and gender,10,100,0,Low,B1-chart,informational,bmi-chart,tertiary,,auto,
if im 5.3 how much should i weigh,10,100,0,Low,B2-population,informational,bmi-chart,tertiary,,auto,
my height is 5.4 how much should i weigh,10,0,∞,High,B2-population,informational,bmi-chart,tertiary,,auto,
best body weight for height,10,0,∞,Low,B1-chart,informational,bmi-chart,tertiary,,auto,
5 10 height weight chart,10,0,∞,Low,B1-chart,informational,bmi-chart,tertiary,,auto,
bmi list according to height and weight,10,0,∞,Low,B1-chart,informational,bmi-chart,tertiary,,auto,
hight wate chart,10,0,∞,Low,B1-chart,informational,bmi-chart,tertiary,,auto,
give me a bmi chart,10,0,100,Medium,B1-chart,informational,bmi-chart,tertiary,,auto,
actual height and weight chart,10,0,∞,Low,B1-chart,informational,bmi-chart,tertiary,,auto,
he8ght weight chart,10,0,∞,Low,B1-chart,informational,bmi-chart,tertiary,,auto,
according to weight and height,10,0,∞,Low,B1-chart,informational,bmi-chart,tertiary,,auto,
bmi underweight overweight chart,10,0,∞,Low,B1-chart,informational,bmi-chart,tertiary,,auto,
healthy body weight height chart,10,0,∞,Low,B1-chart,informational,bmi-chart,tertiary,,auto,
112 cm height weight chart,10,0,∞,Low,B1-chart,informational,bmi-chart,tertiary,,auto,
hse bmi chart,10,0,∞,Low,B1-chart,informational,bmi-chart,tertiary,,auto,
bmi diet chart,10,0,∞,Low,B1-chart,informational,bmi-chart,tertiary,,auto,
suggested bmi chart,10,0,∞,Low,B1-chart,informational,bmi-chart,tertiary,,auto,
check normal weight for height,10,0,0,Unknown,B1-chart,informational,bmi-chart,tertiary,,auto,
healthy weight range for my height,10,0,100,Low,B1-chart,informational,bmi-chart,tertiary,,auto,
i am 5 foot 8 what is my ideal weight,10,0,100,Low,B2-population,informational,bmi-chart,tertiary,,auto,
6 feet bmi in kg,10,0,0,Unknown,B1-chart,informational,bmi-chart,tertiary,,auto,
high weight for height,10,0,0,Unknown,B1-chart,informational,bmi-chart,tertiary,,auto,
exact weight for height,10,0,0,Unknown,B1-chart,informational,bmi-chart,tertiary,,auto,
actual body weight chart,10,0,0,Unknown,B1-chart,informational,bmi-chart,tertiary,,auto,KWP group variants: body mass and height chart
healthy weight for height kg,10,0,0,Unknown,B1-chart,informational,bmi-chart,tertiary,,auto,
body mass index indicates a normal weight,10,0,0,Unknown,B2-population,informational,bmi-chart,tertiary,,auto,
height 5.6 feet in cm weight chart,10,0,0,Unknown,B1-chart,informational,bmi-chart,tertiary,,auto,
bmi results table,10,0,0,Unknown,B1-chart,informational,bmi-chart,tertiary,,auto,
perfect body chart,10,0,0,Unknown,B1-chart,informational,bmi-chart,tertiary,,auto,
my height is 168cm how much should i weigh,10,0,0,Unknown,B2-population,informational,bmi-chart,tertiary,,auto,
body height weight ratio chart,10,0,0,Unknown,B1-chart,informational,bmi-chart,tertiary,,auto,
my age is 29 how much should i weigh,10,0,0,Unknown,B2-population,informational,bmi-chart,tertiary,,auto,
recommended weight chart for adults,10,0,0,Unknown,B1-chart,informational,bmi-chart,tertiary,,auto,
your bmi chart,10,0,0,Unknown,B1-chart,informational,bmi-chart,tertiary,,auto,KWP group variants: weight bmi machine
required body weight for height,10,0,0,Unknown,B1-chart,informational,bmi-chart,tertiary,,auto,
bmi chart printable version,10,0,0,Unknown,B1-chart,informational,bmi-chart,tertiary,,auto,
human body height and weight measurement,10,0,0,Unknown,B1-chart,informational,bmi-chart,tertiary,,auto,
sample bmi chart,10,0,0,Unknown,B1-chart,informational,bmi-chart,tertiary,,auto,
height 5.6 feet weight chart,10,0,0,Unknown,B1-chart,informational,bmi-chart,tertiary,,auto,
0 to 5 years height weight chart,10,0,0,Unknown,B1-chart,informational,bmi-chart,tertiary,,auto,
gents height weight chart,10,0,0,Unknown,B1-chart,informational,bmi-chart,tertiary,,auto,
146cm height normal weight,10,0,0,Unknown,B1-chart,informational,bmi-chart,tertiary,,auto,KWP group variants: weight range for height in kg
body by weight and height,10,0,0,Low,B1-chart,informational,bmi-chart,tertiary,,auto,
bmi according to height and weight,10,0,0,Low,B1-chart,informational,bmi-chart,tertiary,,auto,
balance weight and height,10,0,0,Low,B1-chart,informational,bmi-chart,tertiary,,auto,
healthy weight loss chart,10,0,0,High,B1-chart,informational,bmi-chart,tertiary,,auto,KWP group variants: health chart for weight loss; healthy chart for weight loss
bmi reference chart,10,0,0,Low,B1-chart,informational,bmi-chart,tertiary,,auto,
weight and height guide chart,10,0,0,High,B1-chart,informational,bmi-chart,tertiary,,auto,
weight x height chart,10,0,0,Low,B1-chart,informational,bmi-chart,tertiary,,auto,
ibm chart for weight,10,0,0,Low,B1-chart,informational,bmi-chart,tertiary,,auto,
bmi chart according to height,10,0,0,Low,B1-chart,informational,bmi-chart,tertiary,,auto,
good height weight ratio chart,10,0,0,Low,B1-chart,informational,bmi-chart,tertiary,,auto,
healthy weight by height and gender,10,0,0,Low,B1-chart,informational,bmi-chart,tertiary,,auto,
5ft 4 ideal weight,10,0,0,Low,B2-population,informational,bmi-chart,tertiary,,auto,
5 5 height normal weight,10,0,0,Low,B2-population,informational,bmi-chart,tertiary,,auto,
latest bmi chart,10,0,0,Low,B1-chart,informational,bmi-chart,tertiary,,auto,KWP group variants: most recent bmi chart
body mass scale chart,10,0,0,Medium,B1-chart,informational,bmi-chart,tertiary,,auto,
at the age of 15 how much should i weigh,10,0,0,Medium,B2-population,informational,bmi-chart,tertiary,,auto,
body index table,10,0,0,Medium,B1-chart,informational,bmi-chart,tertiary,,auto,
corresponding weight for height,10,0,0,Low,B1-chart,informational,bmi-chart,tertiary,,auto,
body weight for my height,10,0,0,Low,B1-chart,informational,bmi-chart,tertiary,,auto,
am ia healthy weight for my height,10,0,0,Low,B1-chart,informational,bmi-chart,tertiary,,auto,
desirable weight chart,10,0,0,Medium,B1-chart,informational,bmi-chart,tertiary,,auto,
understanding bmi chart,10,0,0,Medium,B1-chart,informational,bmi-chart,tertiary,,auto,
bmi longevity chart,10,0,0,Low,B1-chart,informational,bmi-chart,tertiary,,auto,
doctor bmi chart,10,0,0,Low,B1-chart,informational,bmi-chart,tertiary,,auto,
safe weight range for my height,10,0,0,Medium,B1-chart,informational,bmi-chart,tertiary,,auto,
healthy weight according to height,10,0,0,Low,B1-chart,informational,bmi-chart,tertiary,,auto,
bmi chart in inches,10,0,0,Low,B1-chart,informational,bmi-chart,tertiary,,auto,
weight converter bmi chart,10,0,0,Low,B1-chart,informational,bmi-chart,tertiary,,auto,
bmi rating chart,10,0,0,Low,B1-chart,informational,bmi-chart,tertiary,,auto,
human bmi chart,10,0,0,Low,B1-chart,informational,bmi-chart,tertiary,,auto,
bmi weight range chart,10,0,0,Low,B1-chart,informational,bmi-chart,tertiary,,auto,
body mass index calculation chart,10,0,0,Low,B1-chart,informational,bmi-chart,tertiary,,auto,
proportional height and weight,10,0,0,Low,B1-chart,informational,bmi-chart,tertiary,,auto,
bmi goal chart,10,0,0,Low,B1-chart,informational,bmi-chart,tertiary,,auto,
according to height weight,10,0,0,Low,B1-chart,informational,bmi-chart,tertiary,,auto,
bmi rate chart,10,0,0,Low,B1-chart,informational,bmi-chart,tertiary,,auto,
normal body height and weight,10,0,0,Low,B1-chart,informational,bmi-chart,tertiary,,auto,
at age 21 how much should i weigh,10,0,0,Low,B2-population,informational,bmi-chart,tertiary,,auto,
good weight to height ratio,10,0,0,Low,B1-chart,informational,bmi-chart,tertiary,,auto,
good weight for your height,10,0,0,Low,B1-chart,informational,bmi-chart,tertiary,,auto,
decent weight for height,10,0,0,Low,B2-population,informational,bmi-chart,tertiary,,auto,
bmi comparison chart,10,0,0,Low,B1-chart,informational,bmi-chart,tertiary,,auto,
table of bmi classification,10,0,0,Low,B1-chart,informational,bmi-chart,tertiary,,auto,KWP group variants: bmi and life expectancy chart
body height to weight chart,10,0,0,Low,B1-chart,informational,bmi-chart,tertiary,,auto,
healthy weight chart lbs,10,0,0,Low,B1-chart,informational,bmi-chart,tertiary,,auto,KWP group variants: healthy weight chart in pounds
my healthy body weight,10,0,0,Low,B1-chart,informational,bmi-chart,tertiary,,auto,KWP group variants: height to weight healthy ratio
bmi chart in kg and meters,10,0,0,Low,B1-chart,informational,bmi-chart,tertiary,,auto,
height to weight kg,10,0,0,Low,B1-chart,informational,bmi-chart,tertiary,,auto,
height and weight chart who,10,0,0,Low,B1-chart,informational,bmi-chart,tertiary,,auto,
revised bmi chart,10,0,0,Low,B1-chart,informational,bmi-chart,tertiary,,auto,
bmi chart values,10,0,0,Low,B1-chart,informational,bmi-chart,tertiary,,auto,
bmi 80 kg 170 cm,10,0,0,Low,B1-chart,informational,bmi-chart,tertiary,,auto,
proper weight for my height,10,0,-67,Low,B1-chart,informational,bmi-chart,tertiary,,auto,KWP group variants: appropriate weight for my height; optimal weight for my height
ideal lean body mass chart,10,0,-75,Low,B1-chart,informational,bmi-chart,tertiary,,auto,
desire weight chart,10,0,0,Low,B1-chart,informational,bmi-chart,tertiary,,auto,
standard height to weight ratio,10,0,0,Low,B1-chart,informational,bmi-chart,tertiary,,auto,
year height weight chart,10,0,0,Low,B1-chart,informational,bmi-chart,tertiary,,auto,
height and weight chart in cm,10,0,0,Low,B1-chart,informational,bmi-chart,tertiary,,auto,KWP group variants: height in cm and weight chart
height weight and bmi machine,10,0,0,Low,B3-bodyfat,informational,bmi-chart,tertiary,,auto,
printable bmi chart pdf,10,0,-75,Low,B1-chart,informational,bmi-chart,tertiary,,auto,
health and weight chart,10,0,-75,Low,B1-chart,informational,bmi-chart,tertiary,,auto,KWP group variants: health chart for weight
optimal body weight for height,10,0,-67,Low,B1-chart,informational,bmi-chart,tertiary,,auto,
body weight ratio chart,10,0,-67,Low,B1-chart,informational,bmi-chart,tertiary,,auto,
bmi reading chart,10,0,-50,Low,B1-chart,informational,bmi-chart,tertiary,,auto,
best weight per height,10,0,-50,Low,B1-chart,informational,bmi-chart,tertiary,,auto,KWP group variants: good weight per height
the healthy weight for my height,10,0,-50,Low,B1-chart,informational,bmi-chart,tertiary,,auto,
bmi value chart,10,0,-50,Low,B1-chart,informational,bmi-chart,tertiary,,auto,
height weight measurement chart,10,0,-50,Low,B1-chart,informational,bmi-chart,tertiary,,auto,KWP group variants: height and weight measurement chart
normal weight based on height,10,0,-50,Low,B1-chart,informational,bmi-chart,tertiary,,auto,
healthy weight measurement,10,0,-50,Low,B1-chart,informational,bmi-chart,tertiary,,auto,
ideal weight for 6ft 2,10,0,-50,Low,B2-population,informational,bmi-chart,tertiary,,auto,
body weight kilograms chart,10,0,-100,Unknown,B1-chart,informational,bmi-chart,tertiary,,auto,
height and weight correlation chart,10,0,-50,Low,B1-chart,informational,bmi-chart,tertiary,,auto,
height plus weight chart,10,0,-50,Low,B1-chart,informational,bmi-chart,tertiary,,auto,
bmi chart 2021,10,0,-100,Unknown,B1-chart,informational,bmi-chart,tertiary,,auto,
4 9 weight chart,10,0,-50,Low,B1-chart,informational,bmi-chart,tertiary,,auto,
ideal weight for my height calculator,10,0,-100,Unknown,B1-chart,informational,bmi-chart,tertiary,,auto,
bmi finder chart,10,0,-100,Unknown,B1-chart,informational,bmi-chart,tertiary,,auto,KWP group variants: webmd healthy weight chart
normal human weight and height,10,0,-100,Unknown,B1-chart,informational,bmi-chart,tertiary,,auto,
height weight ratio chart in kg,10,0,-100,Unknown,B1-chart,informational,bmi-chart,tertiary,,auto,KWP group variants: height and weight ratio chart in kg
normal weight for height cm,10,0,-100,Unknown,B1-chart,informational,bmi-chart,tertiary,,auto,
natural weight for height,10,0,-100,Unknown,B1-chart,informational,bmi-chart,tertiary,,auto,
weight to height ratio in kg,10,0,-100,Unknown,B1-chart,informational,bmi-chart,tertiary,,auto,
table bmi weight status categories,10,0,-100,Unknown,B1-chart,informational,bmi-chart,tertiary,,auto,
bmi chart in kg and cm pdf,10,0,-100,Unknown,B1-chart,informational,bmi-chart,tertiary,,auto,
idle weight chart,10,0,-100,Unknown,B1-chart,informational,bmi-chart,tertiary,,auto,
ibm weight and height chart,10,0,-100,Unknown,B1-chart,informational,bmi-chart,tertiary,,auto,
normal human body weight chart in kg,10,0,-100,Unknown,B1-chart,informational,bmi-chart,tertiary,,auto,
fitness body weight and height,10,0,-100,Unknown,B1-chart,informational,bmi-chart,tertiary,,auto,
3 year height weight chart,10,0,-100,Unknown,B1-chart,informational,bmi-chart,tertiary,,auto,KWP group variants: indian height and weight chart
human body mass index chart,10,0,-100,Unknown,B1-chart,informational,bmi-chart,tertiary,,auto,
healthy chart for body,10,0,-100,Unknown,B1-chart,informational,bmi-chart,tertiary,,auto,
5.4 height and weight chart,10,0,-100,Unknown,B1-chart,informational,bmi-chart,tertiary,,auto,
walter kempner height weight chart,10,0,-100,Unknown,B1-chart,informational,bmi-chart,tertiary,,auto,
5ft 4ins ideal weight,10,0,-100,Unknown,B1-chart,informational,bmi-chart,tertiary,,auto,KWP group variants: cara kira bmi calculator
5 year height weight chart,10,0,-100,Unknown,B1-chart,informational,bmi-chart,tertiary,,auto,
180cm height weight chart,10,0,-100,Unknown,B1-chart,informational,bmi-chart,tertiary,,auto,
normal weight for each height,10,-50,0,Low,B1-chart,informational,bmi-chart,tertiary,,auto,
best weight chart,10,-50,-67,Low,B1-chart,informational,bmi-chart,tertiary,,auto,KWP group variants: good weight chart
bmi chart cm,10,-50,-50,Low,B1-chart,informational,bmi-chart,tertiary,,auto,KWP group variants: bmi chart centimeters
normal range of height and weight,10,-100,0,Unknown,B1-chart,informational,bmi-chart,tertiary,,auto,
bmi reference table,10,-100,0,Unknown,B1-chart,informational,bmi-chart,tertiary,,auto,
height cm weight chart,10,-100,0,Unknown,B1-chart,informational,bmi-chart,tertiary,,auto,
normal weight chart in kg,10,-100,0,Unknown,B1-chart,informational,bmi-chart,tertiary,,auto,KWP group variants: healthy weight chart in kg
general height and weight chart,10,-100,0,Unknown,B2-population,informational,bmi-chart,tertiary,,auto,
desirable body weight chart,10,-100,0,Unknown,B1-chart,informational,bmi-chart,tertiary,,auto,
how does a bmi weight scale work,10,-100,0,Unknown,B3-bodyfat,informational,bmi-chart,tertiary,,auto,
my height is 5.2 how much should i weigh,10,-100,0,Unknown,B2-population,informational,bmi-chart,tertiary,,auto,
4 8 ideal weight in kg,10,-100,0,Unknown,B1-chart,informational,bmi-chart,tertiary,,auto,
bmi interpretation table,10,-100,0,Unknown,B1-chart,informational,bmi-chart,tertiary,,auto,
5.3 height weight chart,10,-100,0,Unknown,B1-chart,informational,bmi-chart,tertiary,,auto,
bfp bmi chart,10,-100,0,Unknown,B3-bodyfat,informational,bmi-chart,tertiary,,auto,
apt weight for height in kg,10,-100,0,Unknown,B1-chart,informational,bmi-chart,tertiary,,auto,
4 year weight and height,10,-100,-100,Unknown,B1-chart,informational,bmi-chart,tertiary,,auto,
height chart according to weight,10,-100,-100,Unknown,B1-chart,informational,bmi-chart,tertiary,,auto,
human body weight and height,10,-100,-100,Unknown,B1-chart,informational,bmi-chart,tertiary,,auto,
bmi tracking chart,10,-100,-100,Unknown,B1-chart,informational,bmi-chart,tertiary,,auto,
normal weight and bmi chart,10,-100,-100,Unknown,B1-chart,informational,bmi-chart,tertiary,,auto,
height equal weight chart,10,-100,-100,Unknown,B1-chart,informational,bmi-chart,tertiary,,auto,
standard medical height weight chart,10,-100,-100,Unknown,B1-chart,informational,bmi-chart,tertiary,,auto,
height of weight chart,10,-100,-100,Unknown,B1-chart,informational,bmi-chart,tertiary,,auto,
body bone percentage chart,10,-100,-100,Unknown,B3-bodyfat,informational,bmi-chart,tertiary,,auto,
body fat calculator,74000,22,22,Low,B3-bodyfat,tool,body-fat-calculator,primary,,auto,KWP group variants: body fat estimate; body fat index calculator; body fat content calculator; body fat converter; body fat level calculator; body fat rate calculator; body to fat calculator; calculate body fat calculator; fat index calculator; fat rate calculator
bfp calculator,40500,0,0,Low,B3-bodyfat,tool,body-fat-calculator,secondary,,auto,KWP group variants: body fat percentage calculator; determine body fat percentage; figure out body fat percentage; bf percentage calculator; body fat composition calculator; body fat percentage finder; body fat ratio calculator; calculate body fat percentage calculator; compute body fat percentage; determine fat percentage; fat body index calculator; figure out fat percentage; find body fat percentage calculator
body fat calculator online,4400,-18,-91,Low,B3-bodyfat,tool,body-fat-calculator,secondary,,auto,
fat calc,2900,-17,-33,Low,B3-bodyfat,tool,body-fat-calculator,secondary,,auto,KWP group variants: fat calculator
bf calculator,1900,-16,-33,Low,B3-bodyfat,tool,body-fat-calculator,secondary,,auto,
fat percentage calculator online,1900,-80,-33,Low,B3-bodyfat,tool,body-fat-calculator,tertiary,,auto,KWP group variants: body fat percentage calculator online; online calculator for body fat percentage
fat level calculator,1600,0,-33,Low,B3-bodyfat,tool,body-fat-calculator,tertiary,,auto,KWP group variants: fat percentage calculator; fat content calculator; figure body fat percentage calculator
estimate body fat percentage,1600,26,50,Low,B3-bodyfat,tool,body-fat-calculator,tertiary,,auto,
body comp calculator,1300,-12,-32,Low,B3-bodyfat,tool,body-fat-calculator,tertiary,,auto,KWP group variants: body composition calculator
ideal fat percentage calculator,1000,-23,-38,Low,B3-bodyfat,tool,body-fat-calculator,tertiary,,auto,KWP group variants: ideal body fat percentage calculator; correct body fat percentage calculator; good body fat percentage calculator; healthy body fat percentage calculator; healthy fat percentage calculator
bodyfat calculator caliper,1000,0,-12,Low,B3-bodyfat,tool,body-fat-calculator,tertiary,,auto,KWP group variants: body fat calculator caliper; body caliper fat calculator; body fat calculator fat caliper; body fat calculator using calipers; body fat caliper test calculator; caliper calculator body fat; fat caliper body fat calculator
body fat calculator female,1000,0,-23,Low,B3-bodyfat,tool,body-fat-calculator,tertiary,,auto,KWP group variants: body fat calculator for women
women's fat percentage calculator,880,0,22,Low,B3-bodyfat,tool,body-fat-calculator,tertiary,,auto,KWP group variants: body fat percentage women calculator; body fat percentage female calculator; body fat percentage calculator female
body fat calculator male,720,0,49,Low,B3-bodyfat,tool,body-fat-calculator,tertiary,,auto,KWP group variants: body fat calculator for men
find body fat,590,39,108,Low,B3-bodyfat,tool,body-fat-calculator,tertiary,,auto,KWP group variants: compute body fat; figure body fat; figure body fat percentage; figure out body fat; find out body fat
body fat by measurements calculator,390,23,0,Low,B3-bodyfat,tool,body-fat-calculator,tertiary,,auto,KWP group variants: body fat calculator by measurements; body fat calculator using measurements
body fat percentage calculator male,390,175,175,Low,B3-bodyfat,tool,body-fat-calculator,tertiary,,auto,KWP group variants: body fat percentage calculator for men
most accurate body fat calculator,390,22,-46,Low,B3-bodyfat,tool,body-fat-calculator,tertiary,,auto,
find fat percentage,390,0,-19,Low,B3-bodyfat,tool,body-fat-calculator,tertiary,,auto,KWP group variants: find body fat percentage; body fat percentage counter; calculation of fat percentage; estimate fat percentage; estimated fat percentage
fat checker,390,0,0,Low,B3-bodyfat,tool,body-fat-calculator,tertiary,,auto,
protein carbs fats calculator,390,-18,-33,Low,B3-bodyfat,tool,body-fat-calculator,tertiary,,auto,KWP group variants: calculator for protein carbs and fat
7 site skinfold calculator,320,0,-19,Low,B3-bodyfat,tool,body-fat-calculator,tertiary,,auto,
fat burning hr zone calculator,320,-33,0,Low,B3-bodyfat,tool,body-fat-calculator,tertiary,,auto,
body fat loss calculator,320,0,-33,Low,B3-bodyfat,tool,body-fat-calculator,tertiary,,auto,
ai body fat calculator,260,0,129,Low,B3-bodyfat,tool,body-fat-calculator,tertiary,,auto,
3 site skinfold calculator,260,0,-19,Low,B3-bodyfat,tool,body-fat-calculator,tertiary,,auto,
bodyfat estimate,210,23,88,Low,B3-bodyfat,tool,body-fat-calculator,tertiary,,auto,KWP group variants: estimation of body fat
body fat weight calculator,210,24,-19,Low,B3-bodyfat,tool,body-fat-calculator,tertiary,,auto,KWP group variants: body fat and weight calculator; body weight body fat calculator
body fat calculator skinfold,210,24,0,Low,B3-bodyfat,tool,body-fat-calculator,tertiary,,auto,KWP group variants: body fat calculator skin fold
fat calculator for weight loss,170,-35,-48,Low,B3-bodyfat,tool,body-fat-calculator,tertiary,,auto,
body fat goal calculator,170,-18,-46,Low,B3-bodyfat,tool,body-fat-calculator,tertiary,,auto,
precise body fat calculator,170,21,-19,Low,B3-bodyfat,tool,body-fat-calculator,tertiary,,auto,KWP group variants: accurate body fat calculator; accurate body fat percentage calculator; accurate fat percentage calculator; reliable body fat calculator
estimate my body fat percentage,170,52,191,Low,B3-bodyfat,tool,body-fat-calculator,tertiary,,auto,
fat mass calculator,170,-21,-48,Low,B3-bodyfat,tool,body-fat-calculator,tertiary,,auto,
body fat calculator height weight,170,-36,-47,Low,B1-chart,tool,body-fat-calculator,tertiary,,auto,KWP group variants: body fat calculator height and weight; body fat calculator using height and weight; body fat calculator by height and weight; body fat calculator with weight and height
body fat percentage calculator using height and weight,140,0,55,Low,B3-bodyfat,tool,body-fat-calculator,tertiary,,auto,
measuring tape body fat calculator,140,100,-64,Low,B3-bodyfat,tool,body-fat-calculator,tertiary,,auto,KWP group variants: body fat calculator measurements tape
body fat estimate calculator,140,21,143,Low,B3-bodyfat,tool,body-fat-calculator,tertiary,,auto,
body fat weight loss calculator,110,0,-47,Low,B3-bodyfat,tool,body-fat-calculator,tertiary,,auto,KWP group variants: weight loss calculator body fat
best way to determine body fat,110,-18,-18,Medium,B3-bodyfat,tool,body-fat-calculator,tertiary,,auto,KWP group variants: best way to calculate body fat
caliper fat percentage calculator,110,0,-36,Low,B3-bodyfat,tool,body-fat-calculator,tertiary,,auto,KWP group variants: body fat caliper percentage calculator; body fat percentage calculator caliper; body fat percentage calculator using calipers; body fat percentage with calipers calculator
body fat calculator machine,110,22,-35,High,B3-bodyfat,tool,body-fat-calculator,tertiary,,auto,
best way to find body fat percentage,110,0,-21,Medium,B3-bodyfat,tool,body-fat-calculator,tertiary,,auto,KWP group variants: best way to calculate body fat percentage; best way to determine body fat percentage
body fat mass calculator,90,40,-50,Low,B3-bodyfat,tool,body-fat-calculator,tertiary,,auto,
body fat calculator for teenager,90,-29,-64,Low,B3-bodyfat,tool,body-fat-calculator,tertiary,,auto,
best body fat calculator,90,29,0,Low,B3-bodyfat,tool,body-fat-calculator,tertiary,,auto,KWP group variants: best fat percentage calculator
fat caliper calculator,90,-22,-36,Low,B3-bodyfat,tool,body-fat-calculator,tertiary,,auto,
work out body fat,90,0,-36,Low,B3-bodyfat,tool,body-fat-calculator,tertiary,,auto,
body fat percentage goal calculator,90,0,-36,Low,B3-bodyfat,tool,body-fat-calculator,tertiary,,auto,
bf estimate,90,27,180,Low,B3-bodyfat,tool,body-fat-calculator,tertiary,,auto,
fat percentage calculator machine,90,29,0,High,B3-bodyfat,tool,body-fat-calculator,tertiary,,auto,KWP group variants: body fat percentage calculator machine
jackson pollock body fat calculator,70,29,350,Low,B3-bodyfat,tool,body-fat-calculator,tertiary,,auto,
body fat calculator free,70,40,0,Low,B3-bodyfat,tool,body-fat-calculator,tertiary,,auto,
3 point body fat calculator,70,0,-22,Low,B3-bodyfat,tool,body-fat-calculator,tertiary,,auto,KWP group variants: three point body fat calculator
us body fat calculator,70,29,29,Low,B3-bodyfat,tool,body-fat-calculator,tertiary,,auto,
body fat target calculator,70,-20,-43,Low,B3-bodyfat,tool,body-fat-calculator,tertiary,,auto,
skinfold calculator,70,-20,0,Low,B3-bodyfat,tool,body-fat-calculator,tertiary,,auto,
legion athletics body fat calculator,70,-33,-60,Low,B3-bodyfat,tool,body-fat-calculator,tertiary,,auto,
legion body fat calculator,70,0,0,Low,B3-bodyfat,tool,body-fat-calculator,tertiary,,auto,
body fat percentage for abs calculator,70,-36,600,Low,B3-bodyfat,tool,body-fat-calculator,tertiary,,auto,
caliper calculator,70,-56,-43,Low,B3-bodyfat,tool,body-fat-calculator,tertiary,,auto,
skin caliper calculator,70,-20,-43,Low,B3-bodyfat,tool,body-fat-calculator,tertiary,,auto,KWP group variants: caliper skinfold calculator
body fat calculator scale,70,-44,-71,High,B3-bodyfat,tool,body-fat-calculator,tertiary,,auto,
estimate my body fat,70,0,250,Low,B3-bodyfat,tool,body-fat-calculator,tertiary,,auto,
relative fat mass calculator,70,120,267,Low,B3-bodyfat,tool,body-fat-calculator,tertiary,,auto,
measure fat percentage calculator,70,75,-22,Low,B3-bodyfat,tool,body-fat-calculator,tertiary,,auto,KWP group variants: body fat percentage calculator measurements; body fat percentage calculator with measurements
3 point caliper body fat calculator,50,133,40,Low,B3-bodyfat,tool,body-fat-calculator,tertiary,,auto,KWP group variants: body fat caliper calculator 3 point
body fat calculator tool,50,67,150,High,B3-bodyfat,tool,body-fat-calculator,tertiary,,auto,
precision nutrition body fat calculator,50,-50,40,Low,B3-bodyfat,tool,body-fat-calculator,tertiary,,auto,
ymca body fat calculator,50,-29,-44,Low,B3-bodyfat,tool,body-fat-calculator,tertiary,,auto,
ace fitness body fat calculator,50,0,0,Low,B3-bodyfat,tool,body-fat-calculator,tertiary,,auto,
fat mass index calculator,50,0,0,Low,B3-bodyfat,tool,body-fat-calculator,tertiary,,auto,
calculate fat weight,50,-33,-60,Low,B3-bodyfat,tool,body-fat-calculator,tertiary,,auto,KWP group variants: weight and fat calculator
3 site body fat calculator,50,-33,-71,Low,B3-bodyfat,tool,body-fat-calculator,tertiary,,auto,
ideal body fat calculator,50,-40,-57,Low,B3-bodyfat,tool,body-fat-calculator,tertiary,,auto,
body fat calculator reddit,50,-40,-67,Low,B3-bodyfat,tool,body-fat-calculator,tertiary,,auto,
body fat skin caliper calculator,50,25,25,Medium,B3-bodyfat,tool,body-fat-calculator,tertiary,,auto,KWP group variants: skin caliper body fat calculator
skinfold measurement calculator,40,0,0,Low,B3-bodyfat,tool,body-fat-calculator,tertiary,,auto,
calculate your body fat percentage,40,0,0,Low,B3-bodyfat,tool,body-fat-calculator,tertiary,,auto,
7 site body fat calculator,40,-33,-71,Low,B3-bodyfat,tool,body-fat-calculator,tertiary,,auto,
skinny fat calculator,40,0,-20,Low,B3-bodyfat,tool,body-fat-calculator,tertiary,,auto,
determine body fat percentage at home,40,-50,-67,Medium,B3-bodyfat,tool,body-fat-calculator,tertiary,,auto,
body fat calculator based on measurements,40,-20,-20,Low,B3-bodyfat,tool,body-fat-calculator,tertiary,,auto,
4 site skinfold calculator,40,50,-57,Low,B3-bodyfat,tool,body-fat-calculator,tertiary,,auto,
belly fat calculator,40,40,40,Low,B3-bodyfat,tool,body-fat-calculator,tertiary,,auto,KWP group variants: stomach fat calculator
carbs fat protein ratio calculator,40,33,-20,Low,B3-bodyfat,tool,body-fat-calculator,tertiary,,auto,
body fat calculator chart,40,0,33,Low,B3-bodyfat,tool,body-fat-calculator,tertiary,,auto,
free online body fat calculator,30,-50,0,Low,B3-bodyfat,tool,body-fat-calculator,tertiary,,auto,
macro calculator body fat percentage,30,100,-33,Low,B3-bodyfat,tool,body-fat-calculator,tertiary,,auto,
fat muscle ratio calculator,30,33,33,Low,B3-bodyfat,tool,body-fat-calculator,tertiary,,auto,KWP group variants: body fat to muscle ratio calculator; fat to muscle ratio calculator
body fat percentage calculator chart,30,0,-67,Low,B3-bodyfat,tool,body-fat-calculator,tertiary,,auto,KWP group variants: body fat percentage chart calculator
fitwatch body fat calculator,30,-25,-25,Low,B3-bodyfat,tool,body-fat-calculator,tertiary,,auto,
body fat percentage calculator for teens,30,-25,-25,Low,B3-bodyfat,tool,body-fat-calculator,tertiary,,auto,
body fat calculator no measurements,30,0,-75,Low,B3-bodyfat,tool,body-fat-calculator,tertiary,,auto,
7 point body fat calculator,30,33,-43,Low,B3-bodyfat,tool,body-fat-calculator,tertiary,,auto,KWP group variants: seven point body fat calculator
basic body fat calculator,30,-33,-33,Low,B3-bodyfat,tool,body-fat-calculator,tertiary,,auto,KWP group variants: body fat calculator simple
body fat calculation method,30,-33,-60,Low,B3-bodyfat,tool,body-fat-calculator,tertiary,,auto,KWP group variants: ways to calculate body fat
body fat estimate chart,30,-33,-50,Low,B3-bodyfat,tool,body-fat-calculator,tertiary,,auto,
muscle and fat calculator,30,0,0,Low,B3-bodyfat,tool,body-fat-calculator,tertiary,,auto,
measure my body fat percentage,30,0,50,Medium,B3-bodyfat,tool,body-fat-calculator,tertiary,,auto,KWP group variants: determine my body fat percentage
target body fat percentage calculator,30,-50,-60,Low,B3-bodyfat,tool,body-fat-calculator,tertiary,,auto,
calculate total body fat,30,-33,0,Low,B3-bodyfat,tool,body-fat-calculator,tertiary,,auto,
measure my body fat,30,-40,-25,Medium,B3-bodyfat,tool,body-fat-calculator,tertiary,,auto,KWP group variants: determine my body fat
body fat calculator tape,30,-33,-60,Low,B3-bodyfat,tool,body-fat-calculator,tertiary,,auto,
body fat calculator circumference,30,0,-33,Low,B3-bodyfat,tool,body-fat-calculator,tertiary,,auto,
most accurate fat percentage calculator,30,0,-25,Low,B3-bodyfat,tool,body-fat-calculator,tertiary,,auto,KWP group variants: most accurate body fat percentage calculator
best body fat percentage calculator,30,0,-33,Low,B3-bodyfat,tool,body-fat-calculator,tertiary,,auto,
body fat percentage calculator skinfold,30,0,-33,Low,B3-bodyfat,tool,body-fat-calculator,tertiary,,auto,
body fat ideal weight calculator,30,0,-25,Low,B3-bodyfat,tool,body-fat-calculator,tertiary,,auto,KWP group variants: ideal weight and body fat calculator; ideal weight calculator body fat
at home body fat calculator,20,-33,0,Medium,B3-bodyfat,tool,body-fat-calculator,tertiary,,auto,
body fat calculator device,20,-50,-67,High,B3-bodyfat,tool,body-fat-calculator,tertiary,,auto,
body fat reduction calculator,20,-50,-67,Low,B3-bodyfat,tool,body-fat-calculator,tertiary,,auto,
dexa body fat calculator,20,-50,0,Low,B3-bodyfat,tool,body-fat-calculator,tertiary,,auto,
body fat pinch calculator,20,-50,0,Low,B3-bodyfat,tool,body-fat-calculator,tertiary,,auto,
coast guard body fat calculator,20,-50,0,Low,B3-bodyfat,tool,body-fat-calculator,tertiary,,auto,
body fat change calculator,20,-67,-50,Low,B3-bodyfat,tool,body-fat-calculator,tertiary,,auto,
body composition analysis calculator,20,-50,0,Low,B3-bodyfat,tool,body-fat-calculator,tertiary,,auto,
body fat calculator without measurements,20,0,-33,Low,B3-bodyfat,tool,body-fat-calculator,tertiary,,auto,
fat calculator per day,20,0,-33,Low,B3-bodyfat,tool,body-fat-calculator,tertiary,,auto,
calculate your body fat,20,0,-33,Low,B3-bodyfat,tool,body-fat-calculator,tertiary,,auto,KWP group variants: determine your body fat; figure out your body fat
fittr body fat calculator,20,0,-50,Low,B3-bodyfat,tool,body-fat-calculator,tertiary,,auto,
fat percentage calculator food,20,0,-50,Low,B3-bodyfat,tool,body-fat-calculator,tertiary,,auto,
body fat calculator easy,20,0,-67,Low,B3-bodyfat,tool,body-fat-calculator,tertiary,,auto,
body fat calculator bodybuilding,20,0,-67,Low,B3-bodyfat,tool,body-fat-calculator,tertiary,,auto,KWP group variants: body fat calculator for bodybuilders
determine body composition,20,0,-67,Low,B3-bodyfat,tool,body-fat-calculator,tertiary,,auto,
body caliper calculator,20,0,-67,Low,B3-bodyfat,tool,body-fat-calculator,tertiary,,auto,
body fat percentage calculation formula,20,0,-67,Low,B3-bodyfat,tool,body-fat-calculator,tertiary,,auto,
calculate your fat percentage,20,0,-67,Low,B3-bodyfat,tool,body-fat-calculator,tertiary,,auto,KWP group variants: determine your body fat percentage; figure out your body fat percentage
fat muscle calculator,20,0,-67,Low,B3-bodyfat,tool,body-fat-calculator,tertiary,,auto,KWP group variants: fat and muscle calculator; fat to muscle calculator
total body fat percentage calculator,20,0,-67,Low,B3-bodyfat,tool,body-fat-calculator,tertiary,,auto,
fat free body weight calculator,20,0,-75,Low,B3-bodyfat,tool,body-fat-calculator,tertiary,,auto,
rmr calculator with body fat,20,0,0,Low,B3-bodyfat,tool,body-fat-calculator,tertiary,,auto,
free body fat percentage calculator,20,0,0,Low,B3-bodyfat,tool,body-fat-calculator,tertiary,,auto,
online body composition calculator,20,0,-80,Low,B3-bodyfat,tool,body-fat-calculator,tertiary,,auto,
bia body fat calculator,20,0,0,Medium,B3-bodyfat,tool,body-fat-calculator,tertiary,,auto,
body fat percentage weight calculator,20,0,0,Medium,B3-bodyfat,tool,body-fat-calculator,tertiary,,auto,
asian body fat percentage calculator,20,100,0,Low,B3-bodyfat,tool,body-fat-calculator,tertiary,,auto,
body fat percentage calculator using measurements,20,100,0,Low,B3-bodyfat,tool,body-fat-calculator,tertiary,,auto,
total fat calculator,20,100,100,Low,B3-bodyfat,tool,body-fat-calculator,tertiary,,auto,
zone body fat calculator,20,100,33,Low,B3-bodyfat,tool,body-fat-calculator,tertiary,,auto,
weight fat percentage calculator,20,100,33,Low,B3-bodyfat,tool,body-fat-calculator,tertiary,,auto,KWP group variants: body fat percentage to weight calculator
skin fold caliper calculator,20,100,300,Low,B3-bodyfat,tool,body-fat-calculator,tertiary,,auto,
my fat calculator,20,50,50,Low,B3-bodyfat,tool,body-fat-calculator,tertiary,,auto,
fat ratio calculator,20,50,50,Low,B3-bodyfat,tool,body-fat-calculator,tertiary,,auto,
calculate body fat percentage at home,20,-33,100,Low,B3-bodyfat,tool,body-fat-calculator,tertiary,,auto,
visual body fat calculator,20,-50,-50,Low,B3-bodyfat,tool,body-fat-calculator,tertiary,,auto,
bmi bfp calculator,20,-50,-50,Low,B3-bodyfat,tool,body-fat-calculator,tertiary,,auto,
rough body fat calculator,20,-50,-50,Low,B3-bodyfat,tool,body-fat-calculator,tertiary,,auto,
macro calculator body fat,20,-50,-50,Low,B3-bodyfat,tool,body-fat-calculator,tertiary,,auto,KWP group variants: macro calculator with body fat
work out my body fat,10,∞,∞,Low,B3-bodyfat,tool,body-fat-calculator,tertiary,,auto,
height and weight body fat percentage calculator,10,∞,∞,Medium,B3-bodyfat,tool,body-fat-calculator,tertiary,,auto,
figure out body fat percentage calculator,10,∞,∞,Low,B3-bodyfat,tool,body-fat-calculator,tertiary,,auto,
human body fat calculator,10,∞,∞,Low,B3-bodyfat,tool,body-fat-calculator,tertiary,,auto,
muscle fat percentage calculator,10,∞,∞,Low,B3-bodyfat,tool,body-fat-calculator,tertiary,,auto,
men's health body fat percentage calculator,10,∞,∞,Low,B3-bodyfat,tool,body-fat-calculator,tertiary,,auto,
body fat age calculator,10,∞,0,High,B3-bodyfat,tool,body-fat-calculator,tertiary,,auto,
measure body fat caliper calculator,10,∞,∞,Low,B3-bodyfat,tool,body-fat-calculator,tertiary,,auto,
indian body fat calculator,10,∞,∞,Low,B3-bodyfat,tool,body-fat-calculator,tertiary,,auto,
bf fat calculator,10,∞,0,Low,B3-bodyfat,tool,body-fat-calculator,tertiary,,auto,
healthy weight chart female age,10,∞,∞,Low,B1-chart,tool,body-fat-calculator,tertiary,,auto,KWP group variants: work out your body fat percentage
fat calculation formula,10,∞,0,Low,B3-bodyfat,tool,body-fat-calculator,tertiary,,auto,
calculating body fat with tape measure,10,∞,0,Low,B3-bodyfat,tool,body-fat-calculator,tertiary,,auto,
body fat calculator women's health,10,∞,0,Medium,B3-bodyfat,tool,body-fat-calculator,tertiary,,auto,
body fat calculator man,10,∞,0,Low,B3-bodyfat,tool,body-fat-calculator,tertiary,,auto,
weight per height chart male,10,∞,0,Low,B1-chart,tool,body-fat-calculator,tertiary,,auto,KWP group variants: mind pump body fat calculator
free weight loss body fat calculator,10,∞,0,Low,B3-bodyfat,tool,body-fat-calculator,tertiary,,auto,
bmi to body fat conversion calculator,10,∞,0,Low,B3-bodyfat,tool,body-fat-calculator,tertiary,,auto,
smart body fat calculator,10,∞,0,High,B3-bodyfat,tool,body-fat-calculator,tertiary,,auto,
body fat calculator for sale,10,∞,0,High,B3-bodyfat,tool,body-fat-calculator,tertiary,,auto,
electronic body fat calculator,10,∞,0,High,B3-bodyfat,tool,body-fat-calculator,tertiary,,auto,
bat fat calculator,10,∞,0,Low,B3-bodyfat,tool,body-fat-calculator,tertiary,,auto,
body weight calculator according to height,10,∞,0,Low,B1-chart,tool,body-fat-calculator,tertiary,,auto,KWP group variants: female crossfit athletes body fat percentage
caliper calculator 3 point,10,∞,0,Low,B3-bodyfat,tool,body-fat-calculator,tertiary,,auto,
body fat percentage calculator in kg,10,∞,0,Low,B3-bodyfat,tool,body-fat-calculator,tertiary,,auto,
body fat percentage calculator men's health,10,∞,0,Low,B3-bodyfat,tool,body-fat-calculator,tertiary,,auto,
body density to body fat calculator,10,∞,0,Low,B3-bodyfat,tool,body-fat-calculator,tertiary,,auto,
calculate fat free weight,10,∞,0,Low,B3-bodyfat,tool,body-fat-calculator,tertiary,,auto,
body fat percentage estimate calculator,10,200,200,Low,B3-bodyfat,tool,body-fat-calculator,tertiary,,auto,
fat percentage female calculator,10,∞,0,Low,B3-bodyfat,tool,body-fat-calculator,tertiary,,auto,
normal bmi according to age,10,∞,0,Low,B1-chart,tool,body-fat-calculator,tertiary,,auto,KWP group variants: determine body fat percentage without calipers
body fat men scale,10,100,100,Low,B1-chart,tool,body-fat-calculator,tertiary,,auto,KWP group variants: 5 6 weight range female; average weight for age and height calculator
body fat prediction calculator,10,50,200,Low,B3-bodyfat,tool,body-fat-calculator,tertiary,,auto,
current body fat calculator,10,200,200,Low,B3-bodyfat,tool,body-fat-calculator,tertiary,,auto,
advanced body fat calculator,10,200,200,Low,B3-bodyfat,tool,body-fat-calculator,tertiary,,auto,
skinfold caliper body fat calculator,10,100,100,Low,B3-bodyfat,tool,body-fat-calculator,tertiary,,auto,
pro physique body fat calculator,10,100,100,Low,B3-bodyfat,tool,body-fat-calculator,tertiary,,auto,
body fat at weight calculator,10,100,-33,Low,B3-bodyfat,tool,body-fat-calculator,tertiary,,auto,
skin fold body fat calculator,10,100,-78,Low,B3-bodyfat,tool,body-fat-calculator,tertiary,,auto,
fat need calculator,10,0,∞,Low,B3-bodyfat,tool,body-fat-calculator,tertiary,,auto,
excess body fat calculator,10,0,∞,Low,B3-bodyfat,tool,body-fat-calculator,tertiary,,auto,
skinfold caliper test calculator,10,0,∞,Low,B3-bodyfat,tool,body-fat-calculator,tertiary,,auto,
device to calculate body fat percentage,10,0,∞,High,B3-bodyfat,tool,body-fat-calculator,tertiary,,auto,
lange skinfold caliper calculator,10,0,∞,Low,B3-bodyfat,tool,body-fat-calculator,tertiary,,auto,
weight gain fat calculator,10,0,∞,Low,B3-bodyfat,tool,body-fat-calculator,tertiary,,auto,
estimate bmi to body fat,10,0,0,Unknown,B3-bodyfat,tool,body-fat-calculator,tertiary,,auto,KWP group variants: 3 site skinfold male calculator
fat check calculator,10,0,0,Unknown,B3-bodyfat,tool,body-fat-calculator,tertiary,,auto,
percent body fat calculator skinfold method,10,0,0,Unknown,B3-bodyfat,tool,body-fat-calculator,tertiary,,auto,
macro calculator based on body fat,10,0,0,Unknown,B3-bodyfat,tool,body-fat-calculator,tertiary,,auto,
ideal weight men's health,10,0,0,Unknown,B1-chart,tool,body-fat-calculator,tertiary,,auto,KWP group variants: body weight for height in kg; female weight chart according to age and height; macros for cutting body fat calculator
ideal man weight in kg,10,0,0,Unknown,B1-chart,tool,body-fat-calculator,tertiary,,auto,KWP group variants: calculate lean and fat mass
ideal weight 190cm male,10,0,0,Unknown,B2-population,tool,body-fat-calculator,tertiary,,auto,KWP group variants: how can you work out your body fat
fat calculator machine,10,0,0,High,B3-bodyfat,tool,body-fat-calculator,tertiary,,auto,
bfi body fat index,10,0,0,Low,B1-chart,tool,body-fat-calculator,tertiary,,auto,KWP group variants: bmi male and female chart; height weight and age chart female; ideal weight for female over 65; ideal weight for women over 65; ideal weight for medium frame female; body fat percentage calculator based on height and weight; total body fat for women
height weight chart bmi calculation,10,0,0,High,B1-chart,tool,body-fat-calculator,tertiary,,auto,KWP group variants: best way to measure body fat composition
body fat percentage calculator by height and weight,10,0,0,Low,B3-bodyfat,tool,body-fat-calculator,tertiary,,auto,
real body fat calculator,10,0,0,Low,B3-bodyfat,tool,body-fat-calculator,tertiary,,auto,
ways to measure fat,10,0,0,Medium,B1-chart,tool,body-fat-calculator,tertiary,,auto,KWP group variants: women's target weight chart; belly fat loss calculator
calculate body fat based on height and weight,10,0,0,Medium,B3-bodyfat,tool,body-fat-calculator,tertiary,,auto,
cutting calculator body fat,10,0,0,Low,B3-bodyfat,tool,body-fat-calculator,tertiary,,auto,
to calculate body fat,10,0,0,Medium,B3-bodyfat,tool,body-fat-calculator,tertiary,,auto,
body fat calculator based on bmi,10,0,0,Low,B3-bodyfat,tool,body-fat-calculator,tertiary,,auto,
15 body fat calculator,10,0,0,Low,B3-bodyfat,tool,body-fat-calculator,tertiary,,auto,
body fat percentage calculator by weight,10,0,0,Low,B3-bodyfat,tool,body-fat-calculator,tertiary,,auto,
loss fat calculator,10,0,0,Medium,B3-bodyfat,tool,body-fat-calculator,tertiary,,auto,
calculate your body fat percentage at home,10,0,0,Medium,B3-bodyfat,tool,body-fat-calculator,tertiary,,auto,
easy way to calculate body fat percentage,10,0,0,Medium,B3-bodyfat,tool,body-fat-calculator,tertiary,,auto,
work out my fat percentage,10,0,0,Low,B3-bodyfat,tool,body-fat-calculator,tertiary,,auto,KWP group variants: work out my body fat percentage
body fat range calculator,10,0,0,Low,B1-chart,tool,body-fat-calculator,tertiary,,auto,KWP group variants: men's recommended weight chart
body fat calculator metric,10,0,0,Low,B3-bodyfat,tool,body-fat-calculator,tertiary,,auto,KWP group variants: body fat percentage calculator metric
calculate my ideal body fat percentage,10,0,0,Low,B3-bodyfat,tool,body-fat-calculator,tertiary,,auto,
body fat calculator using tape measure,10,0,0,Low,B3-bodyfat,tool,body-fat-calculator,tertiary,,auto,
body fat calculator from measurements,10,0,0,Low,B3-bodyfat,tool,body-fat-calculator,tertiary,,auto,
tall and weight chart,10,0,0,Low,B1-chart,tool,body-fat-calculator,tertiary,,auto,KWP group variants: body fat calculator based on height and weight
fat calculator for weight gain,10,0,0,Low,B3-bodyfat,tool,body-fat-calculator,tertiary,,auto,
body fat calculator cm,10,0,0,Low,B3-bodyfat,tool,body-fat-calculator,tertiary,,auto,
muscle fat analysis calculator,10,0,0,Low,B3-bodyfat,tool,body-fat-calculator,tertiary,,auto,
fat percentage women calculator,10,0,0,Low,B3-bodyfat,tool,body-fat-calculator,tertiary,,auto,
find out my ideal weight,10,0,0,Low,B2-population,tool,body-fat-calculator,tertiary,,auto,KWP group variants: body fat measurement caliper calculator
height weight bmi women,10,0,0,Low,B1-chart,tool,body-fat-calculator,tertiary,,auto,KWP group variants: height weight fat calculator
true body fat calculator,10,0,0,Low,B3-bodyfat,tool,body-fat-calculator,tertiary,,auto,
fitmatic body fat calculator,10,0,0,Low,B3-bodyfat,tool,body-fat-calculator,tertiary,,auto,
body fat cutting calculator,10,0,0,Low,B3-bodyfat,tool,body-fat-calculator,tertiary,,auto,
body fat percentage calculator device,10,0,0,High,B3-bodyfat,tool,body-fat-calculator,tertiary,,auto,
fat free body,10,0,0,Low,B1-chart,tool,body-fat-calculator,tertiary,,auto,KWP group variants: bmi calculator with frame size and gender and age
calculate female body fat percentage,10,0,0,Low,B3-bodyfat,tool,body-fat-calculator,tertiary,,auto,
body fat calculator height and weight only,10,0,0,Low,B3-bodyfat,tool,body-fat-calculator,tertiary,,auto,
best way to estimate body fat,10,0,0,Low,B3-bodyfat,tool,body-fat-calculator,tertiary,,auto,
bmi fat loss calculator,10,0,0,Low,B3-bodyfat,tool,body-fat-calculator,tertiary,,auto,
body fat percentage calculator without measurements,10,0,0,Low,B3-bodyfat,tool,body-fat-calculator,tertiary,,auto,
4 site body fat calculator,10,0,0,Low,B3-bodyfat,tool,body-fat-calculator,tertiary,,auto,
body composition bmi test,10,0,0,Low,B3-bodyfat,tool,body-fat-calculator,tertiary,,auto,KWP group variants: body composition test bmi; calculate weight loss body fat percentage; weight loss fat percentage calculator
body fat calculator caliper 3 site,10,0,0,Low,B3-bodyfat,tool,body-fat-calculator,tertiary,,auto,
relative fat mass index calculator,10,0,0,Low,B3-bodyfat,tool,body-fat-calculator,tertiary,,auto,
national guard body fat calculator,10,0,0,Low,B3-bodyfat,tool,body-fat-calculator,tertiary,,auto,
body fat calculator skinfold 3 site,10,0,0,Low,B3-bodyfat,tool,body-fat-calculator,tertiary,,auto,
body fat percentage calculator bodybuilding,10,0,0,Low,B3-bodyfat,tool,body-fat-calculator,tertiary,,auto,
average body fat percentage calculator,10,0,0,Low,B3-bodyfat,tool,body-fat-calculator,tertiary,,auto,
hydrostatic weighing calculator,10,0,0,Low,B3-bodyfat,tool,body-fat-calculator,tertiary,,auto,
athlete body fat percentage calculator,10,0,0,Low,B3-bodyfat,tool,body-fat-calculator,tertiary,,auto,
global fat scale calculator,10,0,0,Low,B3-bodyfat,tool,body-fat-calculator,tertiary,,auto,
body fat calculator bmi method,10,0,0,Low,B3-bodyfat,tool,body-fat-calculator,tertiary,,auto,
body fat percentage calculator with just weight and height,10,0,0,Low,B3-bodyfat,tool,body-fat-calculator,tertiary,,auto,
best body fat caliper calculator,10,0,0,Low,B3-bodyfat,tool,body-fat-calculator,tertiary,,auto,KWP group variants: how do handheld body fat monitors work
men's height weight bmi chart,10,0,0,Low,B1-chart,tool,body-fat-calculator,tertiary,,auto,KWP group variants: body fat calculator with just weight and height
fat percentage caliper calculator,10,0,0,Low,B3-bodyfat,tool,body-fat-calculator,tertiary,,auto,
body fat calculator for weightlifters,10,0,0,Low,B3-bodyfat,tool,body-fat-calculator,tertiary,,auto,
bca body fat calculator,10,0,0,Low,B3-bodyfat,tool,body-fat-calculator,tertiary,,auto,
calculate body fat without calipers,10,0,0,Low,B3-bodyfat,tool,body-fat-calculator,tertiary,,auto,
use bmi to calculate body fat,10,0,0,Low,B3-bodyfat,tool,body-fat-calculator,tertiary,,auto,
fat estimation,10,0,0,Low,B1-chart,tool,body-fat-calculator,tertiary,,auto,KWP group variants: height weight chart female with age; height weight chart male in kg; weight standard for height; bf body fat percentage; body fat percentage calculator measuring tape; body fat percentage to see abs male; jackson pollock 3 site body composition formula
body fat accurate calculator,10,0,0,Low,B3-bodyfat,tool,body-fat-calculator,tertiary,,auto,
body composition measurement calculator,10,0,0,Low,B1-chart,tool,body-fat-calculator,tertiary,,auto,KWP group variants: normal body weight according to age; average weight for 5 6 female kg
overfat calculator,10,0,0,Low,B3-bodyfat,tool,body-fat-calculator,tertiary,,auto,KWP group variants: measure body fat with calipers by yourself
body fat percentage calculator using bmi,10,0,-67,Low,B3-bodyfat,tool,body-fat-calculator,tertiary,,auto,
bmi caliper calculator,10,0,-50,Medium,B3-bodyfat,tool,body-fat-calculator,tertiary,,auto,
subcutaneous fat calculator,10,0,-67,Low,B3-bodyfat,tool,body-fat-calculator,tertiary,,auto,
amazon body fat calculator,10,0,-50,High,B3-bodyfat,tool,body-fat-calculator,tertiary,,auto,KWP group variants: body fat calculator amazon
most accurate body fat calculator online,10,0,-50,Low,B3-bodyfat,tool,body-fat-calculator,tertiary,,auto,
most accurate way to determine body fat,10,0,-50,Medium,B3-bodyfat,tool,body-fat-calculator,tertiary,,auto,
healthy body fat calculator,10,0,-50,Low,B3-bodyfat,tool,body-fat-calculator,tertiary,,auto,
body fat calculator legion,10,0,-50,Low,B3-bodyfat,tool,body-fat-calculator,tertiary,,auto,
fat calculator scale,10,0,-50,Low,B3-bodyfat,tool,body-fat-calculator,tertiary,,auto,KWP group variants: fat scale calculator
to calculate body fat percentage,10,0,-50,Low,B3-bodyfat,tool,body-fat-calculator,tertiary,,auto,
ideal body composition calculator,10,0,-50,Low,B3-bodyfat,tool,body-fat-calculator,tertiary,,auto,
in depth body fat calculator,10,0,-50,Low,B3-bodyfat,tool,body-fat-calculator,tertiary,,auto,
body fat caliper measurement calculator,10,0,-50,Low,B3-bodyfat,tool,body-fat-calculator,tertiary,,auto,KWP group variants: body fat calculator with caliper measurements; body fat measurement calculator caliper; body fat percentage calculator weight loss; caliper measurement body fat calculator
scale to calculate body fat,10,0,-50,High,B3-bodyfat,tool,body-fat-calculator,tertiary,,auto,KWP group variants: digital scale with bmi calculator
3 skinfold body fat calculator,10,0,-50,Low,B3-bodyfat,tool,body-fat-calculator,tertiary,,auto,
body fat calculator for athletes,10,0,-50,Low,B3-bodyfat,tool,body-fat-calculator,tertiary,,auto,
10 body fat calculator,10,0,-50,Low,B3-bodyfat,tool,body-fat-calculator,tertiary,,auto,
livestrong body fat calculator,10,0,-100,Unknown,B1-chart,tool,body-fat-calculator,tertiary,,auto,KWP group variants: male height weight chart according to age; at age 22 how much should i weigh
ratio of body fat,10,0,-100,Unknown,B1-chart,tool,body-fat-calculator,tertiary,,auto,KWP group variants: bmi index for female calculator; weight chart according to age for women
skinfold caliper equation,10,0,-100,Unknown,B1-chart,tool,body-fat-calculator,tertiary,,auto,KWP group variants: bmi calculator kg with age chart
fat percentage male calculator,10,0,-100,Unknown,B3-bodyfat,tool,body-fat-calculator,tertiary,,auto,
3 skinfold calculator,10,0,-100,Unknown,B3-bodyfat,tool,body-fat-calculator,tertiary,,auto,
cm body fat calculator,10,0,-100,Unknown,B3-bodyfat,tool,body-fat-calculator,tertiary,,auto,
the best body fat calculator,10,0,-100,Unknown,B3-bodyfat,tool,body-fat-calculator,tertiary,,auto,
musclehack body fat calculator,10,0,-100,Unknown,B3-bodyfat,tool,body-fat-calculator,tertiary,,auto,
body fat rating chart,10,0,-100,Unknown,B1-chart,tool,body-fat-calculator,tertiary,,auto,KWP group variants: geriatric ideal body weight table; body circumference measurements body fat calculator
calculate body fat rate,10,0,-100,Unknown,B3-bodyfat,tool,body-fat-calculator,tertiary,,auto,
body fat set point calculator,10,0,-100,Unknown,B3-bodyfat,tool,body-fat-calculator,tertiary,,auto,
desired bmi chart,10,0,-100,Unknown,B1-chart,tool,body-fat-calculator,tertiary,,auto,KWP group variants: age and weight chart for male in kg; ideal weight for teenager by age and height; proper height and weight for male; fat per kg body weight calculator
target weight calculator body fat,10,-50,0,Low,B3-bodyfat,tool,body-fat-calculator,tertiary,,auto,
caliper body fat measurement calculator,10,0,-100,Unknown,B3-bodyfat,tool,body-fat-calculator,tertiary,,auto,
normal weight of bmi,10,0,-100,Unknown,B1-chart,tool,body-fat-calculator,tertiary,,auto,KWP group variants: bmi body age calculator; muscular body weight chart; weight trainer body fat calculator
ace body fat calculator,10,-80,0,Low,B3-bodyfat,tool,body-fat-calculator,tertiary,,auto,
approximate body fat calculator,10,-50,0,Low,B3-bodyfat,tool,body-fat-calculator,tertiary,,auto,
body fat finder,10,-50,-50,Low,B3-bodyfat,tool,body-fat-calculator,tertiary,,auto,
estimate your body fat percentage,10,-50,-50,Low,B3-bodyfat,tool,body-fat-calculator,tertiary,,auto,
calculate protein carbs and fat intake,10,-50,0,Medium,B3-bodyfat,tool,body-fat-calculator,tertiary,,auto,
body composition estimate,10,-50,0,Low,B3-bodyfat,tool,body-fat-calculator,tertiary,,auto,
body fat percentage calculator near me,10,-50,0,Low,B3-bodyfat,tool,body-fat-calculator,tertiary,,auto,
calculating body fat percentage with measuring tape,10,-50,0,Low,B3-bodyfat,tool,body-fat-calculator,tertiary,,auto,
easiest way to calculate body fat percentage,10,-50,0,Low,B3-bodyfat,tool,body-fat-calculator,tertiary,,auto,
body fat percentage calculator tape measure,10,-50,0,Low,B3-bodyfat,tool,body-fat-calculator,tertiary,,auto,
body fat calculator asian,10,-100,0,Unknown,B3-bodyfat,tool,body-fat-calculator,tertiary,,auto,
body fat percentage calculator with height and weight only,10,-100,0,Unknown,B3-bodyfat,tool,body-fat-calculator,tertiary,,auto,
calculate weight body fat percentage,10,-100,-100,Unknown,B3-bodyfat,tool,body-fat-calculator,tertiary,,auto,
5 10 weight chart female,10,-100,-100,Unknown,B1-chart,tool,body-fat-calculator,tertiary,,auto,KWP group variants: bmi calculator chart female by age; body fat to weight chart; body weight for height female; the perfect weight for your height; the right weight for your height; how weighing machine calculate body fat
work out your body fat,10,-100,0,Unknown,B3-bodyfat,tool,body-fat-calculator,tertiary,,auto,
body fat calculate formula,10,-100,0,Unknown,B3-bodyfat,tool,body-fat-calculator,tertiary,,auto,
calculate fat percentage with bmi,10,-100,0,Unknown,B3-bodyfat,tool,body-fat-calculator,tertiary,,auto,
bmi skinfold calculator,10,-100,0,Unknown,B3-bodyfat,tool,body-fat-calculator,tertiary,,auto,
height to weight calculator in kg,10,-100,-100,Unknown,B1-chart,tool,body-fat-calculator,tertiary,,auto,KWP group variants: height and weight calculator in kg; body fat percentage based on weight and height
body composition percentage chart,10,-100,-100,Unknown,B1-chart,tool,body-fat-calculator,tertiary,,auto,KWP group variants: bmi calculator with kg and feet; ideal weight based on height age and gender
body analysis calculator,10,-100,-100,Unknown,B1-chart,tool,body-fat-calculator,tertiary,,auto,KWP group variants: acceptable bmi range male; standard height weight chart for male; body fat percentage based on weight
girth measurement body fat calculator,10,-100,-100,Unknown,B3-bodyfat,tool,body-fat-calculator,tertiary,,auto,
corporal fat calculator,10,-100,-100,Unknown,B1-chart,tool,body-fat-calculator,tertiary,,auto,KWP group variants: healthy fit weight for height
bmi chart male lbs,10,-100,-100,Unknown,B1-chart,tool,body-fat-calculator,tertiary,,auto,KWP group variants: bmi weight category chart; normal weight for 5 foot 9 female; the most accurate body fat calculator
7 skinfold calculator,10,-100,-100,Unknown,B3-bodyfat,tool,body-fat-calculator,tertiary,,auto,
fat percentage calculator female,10,-100,-100,Unknown,B3-bodyfat,tool,body-fat-calculator,tertiary,,auto,
perfect body fat calculator,10,-100,-100,Unknown,B1-chart,tool,body-fat-calculator,tertiary,,auto,KWP group variants: ideal weight for your age and height
hitchfit body fat calculator,10,-100,-100,Unknown,B3-bodyfat,tool,body-fat-calculator,tertiary,,auto,
body fat calculator excel,10,-100,-100,Unknown,B3-bodyfat,tool,body-fat-calculator,tertiary,,auto,
men's body fat index chart,10,-100,-100,Unknown,B1-chart,tool,body-fat-calculator,tertiary,,auto,KWP group variants: weight according to height for female in kg; weight according to height in kg for female; easy way to calculate body fat
gympanzie body fat calculator,10,-100,-100,Unknown,B1-chart,tool,body-fat-calculator,tertiary,,auto,KWP group variants: mens weight according to age
formula to calculate fat percentage,10,-100,-100,Unknown,B3-bodyfat,tool,body-fat-calculator,tertiary,,auto,
fat to fit calculator,10,-100,-100,Unknown,B3-bodyfat,tool,body-fat-calculator,tertiary,,auto,
weight without fat calculator,10,-100,-100,Unknown,B3-bodyfat,tool,body-fat-calculator,tertiary,,auto,
body fat percentage chart,14800,-18,-55,Low,B3-bodyfat,informational,body-fat-percentage-chart,primary,,auto,KWP group variants: bf percentage chart; body fat composition chart; body fat index chart; body fat level chart; body fat percentile chart; body fat ratio chart; fat percentage chart
body fat index,74000,0,-18,Low,B3-bodyfat,informational,body-fat-percentage-chart,secondary,,auto,KWP group variants: percentage of body fat
body fat percentage women,27100,0,0,Low,B1-chart,informational,body-fat-percentage-chart,secondary,,queued,queued: one body-fat chart page vs separate women/men pages; KWP group variants: body fat index female; body fat index for females; body fat percentage female; body fat composition for women; body fat index for women; body fat levels for women; fat percentage female; fat percentage for women
body fat percentage men,18100,23,23,Low,B3-bodyfat,informational,body-fat-percentage-chart,secondary,,queued,queued: one body-fat chart page vs separate women/men pages; KWP group variants: body fat index for men; body fat levels men; body fat men percentage; body fat percentage for male; fat percentage for male; fat percentage for men; male body fat index; men's body fat index
ideal fat percentage female,9900,-18,0,Low,B3-bodyfat,informational,body-fat-percentage-chart,secondary,,auto,KWP group variants: healthy body fat percentage for women; female healthy body fat percentage; good body fat percentage female; good body fat percentage for women; good fat percentage for females; healthy fat percentage female; healthy fat percentage for women; ideal body fat percentage female; ideal fat percentage for women; normal body fat percentage female; normal fat percentage female; normal fat percentage for women; proper body fat percentage for a woman; recommended body fat percentage for women
fat percentage normal,6600,-18,-45,Low,B1-chart,informational,body-fat-percentage-chart,tertiary,,auto,KWP group variants: healthy body fat index; normal body fat percentage; healthy body fat level; healthy percentage body fat; normal body fat composition; normal body fat index; normal body fat level; normal body fat rate; normal body fat ratio; normal healthy body fat percentage
15 body fat men,6600,0,0,Low,B3-bodyfat,informational,body-fat-percentage-chart,tertiary,,auto,
body fat chart,5400,0,-18,Low,B3-bodyfat,informational,body-fat-percentage-chart,tertiary,,auto,
normal body fat percentage for women,5400,0,23,Low,B3-bodyfat,informational,body-fat-percentage-chart,tertiary,,auto,KWP group variants: average body fat percentage for women
fat percentage chart female,4400,0,0,Low,B1-chart,informational,body-fat-percentage-chart,tertiary,,auto,KWP group variants: fat percentage chart for women; female body fat percentage chart; body fat percentage chart for women
ideal fat percentage male,4400,23,23,Low,B1-chart,informational,body-fat-percentage-chart,tertiary,,auto,KWP group variants: healthy fat percentage for male; good body fat percentage for men; good body fat percentage male; good fat percentage for men; healthiest body fat percentage for males; healthiest body fat percentage male; healthy body fat percentage for male; healthy fat percentage for men; ideal body fat percentage for a man; ideal body fat percentage for male; normal body fat percentage for male; normal body fat percentage for men; normal fat percentage men
20 percent bodyfat,4400,0,22,Low,B3-bodyfat,informational,body-fat-percentage-chart,tertiary,,auto,
male 20 body fat,4400,0,23,Low,B3-bodyfat,informational,body-fat-percentage-chart,tertiary,,auto,
30 body fat female,3600,0,50,Low,B3-bodyfat,informational,body-fat-percentage-chart,tertiary,,auto,
good body fat for men,3600,0,52,Low,B3-bodyfat,informational,body-fat-percentage-chart,tertiary,,auto,KWP group variants: healthy body fat for male; healthy body fat range for men; normal body fat for men
fat percentage chart men,3600,0,-18,Low,B3-bodyfat,informational,body-fat-percentage-chart,tertiary,,auto,KWP group variants: male body fat percentage chart; body fat percentage chart men
average fat percentage,3600,-34,-57,Low,B3-bodyfat,informational,body-fat-percentage-chart,tertiary,,auto,KWP group variants: average body fat percentage; average fat percentage in body
average male body fat percentage,3600,22,52,Low,B3-bodyfat,informational,body-fat-percentage-chart,tertiary,,auto,KWP group variants: average body fat percentage for men
25 body fat women,2900,0,21,Low,B3-bodyfat,informational,body-fat-percentage-chart,tertiary,,auto,KWP group variants: 25 body fat female
body fat chart female,2900,0,-19,Low,B1-chart,informational,body-fat-percentage-chart,tertiary,,auto,KWP group variants: body fat chart for women
18 body fat men,2400,-17,50,Low,B3-bodyfat,informational,body-fat-percentage-chart,tertiary,,auto,
20 body fat female,2400,24,24,Low,B3-bodyfat,informational,body-fat-percentage-chart,tertiary,,auto,KWP group variants: 20 body fat for women
body fat female,1900,0,-33,Low,B3-bodyfat,informational,body-fat-percentage-chart,tertiary,,auto,KWP group variants: body fat for women; body fat on a woman; ladies body fat; women and body fat
ideal body fat percentage women,1900,-21,-21,Low,B3-bodyfat,informational,body-fat-percentage-chart,tertiary,,auto,
body fat percentage men pictures,1900,26,26,Low,B3-bodyfat,informational,body-fat-percentage-chart,tertiary,,auto,KWP group variants: body fat percentage pictures male
20 percent body fat men,1900,0,116,Low,B3-bodyfat,informational,body-fat-percentage-chart,tertiary,,auto,KWP group variants: 20 percent body fat male
25 body fat man,1900,0,19,Low,B3-bodyfat,informational,body-fat-percentage-chart,tertiary,,auto,
body fat chart men,1900,-16,-16,Low,B1-chart,informational,body-fat-percentage-chart,tertiary,,auto,KWP group variants: body fat chart for male
15 percent body fat male,1600,-19,-19,Low,B3-bodyfat,informational,body-fat-percentage-chart,tertiary,,auto,
average fat percentage female,1600,0,0,Low,B2-population,informational,body-fat-percentage-chart,tertiary,,auto,KWP group variants: average body fat for women; average body fat for females; average body fat percentage female
best percentage of body fat,1600,0,-32,Low,B3-bodyfat,informational,body-fat-percentage-chart,tertiary,,auto,
18 body fat women,1300,-19,0,Low,B3-bodyfat,informational,body-fat-percentage-chart,tertiary,,auto,KWP group variants: 18 body fat female
22 body fat woman,1300,23,60,Low,B3-bodyfat,informational,body-fat-percentage-chart,tertiary,,auto,KWP group variants: 22 body fat female; body fat 22 female
average body fat for men,1300,0,-19,Low,B3-bodyfat,informational,body-fat-percentage-chart,tertiary,,auto,
20 body fat man,1000,0,14,Low,B3-bodyfat,informational,body-fat-percentage-chart,tertiary,,auto,
body fat woman normal,1000,0,-23,Low,B3-bodyfat,informational,body-fat-percentage-chart,tertiary,,auto,KWP group variants: health body fat for women; healthy body fat female; normal body fat female
body fat mass,1000,0,-12,Low,B3-bodyfat,informational,body-fat-percentage-chart,tertiary,,auto,
ideal fat percentage for men,1000,23,82,Low,B3-bodyfat,informational,body-fat-percentage-chart,tertiary,,auto,KWP group variants: ideal fat percentage for male; optimal body fat percentage for men
body fat index test,1000,22,-28,Medium,B3-bodyfat,informational,body-fat-percentage-chart,tertiary,,auto,
bodyfat for men,1000,0,0,Low,B3-bodyfat,informational,body-fat-percentage-chart,tertiary,,auto,KWP group variants: body fat for a man; body fat for male
10 percent body fat men,1000,0,0,Low,B3-bodyfat,informational,body-fat-percentage-chart,tertiary,,auto,KWP group variants: 10 percent body fat male
20 percent body fat women,880,14,39,Low,B3-bodyfat,informational,body-fat-percentage-chart,tertiary,,auto,KWP group variants: 20 percent body fat female
average body fat,880,22,0,Low,B3-bodyfat,informational,body-fat-percentage-chart,tertiary,,auto,
average body fat percentage by age,880,-28,-18,Low,B3-bodyfat,informational,body-fat-percentage-chart,tertiary,,auto,
bmi fat,880,0,-28,Low,B3-bodyfat,informational,body-fat-percentage-chart,tertiary,,auto,KWP group variants: bmi to body fat percentage; bmi body fat; body fat mass index
10 body fat female,880,0,22,Low,B3-bodyfat,informational,body-fat-percentage-chart,tertiary,,auto,
12 body fat men,720,0,0,Low,B3-bodyfat,informational,body-fat-percentage-chart,tertiary,,auto,
26 body fat woman,720,-18,22,Low,B3-bodyfat,informational,body-fat-percentage-chart,tertiary,,auto,
10 body fat men,720,22,22,Low,B3-bodyfat,informational,body-fat-percentage-chart,tertiary,,auto,KWP group variants: men 10 body fat
free fat mass,720,0,-18,Low,B3-bodyfat,informational,body-fat-percentage-chart,tertiary,,auto,
body fat images male,720,0,-18,Low,B3-bodyfat,informational,body-fat-percentage-chart,tertiary,,auto,KWP group variants: men's body fat images
woman 40 body fat,720,0,22,Low,B3-bodyfat,informational,body-fat-percentage-chart,tertiary,,auto,
30 percent body fat female,720,0,22,Low,B3-bodyfat,informational,body-fat-percentage-chart,tertiary,,auto,
body fat 27 female,720,0,22,Low,B3-bodyfat,informational,body-fat-percentage-chart,tertiary,,auto,
19 percent body fat male,720,0,22,Low,B3-bodyfat,informational,body-fat-percentage-chart,tertiary,,auto,
24 percent body fat,590,-19,0,Low,B3-bodyfat,informational,body-fat-percentage-chart,tertiary,,auto,
25 percent body fat women,590,0,23,Low,B3-bodyfat,informational,body-fat-percentage-chart,tertiary,,auto,KWP group variants: 25 percent body fat female
25 percent body fat male,590,-18,51,Low,B3-bodyfat,informational,body-fat-percentage-chart,tertiary,,auto,
body fat normal,480,0,-19,Low,B3-bodyfat,informational,body-fat-percentage-chart,tertiary,,auto,KWP group variants: normal fat body; typical body fat
normal percentage of fat,480,-34,-19,Low,B3-bodyfat,informational,body-fat-percentage-chart,tertiary,,auto,
12 body fat woman,480,-19,0,Low,B3-bodyfat,informational,body-fat-percentage-chart,tertiary,,auto,KWP group variants: 12 body fat female
32 body fat women,480,-19,23,Low,B3-bodyfat,informational,body-fat-percentage-chart,tertiary,,auto,
bodyfat range,480,-19,-19,Low,B3-bodyfat,informational,body-fat-percentage-chart,tertiary,,auto,
18 percent body fat male,480,0,51,Low,B3-bodyfat,informational,body-fat-percentage-chart,tertiary,,auto,
body fat normal male,480,23,0,Low,B3-bodyfat,informational,body-fat-percentage-chart,tertiary,,auto,KWP group variants: good body fat for male; health body fat for men; healthy body fat for a man; normal body fat for male
ideal body fat female,480,-19,-34,Low,B3-bodyfat,informational,body-fat-percentage-chart,tertiary,,auto,KWP group variants: ideal body fat for a woman; recommended body fat for females
33 body fat women,480,23,23,Low,B3-bodyfat,informational,body-fat-percentage-chart,tertiary,,auto,
30 percent body fat male,480,0,84,Low,B3-bodyfat,informational,body-fat-percentage-chart,tertiary,,auto,
27 body fat man,390,0,50,Low,B3-bodyfat,informational,body-fat-percentage-chart,tertiary,,auto,
good body fat for women,390,0,23,Low,B3-bodyfat,informational,body-fat-percentage-chart,tertiary,,auto,KWP group variants: body fat percentage womens health; good body fat for female
29 body fat women,390,0,23,Low,B3-bodyfat,informational,body-fat-percentage-chart,tertiary,,auto,
visual body fat percentage chart,390,-34,-71,Low,B3-bodyfat,informational,body-fat-percentage-chart,tertiary,,auto,
body fat range female,390,0,-34,Low,B1-chart,informational,body-fat-percentage-chart,tertiary,,auto,KWP group variants: body fat range for women
male ideal body fat,320,0,-33,Low,B1-chart,informational,body-fat-percentage-chart,tertiary,,auto,KWP group variants: ideal body fat for men; ideal body fat for male; recommended body fat for men
18 percent body fat female,320,0,22,Low,B3-bodyfat,informational,body-fat-percentage-chart,tertiary,,auto,
31 body fat women,320,0,22,Low,B3-bodyfat,informational,body-fat-percentage-chart,tertiary,,auto,
16 body fat female,320,-19,-19,Low,B3-bodyfat,informational,body-fat-percentage-chart,tertiary,,auto,
34 body fat women,320,0,23,Low,B3-bodyfat,informational,body-fat-percentage-chart,tertiary,,auto,
body fat normal range,320,127,84,Low,B3-bodyfat,informational,body-fat-percentage-chart,tertiary,,auto,KWP group variants: body fat healthy range
body fat mass women,320,0,-33,Low,B3-bodyfat,informational,body-fat-percentage-chart,tertiary,,auto,
13 body fat men,320,-33,-33,Low,B3-bodyfat,informational,body-fat-percentage-chart,tertiary,,auto,
healthy body fat range for females,320,23,0,Low,B1-chart,informational,body-fat-percentage-chart,tertiary,,auto,
body fat percentage cal,320,52,-46,Low,B3-bodyfat,informational,body-fat-percentage-chart,tertiary,,auto,
male body fat range,320,0,-18,Low,B3-bodyfat,informational,body-fat-percentage-chart,tertiary,,auto,KWP group variants: body fat range for men
bodybuilder body fat percentage,320,0,-18,Low,B3-bodyfat,informational,body-fat-percentage-chart,tertiary,,auto,
men 20 body fat,260,23,52,Low,B3-bodyfat,informational,body-fat-percentage-chart,tertiary,,auto,
16 body fat men,260,0,0,Low,B3-bodyfat,informational,body-fat-percentage-chart,tertiary,,auto,
32 percent body fat,260,0,24,Low,B3-bodyfat,informational,body-fat-percentage-chart,tertiary,,auto,
my fat percentage,260,0,0,Low,B3-bodyfat,informational,body-fat-percentage-chart,tertiary,,auto,KWP group variants: my body fat percentage
22 percent body fat male,260,-34,-19,Low,B3-bodyfat,informational,body-fat-percentage-chart,tertiary,,auto,
22 percent body fat female,260,-19,0,Low,B3-bodyfat,informational,body-fat-percentage-chart,tertiary,,auto,
fat percentage formula,260,-19,-35,Low,B3-bodyfat,informational,body-fat-percentage-chart,tertiary,,auto,KWP group variants: body fat index formula; body fat percentage formula
body fat age,260,-19,-65,Low,B3-bodyfat,informational,body-fat-percentage-chart,tertiary,,auto,KWP group variants: body fat percentage by age; body fat per age; body fat percentage and age; fat percentage by age
8 body fat female,210,53,53,Low,B3-bodyfat,informational,body-fat-percentage-chart,tertiary,,auto,
best body fat percentage for men,210,23,129,Low,B3-bodyfat,informational,body-fat-percentage-chart,tertiary,,auto,
body fat percentage women by age,210,0,-34,Low,B3-bodyfat,informational,body-fat-percentage-chart,tertiary,,auto,
body fat caliper chart,210,0,-34,Medium,B3-bodyfat,informational,body-fat-percentage-chart,tertiary,,auto,
5 percent body fat male,210,0,0,Low,B3-bodyfat,informational,body-fat-percentage-chart,tertiary,,auto,
14 body fat female,210,0,-19,Low,B3-bodyfat,informational,body-fat-percentage-chart,tertiary,,auto,
body composition chart,210,0,-33,Low,B3-bodyfat,informational,body-fat-percentage-chart,tertiary,,auto,
body fat rate normal,210,-35,-58,Low,B3-bodyfat,informational,body-fat-percentage-chart,tertiary,,auto,
body fat scale women,210,-19,-35,Medium,B1-chart,informational,body-fat-percentage-chart,tertiary,,auto,KWP group variants: female body fat scale; women body fat scale
12 percent body fat male,210,-19,24,Low,B3-bodyfat,informational,body-fat-percentage-chart,tertiary,,auto,
23 percent body fat women,210,-19,24,Low,B3-bodyfat,informational,body-fat-percentage-chart,tertiary,,auto,KWP group variants: 23 percent body fat female
body fat percentage abs female,210,-18,-46,Low,B3-bodyfat,informational,body-fat-percentage-chart,tertiary,,auto,
35 percent body fat female,170,-19,55,Low,B3-bodyfat,informational,body-fat-percentage-chart,tertiary,,auto,
body fat formula,170,-21,-35,Low,B3-bodyfat,informational,body-fat-percentage-chart,tertiary,,auto,KWP group variants: body fat equation
33 percent body fat,170,0,-19,Low,B3-bodyfat,informational,body-fat-percentage-chart,tertiary,,auto,
24 percent body fat women,170,-19,21,Low,B3-bodyfat,informational,body-fat-percentage-chart,tertiary,,auto,
15 body fat woman,170,24,50,Low,B3-bodyfat,informational,body-fat-percentage-chart,tertiary,,auto,
8 body fat men,170,0,0,Low,B3-bodyfat,informational,body-fat-percentage-chart,tertiary,,auto,
male body fat percentage examples,170,0,0,Low,B3-bodyfat,informational,body-fat-percentage-chart,tertiary,,auto,
healthiest body fat percentage for men,170,0,189,Low,B3-bodyfat,informational,body-fat-percentage-chart,tertiary,,auto,
21 percent body fat female,170,0,21,Low,B3-bodyfat,informational,body-fat-percentage-chart,tertiary,,auto,
3 body fat men,170,0,133,Low,B3-bodyfat,informational,body-fat-percentage-chart,tertiary,,auto,
15 percent body fat female,170,-59,-59,Low,B3-bodyfat,informational,body-fat-percentage-chart,tertiary,,auto,
average male body fat percentage in us,170,0,-19,Low,B3-bodyfat,informational,body-fat-percentage-chart,tertiary,,auto,
healthy body fat percentage for women by age,170,0,-19,Low,B3-bodyfat,informational,body-fat-percentage-chart,tertiary,,auto,
average human body fat percentage,170,0,-18,Low,B3-bodyfat,informational,body-fat-percentage-chart,tertiary,,auto,KWP group variants: normal person body fat percentage
healthy body fat range for women,140,-18,0,Low,B1-chart,informational,body-fat-percentage-chart,tertiary,,auto,KWP group variants: normal body fat range for females
essential body fat for women,140,-18,0,Low,B3-bodyfat,informational,body-fat-percentage-chart,tertiary,,auto,
5 body fat women,140,21,55,Low,B3-bodyfat,informational,body-fat-percentage-chart,tertiary,,auto,
28 percent body fat female,140,-21,57,Low,B3-bodyfat,informational,body-fat-percentage-chart,tertiary,,auto,
27 percent body fat female,140,-18,56,Low,B3-bodyfat,informational,body-fat-percentage-chart,tertiary,,auto,
optimal body fat percentage for women,140,53,420,Low,B3-bodyfat,informational,body-fat-percentage-chart,tertiary,,auto,
muscle to fat weight ratio,140,24,91,Low,B3-bodyfat,informational,body-fat-percentage-chart,tertiary,,auto,
14 body fat women,140,0,27,Low,B3-bodyfat,informational,body-fat-percentage-chart,tertiary,,auto,
5 body fat female,140,0,56,Low,B3-bodyfat,informational,body-fat-percentage-chart,tertiary,,auto,
30 percent body fat men,140,-21,0,Low,B3-bodyfat,informational,body-fat-percentage-chart,tertiary,,auto,
best body fat percentage for women,140,-18,56,Low,B3-bodyfat,informational,body-fat-percentage-chart,tertiary,,auto,
men body fat scale,140,-21,-21,Medium,B3-bodyfat,informational,body-fat-percentage-chart,tertiary,,auto,KWP group variants: male body fat scale
31 percent body fat,140,27,0,Low,B3-bodyfat,informational,body-fat-percentage-chart,tertiary,,auto,
26 percent body fat female,140,0,22,Low,B3-bodyfat,informational,body-fat-percentage-chart,tertiary,,auto,
women 15 body fat,140,0,21,Low,B3-bodyfat,informational,body-fat-percentage-chart,tertiary,,auto,
man with 15 body fat,140,55,55,Low,B3-bodyfat,informational,body-fat-percentage-chart,tertiary,,auto,
16 percent body fat female,110,27,56,Low,B3-bodyfat,informational,body-fat-percentage-chart,tertiary,,auto,
caliper bmi,110,22,22,High,B3-bodyfat,informational,body-fat-percentage-chart,tertiary,,auto,
body fat guidelines,110,-18,-36,Low,B3-bodyfat,informational,body-fat-percentage-chart,tertiary,,auto,
body fat picture chart,110,0,-73,Low,B3-bodyfat,informational,body-fat-percentage-chart,tertiary,,auto,
10 percent body fat female,110,-21,0,Low,B3-bodyfat,informational,body-fat-percentage-chart,tertiary,,auto,
men's body fat percentage pictures,110,433,586,Low,B3-bodyfat,informational,body-fat-percentage-chart,tertiary,,auto,
your body fat,110,0,-18,Low,B3-bodyfat,informational,body-fat-percentage-chart,tertiary,,auto,
men 12 body fat,110,0,0,Low,B3-bodyfat,informational,body-fat-percentage-chart,tertiary,,auto,
13 body fat women,110,0,56,Low,B3-bodyfat,informational,body-fat-percentage-chart,tertiary,,auto,
39 body fat female,110,0,27,Low,B3-bodyfat,informational,body-fat-percentage-chart,tertiary,,auto,
body fat mass female,110,0,-21,Low,B3-bodyfat,informational,body-fat-percentage-chart,tertiary,,auto,KWP group variants: body fat mass for women
8 body fat women,110,0,-22,Low,B3-bodyfat,informational,body-fat-percentage-chart,tertiary,,auto,
body fat percentage guidelines,110,0,-35,Low,B3-bodyfat,informational,body-fat-percentage-chart,tertiary,,auto,
body fat women age,110,-36,-36,Low,B3-bodyfat,informational,body-fat-percentage-chart,tertiary,,auto,
50 percent body fat female,90,0,80,Low,B3-bodyfat,informational,body-fat-percentage-chart,tertiary,,auto,
dexa body fat percentage chart,90,0,0,Low,B3-bodyfat,informational,body-fat-percentage-chart,tertiary,,auto,
weight at body fat percentage,90,22,0,Low,B3-bodyfat,informational,body-fat-percentage-chart,tertiary,,auto,KWP group variants: weight and body fat percentage
body fat percentage by bmi,90,-22,-36,Low,B3-bodyfat,informational,body-fat-percentage-chart,tertiary,,auto,KWP group variants: body fat percentage with bmi
women with 25 body fat,90,-18,0,Low,B3-bodyfat,informational,body-fat-percentage-chart,tertiary,,auto,
body fat percentage men by age,90,-29,-55,Low,B3-bodyfat,informational,body-fat-percentage-chart,tertiary,,auto,
body fat graph,90,29,-18,Low,B3-bodyfat,informational,body-fat-percentage-chart,tertiary,,auto,
19 percent body fat female,90,57,22,Low,B3-bodyfat,informational,body-fat-percentage-chart,tertiary,,auto,
33 percent body fat women,90,0,0,Low,B3-bodyfat,informational,body-fat-percentage-chart,tertiary,,auto,
fat percentage normal range,90,0,0,Low,B3-bodyfat,informational,body-fat-percentage-chart,tertiary,,auto,KWP group variants: body fat percentage healthy range; body fat percentage normal range
guess my body fat,70,91,600,Low,B3-bodyfat,informational,body-fat-percentage-chart,tertiary,,auto,
my body fat,70,56,180,Low,B3-bodyfat,informational,body-fat-percentage-chart,tertiary,,auto,KWP group variants: my body is fat
9 body fat female,70,29,29,Low,B3-bodyfat,informational,body-fat-percentage-chart,tertiary,,auto,
7 body fat female,70,0,40,Low,B3-bodyfat,informational,body-fat-percentage-chart,tertiary,,auto,
body fat percentage height weight,70,29,29,Low,B1-chart,informational,body-fat-percentage-chart,tertiary,,auto,KWP group variants: body fat percentage by weight and height; body fat percentage by height and weight; body fat percentage height and weight; body fat percentage weight and height
30 percent body fat woman,70,29,80,Low,B3-bodyfat,informational,body-fat-percentage-chart,tertiary,,auto,
44 body fat female,70,-22,0,Low,B3-bodyfat,informational,body-fat-percentage-chart,tertiary,,auto,
fat percentage chart male,70,-29,-29,Low,B3-bodyfat,informational,body-fat-percentage-chart,tertiary,,auto,
40 percent body fat woman,70,-22,40,Low,B3-bodyfat,informational,body-fat-percentage-chart,tertiary,,auto,
approximate body fat percentage,70,22,57,Low,B3-bodyfat,informational,body-fat-percentage-chart,tertiary,,auto,
different levels of body fat,70,0,40,Low,B3-bodyfat,informational,body-fat-percentage-chart,tertiary,,auto,
32 percent body fat female,70,0,200,Low,B3-bodyfat,informational,body-fat-percentage-chart,tertiary,,auto,
35 percent body fat women,70,0,29,Low,B3-bodyfat,informational,body-fat-percentage-chart,tertiary,,auto,
low body fat percentage female,70,-40,-79,Low,B3-bodyfat,informational,body-fat-percentage-chart,tertiary,,auto,
healthy fat percentage by age,70,0,-71,Low,B3-bodyfat,informational,body-fat-percentage-chart,tertiary,,auto,KWP group variants: ideal body fat percentage by age; healthy body fat percentage by age
age body fat percentage chart,70,-44,-55,Low,B3-bodyfat,informational,body-fat-percentage-chart,tertiary,,auto,
0 body fat man,70,-20,-43,Low,B3-bodyfat,informational,body-fat-percentage-chart,tertiary,,auto,
body fat by weight and height,70,-29,-29,Low,B3-bodyfat,informational,body-fat-percentage-chart,tertiary,,auto,KWP group variants: body fat from height and weight
28 percent body fat women,70,0,0,Low,B3-bodyfat,informational,body-fat-percentage-chart,tertiary,,auto,
lowest body fat percentage male,70,-44,-29,Low,B3-bodyfat,informational,body-fat-percentage-chart,tertiary,,auto,
low body fat high bmi,70,0,-36,Low,B3-bodyfat,informational,body-fat-percentage-chart,tertiary,,auto,
6 body fat female,70,-22,0,Low,B3-bodyfat,informational,body-fat-percentage-chart,tertiary,,auto,
guess my body fat percentage,70,56,250,Low,B3-bodyfat,informational,body-fat-percentage-chart,tertiary,,auto,
body percentage fat woman,70,29,80,Low,B3-bodyfat,informational,body-fat-percentage-chart,tertiary,,auto,
fat index,70,29,29,Low,B3-bodyfat,informational,body-fat-percentage-chart,tertiary,,auto,
40 percent body fat male,50,0,67,Low,B3-bodyfat,informational,body-fat-percentage-chart,tertiary,,auto,
body composition percentage,50,25,0,Low,B3-bodyfat,informational,body-fat-percentage-chart,tertiary,,auto,
medca body fat caliper,50,0,400,Medium,B3-bodyfat,informational,body-fat-percentage-chart,tertiary,,auto,
fat counter,50,56,180,Low,B3-bodyfat,informational,body-fat-percentage-chart,tertiary,,auto,
anorexic body fat percentage,50,-57,-25,Low,B3-bodyfat,informational,body-fat-percentage-chart,tertiary,,auto,
body fat percentage for abs male,50,0,0,Low,B3-bodyfat,informational,body-fat-percentage-chart,tertiary,,auto,
body fat percentage scale men,50,0,0,Low,B3-bodyfat,informational,body-fat-percentage-chart,tertiary,,auto,
body fat mass normal range,50,0,0,Low,B3-bodyfat,informational,body-fat-percentage-chart,tertiary,,auto,
fat percentage table,50,-40,-40,Low,B3-bodyfat,informational,body-fat-percentage-chart,tertiary,,auto,KWP group variants: body fat percentage table
woman 27 body fat,50,-29,0,Low,B3-bodyfat,informational,body-fat-percentage-chart,tertiary,,auto,
fat chart female,50,-29,0,Low,B3-bodyfat,informational,body-fat-percentage-chart,tertiary,,auto,KWP group variants: fat chart for women
caliper fat chart,50,-43,-20,Low,B3-bodyfat,informational,body-fat-percentage-chart,tertiary,,auto,
average male body fat percentage by age,50,-29,67,Low,B3-bodyfat,informational,body-fat-percentage-chart,tertiary,,auto,
body fat percentage for abs men,50,0,25,Low,B3-bodyfat,informational,body-fat-percentage-chart,tertiary,,auto,
body fat percentage using bmi,50,-25,-57,Low,B3-bodyfat,informational,body-fat-percentage-chart,tertiary,,auto,KWP group variants: bmi based on body fat percentage
essential body fat for men,50,-25,0,Low,B3-bodyfat,informational,body-fat-percentage-chart,tertiary,,auto,
14 percent body fat female,50,-29,-29,Low,B3-bodyfat,informational,body-fat-percentage-chart,tertiary,,auto,
essential fat for women,50,-40,-25,Low,B3-bodyfat,informational,body-fat-percentage-chart,tertiary,,auto,
3 site body fat caliper chart,50,-20,-43,Low,B3-bodyfat,informational,body-fat-percentage-chart,tertiary,,auto,
body fat for men and women,50,40,40,Low,B3-bodyfat,informational,body-fat-percentage-chart,tertiary,,auto,
body composition formula,40,0,0,Low,B3-bodyfat,informational,body-fat-percentage-chart,tertiary,,auto,
body fat caliper formula,40,-67,-86,Low,B3-bodyfat,informational,body-fat-percentage-chart,tertiary,,auto,KWP group variants: body fat caliper equation
optimal body fat for men,40,0,-20,Low,B3-bodyfat,informational,body-fat-percentage-chart,tertiary,,auto,
18 percent body fat woman,40,-60,-33,Low,B3-bodyfat,informational,body-fat-percentage-chart,tertiary,,auto,
body fat percentile by age,40,-60,-60,Low,B3-bodyfat,informational,body-fat-percentage-chart,tertiary,,auto,
body fat percentage equation,40,0,-25,Low,B3-bodyfat,informational,body-fat-percentage-chart,tertiary,,auto,
fat mass for women,40,-33,-60,Low,B3-bodyfat,informational,body-fat-percentage-chart,tertiary,,auto,KWP group variants: fat mass for female
ideal body fat percentage chart,40,0,-40,Low,B1-chart,informational,body-fat-percentage-chart,tertiary,,auto,KWP group variants: healthy body fat percentage chart
body fat percentage scale women,40,-20,33,Medium,B1-chart,informational,body-fat-percentage-chart,tertiary,,auto,KWP group variants: body fat percentage scale for women
fat free muscle index,40,-50,-33,Low,B3-bodyfat,informational,body-fat-percentage-chart,tertiary,,auto,
8 percent body fat female,40,-40,0,Low,B3-bodyfat,informational,body-fat-percentage-chart,tertiary,,auto,
table body fat,40,-25,-57,Low,B3-bodyfat,informational,body-fat-percentage-chart,tertiary,,auto,
13 percent body fat female,40,-29,25,Low,B3-bodyfat,informational,body-fat-percentage-chart,tertiary,,auto,
17 percent body fat female,40,67,67,Low,B3-bodyfat,informational,body-fat-percentage-chart,tertiary,,auto,
body fat 15 percent male,40,67,67,Low,B3-bodyfat,informational,body-fat-percentage-chart,tertiary,,auto,
body fat standards,40,100,-43,Low,B3-bodyfat,informational,body-fat-percentage-chart,tertiary,,auto,
normal amount of body fat,40,50,-40,Low,B3-bodyfat,informational,body-fat-percentage-chart,tertiary,,auto,
body fat age chart,40,67,-29,Low,B1-chart,informational,body-fat-percentage-chart,tertiary,,auto,KWP group variants: body fat by age chart
best body fat for men,40,33,33,Low,B3-bodyfat,informational,body-fat-percentage-chart,tertiary,,auto,
man 10 body fat,40,25,150,Low,B3-bodyfat,informational,body-fat-percentage-chart,tertiary,,auto,
24 percent body fat female,40,0,33,Low,B3-bodyfat,informational,body-fat-percentage-chart,tertiary,,auto,
body fat mass chart,30,0,-50,Low,B1-chart,informational,body-fat-percentage-chart,tertiary,,auto,
make body fat percentage chart,30,0,-50,Low,B3-bodyfat,informational,body-fat-percentage-chart,tertiary,,auto,
normal body fat percentage for athletes,30,0,-50,Low,B3-bodyfat,informational,body-fat-percentage-chart,tertiary,,auto,
fat mass normal range,30,0,-50,Low,B3-bodyfat,informational,body-fat-percentage-chart,tertiary,,auto,
normal total body fat,30,0,-50,Low,B3-bodyfat,informational,body-fat-percentage-chart,tertiary,,auto,
female fat percentage chart,30,-75,-75,Low,B3-bodyfat,informational,body-fat-percentage-chart,tertiary,,auto,
mens body fat scale,30,-60,-33,Low,B3-bodyfat,informational,body-fat-percentage-chart,tertiary,,auto,
ace body fat chart,30,-60,0,Low,B3-bodyfat,informational,body-fat-percentage-chart,tertiary,,auto,
body fat percentage index,30,-67,-67,Low,B3-bodyfat,informational,body-fat-percentage-chart,tertiary,,auto,
healthy body fat mass,30,-50,-50,Low,B3-bodyfat,informational,body-fat-percentage-chart,tertiary,,auto,
bmi to body fat conversion,30,-33,-33,Low,B3-bodyfat,informational,body-fat-percentage-chart,tertiary,,auto,KWP group variants: body fat to bmi conversion; convert bmi to body fat percentage
body fat and weight chart,30,-25,50,Low,B1-chart,informational,body-fat-percentage-chart,tertiary,,auto,
men body fat pictures,30,100,-20,Low,B3-bodyfat,informational,body-fat-percentage-chart,tertiary,,auto,
body fat height weight chart,30,100,0,Low,B1-chart,informational,body-fat-percentage-chart,tertiary,,auto,KWP group variants: height and weight body fat chart
body fat percentage test at home,30,50,-40,High,B3-bodyfat,informational,body-fat-percentage-chart,tertiary,,auto,
formula to find body fat percentage,30,0,0,Low,B3-bodyfat,informational,body-fat-percentage-chart,tertiary,,auto,
5 percent body fat female,30,0,-75,Low,B3-bodyfat,informational,body-fat-percentage-chart,tertiary,,auto,
body fat percentage at home,30,-25,-40,High,B3-bodyfat,informational,body-fat-percentage-chart,tertiary,,auto,
32 body fat female,30,-20,0,Low,B3-bodyfat,informational,body-fat-percentage-chart,tertiary,,auto,
approximate body fat,30,40,133,Low,B3-bodyfat,informational,body-fat-percentage-chart,tertiary,,auto,
fat mass formula,30,0,0,Low,B3-bodyfat,informational,body-fat-percentage-chart,tertiary,,auto,
man with lowest body fat percentage,30,-25,50,Low,B3-bodyfat,informational,body-fat-percentage-chart,tertiary,,auto,
female body composition chart,30,-33,-33,Low,B1-chart,informational,body-fat-percentage-chart,tertiary,,auto,
body fat percentage men's health,30,-25,-40,Low,B3-bodyfat,informational,body-fat-percentage-chart,tertiary,,auto,
29 body fat female,30,-25,0,Low,B3-bodyfat,informational,body-fat-percentage-chart,tertiary,,auto,
normal subcutaneous fat percentage,30,-33,-33,Low,B3-bodyfat,informational,body-fat-percentage-chart,tertiary,,auto,
mens 15 body fat,30,0,0,Low,B3-bodyfat,informational,body-fat-percentage-chart,tertiary,,auto,
11 body fat female,30,0,0,Low,B3-bodyfat,informational,body-fat-percentage-chart,tertiary,,auto,
12 percent body fat female,30,0,0,Low,B3-bodyfat,informational,body-fat-percentage-chart,tertiary,,auto,
healthy body fat chart,30,-50,-50,Low,B1-chart,informational,body-fat-percentage-chart,tertiary,,auto,
body fat percentage by age and gender,30,50,-25,Low,B3-bodyfat,informational,body-fat-percentage-chart,tertiary,,auto,
body fat bmi method,30,200,0,Low,B3-bodyfat,informational,body-fat-percentage-chart,tertiary,,auto,
fat index chart,20,-50,-50,Low,B3-bodyfat,informational,body-fat-percentage-chart,tertiary,,auto,
bfp for women,20,200,0,Low,B3-bodyfat,informational,body-fat-percentage-chart,tertiary,,auto,
body fat 20 percent male,20,50,200,Low,B3-bodyfat,informational,body-fat-percentage-chart,tertiary,,auto,
body fat percentage of men,20,-33,0,Low,B3-bodyfat,informational,body-fat-percentage-chart,tertiary,,auto,KWP group variants: body fat percentages of men
fat chart male,20,-50,-67,Low,B3-bodyfat,informational,body-fat-percentage-chart,tertiary,,auto,
normal fat mass female,20,-50,-67,Low,B3-bodyfat,informational,body-fat-percentage-chart,tertiary,,auto,KWP group variants: healthy fat mass for females; healthy fat mass for women
body fat based on bmi,20,-50,-75,Low,B3-bodyfat,informational,body-fat-percentage-chart,tertiary,,auto,
3 body fat female,20,-50,0,Low,B3-bodyfat,informational,body-fat-percentage-chart,tertiary,,auto,
free fat index,20,-50,0,Low,B3-bodyfat,informational,body-fat-percentage-chart,tertiary,,auto,
essential fat for men,20,-50,0,Low,B3-bodyfat,informational,body-fat-percentage-chart,tertiary,,auto,
body fat based on height and weight,20,-50,0,Low,B1-chart,informational,body-fat-percentage-chart,tertiary,,auto,KWP group variants: body fat based on weight and height
body fat counter,20,-67,-67,Low,B3-bodyfat,informational,body-fat-percentage-chart,tertiary,,auto,
body fat by age and gender,20,-67,0,Low,B3-bodyfat,informational,body-fat-percentage-chart,tertiary,,auto,
most attractive female body fat percentage,20,-75,0,Low,B3-bodyfat,informational,body-fat-percentage-chart,tertiary,,auto,
body fat to height,20,-50,-67,Low,B3-bodyfat,informational,body-fat-percentage-chart,tertiary,,auto,
body fat percentage based on height and weight,20,0,-33,Low,B3-bodyfat,informational,body-fat-percentage-chart,tertiary,,auto,
average fat mass for female,20,0,-33,Low,B2-population,informational,body-fat-percentage-chart,tertiary,,auto,
get body fat percentage,20,-50,0,Low,B3-bodyfat,informational,body-fat-percentage-chart,tertiary,,auto,
relative fat mass index,20,0,-50,Low,B3-bodyfat,informational,body-fat-percentage-chart,tertiary,,auto,
body fat 25 percent female,20,0,-50,Low,B3-bodyfat,informational,body-fat-percentage-chart,tertiary,,auto,
ideal women body fat,20,0,-50,Low,B1-chart,informational,body-fat-percentage-chart,tertiary,,auto,
average healthy body fat percentage,20,0,-67,Low,B3-bodyfat,informational,body-fat-percentage-chart,tertiary,,auto,
average body composition male,20,0,-67,Low,B3-bodyfat,informational,body-fat-percentage-chart,tertiary,,auto,
38 percent body fat female,20,0,-75,Low,B3-bodyfat,informational,body-fat-percentage-chart,tertiary,,auto,
body fat 30 percent female,20,0,-75,Low,B3-bodyfat,informational,body-fat-percentage-chart,tertiary,,auto,
36 percent body fat female,20,0,-50,Low,B3-bodyfat,informational,body-fat-percentage-chart,tertiary,,auto,
normal fat percentage for male,20,0,-86,Low,B3-bodyfat,informational,body-fat-percentage-chart,tertiary,,auto,
men's physique body fat percentage,20,0,0,Low,B3-bodyfat,informational,body-fat-percentage-chart,tertiary,,auto,
33 percent body fat female,20,0,0,Low,B3-bodyfat,informational,body-fat-percentage-chart,tertiary,,auto,
normal fat mass for female,20,0,0,Low,B3-bodyfat,informational,body-fat-percentage-chart,tertiary,,auto,
fat free body weight chart,20,0,-67,Low,B3-bodyfat,informational,body-fat-percentage-chart,tertiary,,auto,
reducing body fat percentage male,20,0,0,Low,B3-bodyfat,informational,body-fat-percentage-chart,tertiary,,auto,
normal body fat mass,20,0,0,Low,B3-bodyfat,informational,body-fat-percentage-chart,tertiary,,auto,
normal total body fat percentage,20,0,0,Low,B3-bodyfat,informational,body-fat-percentage-chart,tertiary,,auto,
body fat 34 female,20,0,100,Low,B3-bodyfat,informational,body-fat-percentage-chart,tertiary,,auto,
skinfold formula,20,0,100,Low,B3-bodyfat,informational,body-fat-percentage-chart,tertiary,,auto,
ideal body fat for men and women,20,0,100,Low,B3-bodyfat,informational,body-fat-percentage-chart,tertiary,,auto,
womans body fat chart,20,0,200,Low,B1-chart,informational,body-fat-percentage-chart,tertiary,,auto,
pictures of body fat percentage male,20,0,200,Low,B3-bodyfat,informational,body-fat-percentage-chart,tertiary,,auto,
26.5 body fat female,20,0,300,Low,B3-bodyfat,informational,body-fat-percentage-chart,tertiary,,auto,
body fat percentage to bmi,20,100,-33,Low,B3-bodyfat,informational,body-fat-percentage-chart,tertiary,,auto,
fat free body mass,20,100,-33,Low,B3-bodyfat,informational,body-fat-percentage-chart,tertiary,,auto,
normal percentage of body fat for a woman,20,0,100,Low,B3-bodyfat,informational,body-fat-percentage-chart,tertiary,,auto,
ideal body fat by age,20,100,-33,Low,B3-bodyfat,informational,body-fat-percentage-chart,tertiary,,auto,
normal amount of body fat for a woman,20,0,50,Low,B3-bodyfat,informational,body-fat-percentage-chart,tertiary,,auto,
average body fat by age,20,100,-33,Low,B3-bodyfat,informational,body-fat-percentage-chart,tertiary,,auto,
30 percent fat woman,20,100,-33,Low,B3-bodyfat,informational,body-fat-percentage-chart,tertiary,,auto,
healthy body composition for females,20,100,0,Low,B3-bodyfat,informational,body-fat-percentage-chart,tertiary,,auto,
body fat percentage chart for men and women,20,100,-82,Low,B3-bodyfat,informational,body-fat-percentage-chart,tertiary,,auto,
male 27 body fat,20,100,100,Low,B3-bodyfat,informational,body-fat-percentage-chart,tertiary,,auto,
find your fat percentage,20,100,33,Low,B3-bodyfat,informational,body-fat-percentage-chart,tertiary,,auto,KWP group variants: find your body fat percentage
best body fat for women,20,50,50,Low,B3-bodyfat,informational,body-fat-percentage-chart,tertiary,,auto,
body fat scale male,20,50,200,Low,B3-bodyfat,informational,body-fat-percentage-chart,tertiary,,auto,
guess body fat,20,67,400,Low,B3-bodyfat,informational,body-fat-percentage-chart,tertiary,,auto,
34 percent body fat female,20,200,200,Low,B3-bodyfat,informational,body-fat-percentage-chart,tertiary,,auto,
perfect body fat percentage for male,20,-33,100,Low,B3-bodyfat,informational,body-fat-percentage-chart,tertiary,,auto,
body fat predictor,20,-33,100,Low,B3-bodyfat,informational,body-fat-percentage-chart,tertiary,,auto,
female 12 body fat,20,-50,-50,Low,B3-bodyfat,informational,body-fat-percentage-chart,tertiary,,auto,
height weight body fat percentage chart,20,-50,-50,Low,B1-chart,informational,body-fat-percentage-chart,tertiary,,auto,KWP group variants: body fat percentage chart height weight; body fat percentage height weight chart
42 percent body fat female,20,-50,-50,Low,B3-bodyfat,informational,body-fat-percentage-chart,tertiary,,auto,
body fat obese chart,10,-100,-100,Unknown,B3-bodyfat,informational,body-fat-percentage-chart,tertiary,,auto,
normal fat rate,10,-100,-100,Unknown,B3-bodyfat,informational,body-fat-percentage-chart,tertiary,,auto,
body fat index for males,10,∞,∞,High,B1-chart,informational,body-fat-percentage-chart,tertiary,,auto,
bmi fat index,10,∞,∞,Medium,B3-bodyfat,informational,body-fat-percentage-chart,tertiary,,auto,
ideal fat percentage in male,10,∞,∞,Low,B1-chart,informational,body-fat-percentage-chart,tertiary,,auto,KWP group variants: recommended weight for height in kg
body fat based on weight,10,∞,∞,Low,B3-bodyfat,informational,body-fat-percentage-chart,tertiary,,auto,
23.5 bmi body fat percentage,10,∞,∞,Low,B3-bodyfat,informational,body-fat-percentage-chart,tertiary,,auto,
body fat mass in kg chart,10,∞,∞,Low,B3-bodyfat,informational,body-fat-percentage-chart,tertiary,,auto,
body fat categories table,10,∞,∞,Low,B3-bodyfat,informational,body-fat-percentage-chart,tertiary,,auto,
body fat percentage according to height and weight,10,∞,0,Low,B3-bodyfat,informational,body-fat-percentage-chart,tertiary,,auto,
normal range of fat in human body,10,∞,0,Medium,B3-bodyfat,informational,body-fat-percentage-chart,tertiary,,auto,
optimal body fat percentage for female,10,∞,0,Low,B3-bodyfat,informational,body-fat-percentage-chart,tertiary,,auto,
body fat healthy woman,10,∞,0,Low,B3-bodyfat,informational,body-fat-percentage-chart,tertiary,,auto,
find your body fat,10,∞,0,Low,B3-bodyfat,informational,body-fat-percentage-chart,tertiary,,auto,
ideal body composition for females,10,∞,0,Low,B3-bodyfat,informational,body-fat-percentage-chart,tertiary,,auto,
perfect weight for height female,10,∞,0,Low,B1-chart,informational,body-fat-percentage-chart,tertiary,,auto,KWP group variants: body fat chart male by age
body fat percentage using height and weight,10,∞,0,Low,B3-bodyfat,informational,body-fat-percentage-chart,tertiary,,auto,
0 percent body fat possible,10,∞,0,Low,B3-bodyfat,informational,body-fat-percentage-chart,tertiary,,auto,
skinfold caliper formula,10,∞,0,Low,B3-bodyfat,informational,body-fat-percentage-chart,tertiary,,auto,
body fat images chart male,10,∞,0,Low,B3-bodyfat,informational,body-fat-percentage-chart,tertiary,,auto,
weight body fat percentage chart,10,∞,0,Low,B3-bodyfat,informational,body-fat-percentage-chart,tertiary,,auto,
ideal body composition for males,10,∞,0,Low,B3-bodyfat,informational,body-fat-percentage-chart,tertiary,,auto,
body fat percentage range chart,10,∞,0,Low,B1-chart,informational,body-fat-percentage-chart,tertiary,,auto,KWP group variants: ideal weight for female height 5.5
body fat percentage for women's abs,10,∞,0,Low,B3-bodyfat,informational,body-fat-percentage-chart,tertiary,,auto,
athletic women's body fat percentage,10,∞,0,Low,B3-bodyfat,informational,body-fat-percentage-chart,tertiary,,auto,
body fat according to height and weight,10,∞,0,Low,B3-bodyfat,informational,body-fat-percentage-chart,tertiary,,auto,
ideal fat mass female,10,∞,0,Low,B3-bodyfat,informational,body-fat-percentage-chart,tertiary,,auto,
body fat to lean muscle ratio,10,∞,0,Low,B3-bodyfat,informational,body-fat-percentage-chart,tertiary,,auto,
body fat percentage metric,10,∞,0,Low,B3-bodyfat,informational,body-fat-percentage-chart,tertiary,,auto,
healthy body fat percentage for a man,10,100,100,Low,B3-bodyfat,informational,body-fat-percentage-chart,tertiary,,auto,
body composition chart female,10,100,100,Low,B1-chart,informational,body-fat-percentage-chart,tertiary,,auto,
make body fat chart,10,100,100,Low,B3-bodyfat,informational,body-fat-percentage-chart,tertiary,,auto,
man with no body fat,10,100,-33,Low,B3-bodyfat,informational,body-fat-percentage-chart,tertiary,,auto,
34.9 body fat,10,0,∞,Low,B3-bodyfat,informational,body-fat-percentage-chart,tertiary,,auto,
body fat 29 woman,10,0,∞,Low,B3-bodyfat,informational,body-fat-percentage-chart,tertiary,,auto,
normal male bmi chart,10,0,∞,Low,B1-chart,informational,body-fat-percentage-chart,tertiary,,auto,KWP group variants: how much is good body fat
recommended body fat percentage female,10,0,∞,Low,B3-bodyfat,informational,body-fat-percentage-chart,tertiary,,auto,
height and body fat percentage,10,0,∞,Low,B3-bodyfat,informational,body-fat-percentage-chart,tertiary,,auto,
body fat figure,10,0,∞,Low,B1-chart,informational,body-fat-percentage-chart,tertiary,,auto,KWP group variants: actual bmi chart
subcutaneous fat chart female,10,0,∞,Low,B2-population,informational,body-fat-percentage-chart,tertiary,,auto,KWP group variants: normal female weight in kg
normal fat percentage female asian,10,0,∞,Low,B3-bodyfat,informational,body-fat-percentage-chart,tertiary,,auto,
body fat ideal woman,10,0,∞,Low,B3-bodyfat,informational,body-fat-percentage-chart,tertiary,,auto,
body fat mass lbs chart,10,0,∞,Low,B3-bodyfat,informational,body-fat-percentage-chart,tertiary,,auto,
body fat mass for females,10,0,∞,Low,B3-bodyfat,informational,body-fat-percentage-chart,tertiary,,auto,
body fat chart for men and women,10,0,100,Low,B1-chart,informational,body-fat-percentage-chart,tertiary,,auto,
37 percent body fat female,10,0,100,Low,B3-bodyfat,informational,body-fat-percentage-chart,tertiary,,auto,
body fat 10 percent male,10,0,100,Low,B3-bodyfat,informational,body-fat-percentage-chart,tertiary,,auto,
fat mass normal,10,0,0,Unknown,B3-bodyfat,informational,body-fat-percentage-chart,tertiary,,auto,
body fat normal female,10,0,0,Unknown,B3-bodyfat,informational,body-fat-percentage-chart,tertiary,,auto,
healthy range of body fat for females,10,0,0,Unknown,B3-bodyfat,informational,body-fat-percentage-chart,tertiary,,auto,
body fat per weight,10,0,0,Unknown,B3-bodyfat,informational,body-fat-percentage-chart,tertiary,,auto,
human fat formula,10,0,0,Unknown,B1-chart,informational,body-fat-percentage-chart,tertiary,,auto,KWP group variants: normal bmi weight and height
desirable range fat mass,10,0,0,Unknown,B3-bodyfat,informational,body-fat-percentage-chart,tertiary,,auto,
normal fat percentage male asian,10,0,0,Unknown,B3-bodyfat,informational,body-fat-percentage-chart,tertiary,,auto,
healthy fat mass for males,10,0,0,Unknown,B3-bodyfat,informational,body-fat-percentage-chart,tertiary,,auto,
ideal fat percentage in female,10,0,0,Unknown,B1-chart,informational,body-fat-percentage-chart,tertiary,,auto,KWP group variants: recommended bmi for female by age
rfm formula body fat,10,0,0,Unknown,B3-bodyfat,informational,body-fat-percentage-chart,tertiary,,auto,
body fat spreadsheet,10,0,0,Unknown,B3-bodyfat,informational,body-fat-percentage-chart,tertiary,,auto,
body fat percentage for teenage male,10,0,0,Unknown,B3-bodyfat,informational,body-fat-percentage-chart,tertiary,,auto,
circumference value body fat chart,10,0,0,Unknown,B3-bodyfat,informational,body-fat-percentage-chart,tertiary,,auto,
body fat percentage kg,10,0,0,Unknown,B1-chart,informational,body-fat-percentage-chart,tertiary,,auto,KWP group variants: adults weight to height ratio chart; height and age according weight
body fat ratio male,10,0,0,Unknown,B3-bodyfat,informational,body-fat-percentage-chart,tertiary,,auto,
percentage of body fat for females,10,0,0,Unknown,B1-chart,informational,body-fat-percentage-chart,tertiary,,auto,KWP group variants: correct weight and height and age chart
average fat to muscle ratio,10,0,0,Low,B3-bodyfat,informational,body-fat-percentage-chart,tertiary,,auto,
best body fat percentage machine,10,0,0,High,B3-bodyfat,informational,body-fat-percentage-chart,tertiary,,auto,
bmi fat percentage scale,10,0,0,Medium,B3-bodyfat,informational,body-fat-percentage-chart,tertiary,,auto,
weight loss by body fat percentage,10,0,0,Low,B3-bodyfat,informational,body-fat-percentage-chart,tertiary,,auto,
male bmi by age,10,0,0,Low,B1-chart,informational,body-fat-percentage-chart,tertiary,,auto,KWP group variants: fat muscle water percentage body chart
find my fat percentage,10,0,0,Low,B3-bodyfat,informational,body-fat-percentage-chart,tertiary,,auto,
body fat percentage analyzer,10,0,0,Medium,B3-bodyfat,informational,body-fat-percentage-chart,tertiary,,auto,
body fat range chart,10,0,0,Low,B3-bodyfat,informational,body-fat-percentage-chart,tertiary,,auto,
body composition mass index,10,0,0,Medium,B3-bodyfat,informational,body-fat-percentage-chart,tertiary,,auto,
caliper weight test,10,0,0,Low,B3-bodyfat,informational,body-fat-percentage-chart,tertiary,,auto,
normal body fat mass female,10,0,0,Low,B3-bodyfat,informational,body-fat-percentage-chart,tertiary,,auto,
acceptable body fat for women,10,0,0,Low,B3-bodyfat,informational,body-fat-percentage-chart,tertiary,,auto,
body fat chart female by age,10,0,0,Low,B1-chart,informational,body-fat-percentage-chart,tertiary,,auto,KWP group variants: standard weight and height for male
body fat to weight ratio,10,0,0,Low,B3-bodyfat,informational,body-fat-percentage-chart,tertiary,,auto,
body fat percentage caliper chart,10,0,0,Low,B3-bodyfat,informational,body-fat-percentage-chart,tertiary,,auto,
body fat test online,10,0,0,Low,B3-bodyfat,informational,body-fat-percentage-chart,tertiary,,auto,
ideal body fat mass for female,10,0,0,Low,B3-bodyfat,informational,body-fat-percentage-chart,tertiary,,auto,
subcutaneous fat level chart,10,0,0,Low,B3-bodyfat,informational,body-fat-percentage-chart,tertiary,,auto,
body fat scale female,10,0,0,Low,B3-bodyfat,informational,body-fat-percentage-chart,tertiary,,auto,
perfect body fat percentage for female,10,0,0,Low,B3-bodyfat,informational,body-fat-percentage-chart,tertiary,,auto,
fat chart for men,10,0,0,Low,B3-bodyfat,informational,body-fat-percentage-chart,tertiary,,auto,
guess your body fat percentage,10,0,0,Low,B3-bodyfat,informational,body-fat-percentage-chart,tertiary,,auto,
optimal body fat percentage for male,10,0,0,Low,B3-bodyfat,informational,body-fat-percentage-chart,tertiary,,auto,
optimal fat percentage female,10,0,0,Low,B3-bodyfat,informational,body-fat-percentage-chart,tertiary,,auto,
ideal weight and body fat for height,10,0,0,Low,B1-chart,informational,body-fat-percentage-chart,tertiary,,auto,
normal body fat mass for female,10,0,0,Low,B3-bodyfat,informational,body-fat-percentage-chart,tertiary,,auto,
normal level of body fat,10,0,0,Low,B3-bodyfat,informational,body-fat-percentage-chart,tertiary,,auto,
ideal fat mass for female,10,0,0,Low,B3-bodyfat,informational,body-fat-percentage-chart,tertiary,,auto,
body fat chart by age and gender,10,0,0,Low,B1-chart,informational,body-fat-percentage-chart,tertiary,,auto,
body fat 20 male,10,0,0,Low,B3-bodyfat,informational,body-fat-percentage-chart,tertiary,,auto,
45 percent body fat female,10,0,0,Low,B3-bodyfat,informational,body-fat-percentage-chart,tertiary,,auto,
average body fat percentage loss per month,10,0,0,Low,B3-bodyfat,informational,body-fat-percentage-chart,tertiary,,auto,
body fat range by age,10,0,0,Low,B3-bodyfat,informational,body-fat-percentage-chart,tertiary,,auto,
healthy fat range,10,0,0,Low,B3-bodyfat,informational,body-fat-percentage-chart,tertiary,,auto,
body fat 25 male,10,0,0,Low,B3-bodyfat,informational,body-fat-percentage-chart,tertiary,,auto,
body fat caliper chart male,10,0,0,Low,B3-bodyfat,informational,body-fat-percentage-chart,tertiary,,auto,
normal female fat percentage,10,0,0,Low,B3-bodyfat,informational,body-fat-percentage-chart,tertiary,,auto,
body fat percentage chart by age and height,10,0,0,Low,B3-bodyfat,informational,body-fat-percentage-chart,tertiary,,auto,
17 body fat percentage male,10,0,0,Low,B3-bodyfat,informational,body-fat-percentage-chart,tertiary,,auto,
men body fat range,10,0,0,Low,B3-bodyfat,informational,body-fat-percentage-chart,tertiary,,auto,
body fat 21 male,10,0,0,Low,B3-bodyfat,informational,body-fat-percentage-chart,tertiary,,auto,
fat to height ratio,10,0,0,Low,B3-bodyfat,informational,body-fat-percentage-chart,tertiary,,auto,
4 site skinfold chart,10,0,0,Low,B3-bodyfat,informational,body-fat-percentage-chart,tertiary,,auto,
body fat according to age,10,0,0,Low,B3-bodyfat,informational,body-fat-percentage-chart,tertiary,,auto,
female fitness model body fat percentage,10,0,0,Low,B3-bodyfat,informational,body-fat-percentage-chart,tertiary,,auto,
fat mass ideal,10,0,0,Low,B3-bodyfat,informational,body-fat-percentage-chart,tertiary,,auto,
body fat rate women,10,0,0,Low,B3-bodyfat,informational,body-fat-percentage-chart,tertiary,,auto,
body fat photo chart,10,0,0,Low,B3-bodyfat,informational,body-fat-percentage-chart,tertiary,,auto,
woman fat ratio,10,0,0,Low,B3-bodyfat,informational,body-fat-percentage-chart,tertiary,,auto,
women's ideal fat percentage,10,0,0,Low,B3-bodyfat,informational,body-fat-percentage-chart,tertiary,,auto,
ladies body fat chart,10,0,0,Low,B1-chart,informational,body-fat-percentage-chart,tertiary,,auto,
ideal body fat percentage for females by age,10,0,0,Low,B3-bodyfat,informational,body-fat-percentage-chart,tertiary,,auto,
fat range for female,10,0,0,Low,B3-bodyfat,informational,body-fat-percentage-chart,tertiary,,auto,
body fat normal woman,10,0,0,Low,B3-bodyfat,informational,body-fat-percentage-chart,tertiary,,auto,
fat mass percentage female,10,0,-80,Low,B3-bodyfat,informational,body-fat-percentage-chart,tertiary,,auto,
women's body composition chart,10,0,-67,Low,B1-chart,informational,body-fat-percentage-chart,tertiary,,auto,
body fat mass scale,10,0,-50,High,B3-bodyfat,informational,body-fat-percentage-chart,tertiary,,auto,
body fat formula for men,10,0,-50,Low,B3-bodyfat,informational,body-fat-percentage-chart,tertiary,,auto,
body fat caliper women,10,0,-50,Low,B3-bodyfat,informational,body-fat-percentage-chart,tertiary,,auto,
optimal fat percentage male,10,0,-50,Low,B3-bodyfat,informational,body-fat-percentage-chart,tertiary,,auto,
men's body fat percentage range,10,0,-50,Low,B3-bodyfat,informational,body-fat-percentage-chart,tertiary,,auto,
normal fat percentage in human body,10,0,-50,Low,B3-bodyfat,informational,body-fat-percentage-chart,tertiary,,auto,
fat rate in america,10,0,-50,Low,B2-population,informational,body-fat-percentage-chart,tertiary,,auto,
percentage of body fat loss,10,0,-50,Low,B3-bodyfat,informational,body-fat-percentage-chart,tertiary,,auto,
6 percent body fat female,10,0,-50,Low,B3-bodyfat,informational,body-fat-percentage-chart,tertiary,,auto,
body fat percentage 25 female,10,0,-50,Low,B3-bodyfat,informational,body-fat-percentage-chart,tertiary,,auto,
body fat 20 percent female,10,0,-50,Low,B3-bodyfat,informational,body-fat-percentage-chart,tertiary,,auto,
fat percentage female chart,10,0,-100,Unknown,B3-bodyfat,informational,body-fat-percentage-chart,tertiary,,auto,
body fat index chart male,10,0,-100,Unknown,B1-chart,informational,body-fat-percentage-chart,tertiary,,auto,
women's bmi chart frame size,10,0,-100,Unknown,B1-chart,informational,body-fat-percentage-chart,tertiary,,auto,KWP group variants: ideal body fat percentage male 50
body fat for male athletes,10,0,-100,Unknown,B3-bodyfat,informational,body-fat-percentage-chart,tertiary,,auto,
body fat recommendations by age,10,0,-100,Unknown,B1-chart,informational,body-fat-percentage-chart,tertiary,,auto,KWP group variants: appropriate weight for height male; body fat percentage to see abs female
different body fat percentage pictures male,10,0,-100,Unknown,B3-bodyfat,informational,body-fat-percentage-chart,tertiary,,auto,
weight and body fat percentage chart,10,0,-100,Unknown,B3-bodyfat,informational,body-fat-percentage-chart,tertiary,,auto,
fat ratio chart,10,0,-100,Unknown,B3-bodyfat,informational,body-fat-percentage-chart,tertiary,,auto,
ideal woman weight in kg,10,0,-100,Unknown,B1-chart,informational,body-fat-percentage-chart,tertiary,,auto,KWP group variants: proper height and weight for female; acceptable body fat percentage female
bmi fat percentage machine,10,0,-100,Unknown,B3-bodyfat,informational,body-fat-percentage-chart,tertiary,,auto,
formula of body fat percentage,10,0,-100,Unknown,B3-bodyfat,informational,body-fat-percentage-chart,tertiary,,auto,
normal body composition for females,10,0,-100,Unknown,B3-bodyfat,informational,body-fat-percentage-chart,tertiary,,auto,
body fat goal woman,10,0,-100,Unknown,B3-bodyfat,informational,body-fat-percentage-chart,tertiary,,auto,
body fat mass formula,10,0,-100,Unknown,B3-bodyfat,informational,body-fat-percentage-chart,tertiary,,auto,
fat percentage in body chart,10,0,-100,Unknown,B3-bodyfat,informational,body-fat-percentage-chart,tertiary,,auto,
good fat percentage for female,10,0,-100,Unknown,B3-bodyfat,informational,body-fat-percentage-chart,tertiary,,auto,
body fat mm chart,10,0,-100,Unknown,B3-bodyfat,informational,body-fat-percentage-chart,tertiary,,auto,
body fat formula excel,10,0,-100,Unknown,B3-bodyfat,informational,body-fat-percentage-chart,tertiary,,auto,
fat caliper formula,10,0,-100,Unknown,B3-bodyfat,informational,body-fat-percentage-chart,tertiary,,auto,
body fat normal range by age,10,0,-100,Unknown,B3-bodyfat,informational,body-fat-percentage-chart,tertiary,,auto,
body fat table female,10,0,-100,Unknown,B1-chart,informational,body-fat-percentage-chart,tertiary,,auto,KWP group variants: healthy weight for adults by age
fat ratio female,10,0,-100,Unknown,B3-bodyfat,informational,body-fat-percentage-chart,tertiary,,auto,
bf weight chart,10,0,-100,Unknown,B3-bodyfat,informational,body-fat-percentage-chart,tertiary,,auto,
ideal fat percentage by age,10,0,-100,Unknown,B3-bodyfat,informational,body-fat-percentage-chart,tertiary,,auto,
body fat percentage formula caliper,10,0,-100,Unknown,B3-bodyfat,informational,body-fat-percentage-chart,tertiary,,auto,
body fat percentage images male,10,-67,0,Low,B3-bodyfat,informational,body-fat-percentage-chart,tertiary,,auto,
bmi method body fat,10,-50,0,Low,B3-bodyfat,informational,body-fat-percentage-chart,tertiary,,auto,
subcutaneous fat percentage chart,10,-50,-67,Low,B3-bodyfat,informational,body-fat-percentage-chart,tertiary,,auto,
printable body fat percentage chart,10,-100,0,Unknown,B3-bodyfat,informational,body-fat-percentage-chart,tertiary,,auto,
men healthy body fat,10,-50,-50,Low,B3-bodyfat,informational,body-fat-percentage-chart,tertiary,,auto,
body fat rate female,10,-100,0,Unknown,B3-bodyfat,informational,body-fat-percentage-chart,tertiary,,auto,
optimal body fat for females,10,-100,0,Unknown,B3-bodyfat,informational,body-fat-percentage-chart,tertiary,,auto,
normal fat for female,10,-100,0,Unknown,B3-bodyfat,informational,body-fat-percentage-chart,tertiary,,auto,
percentage fat women's body,10,-100,0,Unknown,B3-bodyfat,informational,body-fat-percentage-chart,tertiary,,auto,
count your body fat,10,-100,0,Unknown,B3-bodyfat,informational,body-fat-percentage-chart,tertiary,,auto,
body fat ratio female,10,-100,0,Unknown,B3-bodyfat,informational,body-fat-percentage-chart,tertiary,,auto,
obese weight range in kg,10,-100,0,Unknown,B1-chart,informational,body-fat-percentage-chart,tertiary,,auto,KWP group variants: age height weight chart male in kg; standard body fat for male
weight loss to body fat percentage,10,-100,-100,Unknown,B3-bodyfat,informational,body-fat-percentage-chart,tertiary,,auto,
kira body fat,10,-100,0,Unknown,B3-bodyfat,informational,body-fat-percentage-chart,tertiary,,auto,
healthiest body fat percentage female,10,-100,-100,Unknown,B3-bodyfat,informational,body-fat-percentage-chart,tertiary,,auto,
estimated body fat based on bmi,10,-100,-100,Unknown,B3-bodyfat,informational,body-fat-percentage-chart,tertiary,,auto,
recommended body fat percentage for males,10,-100,-100,Unknown,B3-bodyfat,informational,body-fat-percentage-chart,tertiary,,auto,
fat rate chart,10,-100,-100,Unknown,B1-chart,informational,body-fat-percentage-chart,tertiary,,auto,KWP group variants: 5.11 height weight chart
fitness body fat percentage chart,10,-100,-100,Unknown,B3-bodyfat,informational,body-fat-percentage-chart,tertiary,,auto,
body fat index chart female,10,-100,-100,Unknown,B1-chart,informational,body-fat-percentage-chart,tertiary,,auto,KWP group variants: height and weight chart female age
height and weight comparative chart,10,-100,-100,Unknown,B1-chart,informational,body-fat-percentage-chart,tertiary,,auto,KWP group variants: proper weight for women's height and age; fat mass normal range in kg
ideal body composition chart,10,-100,-100,Unknown,B3-bodyfat,informational,body-fat-percentage-chart,tertiary,,auto,
body fat levels female,10,-100,-100,Unknown,B3-bodyfat,informational,body-fat-percentage-chart,tertiary,,auto,
count my body fat,10,-100,-100,Unknown,B3-bodyfat,informational,body-fat-percentage-chart,tertiary,,auto,
normal male body fat range,10,-100,-100,Unknown,B3-bodyfat,informational,body-fat-percentage-chart,tertiary,,auto,
convert body fat percentage to kg,10,∞,∞,Low,B3-bodyfat,informational,body-fat-percentage-chart,tertiary,,auto,
optimal body fat for males,10,-100,-100,Unknown,B3-bodyfat,informational,body-fat-percentage-chart,tertiary,,auto,
body fat rate male,10,-100,-100,Unknown,B3-bodyfat,informational,body-fat-percentage-chart,tertiary,,auto,
good fat percentage male,10,-100,-100,Unknown,B3-bodyfat,informational,body-fat-percentage-chart,tertiary,,auto,
ffmi calculator,14800,0,-45,Low,B3-bodyfat,tool,ffmi-calculator,primary,,auto,
fat free mass index,880,-18,-18,Low,B3-bodyfat,tool,ffmi-calculator,secondary,,auto,
calculate fat free mass index,320,23,-91,Low,B3-bodyfat,tool,ffmi-calculator,secondary,,auto,KWP group variants: fat free body mass calculator
how to calculate ffmi,210,0,-64,Low,B3-bodyfat,tool,ffmi-calculator,secondary,,auto,
ffmi calculator male,170,-76,-56,Low,B3-bodyfat,tool,ffmi-calculator,secondary,,auto,
calculator ffmi,40,0,-29,Low,B3-bodyfat,tool,ffmi-calculator,tertiary,,auto,
how to calculate fat free mass index,40,-20,0,Low,B3-bodyfat,tool,ffmi-calculator,tertiary,,auto,
ffmi test,20,-50,-75,Low,B3-bodyfat,tool,ffmi-calculator,tertiary,,auto,
ffmi calculate,10,100,100,Low,B3-bodyfat,tool,ffmi-calculator,tertiary,,auto,KWP group variants: body fat examples male; how to use skinfold calipers to measure body fat
ffmi calculator woman,10,0,0,Low,B3-bodyfat,tool,ffmi-calculator,tertiary,,auto,
fat free mass index formula,10,-50,-67,Low,B3-bodyfat,tool,ffmi-calculator,tertiary,,auto,KWP group variants: calculator fat free mass index
childs growth chart,5400,22,-33,High,B1-chart,tool,growth-chart-calculator,primary,,auto,
male growth chart,12100,0,-33,Low,B1-chart,tool,growth-chart-calculator,secondary,,auto,
female growth chart,6600,0,-33,Medium,B1-chart,tool,growth-chart-calculator,secondary,,auto,
infant growth chart calculator,4400,21,-46,Low,B1-chart,tool,growth-chart-calculator,secondary,,auto,
weight for age,1000,60,23,Low,B1-chart,tool,growth-chart-calculator,secondary,,auto,
pediatric growth chart calculator,480,0,0,Low,B1-chart,tool,growth-chart-calculator,tertiary,,auto,
bmi for age growth chart,210,-73,-73,Low,B1-chart,tool,growth-chart-calculator,tertiary,,auto,
adult growth chart,140,22,-35,Medium,B1-chart,tool,growth-chart-calculator,tertiary,,auto,
body age weight chart,70,-43,-56,Low,B1-chart,tool,growth-chart-calculator,tertiary,,auto,KWP group variants: body weight and age chart; body weight for age chart
electronic growth chart,70,0,-20,Low,B1-chart,tool,growth-chart-calculator,tertiary,,auto,
infant bmi percentile calculator,50,25,67,Low,B1-chart,tool,growth-chart-calculator,tertiary,,auto,
preschool growth chart,50,250,0,High,B1-chart,tool,growth-chart-calculator,tertiary,,auto,
female weight by age,30,0,-50,Low,B1-chart,tool,growth-chart-calculator,tertiary,,auto,KWP group variants: weight for age women; age and weight for women
average growth chart,30,100,0,Low,B1-chart,tool,growth-chart-calculator,tertiary,,auto,
2 year growth chart,20,0,-33,Low,B1-chart,tool,growth-chart-calculator,tertiary,,auto,
female weight for age chart,10,0,∞,Low,B1-chart,tool,growth-chart-calculator,tertiary,,auto,
normal height and weight of newborn,10,0,0,Low,B1-chart,tool,growth-chart-calculator,tertiary,,auto,
men's height growth chart,10,0,-100,Unknown,B1-chart,tool,growth-chart-calculator,tertiary,,auto,
growth chart teenage male,10,-50,-50,Low,B1-chart,tool,growth-chart-calculator,tertiary,,auto,
bmi calculation table,2240000,0,-45,Low,B1-chart,tool,home,primary,,auto,"KWP reports the ""bmi calculator"" close-variant group volume on this idea (""bmi calculator"" itself was not returned in B1-B3)"
calculating body mass,49500,-18,-18,Medium,B3-bodyfat,tool,home,secondary,,auto,KWP group variants: compute body mass index; determining body mass index
bmi chart calculator,18100,-18,-18,Low,B1-chart,tool,home,secondary,,auto,KWP group variants: correct bmi calculator; normal bmi calculator
calculate my body mass,9900,-18,0,Medium,B3-bodyfat,tool,home,secondary,,auto,
checking body mass index,4400,-18,0,Low,B3-bodyfat,tool,home,secondary,,auto,
weight height calculator,3600,-19,-34,Low,B1-chart,tool,home,tertiary,,auto,
body calculator,2400,-21,-21,Low,B3-bodyfat,tool,home,tertiary,,auto,
body mass weight,1900,-16,-16,Low,B3-bodyfat,tool,home,tertiary,,auto,KWP group variants: body mass and weight
bmi percentage calculator,1900,0,-34,Low,B3-bodyfat,tool,home,tertiary,,auto,
bmi in percentage,1900,0,-21,Low,B3-bodyfat,tool,home,tertiary,,auto,
bmi calculator kg,1600,0,-80,Low,B1-chart,tool,home,tertiary,,auto,KWP group variants: bmi calculator kilos; bmi calculator in kilograms; bmi calculator online kg
free body mass index calculator,1300,0,-23,Medium,B3-bodyfat,tool,home,tertiary,,auto,
how can i lower my bmi,1000,0,0,Medium,B3-bodyfat,tool,home,tertiary,,auto,KWP group variants: how do you lower your body mass index
bmi calculator height weight,1000,-23,14,Low,B1-chart,tool,home,tertiary,,auto,KWP group variants: bmi calculator by height and weight; bmi calculator using height and weight; calculating bmi with weight and height
bmi calculator meter,880,0,-28,Low,B1-chart,tool,home,tertiary,,auto,
bmi calculator kg cm,720,0,-18,Low,B1-chart,tool,home,tertiary,,auto,KWP group variants: bmi calculator cm and kg; bmi calculator by cm and kg; bmi calculator kilograms and centimetres; bmi calculator using cm and kg
accurate body mass index calculator,590,0,-33,Low,B3-bodyfat,tool,home,tertiary,,auto,
body mass calculator with measurements,590,-19,-46,Low,B3-bodyfat,tool,home,tertiary,,auto,
bmi machine,590,23,0,High,B3-bodyfat,tool,home,tertiary,,auto,
bmi calculator and chart,480,0,-46,Low,B1-chart,tool,home,tertiary,,auto,KWP group variants: bmi chart bmi calculator
proper bmi calculator,480,0,-33,Low,B1-chart,tool,home,tertiary,,auto,KWP group variants: healthy bmi calculator; recommended bmi calculator
body weight percentage calculator,480,0,-19,Low,B3-bodyfat,tool,home,tertiary,,auto,KWP group variants: calculating body weight percentage
body percentage calculator,480,-19,-34,Low,B3-bodyfat,tool,home,tertiary,,auto,
weight height converter,390,0,50,Low,B1-chart,tool,home,tertiary,,auto,KWP group variants: weight and height conversion
bmi calculator kg ft,320,23,336,Low,B1-chart,tool,home,tertiary,,auto,KWP group variants: bmi calculator in kg and feet; bmi calculator feet kg; bmi calculator ft and kg; bmi calculator with feet and kg
total body weight loss calculator,260,24,-19,Low,B3-bodyfat,tool,home,tertiary,,auto,
taping calculator,260,0,-19,High,B3-bodyfat,tool,home,tertiary,,auto,
ideal bmi calculator,260,0,-19,Low,B1-chart,tool,home,tertiary,,auto,
body weight loss calculator,260,-19,0,Low,B3-bodyfat,tool,home,tertiary,,auto,
bmi test near me,210,0,-35,Medium,B3-bodyfat,tool,home,tertiary,,auto,
fatcalc weight loss calculator,210,-58,0,Low,B3-bodyfat,tool,home,tertiary,,auto,
bmi calculator for height,210,-33,-33,Low,B1-chart,tool,home,tertiary,,auto,
calculate weight based on height,170,0,-33,Low,B1-chart,tool,home,tertiary,,auto,KWP group variants: weight based on height calculator
body mass index rate,170,-18,-18,Low,B3-bodyfat,tool,home,tertiary,,auto,
bmi calculator in kg m2,170,0,21,Low,B1-chart,tool,home,tertiary,,auto,
3d bmi calculator,170,0,0,Low,B3-bodyfat,tool,home,tertiary,,auto,
tape measure bmi,170,50,24,High,B3-bodyfat,tool,home,tertiary,,auto,
bmi calculator range,140,-21,-21,Low,B1-chart,tool,home,tertiary,,auto,
how accurate is bmi calculator,140,-18,-18,Low,B3-bodyfat,tool,home,tertiary,,auto,
cm bmi calculator,140,0,-21,Low,B1-chart,tool,home,tertiary,,auto,
bmi healthy weight calculator,140,0,-47,Low,B1-chart,tool,home,tertiary,,auto,KWP group variants: healthy weight and bmi calculator
bmi calculator overweight,110,27,27,Low,B3-bodyfat,tool,home,tertiary,,auto,
calculate healthy weight range,110,27,-33,Low,B1-chart,tool,home,tertiary,,auto,
bfi calculator,110,-18,-36,Low,B3-bodyfat,tool,home,tertiary,,auto,
bmi calculator kg m,110,0,-29,Low,B1-chart,tool,home,tertiary,,auto,KWP group variants: bmi calculator in kg and meter; bmi calculator kg meter; bmi calculator meter and kg
body density calculator,110,-60,-60,Low,B3-bodyfat,tool,home,tertiary,,auto,
bmi calculator inches,110,0,0,Low,B1-chart,tool,home,tertiary,,auto,
bioelectrical impedance calculator,110,40,-36,Low,B3-bodyfat,tool,home,tertiary,,auto,KWP group variants: bioelectrical impedance analysis calculator
bmi indian calculator,110,27,-18,Low,B1-chart,tool,home,tertiary,,auto,
bmi calculation formula in kg and cm,110,0,-22,Low,B1-chart,tool,home,tertiary,,auto,
body mass i,90,22,22,Low,B3-bodyfat,tool,home,tertiary,,auto,
body weight height ratio calculator,90,0,0,Low,B1-chart,tool,home,tertiary,,auto,
acceptable bmi,90,0,29,Low,B1-chart,tool,home,tertiary,,auto,
skin fold calculator,70,100,0,Low,B3-bodyfat,tool,home,tertiary,,auto,
weight and bmi machine,70,0,40,High,B3-bodyfat,tool,home,tertiary,,auto,
calculate body weight percentage loss,70,-56,-43,Low,B3-bodyfat,tool,home,tertiary,,auto,
bmi skinny,70,0,0,Low,B3-bodyfat,tool,home,tertiary,,auto,
height weight chart calculator,70,0,-44,Low,B1-chart,tool,home,tertiary,,auto,KWP group variants: height and weight chart calculator
body percentage loss calculator,70,-25,-79,Low,B3-bodyfat,tool,home,tertiary,,auto,
how to calculate bmi percentage,70,40,-22,Low,B3-bodyfat,tool,home,tertiary,,auto,
how to calculate body weight percentage,50,-20,-43,Low,B3-bodyfat,tool,home,tertiary,,auto,KWP group variants: how do you calculate body weight percentage; how to figure out body weight percentage
how to calculate body density,50,0,0,Low,B3-bodyfat,tool,home,tertiary,,auto,
bmi testing machine,50,0,-29,High,B3-bodyfat,tool,home,tertiary,,auto,KWP group variants: bmi measurement machine
weight obese calculator,50,-33,-60,Low,B3-bodyfat,tool,home,tertiary,,auto,
body water percentage calculator,50,-50,-50,Low,B3-bodyfat,tool,home,tertiary,,auto,
bmi body measurements calculator,50,-20,0,Low,B3-bodyfat,tool,home,tertiary,,auto,
bmi body weight calculator,50,0,-40,Low,B1-chart,tool,home,tertiary,,auto,
body mass percentage calculator,50,0,-43,Low,B3-bodyfat,tool,home,tertiary,,auto,
bmi per height,50,67,0,Low,B1-chart,tool,home,tertiary,,auto,
bmi calculator measuring tape,50,250,-36,Low,B3-bodyfat,tool,home,tertiary,,auto,
measure bmi at home,50,80,125,High,B3-bodyfat,tool,home,tertiary,,auto,
bmi calculator normal range,40,0,-20,Low,B1-chart,tool,home,tertiary,,auto,KWP group variants: bmi calculator healthy range; bmi normal range calculator
how to calculate bone weight in body,40,-25,-25,Low,B3-bodyfat,tool,home,tertiary,,auto,
bmi calculator machine,40,33,-43,High,B3-bodyfat,tool,home,tertiary,,auto,
bmi using body measurements,40,0,67,Low,B3-bodyfat,tool,home,tertiary,,auto,
bmi pinch test,40,0,-57,Medium,B3-bodyfat,tool,home,tertiary,,auto,
how to calculate body loss percentage,40,0,-40,Low,B3-bodyfat,tool,home,tertiary,,auto,KWP group variants: how to calculate body percentage loss
bmi check near me,30,0,-50,Medium,B3-bodyfat,tool,home,tertiary,,auto,
apple watch bmi,30,0,-50,Low,B3-bodyfat,tool,home,tertiary,,auto,
bmi tape calculator,30,0,-67,Low,B3-bodyfat,tool,home,tertiary,,auto,
calculate my healthy weight,30,0,0,Low,B2-population,tool,home,tertiary,,auto,
total body index,30,0,0,Low,B3-bodyfat,tool,home,tertiary,,auto,KWP group variants: total body mass index
liposuction weight loss calculator,30,0,-86,Medium,B3-bodyfat,tool,home,tertiary,,auto,
body mass test,30,0,-60,Low,B3-bodyfat,tool,home,tertiary,,auto,
bmi measurement near me,30,-33,-50,Low,B3-bodyfat,tool,home,tertiary,,auto,
bmi measuring device,30,-33,-33,High,B3-bodyfat,tool,home,tertiary,,auto,
body circumference calculator,30,-33,100,Low,B3-bodyfat,tool,home,tertiary,,auto,
skin fold test calculator,30,-50,-50,Low,B3-bodyfat,tool,home,tertiary,,auto,
how do bmi machines work,30,0,-33,Low,B3-bodyfat,tool,home,tertiary,,auto,
lower my bmi,20,-50,-50,Medium,B3-bodyfat,tool,home,tertiary,,auto,
bmi calculator target weight,20,50,-25,Low,B1-chart,tool,home,tertiary,,auto,
how to calculate body,20,-50,-50,Low,B3-bodyfat,tool,home,tertiary,,auto,
free bmi test near me,20,-50,-75,Low,B3-bodyfat,tool,home,tertiary,,auto,
calculate height to weight ratio,20,-50,0,Low,B1-chart,tool,home,tertiary,,auto,
at home bmi test,20,0,-50,High,B3-bodyfat,tool,home,tertiary,,auto,
normal weight for height calculator,20,0,-67,Low,B1-chart,tool,home,tertiary,,auto,
how to calculate body percentage,20,0,-67,Low,B3-bodyfat,tool,home,tertiary,,auto,
body measure calculator,20,0,0,Low,B3-bodyfat,tool,home,tertiary,,auto,
bmi calculator kg inches,20,0,0,Low,B1-chart,tool,home,tertiary,,auto,KWP group variants: bmi calculator in inches and kg
weight for height percentage calculator,20,100,-50,Low,B1-chart,tool,home,tertiary,,auto,
ways to measure bmi,20,100,100,Low,B3-bodyfat,tool,home,tertiary,,auto,
most accurate way to calculate bmi,20,100,100,Low,B3-bodyfat,tool,home,tertiary,,auto,
weight machine with bmi calculator,10,-100,-100,Unknown,B3-bodyfat,tool,home,tertiary,,auto,
measure the body mass index,10,∞,∞,High,B3-bodyfat,tool,home,tertiary,,auto,
weight loss calculator percentage body weight,10,∞,∞,Low,B3-bodyfat,tool,home,tertiary,,auto,
bmi calculator kg and height,10,∞,∞,Low,B1-chart,tool,home,tertiary,,auto,
bmi calculator height in feet and weight in kg,10,∞,∞,Low,B1-chart,tool,home,tertiary,,auto,
bmi calculation formula in kg and feet,10,∞,∞,Low,B1-chart,tool,home,tertiary,,auto,
bmi calculator kg and m2,10,∞,0,Low,B1-chart,tool,home,tertiary,,auto,
normal bmi calculation,10,∞,0,Low,B1-chart,tool,home,tertiary,,auto,
how to use bmi machine,10,∞,0,Medium,B3-bodyfat,tool,home,tertiary,,auto,
normal body mass index calculator,10,∞,0,Low,B2-population,tool,home,tertiary,,auto,
my bmi calculator in kg,10,∞,0,Low,B1-chart,tool,home,tertiary,,auto,
bmi calculator kg with cm,10,∞,0,Low,B1-chart,tool,home,tertiary,,auto,
bmi weight according to height,10,∞,0,Low,B1-chart,tool,home,tertiary,,auto,
central obesity calculator,10,∞,0,Low,B3-bodyfat,tool,home,tertiary,,auto,
weighing scale with bmi calculator,10,100,100,High,B3-bodyfat,tool,home,tertiary,,auto,KWP group variants: weighing machine with bmi calculator
suggested bmi calculator,10,0,∞,Medium,B1-chart,tool,home,tertiary,,auto,
bmi calculator online cm kg,10,0,∞,Low,B1-chart,tool,home,tertiary,,auto,
bmi meters and kilograms calculator,10,0,0,Unknown,B1-chart,tool,home,tertiary,,auto,
bmi calculator with weight in kg,10,0,0,Unknown,B1-chart,tool,home,tertiary,,auto,
bmi calculator device,10,0,0,High,B3-bodyfat,tool,home,tertiary,,auto,
bmi rates in us,10,0,0,Unknown,B2-population,tool,home,tertiary,,auto,
bmi calculator in kg and feet formula,10,0,0,Unknown,B1-chart,tool,home,tertiary,,auto,
height to weight ratio calculator in kg,10,0,0,Unknown,B1-chart,tool,home,tertiary,,auto,
calculate height weight ratio,10,0,0,Low,B1-chart,tool,home,tertiary,,auto,
bmi check machine,10,0,0,High,B3-bodyfat,tool,home,tertiary,,auto,
calculate my healthy bmi,10,0,0,High,B1-chart,tool,home,tertiary,,auto,
bmi weight chart calculator,10,0,0,Low,B1-chart,tool,home,tertiary,,auto,
bmi check up near me,10,0,0,Medium,B3-bodyfat,tool,home,tertiary,,auto,
how to figure bmi percentage,10,0,0,Medium,B3-bodyfat,tool,home,tertiary,,auto,KWP group variants: how to determine bmi percentage
how do you calculate mass body index,10,0,0,Medium,B3-bodyfat,tool,home,tertiary,,auto,
how to test your bmi at home,10,0,0,Medium,B3-bodyfat,tool,home,tertiary,,auto,
optimal bmi calculator,10,0,0,Low,B1-chart,tool,home,tertiary,,auto,
bmi calculation formula in kg,10,0,0,Low,B1-chart,tool,home,tertiary,,auto,
check bmi near me,10,0,0,Medium,B3-bodyfat,tool,home,tertiary,,auto,
my ideal bmi calculate,10,0,0,Low,B1-chart,tool,home,tertiary,,auto,
height weight index chart,10,0,0,Low,B1-chart,tool,home,tertiary,,auto,KWP group variants: weight height index calculator
normal bmi calculator for adults,10,0,0,Low,B1-chart,tool,home,tertiary,,auto,
online bmi calculator in cm and kg,10,0,0,Low,B1-chart,tool,home,tertiary,,auto,
how do you calculate bmi percentage,10,0,0,Low,B3-bodyfat,tool,home,tertiary,,auto,
calculate my healthy weight range,10,0,0,Low,B1-chart,tool,home,tertiary,,auto,
measure bmi near me,10,0,0,Low,B3-bodyfat,tool,home,tertiary,,auto,
bmi calculator based on height and weight,10,0,0,Low,B1-chart,tool,home,tertiary,,auto,
weight for height z score calculator,10,0,0,Low,B1-chart,tool,home,tertiary,,auto,
coast guard bmi calculator,10,0,0,Low,B3-bodyfat,tool,home,tertiary,,auto,
weight calculator overweight,10,0,0,Low,B3-bodyfat,tool,home,tertiary,,auto,
body circumference measurements calculator,10,0,0,Low,B3-bodyfat,tool,home,tertiary,,auto,
body lean calculator,10,0,0,Low,B3-bodyfat,tool,home,tertiary,,auto,
full body analysis calculator,10,0,0,Low,B3-bodyfat,tool,home,tertiary,,auto,
bmi calculator for height in cm and weight in kg,10,0,0,Low,B1-chart,tool,home,tertiary,,auto,
height and body mass,10,0,0,Low,B3-bodyfat,tool,home,tertiary,,auto,
body mass index percentage,10,0,-67,Low,B3-bodyfat,tool,home,tertiary,,auto,
kg m2 bmi calculator,10,0,-50,Low,B1-chart,tool,home,tertiary,,auto,
adiposity index calculator,10,0,-50,Low,B3-bodyfat,tool,home,tertiary,,auto,KWP group variants: body adiposity index calculator
calculate healthy weight range for height,10,0,-100,Unknown,B1-chart,tool,home,tertiary,,auto,
how to calculate mass of a body,10,0,-100,Unknown,B3-bodyfat,tool,home,tertiary,,auto,
calculate your normal weight,10,0,-100,Unknown,B2-population,tool,home,tertiary,,auto,
ideal bmi calculator kg,10,0,-100,Unknown,B1-chart,tool,home,tertiary,,auto,
height and weight chart 2022,10,0,-100,Unknown,B1-chart,tool,home,tertiary,,auto,KWP group variants: weight calculator in kg according to height
find my healthy weight,10,-50,0,Low,B2-population,tool,home,tertiary,,auto,
bmi according to height,10,-50,0,Low,B1-chart,tool,home,tertiary,,auto,KWP group variants: body mass index according to height
asian bmi calculator kg,10,-100,0,Unknown,B1-chart,tool,home,tertiary,,auto,
body stat calculator,10,-100,0,Unknown,B3-bodyfat,tool,home,tertiary,,auto,
body weight according to height calculator,10,-100,0,Unknown,B1-chart,tool,home,tertiary,,auto,
bmi calculator weighing machine,10,-100,0,Unknown,B3-bodyfat,tool,home,tertiary,,auto,
da 5501 calculator,10,-100,0,Unknown,B3-bodyfat,tool,home,tertiary,,auto,
digital weighing scale with bmi calculator,10,-100,-100,Unknown,B3-bodyfat,tool,home,tertiary,,auto,
da form 5501 calculator,10,-100,-100,Unknown,B3-bodyfat,tool,home,tertiary,,auto,
body mass density calculator,10,-100,-100,Unknown,B3-bodyfat,tool,home,tertiary,,auto,
body weight ideal calculator,22200,23,0,Low,B2-population,tool,ideal-weight,primary,,auto,
appropriate weight calculator,2900,-21,-57,Low,B2-population,tool,ideal-weight,secondary,,auto,
goal weight by height,2400,0,-33,Low,B1-chart,tool,ideal-weight,secondary,,auto,KWP group variants: ideal weight for height; perfect weight for height; proper weight for height; optimum weight for height; good weight for height; appropriate weight for height; best weight for height; ideal body weight for height; appropriate height and weight; desirable weight for height; ideal height and weight; ideal weight for ideal height; perfect body weight for height; preferred weight for height; suggested weight by height; weight and height ideal; healthy weight by height; height and weight ideal; perfect weight with height; recommended weight by height
ideal weight chart,1600,19,19,Low,B1-chart,tool,ideal-weight,secondary,,auto,KWP group variants: appropriate weight chart; correct weight chart; ideal weight graph; ideal weight guide; optimal weight chart; perfect weight chart; proper weight chart; recommended weight chart; suggested weight chart
ideal body weight chart,720,-18,-41,Low,B1-chart,tool,ideal-weight,secondary,,auto,KWP group variants: correct body weight chart; ideal body weight table; optimal body weight chart; suggested body weight chart; body weight ideal chart
height ideal weight chart,720,0,-18,Low,B1-chart,tool,ideal-weight,tertiary,,auto,KWP group variants: chart for ideal weight and height; correct height and weight chart; correct height weight chart; desired height weight chart; height appropriate weight chart; perfect height weight chart; recommended height and weight chart; recommended height weight chart; right height and weight chart; ideal ht and wt chart
ideal weight for 5,590,0,0,Low,B2-population,tool,ideal-weight,tertiary,,auto,
ideal weight calculator kg,480,0,0,Low,B1-chart,tool,ideal-weight,tertiary,,auto,
healthy weight per height,320,-19,-56,Low,B1-chart,tool,ideal-weight,tertiary,,auto,KWP group variants: appropriate weight according to height; correct weight according to height; correct weight as per height; ideal weight according to height; ideal weight as per height; ideal weight based on height; ideal weight depending on height; optimal weight per height; perfect weight according to height; perfect weight as per height; proper weight according to height; right weight according to height; healthy weights per height
bmi calculator ideal weight,260,0,-34,Low,B1-chart,tool,ideal-weight,tertiary,,auto,KWP group variants: bmi and ideal weight calculator; bmi perfect weight calculator
ideal weight for 510,260,0,24,Low,B2-population,tool,ideal-weight,tertiary,,auto,
ideal bmi weight,210,-18,-46,Low,B2-population,tool,ideal-weight,tertiary,,auto,KWP group variants: ideal weight body mass index
correct weight for height,170,24,0,Low,B1-chart,tool,ideal-weight,tertiary,,auto,KWP group variants: accurate weight for height; adequate weight for height; correct body weight for height; correct weight and height
ideal weight age,170,55,-19,Low,B1-chart,tool,ideal-weight,tertiary,,auto,KWP group variants: appropriate weight for age; good weight for age; healthy weight age; healthy weight and age; healthy weight per age; ideal weight as per age; proper weight by age; recommended weight by age; age and normal weight; age ideal weight; ideal weight per age
my ideal weight calculator,170,0,-33,Low,B1-chart,tool,ideal-weight,tertiary,,auto,KWP group variants: my correct weight calculator
ideal weight range,140,53,136,Low,B1-chart,tool,ideal-weight,tertiary,,auto,KWP group variants: desirable weight range
ideal weight to height ratio,140,0,-48,Low,B1-chart,tool,ideal-weight,tertiary,,auto,KWP group variants: correct weight to height ratio; healthy height to weight ratio
percentage of ideal body weight,110,-22,-22,Low,B3-bodyfat,tool,ideal-weight,tertiary,,auto,
ideal body weight calculator pediatric,110,0,0,Low,B1-chart,tool,ideal-weight,tertiary,,auto,
ideal wt ht chart,90,-22,-36,Low,B1-chart,tool,ideal-weight,tertiary,,auto,KWP group variants: proper height and weight chart
ideal body weight percentage calculator,90,0,-22,Low,B3-bodyfat,tool,ideal-weight,tertiary,,auto,
best weight for age,70,29,-18,Low,B1-chart,tool,ideal-weight,tertiary,,auto,KWP group variants: correct weight for age; perfect weight for age; right weight for age
right weight for height,70,0,-64,Low,B1-chart,tool,ideal-weight,tertiary,,auto,KWP group variants: right weight and height
good body weight for height,70,0,-44,Low,B1-chart,tool,ideal-weight,tertiary,,auto,KWP group variants: ideal body height and weight; ideal body weight and height; perfect body height and weight
5.5 height ideal weight in kg,70,-22,0,Low,B1-chart,tool,ideal-weight,tertiary,,auto,
healthy calculator weight height,70,0,-44,Low,B1-chart,tool,ideal-weight,tertiary,,auto,KWP group variants: ideal weight for height calculator; correct weight for height calculator; ideal weight and height calculator; perfect weight for height calculator
my ideal body weight,70,0,-29,Low,B1-chart,tool,ideal-weight,tertiary,,auto,KWP group variants: ideal weight for my body
goal weight chart,50,0,-57,Low,B1-chart,tool,ideal-weight,tertiary,,auto,
ideal body weight as per height,50,-44,0,Low,B1-chart,tool,ideal-weight,tertiary,,auto,KWP group variants: ideal body weight according to height; perfect body weight according to height
bmi calculator goal weight,50,-29,67,Low,B1-chart,tool,ideal-weight,tertiary,,auto,
ideal body weight range,50,25,25,Low,B1-chart,tool,ideal-weight,tertiary,,auto,
banner health ideal weight chart,50,80,350,Low,B1-chart,tool,ideal-weight,tertiary,,auto,
african american ideal weight calculator,40,-50,-67,Low,B1-chart,tool,ideal-weight,tertiary,,auto,
ideal height to weight ratio,40,-20,-56,Low,B1-chart,tool,ideal-weight,tertiary,,auto,KWP group variants: correct height to weight ratio; ideal height and weight ratio; optimal height to weight ratio
ideal body weight calculator by age,40,40,600,Low,B1-chart,tool,ideal-weight,tertiary,,auto,
ideal body weight age,30,0,-50,Low,B1-chart,tool,ideal-weight,tertiary,,auto,
best weight for your height,30,0,-50,Low,B1-chart,tool,ideal-weight,tertiary,,auto,KWP group variants: ideal weight for your height
ideal weight calculator in lbs,30,-50,100,Low,B1-chart,tool,ideal-weight,tertiary,,auto,
ideal weight for each height,30,50,0,Low,B1-chart,tool,ideal-weight,tertiary,,auto,
determine ideal body weight,30,-33,-33,Low,B2-population,tool,ideal-weight,tertiary,,auto,
how to calculate ideal body weight percentage,30,-50,-50,Low,B3-bodyfat,tool,ideal-weight,tertiary,,auto,
ideal weight for my age,30,-33,0,Low,B1-chart,tool,ideal-weight,tertiary,,auto,KWP group variants: my ideal weight for my age
ideal body weight based on height,30,0,-33,Low,B1-chart,tool,ideal-weight,tertiary,,auto,
ideal weight height age calculator,30,-60,0,Low,B1-chart,tool,ideal-weight,tertiary,,auto,KWP group variants: calculate ideal weight for height and age
ideal weight calculator age,30,33,33,Low,B1-chart,tool,ideal-weight,tertiary,,auto,
ideal age weight chart,30,0,-25,Low,B1-chart,tool,ideal-weight,tertiary,,auto,KWP group variants: ideal age and weight chart; perfect weight chart with age
ideal weight calculator with muscle,20,-67,0,Low,B3-bodyfat,tool,ideal-weight,tertiary,,auto,
ideal body weight chart in kg,20,0,-50,Low,B1-chart,tool,ideal-weight,tertiary,,auto,
ideal body weight height chart,20,-50,0,Low,B1-chart,tool,ideal-weight,tertiary,,auto,KWP group variants: ideal body height and weight chart
calculate your ideal weight,20,0,-50,Low,B2-population,tool,ideal-weight,tertiary,,auto,
ideal weight with muscle calculator,20,0,-50,Low,B3-bodyfat,tool,ideal-weight,tertiary,,auto,
body frame size and ideal weight,20,0,-50,Low,B1-chart,tool,ideal-weight,tertiary,,auto,
perfect height and weight for a man,20,100,0,Low,B1-chart,tool,ideal-weight,tertiary,,auto,
ideal weight table,20,100,0,Low,B1-chart,tool,ideal-weight,tertiary,,auto,
normal weight for your height,20,100,0,Low,B1-chart,tool,ideal-weight,tertiary,,auto,KWP group variants: correct weight for your height; healthy weight for your height
ideal body weight range calculator,20,100,100,Low,B1-chart,tool,ideal-weight,tertiary,,auto,
ideal height to weight ratio male,20,50,200,Low,B1-chart,tool,ideal-weight,tertiary,,auto,
ideal weight chart lbs,10,-100,-100,Unknown,B1-chart,tool,ideal-weight,tertiary,,auto,
right weight for height in kg,10,-100,-100,Unknown,B1-chart,tool,ideal-weight,tertiary,,auto,
ideal weight calculator cm kg,10,-100,-100,Unknown,B1-chart,tool,ideal-weight,tertiary,,auto,
ideal weight as per bmi,10,∞,∞,Medium,B1-chart,tool,ideal-weight,tertiary,,auto,
ideal weight for height cm,10,∞,∞,Low,B1-chart,tool,ideal-weight,tertiary,,auto,
ideal weight per height in kg,10,∞,∞,Low,B1-chart,tool,ideal-weight,tertiary,,auto,
weight perfect my height,10,∞,0,Low,B1-chart,tool,ideal-weight,tertiary,,auto,
ideal height for weight chart,10,∞,0,Medium,B1-chart,tool,ideal-weight,tertiary,,auto,
correct weight for women's height,10,∞,0,Low,B1-chart,tool,ideal-weight,tertiary,,auto,
ideal weight and measurements for height,10,∞,0,Low,B1-chart,tool,ideal-weight,tertiary,,auto,
normal weight for height in kg,10,∞,0,Low,B1-chart,tool,ideal-weight,tertiary,,auto,KWP group variants: healthy weight for height in kg; perfect weight for height in kg
bmi correct weight for height,10,∞,0,Low,B1-chart,tool,ideal-weight,tertiary,,auto,
ideal weight chart pounds,10,∞,0,Low,B1-chart,tool,ideal-weight,tertiary,,auto,
ideal weight by height in kg,10,∞,0,Low,B1-chart,tool,ideal-weight,tertiary,,auto,
realistic ideal weight chart,10,∞,0,Low,B1-chart,tool,ideal-weight,tertiary,,auto,KWP group variants: weight chart by age for adults
my ideal weight should be,10,0,∞,Medium,B1-chart,tool,ideal-weight,tertiary,,auto,
correct weight for women,10,100,0,Low,B1-chart,tool,ideal-weight,tertiary,,auto,
men's correct weight for height,10,0,∞,Low,B1-chart,tool,ideal-weight,tertiary,,auto,
ideal weight for different heights,10,0,∞,Low,B1-chart,tool,ideal-weight,tertiary,,auto,
ideal muscular body weight calculator,10,0,∞,Low,B3-bodyfat,tool,ideal-weight,tertiary,,auto,
ideal height weight chart for adults,10,0,∞,Low,B1-chart,tool,ideal-weight,tertiary,,auto,
4.5 height ideal weight in kg,10,0,0,Unknown,B1-chart,tool,ideal-weight,tertiary,,auto,
160cm height ideal weight,10,0,0,Unknown,B2-population,tool,ideal-weight,tertiary,,auto,
my ideal weight for my body frame,10,0,0,Unknown,B1-chart,tool,ideal-weight,tertiary,,auto,
ideal body weight according to age,10,0,0,Unknown,B1-chart,tool,ideal-weight,tertiary,,auto,
ideal weight chart by age and gender,10,0,0,Unknown,B1-chart,tool,ideal-weight,tertiary,,auto,
ideal weight kilos for height,10,0,0,Unknown,B1-chart,tool,ideal-weight,tertiary,,auto,KWP group variants: bmi calculator pnp bmi chart
correct age and weight,10,0,0,Unknown,B2-population,tool,ideal-weight,tertiary,,auto,
ideal weight age wise,10,0,0,Unknown,B2-population,tool,ideal-weight,tertiary,,auto,
perfect weight for height cm female,10,0,0,Unknown,B1-chart,tool,ideal-weight,tertiary,,auto,
physical body mass,10,0,0,Unknown,B1-chart,tool,ideal-weight,tertiary,,auto,KWP group variants: ideal body weight for height in kg
perfect height with weight,10,0,0,Unknown,B1-chart,tool,ideal-weight,tertiary,,auto,
for 5.5 height what is the ideal weight,10,0,0,Low,B1-chart,tool,ideal-weight,tertiary,,auto,
ideal eating schedule for weight loss,10,0,0,High,B1-chart,tool,ideal-weight,tertiary,,auto,
proper weight and height,10,0,0,Low,B1-chart,tool,ideal-weight,tertiary,,auto,KWP group variants: proper body weight for height
the perfect height and weight,10,0,0,Low,B1-chart,tool,ideal-weight,tertiary,,auto,
best weight range for height,10,0,0,Low,B1-chart,tool,ideal-weight,tertiary,,auto,KWP group variants: good weight range for height; ideal weight range for height
age and ideal weight chart,10,0,0,Low,B1-chart,tool,ideal-weight,tertiary,,auto,
perfect height to weight ratio,10,0,0,Low,B1-chart,tool,ideal-weight,tertiary,,auto,
ideal body weight age and height,10,0,0,Low,B1-chart,tool,ideal-weight,tertiary,,auto,KWP group variants: bmi calculator by age gender height
ideal weight chart in pounds,10,0,0,Medium,B1-chart,tool,ideal-weight,tertiary,,auto,
ideal weight for bmi calculator,10,0,0,Low,B1-chart,tool,ideal-weight,tertiary,,auto,
ideal weight small frame,10,0,0,Low,B1-chart,tool,ideal-weight,tertiary,,auto,
optimal height weight chart,10,0,0,Low,B1-chart,tool,ideal-weight,tertiary,,auto,KWP group variants: perfect height and weight chart
calculate your ideal body weight,10,0,0,Low,B2-population,tool,ideal-weight,tertiary,,auto,
the ideal weight chart,10,0,0,Low,B1-chart,tool,ideal-weight,tertiary,,auto,
right weight for your height,10,0,0,Low,B1-chart,tool,ideal-weight,tertiary,,auto,KWP group variants: perfect weight for your height
perfect height and weight,10,0,0,Low,B1-chart,tool,ideal-weight,tertiary,,auto,
bmi determine ideal weight,10,0,0,Low,B2-population,tool,ideal-weight,tertiary,,auto,
ideal weight calculator based on age and height,10,0,0,Low,B1-chart,tool,ideal-weight,tertiary,,auto,
ideal body weight range chart,10,0,-75,Low,B1-chart,tool,ideal-weight,tertiary,,auto,
my ideal weight chart,10,0,-50,Low,B1-chart,tool,ideal-weight,tertiary,,auto,
perfect weight based on height,10,0,-50,Low,B1-chart,tool,ideal-weight,tertiary,,auto,KWP group variants: recommended weight based on height
ideal image weight loss,10,0,-50,Medium,B1-chart,tool,ideal-weight,tertiary,,auto,
ideal weight chart for seniors,10,0,-50,Low,B1-chart,tool,ideal-weight,tertiary,,auto,KWP group variants: healthy weight chart for seniors
ideal weight for teens,10,0,-50,Low,B2-population,tool,ideal-weight,tertiary,,auto,
indian ideal weight chart,10,0,-100,Unknown,B1-chart,tool,ideal-weight,tertiary,,auto,
dr fuhrman ideal weight chart,10,0,-100,Unknown,B1-chart,tool,ideal-weight,tertiary,,auto,
indian ideal weight calculator,10,0,-100,Unknown,B1-chart,tool,ideal-weight,tertiary,,auto,
check ideal weight for height,10,0,-100,Unknown,B1-chart,tool,ideal-weight,tertiary,,auto,
my ideal weight with muscle,10,0,-100,Unknown,B2-population,tool,ideal-weight,tertiary,,auto,
ideal weight by height kg,10,0,-100,Unknown,B1-chart,tool,ideal-weight,tertiary,,auto,
bmi for muscular frame,10,0,-100,Unknown,B1-chart,tool,ideal-weight,tertiary,,auto,KWP group variants: ideal weight calculator frame size and age
new ideal weight chart,10,0,-100,Unknown,B1-chart,tool,ideal-weight,tertiary,,auto,
correct body weight for height in kg,10,0,-100,Unknown,B1-chart,tool,ideal-weight,tertiary,,auto,
calculate my ideal weight and bmi,10,0,-100,Unknown,B2-population,tool,ideal-weight,tertiary,,auto,
ideal height and weight chart in kg,10,0,-100,Unknown,B2-population,tool,ideal-weight,tertiary,,auto,
ideal men's weight for height,10,0,-100,Unknown,B1-chart,tool,ideal-weight,tertiary,,auto,
bmi ideal body weight calculator,10,-67,-50,Low,B1-chart,tool,ideal-weight,tertiary,,auto,
ideal weight list,10,-100,0,Unknown,B1-chart,tool,ideal-weight,tertiary,,auto,
bmi calculator chart ideal weight,10,-100,0,Unknown,B1-chart,tool,ideal-weight,tertiary,,auto,
ideal weight against height,10,-100,0,Unknown,B1-chart,tool,ideal-weight,tertiary,,auto,
ideal weight chart in lbs,10,-100,-100,Unknown,B1-chart,tool,ideal-weight,tertiary,,auto,
women's correct weight for height,10,-100,-100,Unknown,B1-chart,tool,ideal-weight,tertiary,,auto,
perfect weight by age,10,-100,-100,Unknown,B1-chart,tool,ideal-weight,tertiary,,auto,
ideal height with weight,10,-100,-100,Unknown,B1-chart,tool,ideal-weight,tertiary,,auto,
perfect weight for height cm male,10,-100,-100,Unknown,B1-chart,tool,ideal-weight,tertiary,,auto,
bmi calculator teenage,12100,0,0,Low,B1-chart,tool,kids-bmi-calculator,primary,,auto,
pedia bmi calculator,3600,24,0,Low,B1-chart,tool,kids-bmi-calculator,secondary,,auto,
bmi calculator teenage female,480,-19,85,Low,B1-chart,tool,kids-bmi-calculator,secondary,,auto,
bmi by age percentile,320,23,-46,Low,B1-chart,tool,kids-bmi-calculator,secondary,,auto,
weight chart for teenage females,260,-19,-19,Low,B1-chart,tool,kids-bmi-calculator,secondary,,auto,
pediatric height weight chart,170,-21,-35,Low,B1-chart,tool,kids-bmi-calculator,tertiary,,auto,KWP group variants: pediatric height and weight chart
normal bmi for teenager,110,0,0,Low,B1-chart,tool,kids-bmi-calculator,tertiary,,auto,
bmi for age percentile calculator,110,0,22,Low,B1-chart,tool,kids-bmi-calculator,tertiary,,auto,
weight chart for teenage males,70,0,-22,Low,B1-chart,tool,kids-bmi-calculator,tertiary,,auto,
bmi for age percentile chart,70,0,-86,Low,B1-chart,tool,kids-bmi-calculator,tertiary,,auto,
bmi calculator for teenage male,50,0,133,Low,B1-chart,tool,kids-bmi-calculator,tertiary,,auto,
height and weight chart for teenage females,40,0,0,Low,B1-chart,tool,kids-bmi-calculator,tertiary,,auto,
normal bmi for pediatrics,40,25,25,Low,B1-chart,tool,kids-bmi-calculator,tertiary,,auto,
bmi percentile adults by age,30,-50,-67,Low,B1-chart,tool,kids-bmi-calculator,tertiary,,auto,
weight for height formula pediatric,30,50,200,Low,B1-chart,tool,kids-bmi-calculator,tertiary,,auto,
height weight chart for teenage males,20,-50,-75,Low,B1-chart,tool,kids-bmi-calculator,tertiary,,auto,KWP group variants: height and weight chart for teenage guys; height and weight chart for teenage males
bmi percentile women,20,100,-33,Low,B1-chart,tool,kids-bmi-calculator,tertiary,,auto,
bmi chart female teenager,20,100,0,Low,B1-chart,tool,kids-bmi-calculator,tertiary,,auto,
pediatric bmi age range,20,-50,-50,Low,B1-chart,tool,kids-bmi-calculator,tertiary,,auto,
bmi percentile by age and gender,10,0,-50,Low,B1-chart,tool,kids-bmi-calculator,tertiary,,auto,
healthy bmi for teenage female,10,0,-100,Unknown,B1-chart,tool,kids-bmi-calculator,tertiary,,auto,
height weight chart teenage male,10,0,-100,Unknown,B1-chart,tool,kids-bmi-calculator,tertiary,,auto,
normal weight for pediatrics,10,-50,0,Low,B1-chart,tool,kids-bmi-calculator,tertiary,,auto,
bmi normal range for pediatrics,10,-100,-100,Unknown,B1-chart,tool,kids-bmi-calculator,tertiary,,auto,
lean body fat calculator,6600,49,124,Low,B3-bodyfat,tool,lean-body-mass,primary,,auto,KWP group variants: body fat lean mass calculator
muscle percentage female,880,-18,-45,Low,B3-bodyfat,tool,lean-body-mass,secondary,,auto,KWP group variants: muscle percentage for women
muscle mass percentage calculator,320,-19,-56,Low,B3-bodyfat,tool,lean-body-mass,secondary,,auto,
calculate fat free mass,260,129,22,Low,B3-bodyfat,tool,lean-body-mass,secondary,,auto,
normal muscle percentage,260,-19,-47,Low,B3-bodyfat,tool,lean-body-mass,secondary,,auto,
how to calculate muscle percentage,210,-33,-18,Low,B3-bodyfat,tool,lean-body-mass,tertiary,,auto,
healthy body muscle percentage,140,-18,-57,Low,B3-bodyfat,tool,lean-body-mass,tertiary,,auto,
measure lean body mass,140,0,0,Low,B3-bodyfat,tool,lean-body-mass,tertiary,,auto,
how to calculate fat free mass,110,40,0,Low,B3-bodyfat,tool,lean-body-mass,tertiary,,auto,
how to check muscle mass,90,0,0,Medium,B3-bodyfat,tool,lean-body-mass,tertiary,,auto,
average lean body mass for male,70,0,0,Low,B2-population,tool,lean-body-mass,tertiary,,auto,
body fat muscle calculator,70,0,0,Low,B3-bodyfat,tool,lean-body-mass,tertiary,,auto,KWP group variants: body fat and muscle calculator; body fat and muscle mass calculator; body fat muscle mass calculator
lean body mass calculator with body fat percentage,50,100,-20,Low,B3-bodyfat,tool,lean-body-mass,tertiary,,auto,
average lean body mass for female,40,-33,-78,Low,B2-population,tool,lean-body-mass,tertiary,,auto,
average lean body mass,40,100,-43,Low,B2-population,tool,lean-body-mass,tertiary,,auto,
body muscle percentage female,30,33,33,Low,B3-bodyfat,tool,lean-body-mass,tertiary,,auto,
body fat and muscle mass chart,20,-50,-50,Low,B3-bodyfat,tool,lean-body-mass,tertiary,,auto,
how to measure body fat and muscle mass,20,200,50,High,B3-bodyfat,tool,lean-body-mass,tertiary,,auto,
healthy skeletal muscle percentage,20,300,33,Low,B3-bodyfat,tool,lean-body-mass,tertiary,,auto,
how to measure body fat and muscle,20,-50,-50,Medium,B3-bodyfat,tool,lean-body-mass,tertiary,,auto,KWP group variants: how to measure muscle mass and body fat
how to calculate body fat and muscle mass,20,-50,-50,Medium,B3-bodyfat,tool,lean-body-mass,tertiary,,auto,KWP group variants: how to calculate muscle mass and body fat; how to calculate muscle mass from body fat
good lean body mass,20,0,-67,Low,B3-bodyfat,tool,lean-body-mass,tertiary,,auto,
body muscle percentage calculator,20,0,0,Low,B3-bodyfat,tool,lean-body-mass,tertiary,,auto,
ideal lean weight for height,10,-100,-100,Unknown,B1-chart,tool,lean-body-mass,tertiary,,auto,KWP group variants: at the age of 22 how much should i weigh
calculate muscle mass and body fat,10,∞,∞,Low,B3-bodyfat,tool,lean-body-mass,tertiary,,auto,
normal fat and muscle percentage,10,∞,0,Low,B3-bodyfat,tool,lean-body-mass,tertiary,,auto,
healthy weight chart male by age,10,∞,0,Low,B1-chart,tool,lean-body-mass,tertiary,,auto,KWP group variants: how to calculate your muscle percentage
essential fat for females,10,0,∞,Low,B3-bodyfat,tool,lean-body-mass,tertiary,,auto,KWP group variants: lean body fat percentage calculator
ratio of body fat to lean body mass,10,0,0,Unknown,B3-bodyfat,tool,lean-body-mass,tertiary,,auto,
lean body mass calculator fat percentage,10,0,0,Unknown,B3-bodyfat,tool,lean-body-mass,tertiary,,auto,
ideal bmi range female,10,0,0,Unknown,B1-chart,tool,lean-body-mass,tertiary,,auto,KWP group variants: check height and weight chart; healthy bmi female calculator; south indian healthy food chart; fat water muscle percentage chart; ratio of lean body mass to fat
formula bmi calculator kg,10,0,0,Unknown,B1-chart,tool,lean-body-mass,tertiary,,auto,KWP group variants: bmi chart as per age; calculate fat mass and fat free mass
how to measure body fat and muscle mass at home,10,0,0,High,B3-bodyfat,tool,lean-body-mass,tertiary,,auto,
how to check body fat and muscle mass,10,0,0,High,B3-bodyfat,tool,lean-body-mass,tertiary,,auto,
how do fat calipers work,10,0,0,Low,B3-bodyfat,tool,lean-body-mass,tertiary,,auto,KWP group variants: body fat and lean mass calculator; lean body mass calculator body fat
bmi ratio for men,10,0,0,Low,B1-chart,tool,lean-body-mass,tertiary,,auto,KWP group variants: best weight by age and height; healthy weight for 5ft4 woman; body fat percentage with height and weight; how do you know what your fat percentage is; how to figure out how much body fat percentage; how to get an accurate body fat measurement; how to lean body fat; how to reduce fat mass percentage
skeletal muscle percentage calculator,10,0,0,Low,B3-bodyfat,tool,lean-body-mass,tertiary,,auto,
the ratio of body fat to lean body mass,10,0,0,Low,B3-bodyfat,tool,lean-body-mass,tertiary,,auto,
5 9 weight chart male,10,0,0,Low,B1-chart,tool,lean-body-mass,tertiary,,auto,KWP group variants: lean body mass chart male
how to calculate fat mass and fat free mass,10,0,0,Low,B3-bodyfat,tool,lean-body-mass,tertiary,,auto,
body fat to lean body mass,10,0,0,Low,B3-bodyfat,tool,lean-body-mass,tertiary,,auto,
muscle mass calculator using body fat,10,0,0,Low,B3-bodyfat,tool,lean-body-mass,tertiary,,auto,
online lean body mass calculator,10,0,-67,Low,B3-bodyfat,tool,lean-body-mass,tertiary,,auto,
lean body mass index calculator,10,0,-50,Low,B3-bodyfat,tool,lean-body-mass,tertiary,,auto,
body muscle percentage chart,10,0,-50,Low,B3-bodyfat,tool,lean-body-mass,tertiary,,auto,KWP group variants: body muscle mass percentage chart
skinfold body fat formula,10,0,-100,Unknown,B3-bodyfat,tool,lean-body-mass,tertiary,,auto,KWP group variants: the ratio of body fat to lean mass
ideal muscle mass percentage chart,10,0,-100,Unknown,B1-chart,tool,lean-body-mass,tertiary,,auto,KWP group variants: good weight to be at my height
circumference value body fat calculator,10,0,-100,Unknown,B3-bodyfat,tool,lean-body-mass,tertiary,,auto,KWP group variants: how do you calculate body fat and muscle mass
lean mass calculator body fat,10,-100,0,Unknown,B1-chart,tool,lean-body-mass,tertiary,,auto,KWP group variants: age and height according weight
bmi calculator men,110000,0,23,Low,B1-chart,tool,men-bmi-calculator,primary,,auto,KWP group variants: bmi calculator male; bmi index for men calculator; bmi index male calculator; body bmi calculator male; guy bmi calculator; men's bmi calculator male; body mass calculator male
bmi calculator chart male,140,-21,-48,Low,B1-chart,tool,men-bmi-calculator,secondary,,auto,
bmi calculator for male adults,140,27,0,Low,B1-chart,tool,men-bmi-calculator,secondary,,auto,
bmi calculator for men chart,110,22,-35,Low,B1-chart,tool,men-bmi-calculator,secondary,,auto,
bmi calculator adult male,50,25,0,Low,B1-chart,tool,men-bmi-calculator,secondary,,auto,
healthy bmi calculator male,30,0,-33,Low,B1-chart,tool,men-bmi-calculator,tertiary,,auto,
men's bmi calculation,30,50,-25,Low,B1-chart,tool,men-bmi-calculator,tertiary,,auto,
bmi calculator for older men,30,0,0,Low,B1-chart,tool,men-bmi-calculator,tertiary,,auto,
bmi calculator male kg,20,0,0,Low,B1-chart,tool,men-bmi-calculator,tertiary,,auto,KWP group variants: bmi calculator for men in kg; bmi calculator kg for men
bmi calculator for adult male,20,100,0,Low,B1-chart,tool,men-bmi-calculator,tertiary,,auto,
men's bmi chart calculator,20,100,100,Low,B1-chart,tool,men-bmi-calculator,tertiary,,auto,
bmi calculator male cm kg,10,0,0,Low,B1-chart,tool,men-bmi-calculator,tertiary,,auto,
calculate body mass index male,10,0,0,Low,B1-chart,tool,men-bmi-calculator,tertiary,,auto,
navy body fat calculator,6600,0,22,Low,B3-bodyfat,tool,navy-body-fat-calculator,primary,,auto,KWP group variants: body fat percentage calculator navy; body fat us navy calculator; navy fat percentage calculator; navy method body fat calculator; us navy calculator body fat calculator
us navy body fat calculator,1900,315,514,Low,B3-bodyfat,tool,navy-body-fat-calculator,secondary,,auto,
bmi calculator navy,720,0,-18,Low,B3-bodyfat,tool,navy-body-fat-calculator,secondary,,auto,KWP group variants: bmi calculator us navy
navy method body fat,720,0,-18,Low,B3-bodyfat,tool,navy-body-fat-calculator,secondary,,auto,KWP group variants: body fat us navy method
navy bca calculator,590,0,23,Low,B3-bodyfat,tool,navy-body-fat-calculator,secondary,,auto,
usmc body fat calculator,480,-56,-64,Low,B3-bodyfat,tool,navy-body-fat-calculator,tertiary,,auto,KWP group variants: marine body fat calculator; marine corps body fat calculator
navy body fat,390,23,0,Low,B3-bodyfat,tool,navy-body-fat-calculator,tertiary,,auto,KWP group variants: body fat us navy
navy fat calculator,390,23,51,Low,B3-bodyfat,tool,navy-body-fat-calculator,tertiary,,auto,KWP group variants: us navy fat calculator
body fat calculator military,320,0,23,Low,B3-bodyfat,tool,navy-body-fat-calculator,tertiary,,auto,
air force body fat calculator,320,-18,-33,Low,B3-bodyfat,tool,navy-body-fat-calculator,tertiary,,auto,KWP group variants: us air force body fat calculator
navy bf calculator,210,24,24,Low,B3-bodyfat,tool,navy-body-fat-calculator,tertiary,,auto,
navy body fat standards,170,0,-46,Low,B3-bodyfat,tool,navy-body-fat-calculator,tertiary,,auto,
navy body fat formula,170,0,27,Low,B3-bodyfat,tool,navy-body-fat-calculator,tertiary,,auto,KWP group variants: us navy body fat formula
body fat percentage navy,140,21,21,Low,B3-bodyfat,tool,navy-body-fat-calculator,tertiary,,auto,
us navy method body fat,110,27,27,Low,B3-bodyfat,tool,navy-body-fat-calculator,tertiary,,auto,
navy seal body fat calculator,90,27,180,Low,B3-bodyfat,tool,navy-body-fat-calculator,tertiary,,auto,
navy body fat calculator accuracy,90,100,56,Low,B3-bodyfat,tool,navy-body-fat-calculator,tertiary,,auto,KWP group variants: us navy body fat calculator accuracy
navy body fat test,90,-18,-18,Low,B3-bodyfat,tool,navy-body-fat-calculator,tertiary,,auto,
navy body fat measure,90,22,120,Low,B3-bodyfat,tool,navy-body-fat-calculator,tertiary,,auto,
usmc bmi calculator,50,-33,-78,Low,B3-bodyfat,tool,navy-body-fat-calculator,tertiary,,auto,
body fat percentage navy method,40,0,-20,Low,B3-bodyfat,tool,navy-body-fat-calculator,tertiary,,auto,
navy height and weight calculator,40,67,67,Low,B1-chart,tool,navy-body-fat-calculator,tertiary,,auto,
how accurate is the navy body fat calculator,40,133,40,Low,B3-bodyfat,tool,navy-body-fat-calculator,tertiary,,auto,
navy fat test,20,100,100,Low,B3-bodyfat,tool,navy-body-fat-calculator,tertiary,,auto,
military body mass index calculator,20,0,-50,Low,B3-bodyfat,tool,navy-body-fat-calculator,tertiary,,auto,
navy body composition calculator,20,0,-50,Low,B3-bodyfat,tool,navy-body-fat-calculator,tertiary,,auto,
navy body calculator,20,0,0,Low,B3-bodyfat,tool,navy-body-fat-calculator,tertiary,,auto,
navy seal body fat percentage,20,100,-71,Low,B3-bodyfat,tool,navy-body-fat-calculator,tertiary,,auto,
air force body fat percentage calculator,20,200,200,Low,B3-bodyfat,tool,navy-body-fat-calculator,tertiary,,auto,
body fat 19 female,10,100,100,Low,B3-bodyfat,tool,navy-body-fat-calculator,tertiary,,auto,KWP group variants: us navy fat percentage calculator
us navy method body fat accuracy,10,0,0,Low,B3-bodyfat,tool,navy-body-fat-calculator,tertiary,,auto,
international bmi chart,10,0,0,Low,B1-chart,tool,navy-body-fat-calculator,tertiary,,auto,KWP group variants: healthy weight by height age and gender; body fat estimate navy; body fat estimate us navy formula calculator; how does a handheld bmi machine work
us navy formula calculator,10,0,0,Low,B3-bodyfat,tool,navy-body-fat-calculator,tertiary,,auto,
body fat estimate us navy,10,0,0,Low,B3-bodyfat,tool,navy-body-fat-calculator,tertiary,,auto,
military tape measure body fat,10,0,-50,Low,B3-bodyfat,tool,navy-body-fat-calculator,tertiary,,auto,
us navy body fat measurement,10,0,-50,Low,B3-bodyfat,tool,navy-body-fat-calculator,tertiary,,auto,
us navy calculator body fat,10,-50,0,Low,B3-bodyfat,tool,navy-body-fat-calculator,tertiary,,auto,
obesity by us state,5400,0,-33,Low,B2-population,informational,obesity-rate-by-state,primary,,auto,KWP group variants: obesity in america; states by obesity
fattest state in america,3600,-19,-34,Low,B2-population,informational,obesity-rate-by-state,secondary,,auto,
most obese state in usa,3600,0,-18,Low,B2-population,informational,obesity-rate-by-state,secondary,,auto,KWP group variants: most obese state in america; most obese states in the us
us states obesity rankings,480,0,0,Low,B2-population,informational,obesity-rate-by-state,secondary,,auto,KWP group variants: united states obesity ranking
obesity rate in america by state,390,-19,-34,Low,B2-population,informational,obesity-rate-by-state,secondary,,auto,
the most obese state in america,140,-18,100,Low,B2-population,informational,obesity-rate-by-state,tertiary,,auto,
united states obesity by state,140,-21,-35,Low,B2-population,informational,obesity-rate-by-state,tertiary,,auto,
obesity rate by us state,30,0,-25,Low,B2-population,informational,obesity-rate-by-state,tertiary,,auto,
obesity rate by state in us,10,0,0,Low,B2-population,informational,obesity-rate-by-state,tertiary,,auto,
obesity rate in us,14800,0,-18,Low,B2-population,informational,us-obesity-statistics,primary,,auto,KWP group variants: obesity rate in america; obesity rate usa; united states obesity rate; north america obesity rate; obesity rate of us; obesity rate of usa; obesity rating in america; obesity us percentage
obese percentage usa,3600,0,-46,Low,B2-population,informational,us-obesity-statistics,secondary,,auto,KWP group variants: percentage of obese americans; obese percentage in us; obesity in the us percentage; obesity in usa percentage; percent of us that is obese
us obesity statistics,2400,0,-33,Low,B2-population,informational,us-obesity-statistics,secondary,,auto,KWP group variants: obesity statistics united states
america overweight rate,2400,0,-47,Low,B2-population,informational,us-obesity-statistics,secondary,,auto,KWP group variants: percentage of overweight americans; percentage of overweight in usa; percentage of us overweight
childhood obesity usa,1300,22,-32,Low,B2-population,informational,us-obesity-statistics,secondary,,auto,KWP group variants: childhood obesity in america; childhood obesity in usa
us obesity rate by year,1000,0,-47,Low,B2-population,informational,us-obesity-statistics,tertiary,,auto,KWP group variants: obesity rates in america by year
us childhood obesity rate,720,0,-19,Low,B2-population,informational,us-obesity-statistics,tertiary,,auto,KWP group variants: childhood obesity rates in america; childhood obesity statistics in america; childhood obesity in the united states statistics; childhood obesity statistics usa
percent of us population obese,480,0,-19,Low,B2-population,informational,us-obesity-statistics,tertiary,,auto,KWP group variants: percentage of obese people in america; percent of obese people in the us
obesity rates in the us over time,480,-18,-64,Low,B2-population,informational,us-obesity-statistics,tertiary,,auto,
obesity prevalence in the united states,390,-19,-19,Low,B2-population,informational,us-obesity-statistics,tertiary,,auto,
obesity rate in nyc,390,0,0,Low,B2-population,informational,us-obesity-statistics,tertiary,,auto,
percentage of overweight people in us,260,0,-19,Low,B2-population,informational,us-obesity-statistics,tertiary,,auto,KWP group variants: percentage of overweight people in america; percentage of overweight people in the united states; percentage of overweight people in usa
american overweight,260,-19,-46,Low,B2-population,informational,us-obesity-statistics,tertiary,,auto,
obesity trends in america,210,27,-18,Low,B2-population,informational,us-obesity-statistics,tertiary,,auto,KWP group variants: obesity trends in the united states
overweight rate in usa,210,24,-19,Low,B2-population,informational,us-obesity-statistics,tertiary,,auto,
obesity rates in america statistics,210,21,-19,Low,B2-population,informational,us-obesity-statistics,tertiary,,auto,
highest obesity rate in the us,210,0,24,Low,B2-population,informational,us-obesity-statistics,tertiary,,auto,
mississippi obesity rate,170,0,-35,Low,B2-population,informational,us-obesity-statistics,tertiary,,auto,
american population obese,170,27,-33,Low,B2-population,informational,us-obesity-statistics,tertiary,,auto,KWP group variants: population of obese in america
obesity rates by race in us,170,0,24,Low,B2-population,informational,us-obesity-statistics,tertiary,,auto,KWP group variants: obesity rate in america by race
childhood obesity statistics us,170,57,-58,Low,B2-population,informational,us-obesity-statistics,tertiary,,auto,
mcallen texas obesity rate,170,-47,-18,Low,B2-population,informational,us-obesity-statistics,tertiary,,auto,
obesity rate in west virginia,170,-21,-58,Low,B2-population,informational,us-obesity-statistics,tertiary,,auto,
alabama obesity rate,140,0,-21,Low,B2-population,informational,us-obesity-statistics,tertiary,,auto,
obesity rate in oklahoma,140,-21,-21,Low,B2-population,informational,us-obesity-statistics,tertiary,,auto,
body fat percentage for overweight,140,-18,-56,Low,B3-bodyfat,informational,us-obesity-statistics,tertiary,,auto,
percentage obesity us,140,27,-18,Low,B2-population,informational,us-obesity-statistics,tertiary,,auto,
america obesity rate compared to other countries,110,-22,-22,Low,B2-population,informational,us-obesity-statistics,tertiary,,auto,KWP group variants: obesity rates in america compared to other countries; united states obesity rate compared to other countries
current obesity rate in america,110,0,-59,Low,B2-population,informational,us-obesity-statistics,tertiary,,auto,KWP group variants: current obesity rate in the united states; current obesity rate in the us
average obesity rate in america,110,0,0,Low,B2-population,informational,us-obesity-statistics,tertiary,,auto,KWP group variants: average rate of obesity in america
utah obesity rate,110,-18,-36,Low,B2-population,informational,us-obesity-statistics,tertiary,,auto,
articles on obesity in america,90,-25,-57,Low,B2-population,informational,us-obesity-statistics,tertiary,,auto,
us obesity rate chart,90,-29,-44,Low,B2-population,informational,us-obesity-statistics,tertiary,,auto,KWP group variants: obesity rate in america chart; us obesity rate graph
overweight rate us,90,0,-36,Low,B2-population,informational,us-obesity-statistics,tertiary,,auto,KWP group variants: overweight statistics in america; overweight stats in america
indiana obesity rate,90,0,-18,Low,B2-population,informational,us-obesity-statistics,tertiary,,auto,
the obesity rate in america,90,0,-44,Low,B2-population,informational,us-obesity-statistics,tertiary,,auto,KWP group variants: the rate of obesity in the us; the united states obesity rate
amount of obese in america,70,40,0,Low,B2-population,informational,us-obesity-statistics,tertiary,,auto,
obesity in america by race,70,-29,-44,Low,B2-population,informational,us-obesity-statistics,tertiary,,auto,
graph of obesity rates in america,70,-40,-67,Low,B2-population,informational,us-obesity-statistics,tertiary,,auto,
obesity by race in us,70,0,0,Low,B2-population,informational,us-obesity-statistics,tertiary,,auto,
obesity and overweight rate in america,70,40,-22,Low,B2-population,informational,us-obesity-statistics,tertiary,,auto,KWP group variants: overweight and obesity rates in the us
us population obese percentage,50,0,-29,Low,B2-population,informational,us-obesity-statistics,tertiary,,auto,
percent of obese adults in us,50,25,-44,Low,B2-population,informational,us-obesity-statistics,tertiary,,auto,KWP group variants: percentage of obese adults in america
obesity rate in oregon,50,0,0,Low,B2-population,informational,us-obesity-statistics,tertiary,,auto,
us adult obesity rate,50,0,25,Low,B2-population,informational,us-obesity-statistics,tertiary,,auto,
obesity in america compared to other countries,50,67,0,Low,B2-population,informational,us-obesity-statistics,tertiary,,auto,KWP group variants: obesity in the us compared to other countries
us obesity death rate,40,-33,-33,Low,B2-population,informational,us-obesity-statistics,tertiary,,auto,KWP group variants: death rate from obesity in america
adult obesity in the united states,40,-67,-80,Low,B2-population,informational,us-obesity-statistics,tertiary,,auto,
of the population of the united states is obese,40,-50,-50,Low,B2-population,informational,us-obesity-statistics,tertiary,,auto,
number of obese people in us,40,100,-33,Low,B2-population,informational,us-obesity-statistics,tertiary,,auto,
obesity and poverty in america,40,100,-50,Low,B2-population,informational,us-obesity-statistics,tertiary,,auto,
americans obesity rate,30,0,-33,Low,B2-population,informational,us-obesity-statistics,tertiary,,auto,
obesity rate in america 2023,30,-50,-86,Low,B2-population,informational,us-obesity-statistics,tertiary,,auto,
body fat percentage obesity chart,30,0,50,Low,B3-bodyfat,informational,us-obesity-statistics,tertiary,,auto,
rising obesity rates in america,30,0,0,Low,B2-population,informational,us-obesity-statistics,tertiary,,auto,
kansas obesity rate,30,-25,-25,Low,B2-population,informational,us-obesity-statistics,tertiary,,auto,KWP group variants: obesity rate in kansas
incidence of obesity in the us,30,0,-75,Low,B2-population,informational,us-obesity-statistics,tertiary,,auto,
percentage of overweight and obese in america,30,-50,-60,Low,B2-population,informational,us-obesity-statistics,tertiary,,auto,
average overweight in america,30,0,-33,Low,B2-population,informational,us-obesity-statistics,tertiary,,auto,
obesity numbers in america,30,-50,-75,Low,B2-population,informational,us-obesity-statistics,tertiary,,auto,KWP group variants: obesity numbers in the us
idaho obesity rate,20,50,0,Low,B2-population,informational,us-obesity-statistics,tertiary,,auto,
overweight rate in us,20,-33,-33,Low,B2-population,informational,us-obesity-statistics,tertiary,,auto,
percentage of america overweight,20,-33,-33,Low,B2-population,informational,us-obesity-statistics,tertiary,,auto,
miami obesity rate,20,-33,0,Low,B2-population,informational,us-obesity-statistics,tertiary,,auto,
percentage of us that is overweight,20,-33,0,Low,B2-population,informational,us-obesity-statistics,tertiary,,auto,
obesity rate in america by age,20,-50,-50,Low,B2-population,informational,us-obesity-statistics,tertiary,,auto,
obesity rate in massachusetts,20,-50,-67,Low,B2-population,informational,us-obesity-statistics,tertiary,,auto,
obesity increase in america,20,0,-50,Low,B2-population,informational,us-obesity-statistics,tertiary,,auto,KWP group variants: obesity on the rise in america
obesity and overweight in america,20,0,-50,Low,B2-population,informational,us-obesity-statistics,tertiary,,auto,
united states overweight rate,20,0,0,Low,B2-population,informational,us-obesity-statistics,tertiary,,auto,
obesity data in america,20,0,100,Low,B2-population,informational,us-obesity-statistics,tertiary,,auto,
how much body fat percentage is obese,20,100,0,Low,B3-bodyfat,informational,us-obesity-statistics,tertiary,,auto,
america obesity rate over time,20,-50,-50,Low,B2-population,informational,us-obesity-statistics,tertiary,,auto,
obesity rates in america over the last 50 years,20,-33,100,Low,B2-population,informational,us-obesity-statistics,tertiary,,auto,
obesity rate in america 2022,10,-100,-100,Unknown,B1-chart,informational,us-obesity-statistics,tertiary,,auto,KWP group variants: bmi calculator for women & men; obesity rates in america 2022
obesity rate in america 2021,10,-100,-100,Unknown,B2-population,informational,us-obesity-statistics,tertiary,,auto,
obese usa percentage,10,∞,∞,Low,B1-chart,informational,us-obesity-statistics,tertiary,,auto,KWP group variants: normal body weight for male in kg
obesity in america 2020,10,∞,∞,Low,B2-population,informational,us-obesity-statistics,tertiary,,auto,
2022 us obesity rate,10,∞,∞,Low,B2-population,informational,us-obesity-statistics,tertiary,,auto,
us overweight rate 2022,10,∞,∞,Low,B1-chart,informational,us-obesity-statistics,tertiary,,auto,KWP group variants: height weight chart of female
illinois obesity rates by county,10,∞,0,Low,B2-population,informational,us-obesity-statistics,tertiary,,auto,
body fat calculator in kg,10,∞,0,Low,B2-population,informational,us-obesity-statistics,tertiary,,auto,KWP group variants: virginia obesity rates by county
how to calculate obesity percentage,10,∞,0,Low,B3-bodyfat,informational,us-obesity-statistics,tertiary,,auto,
connecticut obesity rate,10,100,100,Low,B2-population,informational,us-obesity-statistics,tertiary,,auto,
obesity rates by ethnicity us,10,0,∞,Low,B2-population,informational,us-obesity-statistics,tertiary,,auto,
how to calculate overweight percentage,10,0,∞,Low,B3-bodyfat,informational,us-obesity-statistics,tertiary,,auto,
maryland obesity rates by county,10,0,∞,Low,B2-population,informational,us-obesity-statistics,tertiary,,auto,
america obesity rate 2021,10,0,0,Unknown,B2-population,informational,us-obesity-statistics,tertiary,,auto,
us obesity rate 2021,10,0,0,Unknown,B2-population,informational,us-obesity-statistics,tertiary,,auto,KWP group variants: united states obesity rate 2021
obesity rate in us 2022,10,0,0,Unknown,B2-population,informational,us-obesity-statistics,tertiary,,auto,
louisiana obesity rate 2021,10,0,0,Unknown,B1-chart,informational,us-obesity-statistics,tertiary,,auto,KWP group variants: average weight by age and height in kg; obesity prevalence in the us 2020
obesity statistics in america 2020,10,0,0,Unknown,B2-population,informational,us-obesity-statistics,tertiary,,auto,
america obesity rate 2022,10,0,0,Unknown,B2-population,informational,us-obesity-statistics,tertiary,,auto,
obesity death rate in us,10,0,0,Unknown,B2-population,informational,us-obesity-statistics,tertiary,,auto,
bmi chart men 2021,10,0,0,Unknown,B1-chart,informational,us-obesity-statistics,tertiary,,auto,KWP group variants: obesity rate in united states 2022; body fat percentage for men's health; how much is 1 body fat in kg
mississippi obesity rate 2021,10,0,0,Unknown,B2-population,informational,us-obesity-statistics,tertiary,,auto,
obesity rate america 2022,10,0,0,Unknown,B1-chart,informational,us-obesity-statistics,tertiary,,auto,KWP group variants: age wise weight chart for women; interpretation of bmi for age; how to check fat percentage in your body
georgia obesity rates by county,10,0,0,Unknown,B1-chart,informational,us-obesity-statistics,tertiary,,auto,KWP group variants: weight index according to height
obesity rate usa 2021,10,0,0,Unknown,B1-chart,informational,us-obesity-statistics,tertiary,,auto,KWP group variants: 156cm height weight chart; how to calculate fat percentage in our body; how to decrease whole body fat; how to work out body fat mass; how to work out fat mass
texas obesity rate 2022,10,0,0,Unknown,B1-chart,informational,us-obesity-statistics,tertiary,,auto,KWP group variants: bmi calculator kg cm chart
georgia obesity rate 2021,10,0,0,Unknown,B2-population,informational,us-obesity-statistics,tertiary,,auto,KWP group variants: body mass index is a measure of body
bmi machine with height,10,0,0,Unknown,B2-population,informational,us-obesity-statistics,tertiary,,auto,KWP group variants: healthy weight for 178cm female; obesity rate in us 2021; how do you determine body fat percentage calculator
bmi 2022 chart,10,0,0,Unknown,B1-chart,informational,us-obesity-statistics,tertiary,,auto,KWP group variants: bmi calculator in kg and cm for female; obesity statistics in america 2022; obesity stats in america 2022; perfect weight for 190cm male
bmi chart stone male,10,0,0,Unknown,B1-chart,informational,us-obesity-statistics,tertiary,,auto,KWP group variants: bmi chart for females kg; body mass chart in kg; correct weight for height in cm; height weight age chart for indian male; height weight chart female in kg with age; ideal height according to age; idle height and weight chart; idle weight and height chart; weight measurement with height and age; florida obesity rate 2021; nc obesity rates by county; west virginia obesity rate 2021; how to work your body fat percentage
the obesity percentage in america,10,0,0,Low,B2-population,informational,us-obesity-statistics,tertiary,,auto,
men's size chart height weight,10,0,0,Medium,B1-chart,informational,us-obesity-statistics,tertiary,,auto,KWP group variants: weight and height overweight chart; how to find out what body fat percentage; how to lose weight in the waist and hips; how to measure how much fat is on your body
obesity ratio in america,10,0,0,Low,B2-population,informational,us-obesity-statistics,tertiary,,auto,
obesity rate us by year,10,0,0,Low,B2-population,informational,us-obesity-statistics,tertiary,,auto,
the percentage of obesity in america,10,0,0,Low,B2-population,informational,us-obesity-statistics,tertiary,,auto,
youth obesity rate in america,10,0,0,Low,B2-population,informational,us-obesity-statistics,tertiary,,auto,
tennessee obesity rates by county,10,0,0,Low,B2-population,informational,us-obesity-statistics,tertiary,,auto,
lbm calculator bodybuilding,10,0,0,Low,B1-chart,informational,us-obesity-statistics,tertiary,,auto,KWP group variants: ideal weight by age and gender; ideal weight for men in kg; ideal weight for men kg; obesity mortality rate us; 3 point fat caliper calculator; 5 site skinfold calculator; calculate weight from body measurements; good body fat men; how to calculate lean body mass from body fat percentage; how to get 4 body fat; how to measure neck body fat; how to take skinfold measurements; women's body measurements calculator
bmi status chart,10,0,0,Low,B1-chart,informational,us-obesity-statistics,tertiary,,auto,KWP group variants: body weight by height male; ideal body weight chart pediatric; women's age height and weight chart; average lean body mass in kg; obesity rates in nyc by neighborhood; normal fat for women
height weight list,10,0,0,Low,B1-chart,informational,us-obesity-statistics,tertiary,,auto,KWP group variants: bmi calculator healthy weight range; height and weight list; weight equal to height; obesity rate in america 2020; body fat to lose calculator; how accurate is caliper body fat testing; how to calculate body fat percentage from skinfolds; scoobysworkshop body fat calculator
incidence of childhood obesity in the united states,10,0,0,Low,B2-population,informational,us-obesity-statistics,tertiary,,auto,
ffmi index calculator,10,0,0,Low,B2-population,informational,us-obesity-statistics,tertiary,,auto,KWP group variants: obesity and diabetes rates in the us; obesity rate in america 1990; body fat percentage for flat stomach female; how to get 3 percent body fat; how to lower body fat men; normal body muscle percentage
army overweight chart,10,0,0,Low,B1-chart,informational,us-obesity-statistics,tertiary,,auto,KWP group variants: bmi body shape chart; bmi chart normal overweight obese; height and weight ideal chart; male body weight to height; how easy is it to lose body fat percentage; how much weight is body fat; metabolism calculator with body fat; skin caliper test calculator
morbidly obese woman chart,10,0,0,Low,B1-chart,informational,us-obesity-statistics,tertiary,,auto,KWP group variants: body mass index table with age; height chart according to age; men's body weight height chart; 5 9 how much should i weigh female; average body weight in kg by age; childhood obesity in the us compared to other countries; normal weight for preschoolers; percentage of overweight adults in america; 20.5 bmi body fat percentage; 7 percent body fat female; figure b 1 percent fat estimation for men; how does weight guru measure body fat; how get a low body fat percentage; how much should be the body fat percentage; how to figure out body fat at home; how to measure fat percentage with measuring tape; skinfold caliper calculator 3 site
abdominal obesity calculator,10,0,0,Low,B1-chart,informational,us-obesity-statistics,tertiary,,auto,KWP group variants: the perfect weight for my height in kg; age 4 height and weight; athlete weight by height; bmi calculator for women formula; bmi calculator with age and body frame; bmi chart fat percentage; female age height weight chart in lb; height weight chart women pounds; men's height weight chart pounds; recommended bmi for male; weight range for height female; 172cm female ideal weight; average for women's weight; bmi calculator with neck measurement; calorie intake calculator body fat percentage; fat free mass index calculation; navy army body fat calculator; using tape measure for body fat
obese usa statistics,10,0,0,Low,B2-population,informational,us-obesity-statistics,tertiary,,auto,
fat mass men,10,0,0,Low,B1-chart,informational,us-obesity-statistics,tertiary,,auto,KWP group variants: average weight according to height and age; bmi calculator age race gender; bmi chart male muscle mass; human weight according to height and age; ideal weight for men over 65; normal body weight according to height; current rates of obesity in america; healthy weight for 178cm male; free fat mass index calculator; how do u find body fat percentage; how to measure belly fat pinch
obesity rates in america by ethnicity,10,0,0,Low,B2-population,informational,us-obesity-statistics,tertiary,,auto,
us national obesity rate,10,0,-67,Low,B2-population,informational,us-obesity-statistics,tertiary,,auto,
us overweight obese statistics,10,0,-50,Low,B2-population,informational,us-obesity-statistics,tertiary,,auto,KWP group variants: us overweight and obesity statistics
us obesity rate by age,10,0,-50,Low,B2-population,informational,us-obesity-statistics,tertiary,,auto,
fat calculator online,10,0,-50,Low,B2-population,informational,us-obesity-statistics,tertiary,,auto,KWP group variants: percentage of adults obese in us; healthy fat mass percentage
obesity rate in america 1970,10,0,-50,Low,B2-population,informational,us-obesity-statistics,tertiary,,auto,
memphis obesity rate,10,0,-50,Low,B2-population,informational,us-obesity-statistics,tertiary,,auto,
bmi calculator elderly woman,10,0,-50,Low,B1-chart,informational,us-obesity-statistics,tertiary,,auto,KWP group variants: obesity rates in america last 10 years
percentage of overweight youth in america,10,0,-100,Unknown,B2-population,informational,us-obesity-statistics,tertiary,,auto,
obesity growth rate in america,10,0,-100,Unknown,B2-population,informational,us-obesity-statistics,tertiary,,auto,
overweight and obesity percentage in america,10,0,-100,Unknown,B2-population,informational,us-obesity-statistics,tertiary,,auto,
obesity and diabetes statistics in america,10,0,-100,Unknown,B2-population,informational,us-obesity-statistics,tertiary,,auto,
the percentage of obese adults in america,10,0,-100,Unknown,B2-population,informational,us-obesity-statistics,tertiary,,auto,
percentage of population obese in america,10,0,-100,Unknown,B2-population,informational,us-obesity-statistics,tertiary,,auto,
mississippi obesity rate 2022,10,0,-100,Unknown,B2-population,informational,us-obesity-statistics,tertiary,,auto,
obesity rate usa 2022,10,0,-100,Unknown,B2-population,informational,us-obesity-statistics,tertiary,,auto,
america's obesity rate 2022,10,0,-100,Unknown,B1-chart,informational,us-obesity-statistics,tertiary,,auto,KWP group variants: right weight for age and height chart; 1 percent body fat in kg
obesity rate united states 2022,10,0,-100,Unknown,B2-population,informational,us-obesity-statistics,tertiary,,auto,
death rate obesity america,10,0,-100,Unknown,B2-population,informational,us-obesity-statistics,tertiary,,auto,
bmi chart women 2020,10,0,-100,Unknown,B1-chart,informational,us-obesity-statistics,tertiary,,auto,KWP group variants: 155cm height weight chart; bmi calculator in kg and feet chart; ideal weight of female according to height; weight chart for women 2022; obesity rate us 2022
obesity rate in usa 2022,10,0,-100,Unknown,B1-chart,informational,us-obesity-statistics,tertiary,,auto,KWP group variants: realistic bmi calculator with age
us obesity rates 2022,10,-100,0,Unknown,B2-population,informational,us-obesity-statistics,tertiary,,auto,
the us obesity rate,10,-50,0,Low,B2-population,informational,us-obesity-statistics,tertiary,,auto,
obesity rate in the us 2022,10,-100,0,Unknown,B2-population,informational,us-obesity-statistics,tertiary,,auto,
obesity rate in usa 2021,10,-100,0,Unknown,B2-population,informational,us-obesity-statistics,tertiary,,auto,
obesity death rate us,10,-100,0,Unknown,B2-population,informational,us-obesity-statistics,tertiary,,auto,
age overweight chart,10,-100,-100,Unknown,B1-chart,informational,us-obesity-statistics,tertiary,,auto,KWP group variants: circumference value body fat; normal fat mass percentage
rfm body fat calculator,10,-100,-100,Unknown,B1-chart,informational,us-obesity-statistics,tertiary,,auto,KWP group variants: calculate normal body weight; height weight age female chart; ideal weight for senior female; childhood obesity rates in america by year; cost of childhood obesity in the us; 4 skinfold body fat calculator; muscle mass body fat calculator; normal fat content in human body
women's healthy bmi chart,10,-100,-100,Unknown,B1-chart,informational,us-obesity-statistics,tertiary,,auto,KWP group variants: normal women's weight chart; current statistics on childhood obesity in america; fat percentage male chart; how to find body composition percentage
obese america percentage,10,-100,-100,Unknown,B2-population,informational,us-obesity-statistics,tertiary,,auto,
weight loss percentage calculator,12100,-18,-18,Low,B3-bodyfat,tool,weight-loss-percentage-calculator,primary,,auto,KWP group variants: body percent weight loss calculator; percentage of fat loss calculator; weight loss percentage cal
how to calculate fat loss percentage,2900,-21,-34,Low,B3-bodyfat,tool,weight-loss-percentage-calculator,secondary,,auto,KWP group variants: how do you calculate percentage of body weight loss; how to calculate body weight loss percentage
calculate fat loss percentage,210,24,91,Low,B3-bodyfat,tool,weight-loss-percentage-calculator,secondary,,auto,
body fat loss percentage calculator,210,-35,-58,Low,B3-bodyfat,tool,weight-loss-percentage-calculator,secondary,,auto,KWP group variants: calculator for body fat percentage loss
body fat percentage weight loss calculator,110,-21,22,Low,B3-bodyfat,tool,weight-loss-percentage-calculator,secondary,,auto,
how to calculate body fat loss,50,0,-40,Low,B3-bodyfat,tool,weight-loss-percentage-calculator,tertiary,,auto,KWP group variants: how do you calculate body fat loss
body weight loss percentage,50,40,133,Low,B3-bodyfat,tool,weight-loss-percentage-calculator,tertiary,,auto,
how to calculate body weight loss in percentage,40,-60,-33,Low,B3-bodyfat,tool,weight-loss-percentage-calculator,tertiary,,auto,
how to calculate body fat loss percentage,30,100,-71,Low,B3-bodyfat,tool,weight-loss-percentage-calculator,tertiary,,auto,KWP group variants: how to figure out percentage of body fat loss
fat percentage weight loss calculator,20,0,0,Low,B3-bodyfat,tool,weight-loss-percentage-calculator,tertiary,,auto,KWP group variants: body fat weight loss percentage calculator
work out percentage weight loss,10,∞,0,Low,B3-bodyfat,tool,weight-loss-percentage-calculator,tertiary,,auto,
calculating body percentage weight loss,10,0,∞,Low,B3-bodyfat,tool,weight-loss-percentage-calculator,tertiary,,auto,
how to calculate body fat loss in pounds,10,0,∞,Low,B3-bodyfat,tool,weight-loss-percentage-calculator,tertiary,,auto,
fat weight formula,10,0,0,Unknown,B3-bodyfat,tool,weight-loss-percentage-calculator,tertiary,,auto,KWP group variants: bmr bmi body fat calculator; how to calculate percentage fat loss
how to calculate body fat loss percentage by weight,10,0,0,Low,B3-bodyfat,tool,weight-loss-percentage-calculator,tertiary,,auto,
original bmi chart,10,0,0,Low,B1-chart,tool,weight-loss-percentage-calculator,tertiary,,auto,KWP group variants: calculate body fat loss percentage
bmi calculator women,201000,0,22,Medium,B1-chart,tool,women-bmi-calculator,primary,,auto,
bmi calculate women,74000,22,49,Low,B1-chart,tool,women-bmi-calculator,secondary,,auto,KWP group variants: womens bmi calculator; female bmi calculator; bmi calculator for ladies; bmi test for women; body bmi calculator female; calculator bmi female; women's body mass calculator
calculate my bmi female,880,-12,22,Medium,B1-chart,tool,women-bmi-calculator,secondary,,auto,
bmi chart women calculator,720,0,0,Low,B1-chart,tool,women-bmi-calculator,secondary,,auto,KWP group variants: bmi calculator chart female; female bmi calculator chart; women's bmi chart calculator
bmi older woman calculator,390,-19,-64,Low,B1-chart,tool,women-bmi-calculator,secondary,,auto,
bmi check for women,390,0,-33,Medium,B1-chart,tool,women-bmi-calculator,tertiary,,auto,KWP group variants: bmi index for women calculator; bmi measurement for women
bmi womens calculator,260,23,129,Medium,B1-chart,tool,women-bmi-calculator,tertiary,,auto,
bmi calculator female free,260,-19,420,Medium,B1-chart,tool,women-bmi-calculator,tertiary,,auto,
bmi calculator women kg,210,0,457,Low,B1-chart,tool,women-bmi-calculator,tertiary,,auto,KWP group variants: bmi calculator female in kg
bmi calculator female asian,210,0,-19,Low,B1-chart,tool,women-bmi-calculator,tertiary,,auto,
check my bmi female,210,-19,0,Medium,B1-chart,tool,women-bmi-calculator,tertiary,,auto,
bmi calculator adult female,140,0,21,Low,B1-chart,tool,women-bmi-calculator,tertiary,,auto,KWP group variants: bmi calculator for adult women
healthy bmi calculator female,90,0,-22,Medium,B1-chart,tool,women-bmi-calculator,tertiary,,auto,
height weight calculator for women,70,0,0,Low,B1-chart,tool,women-bmi-calculator,tertiary,,auto,KWP group variants: height and weight calculator for women
bmi calculator men women,50,0,0,Low,B1-chart,tool,women-bmi-calculator,tertiary,,auto,KWP group variants: bmi calculator for men and women
calculate my bmi women,50,0,-55,Medium,B1-chart,tool,women-bmi-calculator,tertiary,,auto,
bmi calculator women metric,50,33,0,Low,B1-chart,tool,women-bmi-calculator,tertiary,,auto,
bmi calculator women free,40,-60,0,Medium,B1-chart,tool,women-bmi-calculator,tertiary,,auto,
bmi for women formula,40,25,0,Medium,B1-chart,tool,women-bmi-calculator,tertiary,,auto,KWP group variants: bmi calculator for a woman
bmi male female calculator,30,100,-20,Low,B1-chart,tool,women-bmi-calculator,tertiary,,auto,KWP group variants: male female bmi calculator
bmi calculator for indian female,30,0,100,Low,B1-chart,tool,women-bmi-calculator,tertiary,,auto,
figure out my bmi female,30,-40,∞,Medium,B1-chart,tool,women-bmi-calculator,tertiary,,auto,
best bmi calculator for women,30,-33,0,Low,B1-chart,tool,women-bmi-calculator,tertiary,,auto,
bmi calculator for african american females,20,-33,100,Low,B1-chart,tool,women-bmi-calculator,tertiary,,auto,
realistic bmi calculator for females,10,∞,∞,Low,B1-chart,tool,women-bmi-calculator,tertiary,,auto,
women's bmi calculator bmi chart,10,∞,0,Medium,B1-chart,tool,women-bmi-calculator,tertiary,,auto,
figure my bmi female,10,0,0,Unknown,B1-chart,tool,women-bmi-calculator,tertiary,,auto,
bmi calculator for women online,10,0,0,Medium,B1-chart,tool,women-bmi-calculator,tertiary,,auto,
height weight chart female calculator,10,0,0,Medium,B1-chart,tool,women-bmi-calculator,tertiary,,auto,
bmi calculator women and men,10,0,0,Low,B1-chart,tool,women-bmi-calculator,tertiary,,auto,
bmi calculator women's bmi chart 2021,10,0,0,Low,B1-chart,tool,women-bmi-calculator,tertiary,,auto,
bmi calculator black female,10,0,-50,Low,B1-chart,tool,women-bmi-calculator,tertiary,,auto,
calculate bmi index female,10,-100,-100,Unknown,B1-chart,tool,women-bmi-calculator,tertiary,,auto,
bmi calculators,,,,,existing-page,tool,calculators,primary,,na,"Live page target; not covered by KWP rounds B1-B3 - volume missing (seed in round 2), never estimated"
bmi guides,,,,,existing-page,informational,blog,primary,,na,"Live page target; not covered by KWP rounds B1-B3 - volume missing (seed in round 2), never estimated"
new bmi calculator,,,,,existing-page,tool,new-bmi-calculator,primary,,na,"Live page target; not covered by KWP rounds B1-B3 - volume missing (seed in round 2), never estimated"
what is bmi,,,,,existing-page,informational,blog/what-is-bmi,primary,,na,"Live page target; not covered by KWP rounds B1-B3 - volume missing (seed in round 2), never estimated"
bmi history,,,,,existing-page,informational,blog/bmi-history,primary,,na,"Live page target; not covered by KWP rounds B1-B3 - volume missing (seed in round 2), never estimated"
bmi health risks,,,,,existing-page,informational,blog/bmi-and-health-risks,primary,,na,"Live page target; not covered by KWP rounds B1-B3 - volume missing (seed in round 2), never estimated"
underweight bmi risks,,,,,existing-page,informational,blog/underweight-bmi-risks,primary,,na,"Live page target; not covered by KWP rounds B1-B3 - volume missing (seed in round 2), never estimated"
how to read a bmi chart,,,,,existing-page,informational,blog/bmi-chart-explained,primary,,na,"Live page target; not covered by KWP rounds B1-B3 - volume missing (seed in round 2), never estimated"
us obesity rate,14800,0%,-18%,Low,T2-B1-head-modifiers,informational,us-obesity-statistics,secondary,,verified-merge,"KWP-grouped (identical series): obesity rate usa; obesity rate of us; obesity rate of usa; obesity us percentage; obesity rate in america; obesity rating in america; north america obesity rate; united states obesity rate | SERP 30 Sep 2026 (Marko paste): 'what percentage of americans are obese' vs 'obesity rate in america' share CDC DB508, NIDDK, CDC maps, ASMBS, Harvard Gazette = 5/10, same type -> merge | demoted on merge: page already had a primary"
what percentage of americans are obese,14800,0%,-45%,Low,T2-B2-questions,informational,us-obesity-statistics,tertiary,,verified-merge,"KWP-grouped (identical series): what percentage of us is overweight; what percent of the us is overweight; what percentage of americans are fat; what percentage of americans are overweight; what is the percentage of overweight in america | SERP 30 Sep 2026 (Marko paste): 'what percentage of americans are obese' vs 'obesity rate in america' share CDC DB508, NIDDK, CDC maps, ASMBS, Harvard Gazette = 5/10, same type -> merge | demoted on merge: page already had 5 secondaries"
obesity in america,5400,0%,-33%,Low,T2-B1-head-modifiers,informational,us-obesity-statistics,tertiary,,queued,"KWP-grouped (identical series): obesity in the us; states by obesity; obesity by us state; north america obesity; obese state in america; united states and obesity; obesity in the united states | mixed-intent group: US=5, STATE=3 | KWP folds state-intent variants into this group; SERP-check 'obesity in america' vs 'states by obesity rate' at state-page build | demoted on merge: page already had 5 secondaries"
obesity stats by country,5400,-19%,-33%,Low,T2-B1-head-modifiers,informational,,discard,offtopic,na,"PARKED: global cluster (~10k/mo) = proposed /obesity-rate-by-country/; WHO GHO (NCD-RisC) is the candidate primary - verify, then re-assign"
most obese state in america,3600,0%,-18%,Low,T2-B1-head-modifiers,informational,obesity-rate-by-state,tertiary,,auto,KWP-grouped (identical series): most obese state in usa; most obese state in the us; most obese states in the us
percentage of obese americans,3600,0%,-46%,Low,T2-B1-head-modifiers,informational,us-obesity-statistics,tertiary,,auto,KWP-grouped (identical series): obese percentage usa; obese percentage in us; obese percentage in usa; number of obese americans; obesity in usa percentage; percent of us that is obese; obesity in the us percentage
the most obese countries in the world,3600,0%,52%,Low,T2-B1-head-modifiers,informational,,discard,offtopic,na,"PARKED: global cluster (~10k/mo) = proposed /obesity-rate-by-country/; WHO GHO (NCD-RisC) is the candidate primary - verify, then re-assign"
how many people are obese in america,2900,0%,-34%,Low,T2-B2-questions,informational,us-obesity-statistics,tertiary,,auto,KWP-grouped (identical series): how many fat people are in america; how many people are overweight in america | demoted on merge: page already had 5 secondaries
states by obesity rate,2900,0%,-34%,Low,T2-B1-head-modifiers,informational,obesity-rate-by-state,secondary,,auto,PRIMARY ONLY IF obesity-rate-by-state has no primary yet; else tertiary | demoted on merge: page already had a primary
percentage of overweight americans,2400,0%,-47%,Low,T2-B1-head-modifiers,informational,us-obesity-statistics,tertiary,,auto,KWP-grouped (identical series): america overweight rate; percentage overweight us; percentage of us overweight; percentage of overweight in usa | demoted on merge: page already had 5 secondaries
how many americans are obese,1900,-19%,-46%,Low,T2-B2-questions,informational,us-obesity-statistics,tertiary,,auto,KWP-grouped (identical series): how many obese in the us; how many in america are obese; how many of americans are obese
america average bmi,1600,0%,-16%,Low,T2-B3-demographics-entities,informational,us-obesity-statistics,tertiary,,auto,
what percentage of the us are obese,1600,0%,-16%,Low,T2-B2-questions,informational,us-obesity-statistics,tertiary,,auto,KWP-grouped (identical series): what the percentage of obese in america; what is the percentage of obesity in the united states
childhood obesity in america,1300,22%,-32%,Low,T2-B1-head-modifiers,informational,childhood-obesity-statistics,primary,,auto,KWP-grouped (identical series): childhood obesity usa; childhood obesity in usa; childhood obesity in the united states | split signal: childhood cluster ~4k/mo independent volume -> own page; us-obesity-statistics carries a summary section + link
childhood obesity rate,1300,-18%,-55%,Low,T2-B1-head-modifiers,informational,childhood-obesity-statistics,secondary,,auto,split signal: childhood cluster ~4k/mo independent volume -> own page; us-obesity-statistics carries a summary section + link
what is america's obesity rate,1300,0%,0%,Low,T2-B2-questions,informational,us-obesity-statistics,tertiary,,auto,
what percent of people in the us are obese,1300,30%,0%,Low,T2-B2-questions,informational,us-obesity-statistics,tertiary,,auto,KWP-grouped (identical series): what percent of the us population is obese; what is the percentage of fat people in america; what is the percentage of obese people in america
how many americans are overweight,880,0%,-28%,Low,T2-B2-questions,informational,us-obesity-statistics,tertiary,,auto,KWP-grouped (identical series): how many overweight in america; how many are overweight in america
obese stats,880,-19%,-34%,Low,T2-B1-head-modifiers,informational,us-obesity-statistics,tertiary,,auto,
what percentage of americans are obese or overweight,880,0%,22%,Low,T2-B2-questions,informational,us-obesity-statistics,tertiary,,auto,KWP-grouped (identical series): what percentage of america is overweight or obese
what is the percentage of childhood obesity in america,590,23%,-19%,Low,T2-B2-questions,informational,childhood-obesity-statistics,secondary,,auto,split signal: childhood cluster ~4k/mo independent volume -> own page; us-obesity-statistics carries a summary section + link
what percent of us adults are obese,590,0%,-45%,Low,T2-B2-questions,informational,us-obesity-statistics,tertiary,,auto,KWP-grouped (identical series): what percent of adults in the us are obese; what percent of adults in america are obese; what percentage of adults are obese in the us; what is the percent of obese adults in america
what percentage of us population is overweight,590,23%,-18%,Low,T2-B2-questions,informational,us-obesity-statistics,tertiary,,auto,KWP-grouped (identical series): what is the percentage of overweight people in america
obesity epidemic in america,480,-19%,-33%,Low,T2-B3-demographics-entities,informational,us-obesity-statistics,tertiary,,auto,KWP-grouped (identical series): overweight epidemic in america; united states obesity epidemic; epidemic obesity in the united states
percent us population obese,480,0%,-19%,Low,T2-B3-demographics-entities,informational,us-obesity-statistics,tertiary,,auto,KWP-grouped (identical series): percent of us population obese; percent of obese people in the us; percentage of obese people in america
us obesity rate over time,480,-18%,-64%,Low,T2-B3-demographics-entities,informational,us-obesity-statistics,tertiary,,auto,KWP-grouped (identical series): obesity rates in the us over time
america fat,390,-18%,-18%,Low,T2-B3-demographics-entities,informational,us-obesity-statistics,tertiary,,auto,
how much obesity in america,390,22%,0%,Low,T2-B2-questions,informational,us-obesity-statistics,tertiary,,auto,
obesity rate global,390,0%,-46%,Low,T2-B1-head-modifiers,informational,,discard,offtopic,na,"KWP-grouped (identical series): global obesity statistics | PARKED: global cluster (~10k/mo) = proposed /obesity-rate-by-country/; WHO GHO (NCD-RisC) is the candidate primary - verify, then re-assign"
obesity rate worldwide,390,-19%,-33%,Low,T2-B1-head-modifiers,informational,,discard,offtopic,na,"KWP-grouped (identical series): obesity rate of the world | PARKED: global cluster (~10k/mo) = proposed /obesity-rate-by-country/; WHO GHO (NCD-RisC) is the candidate primary - verify, then re-assign"
us obesity rate by state,390,-19%,-34%,Low,T2-B3-demographics-entities,informational,obesity-rate-by-state,tertiary,,auto,KWP-grouped (identical series): obesity rate in america by state
what is the us obesity rate,390,22%,22%,Low,T2-B2-questions,informational,us-obesity-statistics,tertiary,,auto,
fat women in america,320,0%,-33%,Low,T2-B3-demographics-entities,informational,,discard,offtopic,na,
obesity chart usa,320,-19%,-47%,Low,T2-B3-demographics-entities,informational,us-obesity-statistics,tertiary,,auto,KWP-grouped (identical series): obesity graph us; america obesity chart; obesity chart united states
obesity rate by race,320,-19%,-19%,Low,T2-B3-demographics-entities,informational,us-obesity-statistics,tertiary,,auto,KWP-grouped (identical series): obesity statistics by race
world obesity stats,320,-34%,-46%,Low,T2-B1-head-modifiers,informational,,discard,offtopic,na,"PARKED: global cluster (~10k/mo) = proposed /obesity-rate-by-country/; WHO GHO (NCD-RisC) is the candidate primary - verify, then re-assign"
america overweight,260,-19%,-46%,Low,T2-B3-demographics-entities,informational,us-obesity-statistics,tertiary,,auto,KWP-grouped (identical series): american overweight; overweight in the us; overweight in the usa; united states overweight
cdc obesity statistics,260,0%,-35%,Low,T2-B1-head-modifiers,informational,us-obesity-statistics,tertiary,,auto,
obese people in the us,260,0%,-34%,Low,T2-B3-demographics-entities,informational,us-obesity-statistics,tertiary,,auto,KWP-grouped (identical series): obese people in america
obesity death statistics,260,-35%,-47%,Low,T2-B1-head-modifiers,informational,,discard,offtopic,na,site scope (Aug 2 2026): no health-outcome/mortality/cost claims
obesity issues in america,260,0%,-33%,Low,T2-B3-demographics-entities,informational,us-obesity-statistics,tertiary,,auto,
what percent of us adults are overweight,260,0%,-19%,Low,T2-B2-questions,informational,us-obesity-statistics,tertiary,,auto,KWP-grouped (identical series): what is the percent of overweight adults in america; what percentage of adults in america are overweight; what is the percentage of overweight adults in america
how many people obese in america,210,27%,-33%,Low,T2-B2-questions,informational,us-obesity-statistics,tertiary,,auto,KWP-grouped (identical series): how many people have obesity in america; how many obese people are there in america
how many americans are obese or overweight,170,-36%,-36%,Low,T2-B2-questions,informational,us-obesity-statistics,tertiary,,auto,
how many us adults are obese,170,27%,-33%,Low,T2-B2-questions,informational,us-obesity-statistics,tertiary,,auto,KWP-grouped (identical series): how many adults are obese in the us; how many adults in the us are obese; how many adults in america are obese
obese us population,170,27%,-33%,Low,T2-B3-demographics-entities,informational,us-obesity-statistics,tertiary,,auto,KWP-grouped (identical series): american obese population; american population obese; obese population in america; population of obese in america
obesity in america video,170,-19%,50%,Low,T2-B3-demographics-entities,navigational,,discard,navigational,na,
percentage of fat people in usa,170,21%,-19%,Low,T2-B3-demographics-entities,informational,us-obesity-statistics,tertiary,,auto,KWP-grouped (identical series): percent of fat people in america
us obesity rate by race,170,0%,24%,Low,T2-B3-demographics-entities,informational,us-obesity-statistics,tertiary,,auto,KWP-grouped (identical series): obesity rates by race in us; obesity rate in america by race
what percent of people in america are overweight,170,-19%,0%,Low,T2-B2-questions,informational,us-obesity-statistics,tertiary,,auto,
what percentage of americans are morbidly obese,170,-19%,0%,Low,T2-B2-questions,informational,us-obesity-statistics,tertiary,,auto,
america and obesity facts,140,0%,-29%,Low,T2-B3-demographics-entities,informational,us-obesity-statistics,tertiary,,auto,
bmi data,140,0%,-21%,Low,T2-B1-head-modifiers,informational,us-obesity-statistics,tertiary,,auto,
cdc obesity maps,140,57%,0%,Low,T2-B1-head-modifiers,informational,obesity-rate-by-state,tertiary,,auto,
how many percent of america is obese,140,27%,-18%,Low,T2-B2-questions,informational,us-obesity-statistics,tertiary,,auto,
what percentage of americans are considered obese,140,21%,0%,Low,T2-B2-questions,informational,us-obesity-statistics,tertiary,,auto,
america fat people,110,22%,0%,Low,T2-B3-demographics-entities,informational,us-obesity-statistics,tertiary,,auto,KWP-grouped (identical series): fat people in the usa
current obesity rate in the us,110,0%,-59%,Low,T2-B1-head-modifiers,informational,us-obesity-statistics,tertiary,,auto,KWP-grouped (identical series): current obesity rate in america; current obesity rate in the united states
of overweight americans,110,0%,-47%,Low,T2-B3-demographics-entities,informational,us-obesity-statistics,tertiary,,auto,
teenage obesity rate,110,-29%,-44%,Low,T2-B3-demographics-entities,informational,childhood-obesity-statistics,tertiary,,auto,KWP-grouped (identical series): percentage of obese teens | split signal: childhood cluster ~4k/mo independent volume -> own page; us-obesity-statistics carries a summary section + link
how many americans are fat,90,22%,22%,Low,T2-B2-questions,informational,us-obesity-statistics,tertiary,,auto,
obesity in america articles,90,-25%,-57%,Low,T2-B1-head-modifiers,navigational,,discard,navigational,na,KWP-grouped (identical series): articles on obesity in the united states
obesity rate around the world,90,-29%,-44%,Low,T2-B1-head-modifiers,informational,,discard,offtopic,na,"PARKED: global cluster (~10k/mo) = proposed /obesity-rate-by-country/; WHO GHO (NCD-RisC) is the candidate primary - verify, then re-assign"
obesity rate by year,90,0%,-50%,Low,T2-B1-head-modifiers,informational,us-obesity-statistics,tertiary,,auto,KWP-grouped (identical series): obesity statistics by year
obesity trends,90,25%,-29%,Low,T2-B1-head-modifiers,informational,us-obesity-statistics,tertiary,,auto,
overweight percentage usa,90,29%,-18%,Low,T2-B3-demographics-entities,informational,us-obesity-statistics,tertiary,,auto,
american population overweight,70,0%,-36%,Low,T2-B3-demographics-entities,informational,us-obesity-statistics,tertiary,,auto,
cost of obesity in the united states,70,-25%,-40%,Low,T2-B3-demographics-entities,informational,,discard,offtopic,na,site scope (Aug 2 2026): no health-outcome/mortality/cost claims
fast food obesity in america,70,0%,-33%,Low,T2-B3-demographics-entities,informational,,discard,below-floor-backlog,na,KWP-grouped (identical series): fast food and obesity in america; fast food causing obesity in america; fast food and obesity in the united states | causes/income split: no verified NCHS 2021-23 source; never answer causes without a primary
global obesity prevalence,70,25%,-29%,Low,T2-B1-head-modifiers,informational,,discard,offtopic,na,"PARKED: global cluster (~10k/mo) = proposed /obesity-rate-by-country/; WHO GHO (NCD-RisC) is the candidate primary - verify, then re-assign"
how many people in america are fat,70,75%,40%,Low,T2-B2-questions,informational,us-obesity-statistics,tertiary,,auto,
how many us adults are overweight,70,0%,-44%,Low,T2-B2-questions,informational,us-obesity-statistics,tertiary,,auto,KWP-grouped (identical series): how many overweight adults in america
increase in obesity in america,70,-33%,-71%,Low,T2-B3-demographics-entities,informational,us-obesity-statistics,tertiary,,auto,
is childhood obesity increasing,70,75%,0%,Low,T2-B2-questions,informational,childhood-obesity-statistics,tertiary,,auto,KWP-grouped (identical series): is childhood obesity on the rise | split signal: childhood cluster ~4k/mo independent volume -> own page; us-obesity-statistics carries a summary section + link
is obesity increasing,70,25%,-29%,Low,T2-B2-questions,informational,us-obesity-statistics,tertiary,,auto,KWP-grouped (identical series): is obesity on the rise
most obese race in america,70,0%,-22%,Low,T2-B3-demographics-entities,informational,us-obesity-statistics,tertiary,,auto,
obese american woman,70,-29%,-44%,Low,T2-B3-demographics-entities,informational,us-obesity-statistics,tertiary,,auto,
obesity data,70,50%,-25%,Low,T2-B1-head-modifiers,informational,us-obesity-statistics,tertiary,,auto,
obesity rate by race and gender,70,0%,-18%,Low,T2-B3-demographics-entities,informational,us-obesity-statistics,tertiary,,auto,KWP-grouped (identical series): obesity rates by race and gender
obesity rate chart,70,-25%,-57%,Low,T2-B1-head-modifiers,informational,us-obesity-statistics,tertiary,,auto,
percentage of overweight people,70,75%,-50%,Low,T2-B1-head-modifiers,informational,us-obesity-statistics,tertiary,,auto,
prevalence of childhood obesity,70,-33%,-60%,Low,T2-B1-head-modifiers,informational,childhood-obesity-statistics,tertiary,,auto,split signal: childhood cluster ~4k/mo independent volume -> own page; us-obesity-statistics carries a summary section + link
the fattest state in america,70,-22%,0%,Low,T2-B3-demographics-entities,informational,obesity-rate-by-state,tertiary,,auto,
us obesity by race,70,-29%,-44%,Low,T2-B3-demographics-entities,informational,us-obesity-statistics,tertiary,,auto,KWP-grouped (identical series): obesity by race in america; obesity in america by race
why is obesity increasing,70,-25%,-67%,Low,T2-B2-questions,informational,,discard,below-floor-backlog,na,KWP-grouped (identical series): why is obesity on the rise | causes/income split: no verified NCHS 2021-23 source; never answer causes without a primary
american obesity compared to other countries,50,67%,0%,Low,T2-B3-demographics-entities,informational,,discard,offtopic,na,"KWP-grouped (identical series): obesity in america compared to other countries | PARKED: global cluster (~10k/mo) = proposed /obesity-rate-by-country/; WHO GHO (NCD-RisC) is the candidate primary - verify, then re-assign"
average body fat in america,50,0%,0%,Low,T2-B3-demographics-entities,informational,us-obesity-statistics,tertiary,,auto,
history of obesity in the united states,50,0%,-60%,Low,T2-B3-demographics-entities,informational,us-obesity-statistics,tertiary,,auto,
how many americans are considered obese,50,25%,25%,Low,T2-B2-questions,informational,us-obesity-statistics,tertiary,,auto,
how many americans are morbidly obese,50,40%,40%,Low,T2-B2-questions,informational,us-obesity-statistics,tertiary,,auto,
obesity rate by age,50,0%,-55%,Low,T2-B1-head-modifiers,informational,us-obesity-statistics,tertiary,,auto,KWP-grouped (identical series): obesity statistics by age
obesity rate by gender,50,-20%,-43%,Low,T2-B3-demographics-entities,informational,us-obesity-statistics,tertiary,,auto,KWP-grouped (identical series): obesity gender statistics
percentage of american women overweight,50,25%,-29%,Low,T2-B1-head-modifiers,informational,us-obesity-statistics,tertiary,,auto,KWP-grouped (identical series): percentage of overweight women in america
what percent of us adults are overweight or obese,50,-25%,-57%,Low,T2-B2-questions,informational,us-obesity-statistics,tertiary,,auto,
what percentage of adult americans are obese,50,100%,-43%,Low,T2-B2-questions,informational,us-obesity-statistics,tertiary,,auto,
what percentage of us citizens are obese,50,0%,0%,Low,T2-B2-questions,informational,us-obesity-statistics,tertiary,,auto,
bmi statistics,40,-20%,-43%,Low,T2-B1-head-modifiers,informational,us-obesity-statistics,tertiary,,auto,
cdc obesity data,40,0%,-33%,Low,T2-B1-head-modifiers,informational,us-obesity-statistics,tertiary,,auto,
obesity death in america,40,0%,-33%,Low,T2-B3-demographics-entities,informational,,discard,offtopic,na,KWP-grouped (identical series): obesity cause of death in america | site scope (Aug 2 2026): no health-outcome/mortality/cost claims
obesity in teenage america,40,0%,-33%,Low,T2-B3-demographics-entities,informational,childhood-obesity-statistics,tertiary,,auto,split signal: childhood cluster ~4k/mo independent volume -> own page; us-obesity-statistics carries a summary section + link
overweight people usa,40,-33%,-71%,Low,T2-B3-demographics-entities,informational,us-obesity-statistics,tertiary,,auto,KWP-grouped (identical series): overweight people in america
percent of american adults overweight,40,0%,-57%,Low,T2-B1-head-modifiers,informational,us-obesity-statistics,tertiary,,auto,KWP-grouped (identical series): percent of overweight adults in america
percent overweight,40,0%,0%,Low,T2-B1-head-modifiers,informational,us-obesity-statistics,tertiary,,auto,
percentage of obese women in america,40,0%,0%,Low,T2-B3-demographics-entities,informational,us-obesity-statistics,tertiary,,auto,
what percent of america is morbidly obese,40,67%,0%,Low,T2-B2-questions,informational,us-obesity-statistics,tertiary,,auto,
why is childhood obesity on the rise,40,33%,100%,Low,T2-B2-questions,informational,childhood-obesity-statistics,tertiary,,auto,split signal: childhood cluster ~4k/mo independent volume -> own page; us-obesity-statistics carries a summary section + link
adult overweight,30,133%,133%,Low,T2-B1-head-modifiers,informational,us-obesity-statistics,tertiary,,auto,
americans are so fat,30,-33%,-50%,Low,T2-B3-demographics-entities,informational,us-obesity-statistics,tertiary,,auto,
average american overweight,30,0%,-33%,Low,T2-B3-demographics-entities,informational,us-obesity-statistics,tertiary,,auto,KWP-grouped (identical series): average overweight in america
average obesity in america,30,50%,50%,Low,T2-B3-demographics-entities,informational,us-obesity-statistics,tertiary,,auto,
cdc childhood obesity statistics,30,100%,100%,Low,T2-B3-demographics-entities,informational,childhood-obesity-statistics,tertiary,,auto,split signal: childhood cluster ~4k/mo independent volume -> own page; us-obesity-statistics carries a summary section + link
cdc obesity facts,30,-50%,-50%,Low,T2-B3-demographics-entities,informational,us-obesity-statistics,tertiary,,auto,
cdc obesity trends,30,0%,-50%,Low,T2-B3-demographics-entities,informational,us-obesity-statistics,tertiary,,auto,
how many adults are overweight in the us,30,-33%,-50%,Low,T2-B2-questions,informational,us-obesity-statistics,tertiary,,auto,
how many americans have obesity,30,-33%,-33%,Low,T2-B2-questions,informational,us-obesity-statistics,tertiary,,auto,
how many percent of americans are overweight,30,-25%,0%,Low,T2-B2-questions,informational,us-obesity-statistics,tertiary,,auto,
how many women are obese in america,30,50%,-25%,Low,T2-B2-questions,informational,us-obesity-statistics,tertiary,,auto,
how many women are overweight in america,30,100%,-50%,Low,T2-B2-questions,informational,us-obesity-statistics,tertiary,,auto,
https www cdc gov obesity data adult html,30,-50%,-50%,Low,T2-B1-head-modifiers,navigational,,discard,navigational,na,
https www cdc gov obesity data childhood html,30,-100%,-100%,Unknown,T2-B1-head-modifiers,navigational,,discard,navigational,na,
is my bmi high,30,80%,800%,Low,T2-B2-questions,tool,,discard,offtopic,na,tool intent -> BMI calculator (home); re-assign if owner exists
is obesity going down,30,0%,0%,Low,T2-B2-questions,informational,us-obesity-statistics,tertiary,,auto,
obesity data set,30,0%,-50%,Low,T2-B1-head-modifiers,informational,us-obesity-statistics,tertiary,,auto,
obesity numbers in the us,30,-50%,-75%,Low,T2-B1-head-modifiers,informational,us-obesity-statistics,tertiary,,auto,KWP-grouped (identical series): obesity numbers in america
obesity overweight statistics,30,0%,-50%,Low,T2-B1-head-modifiers,informational,us-obesity-statistics,tertiary,,auto,KWP-grouped (identical series): obesity and overweight statistics
obesity statistics in the world,30,-33%,-50%,Low,T2-B1-head-modifiers,informational,,discard,offtopic,na,"PARKED: global cluster (~10k/mo) = proposed /obesity-rate-by-country/; WHO GHO (NCD-RisC) is the candidate primary - verify, then re-assign"
overweight rates by country,30,0%,-40%,Low,T2-B1-head-modifiers,informational,,discard,offtopic,na,"PARKED: global cluster (~10k/mo) = proposed /obesity-rate-by-country/; WHO GHO (NCD-RisC) is the candidate primary - verify, then re-assign"
percent of morbidly obese in america,30,50%,-40%,Low,T2-B3-demographics-entities,informational,us-obesity-statistics,tertiary,,auto,
percent of overweight and obese in america,30,-50%,-60%,Low,T2-B3-demographics-entities,informational,us-obesity-statistics,tertiary,,auto,KWP-grouped (identical series): percentage of overweight and obese in america
percent of population obese,30,0%,-50%,Low,T2-B1-head-modifiers,informational,us-obesity-statistics,tertiary,,auto,
prevalence of childhood obesity in the us,30,100%,0%,Low,T2-B3-demographics-entities,informational,childhood-obesity-statistics,tertiary,,auto,KWP-grouped (identical series): prevalence of childhood obesity in the united states | split signal: childhood cluster ~4k/mo independent volume -> own page; us-obesity-statistics carries a summary section + link
solutions to obesity in america,30,0%,0%,Low,T2-B3-demographics-entities,informational,,discard,offtopic,na,site scope: no treatment/drug/prescriptive content
america getting fatter,20,0%,-50%,Low,T2-B3-demographics-entities,informational,us-obesity-statistics,tertiary,,auto,
amount of obese people in america,20,0%,-50%,Low,T2-B3-demographics-entities,informational,us-obesity-statistics,tertiary,,auto,
are women more obese than men,20,-33%,100%,Low,T2-B2-questions,informational,us-obesity-statistics,tertiary,,auto,
average obesity rate in the world,20,0%,0%,Low,T2-B1-head-modifiers,informational,,discard,offtopic,na,"PARKED: global cluster (~10k/mo) = proposed /obesity-rate-by-country/; WHO GHO (NCD-RisC) is the candidate primary - verify, then re-assign"
cdc obesity rates by state,20,0%,0%,Low,T2-B3-demographics-entities,informational,obesity-rate-by-state,tertiary,,auto,
childhood obesity data,20,0%,-50%,Low,T2-B1-head-modifiers,informational,childhood-obesity-statistics,tertiary,,auto,split signal: childhood cluster ~4k/mo independent volume -> own page; us-obesity-statistics carries a summary section + link
childhood obesity rates by year,20,0%,-80%,Low,T2-B1-head-modifiers,informational,childhood-obesity-statistics,tertiary,,auto,split signal: childhood cluster ~4k/mo independent volume -> own page; us-obesity-statistics carries a summary section + link
childhood obesity statistics by year,20,0%,-80%,Low,T2-B1-head-modifiers,informational,childhood-obesity-statistics,tertiary,,auto,split signal: childhood cluster ~4k/mo independent volume -> own page; us-obesity-statistics carries a summary section + link
data on obesity in america,20,0%,100%,Low,T2-B3-demographics-entities,informational,us-obesity-statistics,tertiary,,auto,
demographics of obesity in the united states,20,0%,0%,Low,T2-B3-demographics-entities,informational,us-obesity-statistics,tertiary,,auto,
how many americans die from obesity,20,0%,-33%,Low,T2-B2-questions,informational,,discard,offtopic,na,site scope (Aug 2 2026): no health-outcome/mortality/cost claims
how many americans suffer from obesity,20,0%,0%,Low,T2-B2-questions,informational,us-obesity-statistics,tertiary,,auto,
how many people suffer from obesity in america,20,0%,0%,Low,T2-B2-questions,informational,us-obesity-statistics,tertiary,,auto,
how many us citizens are obese,20,0%,0%,Low,T2-B2-questions,informational,us-obesity-statistics,tertiary,,auto,
most americans are overweight,20,-50%,-67%,Low,T2-B3-demographics-entities,informational,us-obesity-statistics,tertiary,,auto,
national average obesity rate,20,-50%,0%,Low,T2-B1-head-modifiers,informational,us-obesity-statistics,tertiary,,auto,
nhanes obesity,20,100%,0%,Low,T2-B1-head-modifiers,informational,us-obesity-statistics,tertiary,,auto,
obesity by state usa,20,50%,0%,Low,T2-B3-demographics-entities,informational,obesity-rate-by-state,tertiary,,auto,
obesity data usa,20,0%,100%,Low,T2-B3-demographics-entities,informational,us-obesity-statistics,tertiary,,auto,
obesity in america reddit,20,0%,-60%,Low,T2-B3-demographics-entities,navigational,,discard,navigational,na,
obesity on the rise in america,20,0%,-50%,Low,T2-B1-head-modifiers,informational,us-obesity-statistics,tertiary,,auto,
obesity rates by age group,20,0%,-67%,Low,T2-B1-head-modifiers,informational,us-obesity-statistics,tertiary,,auto,
of obese people in america,20,100%,-33%,Low,T2-B3-demographics-entities,informational,us-obesity-statistics,tertiary,,auto,
overweight and obesity in the united states,20,0%,-50%,Low,T2-B3-demographics-entities,informational,us-obesity-statistics,tertiary,,auto,
overweight and obesity in the us,20,0%,-50%,Low,T2-B3-demographics-entities,informational,us-obesity-statistics,tertiary,,auto,
overweight percentage by country,20,-50%,-67%,Low,T2-B1-head-modifiers,informational,,discard,offtopic,na,"PARKED: global cluster (~10k/mo) = proposed /obesity-rate-by-country/; WHO GHO (NCD-RisC) is the candidate primary - verify, then re-assign"
overweight rate usa,20,0%,0%,Low,T2-B3-demographics-entities,informational,us-obesity-statistics,tertiary,,auto,
overweight statistics,20,100%,0%,Low,T2-B1-head-modifiers,informational,us-obesity-statistics,tertiary,,auto,
overweight stats,20,100%,0%,Low,T2-B1-head-modifiers,informational,us-obesity-statistics,tertiary,,auto,
percent of adults overweight,20,100%,0%,Low,T2-B1-head-modifiers,informational,us-obesity-statistics,tertiary,,auto,
percent of america overweight,20,-33%,-33%,Low,T2-B3-demographics-entities,informational,us-obesity-statistics,tertiary,,auto,
percent of population overweight,20,100%,0%,Low,T2-B1-head-modifiers,informational,us-obesity-statistics,tertiary,,auto,
percentage of adults that are obese,20,100%,0%,Low,T2-B1-head-modifiers,informational,us-obesity-statistics,tertiary,,auto,
percentage of obese adults,20,100%,0%,Low,T2-B1-head-modifiers,informational,us-obesity-statistics,tertiary,,auto,
percentage of overweight people in the world,20,250%,250%,Low,T2-B1-head-modifiers,informational,,discard,offtopic,na,"PARKED: global cluster (~10k/mo) = proposed /obesity-rate-by-country/; WHO GHO (NCD-RisC) is the candidate primary - verify, then re-assign"
percentage of overweight women,20,100%,-33%,Low,T2-B1-head-modifiers,informational,us-obesity-statistics,tertiary,,auto,
percentage of people obese,20,0%,-50%,Low,T2-B1-head-modifiers,informational,us-obesity-statistics,tertiary,,auto,
prevalence of overweight and obesity in the united states,20,0%,0%,Low,T2-B1-head-modifiers,informational,us-obesity-statistics,tertiary,,auto,
race with highest obesity rate,20,100%,100%,Low,T2-B3-demographics-entities,informational,us-obesity-statistics,tertiary,,auto,
scholarly articles on obesity in america,20,0%,0%,Low,T2-B3-demographics-entities,navigational,,discard,navigational,na,
socioeconomic status and obesity in the united states,20,100%,0%,Low,T2-B3-demographics-entities,informational,us-obesity-statistics,tertiary,,auto,
the obesity epidemic in america,20,0%,-50%,Low,T2-B3-demographics-entities,informational,us-obesity-statistics,tertiary,,auto,
us obesity by year,20,-50%,-50%,Low,T2-B3-demographics-entities,informational,us-obesity-statistics,tertiary,,auto,
what is a high body mass index,20,0%,0%,Low,T2-B2-questions,tool,,discard,offtopic,na,tool intent -> BMI calculator (home); re-assign if owner exists
what is the percentage of teenage obesity in america,20,-50%,-50%,Low,T2-B2-questions,informational,childhood-obesity-statistics,tertiary,,auto,split signal: childhood cluster ~4k/mo independent volume -> own page; us-obesity-statistics carries a summary section + link
what percent of america is over weight,20,-50%,0%,Low,T2-B2-questions,informational,us-obesity-statistics,tertiary,,auto,
what percent of us citizens are overweight,20,100%,0%,Low,T2-B2-questions,informational,us-obesity-statistics,tertiary,,auto,
what percentage of the us is morbidly obese,20,-50%,-50%,Low,T2-B2-questions,informational,us-obesity-statistics,tertiary,,auto,
why are women more obese than men,20,0%,100%,Low,T2-B2-questions,informational,,discard,below-floor-backlog,na,causes/income split: no verified NCHS 2021-23 source; never answer causes without a primary
about what percentage of american adults are overweight,10,0%,0%,Low,T2-B1-head-modifiers,informational,us-obesity-statistics,tertiary,,auto,
america obese population,10,0%,0%,Low,T2-B3-demographics-entities,informational,us-obesity-statistics,tertiary,,auto,
america obesity rate 2020,10,0%,0%,Low,T2-B1-head-modifiers,informational,us-obesity-statistics,tertiary,,auto,year variant -> auto-merged tertiary
america obesity rate by year,10,0%,0%,Low,T2-B1-head-modifiers,informational,us-obesity-statistics,tertiary,,auto,
america overweight rate 2022,10,0%,0%,Unknown,T2-B1-head-modifiers,informational,us-obesity-statistics,tertiary,,auto,year variant -> auto-merged tertiary
american adults overweight,10,0%,-50%,Low,T2-B3-demographics-entities,informational,us-obesity-statistics,tertiary,,auto,
american culture and obesity,10,0%,0%,Low,T2-B3-demographics-entities,informational,,discard,below-floor-backlog,na,causes/income split: no verified NCHS 2021-23 source; never answer causes without a primary
american food culture and obesity,10,0%,-100%,Unknown,T2-B3-demographics-entities,informational,,discard,below-floor-backlog,na,causes/income split: no verified NCHS 2021-23 source; never answer causes without a primary
american obesity treatment association,10,0%,0%,Unknown,T2-B3-demographics-entities,navigational,,discard,navigational,na,
american overweight and obesity statistics,10,0%,0%,Low,T2-B1-head-modifiers,informational,us-obesity-statistics,tertiary,,auto,
americans so fat,10,0%,0%,Low,T2-B3-demographics-entities,informational,us-obesity-statistics,tertiary,,auto,
annual medical cost of obesity in the united states,10,∞,0%,Low,T2-B3-demographics-entities,informational,,discard,offtopic,na,site scope (Aug 2 2026): no health-outcome/mortality/cost claims
articles on childhood obesity in america,10,0%,0%,Low,T2-B3-demographics-entities,navigational,,discard,navigational,na,
behavioral risk factor surveillance system obesity,10,∞,0%,Low,T2-B1-head-modifiers,informational,obesity-rate-by-state,tertiary,,auto,
big as life obesity in america,10,0%,0%,Low,T2-B3-demographics-entities,navigational,,discard,navigational,na,
bmi trends in america,10,∞,0%,Low,T2-B3-demographics-entities,informational,us-obesity-statistics,tertiary,,auto,
california obesity rate 2021,10,0%,0%,Unknown,T2-B1-head-modifiers,informational,obesity-rate-by-state,tertiary,,auto,
california obesity rate 2022,10,0%,0%,Unknown,T2-B1-head-modifiers,informational,obesity-rate-by-state,tertiary,,auto,
case study on obesity in america,10,0%,0%,Unknown,T2-B3-demographics-entities,navigational,,discard,navigational,na,
causes of childhood obesity in america,10,0%,0%,Low,T2-B3-demographics-entities,informational,childhood-obesity-statistics,tertiary,,auto,split signal: childhood cluster ~4k/mo independent volume -> own page; us-obesity-statistics carries a summary section + link
cdc obesity rates 2020,10,0%,-100%,Unknown,T2-B3-demographics-entities,informational,us-obesity-statistics,tertiary,,auto,year variant -> auto-merged tertiary
cdc obesity statistics 2020,10,0%,0%,Unknown,T2-B1-head-modifiers,informational,us-obesity-statistics,tertiary,,auto,year variant -> auto-merged tertiary
cdc overweight and obesity statistics,10,0%,0%,Low,T2-B1-head-modifiers,informational,us-obesity-statistics,tertiary,,auto,
cdc overweight statistics,10,0%,0%,Low,T2-B1-head-modifiers,informational,us-obesity-statistics,tertiary,,auto,
census obesity data,10,0%,0%,Unknown,T2-B1-head-modifiers,informational,us-obesity-statistics,tertiary,,auto,
childhood obesity costs in america,10,-100%,-100%,Unknown,T2-B1-head-modifiers,informational,childhood-obesity-statistics,tertiary,,auto,split signal: childhood cluster ~4k/mo independent volume -> own page; us-obesity-statistics carries a summary section + link
childhood obesity demographics,10,∞,0%,Low,T2-B1-head-modifiers,informational,childhood-obesity-statistics,tertiary,,auto,split signal: childhood cluster ~4k/mo independent volume -> own page; us-obesity-statistics carries a summary section + link
childhood obesity epidemic in america,10,0%,0%,Low,T2-B3-demographics-entities,informational,childhood-obesity-statistics,tertiary,,auto,split signal: childhood cluster ~4k/mo independent volume -> own page; us-obesity-statistics carries a summary section + link
childhood obesity in america compared to other countries,10,0%,0%,Low,T2-B3-demographics-entities,informational,childhood-obesity-statistics,tertiary,,auto,split signal: childhood cluster ~4k/mo independent volume -> own page; us-obesity-statistics carries a summary section + link
childhood obesity in the united states articles,10,0%,0%,Low,T2-B3-demographics-entities,informational,childhood-obesity-statistics,tertiary,,auto,split signal: childhood cluster ~4k/mo independent volume -> own page; us-obesity-statistics carries a summary section + link
childhood obesity rates by race,10,0%,0%,Low,T2-B3-demographics-entities,informational,childhood-obesity-statistics,tertiary,,auto,split signal: childhood cluster ~4k/mo independent volume -> own page; us-obesity-statistics carries a summary section + link
childhood obesity rates in america by year,10,-100%,-100%,Unknown,T2-B1-head-modifiers,informational,childhood-obesity-statistics,tertiary,,auto,split signal: childhood cluster ~4k/mo independent volume -> own page; us-obesity-statistics carries a summary section + link
childhood obesity statistics by race,10,0%,0%,Low,T2-B3-demographics-entities,informational,childhood-obesity-statistics,tertiary,,auto,split signal: childhood cluster ~4k/mo independent volume -> own page; us-obesity-statistics carries a summary section + link
childhood obesity statistics over the last 10 years,10,0%,-100%,Unknown,T2-B1-head-modifiers,informational,childhood-obesity-statistics,tertiary,,auto,split signal: childhood cluster ~4k/mo independent volume -> own page; us-obesity-statistics carries a summary section + link
childhood obesity trends in the us,10,∞,0%,Low,T2-B1-head-modifiers,informational,childhood-obesity-statistics,tertiary,,auto,split signal: childhood cluster ~4k/mo independent volume -> own page; us-obesity-statistics carries a summary section + link
childhood overweight statistics,10,0%,0%,Low,T2-B1-head-modifiers,informational,childhood-obesity-statistics,tertiary,,auto,split signal: childhood cluster ~4k/mo independent volume -> own page; us-obesity-statistics carries a summary section + link
combating obesity in america,10,∞,0%,Low,T2-B3-demographics-entities,informational,,discard,offtopic,na,site scope: no treatment/drug/prescriptive content
cost of childhood obesity in the us,10,-100%,-100%,Unknown,T2-B1-head-modifiers,informational,childhood-obesity-statistics,tertiary,,auto,split signal: childhood cluster ~4k/mo independent volume -> own page; us-obesity-statistics carries a summary section + link
county level obesity data,10,0%,0%,Low,T2-B1-head-modifiers,informational,us-obesity-statistics,tertiary,,auto,
current rates of obesity in america,10,0%,0%,Low,T2-B1-head-modifiers,informational,us-obesity-statistics,tertiary,,auto,
current statistics on childhood obesity in america,10,-100%,-100%,Unknown,T2-B1-head-modifiers,informational,childhood-obesity-statistics,tertiary,,auto,split signal: childhood cluster ~4k/mo independent volume -> own page; us-obesity-statistics carries a summary section + link
data bmi,10,0%,-100%,Unknown,T2-B1-head-modifiers,informational,us-obesity-statistics,tertiary,,auto,
detroit obesity rate,10,0%,0%,Low,T2-B1-head-modifiers,informational,,discard,offtopic,na,city/sub-state: no verified city-level source
education and obesity in america,10,0%,0%,Unknown,T2-B3-demographics-entities,informational,us-obesity-statistics,tertiary,,auto,
effects of obesity in america,10,∞,0%,Low,T2-B3-demographics-entities,informational,,discard,offtopic,na,site scope (Aug 2 2026): no health-outcome/mortality/cost claims
effects of obesity in the united states,10,∞,0%,Low,T2-B3-demographics-entities,informational,,discard,offtopic,na,site scope (Aug 2 2026): no health-outcome/mortality/cost claims
fast food and childhood obesity in america,10,0%,-100%,Unknown,T2-B3-demographics-entities,informational,childhood-obesity-statistics,tertiary,,auto,split signal: childhood cluster ~4k/mo independent volume -> own page; us-obesity-statistics carries a summary section + link
fast food fat profits obesity in america,10,-100%,-100%,Unknown,T2-B1-head-modifiers,informational,,discard,below-floor-backlog,na,causes/income split: no verified NCHS 2021-23 source; never answer causes without a primary
fattest city in america 2022,10,0%,0%,Unknown,T2-B3-demographics-entities,informational,us-obesity-statistics,tertiary,,auto,year variant -> auto-merged tertiary
fattest state in america 2022,10,0%,-100%,Unknown,T2-B3-demographics-entities,informational,obesity-rate-by-state,tertiary,,auto,
fattest states in america 2022,10,0%,-100%,Unknown,T2-B3-demographics-entities,informational,obesity-rate-by-state,tertiary,,auto,
female obesity rate in america,10,0%,0%,Low,T2-B1-head-modifiers,informational,us-obesity-statistics,tertiary,,auto,
fighting obesity in america,10,-100%,-100%,Unknown,T2-B3-demographics-entities,informational,,discard,offtopic,na,site scope: no treatment/drug/prescriptive content
florida obesity rate 2021,10,0%,0%,Unknown,T2-B1-head-modifiers,informational,obesity-rate-by-state,tertiary,,auto,
foods that cause obesity in america,10,0%,-100%,Unknown,T2-B3-demographics-entities,informational,,discard,below-floor-backlog,na,causes/income split: no verified NCHS 2021-23 source; never answer causes without a primary
global obesity data,10,0%,0%,Low,T2-B1-head-modifiers,informational,,discard,offtopic,na,"PARKED: global cluster (~10k/mo) = proposed /obesity-rate-by-country/; WHO GHO (NCD-RisC) is the candidate primary - verify, then re-assign"
global obesity epidemic statistics,10,-100%,-100%,Unknown,T2-B3-demographics-entities,informational,,discard,offtopic,na,"PARKED: global cluster (~10k/mo) = proposed /obesity-rate-by-country/; WHO GHO (NCD-RisC) is the candidate primary - verify, then re-assign"
global overweight statistics,10,∞,0%,Low,T2-B1-head-modifiers,informational,,discard,offtopic,na,"PARKED: global cluster (~10k/mo) = proposed /obesity-rate-by-country/; WHO GHO (NCD-RisC) is the candidate primary - verify, then re-assign"
graph of obesity in america over time,10,0%,0%,Low,T2-B3-demographics-entities,informational,us-obesity-statistics,tertiary,,auto,
growing obesity rates in america,10,0%,0%,Low,T2-B1-head-modifiers,informational,us-obesity-statistics,tertiary,,auto,
high obesity rates in america,10,0%,0%,Low,T2-B1-head-modifiers,informational,us-obesity-statistics,tertiary,,auto,
history of childhood obesity in america,10,0%,0%,Low,T2-B3-demographics-entities,informational,childhood-obesity-statistics,tertiary,,auto,split signal: childhood cluster ~4k/mo independent volume -> own page; us-obesity-statistics carries a summary section + link
how many adults are obese in america,10,0%,0%,Low,T2-B2-questions,informational,us-obesity-statistics,tertiary,,auto,
how many americans are obese 2022,10,0%,0%,Unknown,T2-B2-questions,informational,us-obesity-statistics,tertiary,,auto,year variant -> auto-merged tertiary
how many deaths are caused by obesity in america,10,0%,0%,Low,T2-B2-questions,informational,,discard,offtopic,na,site scope (Aug 2 2026): no health-outcome/mortality/cost claims
how many morbidly obese in us,10,0%,0%,Low,T2-B2-questions,informational,us-obesity-statistics,tertiary,,auto,
how many percent of america is overweight,10,0%,-100%,Unknown,T2-B2-questions,informational,us-obesity-statistics,tertiary,,auto,
how many students are obese in america,10,-100%,-100%,Unknown,T2-B2-questions,informational,childhood-obesity-statistics,tertiary,,auto,split signal: childhood cluster ~4k/mo independent volume -> own page; us-obesity-statistics carries a summary section + link
how many us citizens are overweight,10,0%,0%,Low,T2-B2-questions,informational,us-obesity-statistics,tertiary,,auto,
https www cdc gov obesity data prevalence maps html,10,0%,0%,Low,T2-B1-head-modifiers,navigational,,discard,navigational,na,
hunger and obesity are the same problem in the us,10,0%,0%,Unknown,T2-B3-demographics-entities,informational,,discard,below-floor-backlog,na,causes/income split: no verified NCHS 2021-23 source; never answer causes without a primary
hunger and obesity in america,10,0%,-100%,Unknown,T2-B3-demographics-entities,informational,,discard,below-floor-backlog,na,causes/income split: no verified NCHS 2021-23 source; never answer causes without a primary
incidence rate of obesity in the us,10,0%,0%,Unknown,T2-B1-head-modifiers,informational,us-obesity-statistics,tertiary,,auto,
information on obesity in america,10,-100%,-100%,Unknown,T2-B3-demographics-entities,informational,us-obesity-statistics,tertiary,,auto,
interesting facts about obesity in america,10,0%,0%,Low,T2-B3-demographics-entities,informational,us-obesity-statistics,tertiary,,auto,
is obesity rate increasing,10,0%,0%,Low,T2-B2-questions,informational,us-obesity-statistics,tertiary,,auto,
is the obesity rate increasing,10,0%,0%,Low,T2-B2-questions,informational,us-obesity-statistics,tertiary,,auto,
is the rate of obesity increasing,10,-50%,0%,Low,T2-B2-questions,informational,us-obesity-statistics,tertiary,,auto,
kentucky obesity rates by county,10,0%,0%,Low,T2-B1-head-modifiers,informational,obesity-rate-by-state,tertiary,,auto,
massachusetts obesity rates by town,10,0%,0%,Unknown,T2-B1-head-modifiers,informational,,discard,offtopic,na,city/sub-state: no verified city-level source
medical cost of obesity in the united states,10,0%,0%,Low,T2-B3-demographics-entities,informational,,discard,offtopic,na,site scope (Aug 2 2026): no health-outcome/mortality/cost claims
morbidly obese percentage usa,10,0%,0%,Low,T2-B1-head-modifiers,informational,us-obesity-statistics,tertiary,,auto,
most obese race in the united states,10,0%,0%,Low,T2-B3-demographics-entities,informational,us-obesity-statistics,tertiary,,auto,
most obese state in america 2021,10,0%,0%,Unknown,T2-B3-demographics-entities,informational,obesity-rate-by-state,tertiary,,auto,
most obese state in america 2022,10,0%,0%,Unknown,T2-B1-head-modifiers,informational,obesity-rate-by-state,tertiary,,auto,
national center for health statistics childhood obesity,10,0%,∞,Low,T2-B1-head-modifiers,informational,childhood-obesity-statistics,tertiary,,auto,split signal: childhood cluster ~4k/mo independent volume -> own page; us-obesity-statistics carries a summary section + link
national center for health statistics obesity,10,300%,300%,Low,T2-B1-head-modifiers,informational,us-obesity-statistics,tertiary,,auto,
national health and nutrition examination survey childhood obesity,10,0%,0%,Unknown,T2-B1-head-modifiers,informational,childhood-obesity-statistics,tertiary,,auto,split signal: childhood cluster ~4k/mo independent volume -> own page; us-obesity-statistics carries a summary section + link
national health and nutrition examination survey obesity,10,0%,0%,Low,T2-B1-head-modifiers,informational,us-obesity-statistics,tertiary,,auto,
new york times obesity in america,10,0%,0%,Unknown,T2-B1-head-modifiers,informational,obesity-rate-by-state,tertiary,,auto,
nhanes childhood obesity,10,0%,0%,Low,T2-B1-head-modifiers,informational,childhood-obesity-statistics,tertiary,,auto,split signal: childhood cluster ~4k/mo independent volume -> own page; us-obesity-statistics carries a summary section + link
obese people america,10,0%,0%,Low,T2-B3-demographics-entities,informational,us-obesity-statistics,tertiary,,auto,
obese population in the us,10,0%,0%,Low,T2-B3-demographics-entities,informational,us-obesity-statistics,tertiary,,auto,
obese population in the world,10,0%,0%,Low,T2-B1-head-modifiers,informational,,discard,offtopic,na,"PARKED: global cluster (~10k/mo) = proposed /obesity-rate-by-country/; WHO GHO (NCD-RisC) is the candidate primary - verify, then re-assign"
obesity among african american,10,0%,0%,Low,T2-B3-demographics-entities,informational,us-obesity-statistics,tertiary,,auto,
obesity and diabetes rates in the us,10,0%,0%,Low,T2-B1-head-modifiers,informational,,discard,offtopic,na,site scope (Aug 2 2026): no health-outcome/mortality/cost claims
obesity and disease statistics,10,∞,∞,Medium,T2-B1-head-modifiers,informational,,discard,offtopic,na,site scope (Aug 2 2026): no health-outcome/mortality/cost claims
obesity and health care costs in america,10,0%,0%,Low,T2-B1-head-modifiers,informational,,discard,offtopic,na,site scope (Aug 2 2026): no health-outcome/mortality/cost claims
obesity and low income statistics,10,0%,-50%,Low,T2-B1-head-modifiers,informational,,discard,below-floor-backlog,na,causes/income split: no verified NCHS 2021-23 source; never answer causes without a primary
obesity and overweight statistics in america,10,0%,-50%,Low,T2-B3-demographics-entities,informational,us-obesity-statistics,tertiary,,auto,
obesity and physical activity statistics,10,0%,-100%,Unknown,T2-B1-head-modifiers,informational,,discard,below-floor-backlog,na,causes/income split: no verified NCHS 2021-23 source; never answer causes without a primary
obesity and race in the united states,10,0%,-100%,Unknown,T2-B3-demographics-entities,informational,us-obesity-statistics,tertiary,,auto,
obesity as a social problem in the united states,10,0%,0%,Unknown,T2-B3-demographics-entities,informational,us-obesity-statistics,tertiary,,auto,
obesity association of america,10,0%,∞,Medium,T2-B3-demographics-entities,navigational,,discard,navigational,na,
obesity by race united states,10,0%,0%,Low,T2-B3-demographics-entities,informational,us-obesity-statistics,tertiary,,auto,
obesity by race usa,10,0%,-50%,Low,T2-B3-demographics-entities,informational,us-obesity-statistics,tertiary,,auto,
obesity cases in america,10,0%,0%,Unknown,T2-B3-demographics-entities,informational,us-obesity-statistics,tertiary,,auto,
obesity cause of death statistics,10,0%,0%,Low,T2-B1-head-modifiers,informational,,discard,offtopic,na,site scope (Aug 2 2026): no health-outcome/mortality/cost claims
obesity data by country,10,0%,0%,Low,T2-B1-head-modifiers,informational,,discard,offtopic,na,"PARKED: global cluster (~10k/mo) = proposed /obesity-rate-by-country/; WHO GHO (NCD-RisC) is the candidate primary - verify, then re-assign"
obesity data by county,10,0%,0%,Low,T2-B1-head-modifiers,informational,us-obesity-statistics,tertiary,,auto,
obesity data by state,10,-100%,-100%,Unknown,T2-B1-head-modifiers,informational,obesity-rate-by-state,tertiary,,auto,
obesity data worldwide,10,0%,0%,Unknown,T2-B1-head-modifiers,informational,,discard,offtopic,na,"PARKED: global cluster (~10k/mo) = proposed /obesity-rate-by-country/; WHO GHO (NCD-RisC) is the candidate primary - verify, then re-assign"
obesity dataset csv,10,∞,0%,Low,T2-B1-head-modifiers,informational,us-obesity-statistics,tertiary,,auto,
obesity demographics in the us,10,-100%,-100%,Unknown,T2-B1-head-modifiers,informational,us-obesity-statistics,tertiary,,auto,
obesity epidemic statistics,10,0%,0%,Low,T2-B3-demographics-entities,informational,us-obesity-statistics,tertiary,,auto,
obesity facts in the world,10,0%,-100%,Unknown,T2-B1-head-modifiers,informational,,discard,offtopic,na,"PARKED: global cluster (~10k/mo) = proposed /obesity-rate-by-country/; WHO GHO (NCD-RisC) is the candidate primary - verify, then re-assign"
obesity gis data,10,0%,0%,Unknown,T2-B1-head-modifiers,informational,,discard,offtopic,na,city/sub-state: no verified city-level source
obesity in adults in the united states,10,0%,0%,Unknown,T2-B3-demographics-entities,informational,us-obesity-statistics,tertiary,,auto,
obesity in america 2019,10,-100%,-100%,Unknown,T2-B1-head-modifiers,informational,us-obesity-statistics,tertiary,,auto,year variant -> auto-merged tertiary
obesity in america 2021,10,0%,-100%,Unknown,T2-B3-demographics-entities,informational,us-obesity-statistics,tertiary,,auto,year variant -> auto-merged tertiary
obesity in america 2022,10,∞,0%,Low,T2-B3-demographics-entities,informational,us-obesity-statistics,tertiary,,auto,year variant -> auto-merged tertiary
obesity in america 2030,10,0%,-100%,Unknown,T2-B3-demographics-entities,informational,,discard,below-floor-backlog,na,projections: no verified primary on this site
obesity in america by age,10,0%,0%,Low,T2-B3-demographics-entities,informational,us-obesity-statistics,tertiary,,auto,
obesity in america by year,10,100%,-33%,Low,T2-B3-demographics-entities,informational,us-obesity-statistics,tertiary,,auto,
obesity in america chart over the years,10,-100%,-100%,Unknown,T2-B3-demographics-entities,informational,us-obesity-statistics,tertiary,,auto,
obesity in america due to fast food,10,-100%,0%,Unknown,T2-B3-demographics-entities,informational,,discard,below-floor-backlog,na,causes/income split: no verified NCHS 2021-23 source; never answer causes without a primary
obesity in america essay,10,∞,0%,Low,T2-B3-demographics-entities,navigational,,discard,navigational,na,
obesity in america gov,10,0%,0%,Unknown,T2-B3-demographics-entities,informational,us-obesity-statistics,tertiary,,auto,
obesity in america journal articles,10,0%,0%,Unknown,T2-B3-demographics-entities,navigational,,discard,navigational,na,
obesity in america news,10,0%,0%,Low,T2-B3-demographics-entities,navigational,,discard,navigational,na,
obesity in america news articles,10,0%,0%,Low,T2-B3-demographics-entities,navigational,,discard,navigational,na,
obesity in america paper,10,0%,0%,Unknown,T2-B3-demographics-entities,informational,us-obesity-statistics,tertiary,,auto,
obesity in america pdf,10,-100%,0%,Unknown,T2-B3-demographics-entities,navigational,,discard,navigational,na,
obesity in america research,10,-100%,0%,Unknown,T2-B3-demographics-entities,navigational,,discard,navigational,na,
obesity in america research paper,10,-100%,-100%,Unknown,T2-B3-demographics-entities,navigational,,discard,navigational,na,
obesity in america statistics 2020,10,0%,0%,Unknown,T2-B3-demographics-entities,informational,us-obesity-statistics,tertiary,,auto,year variant -> auto-merged tertiary
obesity in america statistics 2021,10,-100%,0%,Unknown,T2-B1-head-modifiers,informational,us-obesity-statistics,tertiary,,auto,year variant -> auto-merged tertiary
obesity in america today,10,0%,0%,Low,T2-B3-demographics-entities,informational,us-obesity-statistics,tertiary,,auto,
obesity in america wikipedia,10,0%,∞,Low,T2-B3-demographics-entities,navigational,,discard,navigational,na,
obesity in america youtube,10,0%,0%,Low,T2-B3-demographics-entities,navigational,,discard,navigational,na,
obesity in rural america,10,0%,0%,Low,T2-B3-demographics-entities,informational,,discard,below-floor-backlog,na,causes/income split: no verified NCHS 2021-23 source; never answer causes without a primary
obesity in the workplace statistics,10,-100%,0%,Unknown,T2-B1-head-modifiers,informational,,discard,offtopic,na,
obesity map 2021,10,0%,0%,Unknown,T2-B1-head-modifiers,informational,obesity-rate-by-state,tertiary,,auto,
obesity morbidity and mortality statistics,10,-100%,-100%,Unknown,T2-B1-head-modifiers,informational,,discard,offtopic,na,site scope (Aug 2 2026): no health-outcome/mortality/cost claims
obesity mortality rate us,10,0%,0%,Low,T2-B1-head-modifiers,informational,,discard,offtopic,na,site scope (Aug 2 2026): no health-outcome/mortality/cost claims
obesity organizations in america,10,0%,0%,Low,T2-B3-demographics-entities,navigational,,discard,navigational,na,
obesity our world in data,10,0%,0%,Low,T2-B1-head-modifiers,informational,,discard,offtopic,na,"PARKED: global cluster (~10k/mo) = proposed /obesity-rate-by-country/; WHO GHO (NCD-RisC) is the candidate primary - verify, then re-assign"
obesity percentage in america 2021,10,0%,0%,Unknown,T2-B1-head-modifiers,informational,us-obesity-statistics,tertiary,,auto,year variant -> auto-merged tertiary
obesity percentage in america 2022,10,0%,0%,Unknown,T2-B1-head-modifiers,informational,us-obesity-statistics,tertiary,,auto,year variant -> auto-merged tertiary
obesity prevalence in the us 2020,10,0%,0%,Unknown,T2-B1-head-modifiers,informational,us-obesity-statistics,tertiary,,auto,year variant -> auto-merged tertiary
obesity prevalence in the world,10,0%,0%,Low,T2-B1-head-modifiers,informational,,discard,offtopic,na,"PARKED: global cluster (~10k/mo) = proposed /obesity-rate-by-country/; WHO GHO (NCD-RisC) is the candidate primary - verify, then re-assign"
obesity rate 2021,10,0%,-100%,Unknown,T2-B1-head-modifiers,informational,us-obesity-statistics,tertiary,,auto,year variant -> auto-merged tertiary
obesity rate by state 2022,10,0%,-100%,Unknown,T2-B1-head-modifiers,informational,obesity-rate-by-state,tertiary,,auto,
obesity rate by zip code,10,0%,0%,Low,T2-B1-head-modifiers,informational,,discard,offtopic,na,city/sub-state: no verified city-level source
obesity rate in america 1980,10,0%,0%,Low,T2-B1-head-modifiers,informational,us-obesity-statistics,tertiary,,auto,year variant -> auto-merged tertiary
obesity rate in america 1990,10,0%,0%,Low,T2-B1-head-modifiers,informational,us-obesity-statistics,tertiary,,auto,year variant -> auto-merged tertiary
obesity rate in america 2010,10,0%,-50%,Low,T2-B1-head-modifiers,informational,us-obesity-statistics,tertiary,,auto,year variant -> auto-merged tertiary
obesity rate in america 2019,10,-100%,-100%,Unknown,T2-B1-head-modifiers,informational,us-obesity-statistics,tertiary,,auto,year variant -> auto-merged tertiary
obesity rate in america 2020,10,0%,0%,Low,T2-B1-head-modifiers,informational,us-obesity-statistics,tertiary,,auto,year variant -> auto-merged tertiary
obesity rate in america 2022 cdc,10,0%,0%,Unknown,T2-B1-head-modifiers,informational,us-obesity-statistics,tertiary,,auto,year variant -> auto-merged tertiary
obesity rate in america by race and gender,10,0%,0%,Low,T2-B1-head-modifiers,informational,us-obesity-statistics,tertiary,,auto,
obesity rate in america over the past 10 years,10,0%,0%,Low,T2-B1-head-modifiers,informational,us-obesity-statistics,tertiary,,auto,
obesity rate in california 2021,10,0%,0%,Unknown,T2-B1-head-modifiers,informational,obesity-rate-by-state,tertiary,,auto,
obesity rate in the us 2021,10,0%,0%,Unknown,T2-B1-head-modifiers,informational,us-obesity-statistics,tertiary,,auto,year variant -> auto-merged tertiary
obesity rate in united states 2021,10,0%,0%,Unknown,T2-B1-head-modifiers,informational,us-obesity-statistics,tertiary,,auto,year variant -> auto-merged tertiary
obesity rate in united states 2022,10,0%,0%,Unknown,T2-B1-head-modifiers,informational,us-obesity-statistics,tertiary,,auto,year variant -> auto-merged tertiary
obesity rate in us 2021,10,0%,0%,Unknown,T2-B1-head-modifiers,informational,us-obesity-statistics,tertiary,,auto,year variant -> auto-merged tertiary
obesity rate us 2022,10,0%,-100%,Unknown,T2-B1-head-modifiers,informational,us-obesity-statistics,tertiary,,auto,year variant -> auto-merged tertiary
obesity rates by age and gender,10,0%,0%,Low,T2-B3-demographics-entities,informational,us-obesity-statistics,tertiary,,auto,
obesity rates by city in us,10,0%,0%,Low,T2-B1-head-modifiers,informational,us-obesity-statistics,tertiary,,auto,
obesity rates by decade,10,0%,-50%,Low,T2-B1-head-modifiers,informational,us-obesity-statistics,tertiary,,auto,
obesity rates by demographic,10,0%,-50%,Low,T2-B1-head-modifiers,informational,us-obesity-statistics,tertiary,,auto,
obesity rates by state 2022,10,0%,-100%,Unknown,T2-B1-head-modifiers,informational,obesity-rate-by-state,tertiary,,auto,
obesity rates in america 2022,10,-100%,-100%,Unknown,T2-B1-head-modifiers,informational,us-obesity-statistics,tertiary,,auto,year variant -> auto-merged tertiary
obesity rates in america by decade,10,0%,0%,Low,T2-B1-head-modifiers,informational,us-obesity-statistics,tertiary,,auto,
obesity rates in america last 10 years,10,0%,-50%,Low,T2-B1-head-modifiers,informational,us-obesity-statistics,tertiary,,auto,
obesity rates in nyc by neighborhood,10,0%,0%,Low,T2-B1-head-modifiers,informational,,discard,offtopic,na,city/sub-state: no verified city-level source
obesity rates in us 2022,10,0%,0%,Unknown,T2-B1-head-modifiers,informational,us-obesity-statistics,tertiary,,auto,year variant -> auto-merged tertiary
obesity ratio in the world,10,0%,0%,Unknown,T2-B1-head-modifiers,informational,,discard,offtopic,na,"PARKED: global cluster (~10k/mo) = proposed /obesity-rate-by-country/; WHO GHO (NCD-RisC) is the candidate primary - verify, then re-assign"
obesity solutions in america,10,-100%,0%,Unknown,T2-B3-demographics-entities,informational,,discard,offtopic,na,site scope: no treatment/drug/prescriptive content
obesity statistics around the world,10,0%,0%,Low,T2-B1-head-modifiers,informational,,discard,offtopic,na,"PARKED: global cluster (~10k/mo) = proposed /obesity-rate-by-country/; WHO GHO (NCD-RisC) is the candidate primary - verify, then re-assign"
obesity statistics in america 2020 cdc,10,0%,0%,Unknown,T2-B1-head-modifiers,informational,us-obesity-statistics,tertiary,,auto,year variant -> auto-merged tertiary
obesity statistics in america 2022,10,0%,0%,Unknown,T2-B1-head-modifiers,informational,us-obesity-statistics,tertiary,,auto,year variant -> auto-merged tertiary
obesity stats in america 2022,10,0%,0%,Unknown,T2-B1-head-modifiers,informational,us-obesity-statistics,tertiary,,auto,year variant -> auto-merged tertiary
objective data for obesity,10,∞,∞,Low,T2-B1-head-modifiers,informational,,discard,offtopic,na,
of fat people in america,10,0%,0%,Low,T2-B3-demographics-entities,informational,us-obesity-statistics,tertiary,,auto,
oklahoma obesity rate 2021,10,0%,0%,Unknown,T2-B1-head-modifiers,informational,obesity-rate-by-state,tertiary,,auto,
our world in data obesity,10,0%,-50%,Low,T2-B1-head-modifiers,informational,,discard,offtopic,na,"PARKED: global cluster (~10k/mo) = proposed /obesity-rate-by-country/; WHO GHO (NCD-RisC) is the candidate primary - verify, then re-assign"
over weight americans,10,-100%,0%,Unknown,T2-B3-demographics-entities,informational,us-obesity-statistics,tertiary,,auto,
over weight in america,10,∞,0%,Low,T2-B3-demographics-entities,informational,us-obesity-statistics,tertiary,,auto,
overall obesity rate in america,10,0%,0%,Low,T2-B1-head-modifiers,informational,us-obesity-statistics,tertiary,,auto,
overweight and obesity rates,10,-100%,-100%,Unknown,T2-B1-head-modifiers,informational,us-obesity-statistics,tertiary,,auto,
overweight and obesity rates by country,10,0%,0%,Low,T2-B1-head-modifiers,informational,,discard,offtopic,na,"PARKED: global cluster (~10k/mo) = proposed /obesity-rate-by-country/; WHO GHO (NCD-RisC) is the candidate primary - verify, then re-assign"
overweight and obesity statistics 2021,10,0%,0%,Unknown,T2-B1-head-modifiers,informational,us-obesity-statistics,tertiary,,auto,year variant -> auto-merged tertiary
overweight and obesity statistics usa,10,∞,∞,Low,T2-B1-head-modifiers,informational,us-obesity-statistics,tertiary,,auto,
overweight demographics,10,0%,0%,Low,T2-B1-head-modifiers,informational,us-obesity-statistics,tertiary,,auto,
overweight in america 2021,10,0%,0%,Unknown,T2-B3-demographics-entities,informational,us-obesity-statistics,tertiary,,auto,year variant -> auto-merged tertiary
overweight rate in america 2022,10,0%,0%,Unknown,T2-B1-head-modifiers,informational,us-obesity-statistics,tertiary,,auto,year variant -> auto-merged tertiary
overweight statistics by country,10,0%,0%,Low,T2-B1-head-modifiers,informational,,discard,offtopic,na,"PARKED: global cluster (~10k/mo) = proposed /obesity-rate-by-country/; WHO GHO (NCD-RisC) is the candidate primary - verify, then re-assign"
overweight statistics in america 2022,10,0%,-100%,Unknown,T2-B3-demographics-entities,informational,us-obesity-statistics,tertiary,,auto,year variant -> auto-merged tertiary
overweight to normal weight,10,0%,0%,Low,T2-B1-head-modifiers,tool,,discard,offtopic,na,tool intent -> BMI calculator (home); re-assign if owner exists
peer reviewed articles on obesity in america,10,0%,0%,Low,T2-B3-demographics-entities,navigational,,discard,navigational,na,
percent obese in usa,10,0%,0%,Low,T2-B1-head-modifiers,informational,us-obesity-statistics,tertiary,,auto,
percent of adults obese in america,10,0%,0%,Low,T2-B3-demographics-entities,informational,us-obesity-statistics,tertiary,,auto,
percent of obesity in the world,10,0%,0%,Low,T2-B1-head-modifiers,informational,,discard,offtopic,na,"PARKED: global cluster (~10k/mo) = proposed /obesity-rate-by-country/; WHO GHO (NCD-RisC) is the candidate primary - verify, then re-assign"
percentage of adults obese in us,10,0%,-50%,Low,T2-B1-head-modifiers,informational,us-obesity-statistics,tertiary,,auto,
percentage of obese adults in the us,10,0%,0%,Low,T2-B3-demographics-entities,informational,us-obesity-statistics,tertiary,,auto,
percentage of obese americans 2021,10,0%,-100%,Unknown,T2-B1-head-modifiers,informational,us-obesity-statistics,tertiary,,auto,year variant -> auto-merged tertiary
percentage of obese americans 2022,10,0%,0%,Unknown,T2-B1-head-modifiers,informational,us-obesity-statistics,tertiary,,auto,year variant -> auto-merged tertiary
percentage of obesity in america 2022,10,0%,0%,Unknown,T2-B1-head-modifiers,informational,us-obesity-statistics,tertiary,,auto,year variant -> auto-merged tertiary
percentage of overweight by country,10,∞,0%,Low,T2-B1-head-modifiers,informational,,discard,offtopic,na,"PARKED: global cluster (~10k/mo) = proposed /obesity-rate-by-country/; WHO GHO (NCD-RisC) is the candidate primary - verify, then re-assign"
percentage of overweight teens,10,0%,0%,Low,T2-B1-head-modifiers,informational,childhood-obesity-statistics,tertiary,,auto,split signal: childhood cluster ~4k/mo independent volume -> own page; us-obesity-statistics carries a summary section + link
percentage of teenage obesity in america,10,0%,0%,Low,T2-B3-demographics-entities,informational,childhood-obesity-statistics,tertiary,,auto,split signal: childhood cluster ~4k/mo independent volume -> own page; us-obesity-statistics carries a summary section + link
percentage of the world that is obese,10,0%,0%,Low,T2-B1-head-modifiers,informational,,discard,offtopic,na,"PARKED: global cluster (~10k/mo) = proposed /obesity-rate-by-country/; WHO GHO (NCD-RisC) is the candidate primary - verify, then re-assign"
pet obesity facts,10,-100%,-100%,Unknown,T2-B1-head-modifiers,informational,,discard,offtopic,na,
prevalence of obesity among adults and youth united states,10,0%,∞,Low,T2-B1-head-modifiers,informational,us-obesity-statistics,tertiary,,auto,
prevalence of overweight,10,0%,0%,Low,T2-B1-head-modifiers,informational,us-obesity-statistics,tertiary,,auto,
projected obesity rates in america,10,0%,0%,Low,T2-B1-head-modifiers,informational,,discard,below-floor-backlog,na,projections: no verified primary on this site
quantitative data on childhood obesity,10,0%,0%,Unknown,T2-B1-head-modifiers,informational,childhood-obesity-statistics,tertiary,,auto,split signal: childhood cluster ~4k/mo independent volume -> own page; us-obesity-statistics carries a summary section + link
ratio of obese adults in america,10,∞,∞,Low,T2-B3-demographics-entities,informational,us-obesity-statistics,tertiary,,auto,
raw data about obesity,10,0%,-100%,Unknown,T2-B1-head-modifiers,informational,us-obesity-statistics,tertiary,,auto,
rising obesity in the united states,10,0%,0%,Unknown,T2-B3-demographics-entities,informational,us-obesity-statistics,tertiary,,auto,
scholarly articles obesity in america,10,0%,-100%,Unknown,T2-B3-demographics-entities,navigational,,discard,navigational,na,
solving obesity in america,10,-100%,-100%,Unknown,T2-B3-demographics-entities,informational,,discard,offtopic,na,site scope: no treatment/drug/prescriptive content
statistics on overweight and obesity in america,10,0%,-50%,Low,T2-B3-demographics-entities,informational,us-obesity-statistics,tertiary,,auto,
studies on obesity in america,10,-100%,-100%,Unknown,T2-B3-demographics-entities,informational,us-obesity-statistics,tertiary,,auto,
subjective and objective data for obesity,10,0%,-100%,Unknown,T2-B1-head-modifiers,informational,,discard,offtopic,na,
subjective data for obesity,10,0%,0%,Low,T2-B1-head-modifiers,informational,,discard,offtopic,na,
the history of obesity in america,10,0%,∞,Low,T2-B3-demographics-entities,informational,us-obesity-statistics,tertiary,,auto,
the increase of obesity in america,10,-100%,0%,Unknown,T2-B3-demographics-entities,informational,us-obesity-statistics,tertiary,,auto,
the issue of obesity in america,10,0%,0%,Low,T2-B3-demographics-entities,informational,us-obesity-statistics,tertiary,,auto,
the true weight of childhood obesity in america,10,0%,-100%,Unknown,T2-B3-demographics-entities,informational,childhood-obesity-statistics,tertiary,,auto,split signal: childhood cluster ~4k/mo independent volume -> own page; us-obesity-statistics carries a summary section + link
united states obesity rate 2021,10,0%,0%,Unknown,T2-B1-head-modifiers,informational,us-obesity-statistics,tertiary,,auto,year variant -> auto-merged tertiary
united states obesity rate 2022,10,0%,0%,Low,T2-B1-head-modifiers,informational,us-obesity-statistics,tertiary,,auto,year variant -> auto-merged tertiary
united states overweight percentage,10,∞,0%,Low,T2-B3-demographics-entities,informational,us-obesity-statistics,tertiary,,auto,
united states overweight statistics,10,-100%,-100%,Unknown,T2-B3-demographics-entities,informational,us-obesity-statistics,tertiary,,auto,
us obese population percentage,10,-100%,0%,Unknown,T2-B3-demographics-entities,informational,us-obesity-statistics,tertiary,,auto,
us obesity 2022,10,0%,0%,Unknown,T2-B3-demographics-entities,informational,us-obesity-statistics,tertiary,,auto,year variant -> auto-merged tertiary
us obesity and overweight rate 2020,10,0%,0%,Unknown,T2-B1-head-modifiers,informational,us-obesity-statistics,tertiary,,auto,year variant -> auto-merged tertiary
us obesity demographics,10,0%,0%,Low,T2-B3-demographics-entities,informational,us-obesity-statistics,tertiary,,auto,
us obesity rate 2020,10,0%,0%,Low,T2-B1-head-modifiers,informational,us-obesity-statistics,tertiary,,auto,year variant -> auto-merged tertiary
us obesity rate 2022,10,0%,0%,Low,T2-B1-head-modifiers,informational,us-obesity-statistics,tertiary,,auto,year variant -> auto-merged tertiary
us obesity trends 1985 to 2001,10,0%,0%,Low,T2-B3-demographics-entities,informational,us-obesity-statistics,tertiary,,auto,year variant -> auto-merged tertiary
us overweight and obesity statistics,10,0%,-50%,Low,T2-B1-head-modifiers,informational,us-obesity-statistics,tertiary,,auto,
us overweight population,10,0%,-50%,Low,T2-B3-demographics-entities,informational,us-obesity-statistics,tertiary,,auto,
us population that is obese,10,0%,0%,Low,T2-B3-demographics-entities,informational,us-obesity-statistics,tertiary,,auto,
us state obesity ranking,10,0%,0%,Low,T2-B1-head-modifiers,informational,obesity-rate-by-state,tertiary,,auto,
virginia obesity rates by county,10,∞,0%,Low,T2-B1-head-modifiers,informational,obesity-rate-by-state,tertiary,,auto,
ways to reduce obesity in america,10,0%,-100%,Unknown,T2-B3-demographics-entities,informational,,discard,offtopic,na,site scope: no treatment/drug/prescriptive content
west virginia obesity rate 2021,10,0%,0%,Unknown,T2-B1-head-modifiers,informational,obesity-rate-by-state,tertiary,,auto,
what is america's obesity rate 2020,10,0%,-100%,Unknown,T2-B2-questions,informational,us-obesity-statistics,tertiary,,auto,year variant -> auto-merged tertiary
what is the percentage of obesity in america 2022,10,0%,0%,Unknown,T2-B2-questions,informational,us-obesity-statistics,tertiary,,auto,year variant -> auto-merged tertiary
what percentage of america is obese 2022,10,0%,0%,Unknown,T2-B2-questions,informational,us-obesity-statistics,tertiary,,auto,year variant -> auto-merged tertiary
what percentage of americans are obese 2022,10,∞,∞,Low,T2-B2-questions,informational,us-obesity-statistics,tertiary,,auto,year variant -> auto-merged tertiary
what percentage of americans suffer from obesity,10,0%,0%,Low,T2-B2-questions,informational,us-obesity-statistics,tertiary,,auto,
what percentage of the us is obese 2021,10,0%,0%,Unknown,T2-B2-questions,informational,us-obesity-statistics,tertiary,,auto,year variant -> auto-merged tertiary
what percentage of the us is obese 2022,10,0%,0%,Unknown,T2-B2-questions,informational,us-obesity-statistics,tertiary,,auto,year variant -> auto-merged tertiary
what percentage of us are obese,10,0%,0%,Low,T2-B2-questions,informational,us-obesity-statistics,tertiary,,auto,
what percentage of us is obese 2022,10,0%,0%,Unknown,T2-B2-questions,informational,us-obesity-statistics,tertiary,,auto,year variant -> auto-merged tertiary
why is obesity higher in rural areas,10,0%,0%,Low,T2-B2-questions,informational,,discard,below-floor-backlog,na,causes/income split: no verified NCHS 2021-23 source; never answer causes without a primary
why is obesity increasing around the world,10,-100%,0%,Unknown,T2-B2-questions,informational,,discard,offtopic,na,"PARKED: global cluster (~10k/mo) = proposed /obesity-rate-by-country/; WHO GHO (NCD-RisC) is the candidate primary - verify, then re-assign"
why is the rate of obesity increasing,10,0%,0%,Unknown,T2-B2-questions,informational,,discard,below-floor-backlog,na,causes/income split: no verified NCHS 2021-23 source; never answer causes without a primary
why is there an increase in childhood obesity,10,0%,-100%,Unknown,T2-B2-questions,informational,childhood-obesity-statistics,tertiary,,auto,split signal: childhood cluster ~4k/mo independent volume -> own page; us-obesity-statistics carries a summary section + link
why is there an increase in obesity,10,∞,∞,Low,T2-B2-questions,informational,,discard,below-floor-backlog,na,causes/income split: no verified NCHS 2021-23 source; never answer causes without a primary
why obesity is on the rise,10,-100%,-100%,Unknown,T2-B2-questions,informational,,discard,below-floor-backlog,na,causes/income split: no verified NCHS 2021-23 source; never answer causes without a primary
world bmi statistics,10,0%,0%,Low,T2-B1-head-modifiers,informational,,discard,offtopic,na,"PARKED: global cluster (~10k/mo) = proposed /obesity-rate-by-country/; WHO GHO (NCD-RisC) is the candidate primary - verify, then re-assign"
world obesity data,10,0%,0%,Low,T2-B1-head-modifiers,informational,,discard,offtopic,na,"PARKED: global cluster (~10k/mo) = proposed /obesity-rate-by-country/; WHO GHO (NCD-RisC) is the candidate primary - verify, then re-assign"
world overweight statistics,10,0%,0%,Low,T2-B1-head-modifiers,informational,,discard,offtopic,na,"PARKED: global cluster (~10k/mo) = proposed /obesity-rate-by-country/; WHO GHO (NCD-RisC) is the candidate primary - verify, then re-assign"
youth obesity in the us,10,0%,0%,Low,T2-B3-demographics-entities,informational,childhood-obesity-statistics,tertiary,,auto,split signal: childhood cluster ~4k/mo independent volume -> own page; us-obesity-statistics carries a summary section + link
2021 obesity rate in america,0,0%,0%,Unknown,T2-B1-head-modifiers,informational,us-obesity-statistics,tertiary,,auto,year variant -> auto-merged tertiary
2021 us obesity rate,0,0%,0%,Unknown,T2-B1-head-modifiers,informational,us-obesity-statistics,tertiary,,auto,year variant -> auto-merged tertiary
2022 obesity statistics us,0,0%,0%,Unknown,T2-B1-head-modifiers,informational,us-obesity-statistics,tertiary,,auto,year variant -> auto-merged tertiary
america obesity percentage 2022,0,0%,0%,Unknown,T2-B1-head-modifiers,informational,us-obesity-statistics,tertiary,,auto,year variant -> auto-merged tertiary
america's obesity rate 2021,0,0%,0%,Unknown,T2-B1-head-modifiers,informational,us-obesity-statistics,tertiary,,auto,year variant -> auto-merged tertiary
american obesity 2021,0,0%,0%,Unknown,T2-B3-demographics-entities,informational,us-obesity-statistics,tertiary,,auto,year variant -> auto-merged tertiary
american obesity statistics 2022,0,0%,0%,Unknown,T2-B1-head-modifiers,informational,us-obesity-statistics,tertiary,,auto,year variant -> auto-merged tertiary
american overweight rate 2021,0,0%,0%,Unknown,T2-B1-head-modifiers,informational,us-obesity-statistics,tertiary,,auto,year variant -> auto-merged tertiary
annual medical cost of obesity in the united states 2019,0,0%,0%,Unknown,T2-B1-head-modifiers,informational,,discard,offtopic,na,site scope (Aug 2 2026): no health-outcome/mortality/cost claims
cdc obesity rates 2021,0,0%,0%,Unknown,T2-B3-demographics-entities,informational,us-obesity-statistics,tertiary,,auto,year variant -> auto-merged tertiary
cdc obesity statistics 2022,0,0%,-100%,Unknown,T2-B1-head-modifiers,informational,us-obesity-statistics,tertiary,,auto,year variant -> auto-merged tertiary
childhood obesity in america 2021,0,0%,0%,Unknown,T2-B3-demographics-entities,informational,childhood-obesity-statistics,tertiary,,auto,split signal: childhood cluster ~4k/mo independent volume -> own page; us-obesity-statistics carries a summary section + link
childhood obesity in america essay,0,0%,0%,Unknown,T2-B3-demographics-entities,navigational,,discard,navigational,na,
childhood obesity rate in america 2021,0,0%,0%,Unknown,T2-B1-head-modifiers,informational,childhood-obesity-statistics,tertiary,,auto,split signal: childhood cluster ~4k/mo independent volume -> own page; us-obesity-statistics carries a summary section + link
childhood obesity rates by state 2020,0,0%,0%,Unknown,T2-B1-head-modifiers,informational,childhood-obesity-statistics,tertiary,,auto,split signal: childhood cluster ~4k/mo independent volume -> own page; us-obesity-statistics carries a summary section + link
childhood obesity statistics 2021 cdc,0,0%,0%,Unknown,T2-B3-demographics-entities,informational,childhood-obesity-statistics,tertiary,,auto,split signal: childhood cluster ~4k/mo independent volume -> own page; us-obesity-statistics carries a summary section + link
childhood obesity statistics 2021 usa,0,0%,0%,Unknown,T2-B1-head-modifiers,informational,childhood-obesity-statistics,tertiary,,auto,split signal: childhood cluster ~4k/mo independent volume -> own page; us-obesity-statistics carries a summary section + link
childhood obesity statistics in america 2019,0,0%,0%,Unknown,T2-B1-head-modifiers,informational,childhood-obesity-statistics,tertiary,,auto,split signal: childhood cluster ~4k/mo independent volume -> own page; us-obesity-statistics carries a summary section + link
current obesity rate in america 2021,0,0%,0%,Unknown,T2-B1-head-modifiers,informational,us-obesity-statistics,tertiary,,auto,year variant -> auto-merged tertiary
current obesity rate in america 2022,0,0%,0%,Unknown,T2-B1-head-modifiers,informational,us-obesity-statistics,tertiary,,auto,year variant -> auto-merged tertiary
massachusetts obesity rate 2021,0,0%,0%,Unknown,T2-B1-head-modifiers,informational,obesity-rate-by-state,tertiary,,auto,
new york obesity rate 2022,0,0%,-100%,Unknown,T2-B1-head-modifiers,informational,obesity-rate-by-state,tertiary,,auto,
obesity and overweight in america 2020,0,0%,0%,Unknown,T2-B3-demographics-entities,informational,us-obesity-statistics,tertiary,,auto,year variant -> auto-merged tertiary
obesity crisis in america 2021,0,0%,0%,Unknown,T2-B1-head-modifiers,informational,us-obesity-statistics,tertiary,,auto,year variant -> auto-merged tertiary
obesity data 2022,0,0%,0%,Unknown,T2-B1-head-modifiers,informational,us-obesity-statistics,tertiary,,auto,year variant -> auto-merged tertiary
obesity epidemic in america 2020,0,0%,0%,Unknown,T2-B3-demographics-entities,informational,us-obesity-statistics,tertiary,,auto,year variant -> auto-merged tertiary
obesity epidemic in america 2021,0,0%,0%,Unknown,T2-B3-demographics-entities,informational,us-obesity-statistics,tertiary,,auto,year variant -> auto-merged tertiary
obesity epidemic in america 2022,0,0%,0%,Unknown,T2-B3-demographics-entities,informational,us-obesity-statistics,tertiary,,auto,year variant -> auto-merged tertiary
obesity in america 2021 articles,0,0%,0%,Unknown,T2-B3-demographics-entities,informational,us-obesity-statistics,tertiary,,auto,year variant -> auto-merged tertiary
obesity in america 2021 cdc,0,0%,0%,Unknown,T2-B3-demographics-entities,informational,us-obesity-statistics,tertiary,,auto,year variant -> auto-merged tertiary
obesity in america compared to other countries 2020,0,0%,0%,Unknown,T2-B3-demographics-entities,informational,,discard,offtopic,na,"PARKED: global cluster (~10k/mo) = proposed /obesity-rate-by-country/; WHO GHO (NCD-RisC) is the candidate primary - verify, then re-assign"
obesity in america essay conclusion,0,0%,0%,Unknown,T2-B3-demographics-entities,navigational,,discard,navigational,na,
obesity in the united states 2022,0,0%,0%,Unknown,T2-B3-demographics-entities,informational,us-obesity-statistics,tertiary,,auto,year variant -> auto-merged tertiary
obesity in the us 2021,0,0%,0%,Unknown,T2-B3-demographics-entities,informational,us-obesity-statistics,tertiary,,auto,year variant -> auto-merged tertiary
obesity in the us 2022,0,0%,0%,Unknown,T2-B3-demographics-entities,informational,us-obesity-statistics,tertiary,,auto,year variant -> auto-merged tertiary
obesity in united states 2021,0,0%,0%,Unknown,T2-B3-demographics-entities,informational,us-obesity-statistics,tertiary,,auto,year variant -> auto-merged tertiary
obesity in united states 2022,0,0%,0%,Unknown,T2-B3-demographics-entities,informational,us-obesity-statistics,tertiary,,auto,year variant -> auto-merged tertiary
obesity in usa 2021,0,0%,0%,Unknown,T2-B3-demographics-entities,informational,us-obesity-statistics,tertiary,,auto,year variant -> auto-merged tertiary
obesity in usa 2022,0,0%,0%,Unknown,T2-B1-head-modifiers,informational,us-obesity-statistics,tertiary,,auto,year variant -> auto-merged tertiary
obesity is caused by an increase in,0,0%,0%,Unknown,T2-B2-questions,informational,,discard,below-floor-backlog,na,causes/income split: no verified NCHS 2021-23 source; never answer causes without a primary
obesity is on the rise in the modern world,0,0%,0%,Unknown,T2-B2-questions,informational,,discard,offtopic,na,"PARKED: global cluster (~10k/mo) = proposed /obesity-rate-by-country/; WHO GHO (NCD-RisC) is the candidate primary - verify, then re-assign"
obesity rate america 2021,0,0%,0%,Unknown,T2-B1-head-modifiers,informational,us-obesity-statistics,tertiary,,auto,year variant -> auto-merged tertiary
obesity rate by education,0, --, --,Unknown,T2-B3-demographics-entities,informational,us-obesity-statistics,tertiary,,auto,
obesity rate in america 2022 by state,0,0%,0%,Unknown,T2-B1-head-modifiers,informational,obesity-rate-by-state,tertiary,,auto,
obesity rate in mexico 2022,0,0%,0%,Unknown,T2-B1-head-modifiers,informational,,discard,offtopic,na,"PARKED: global cluster (~10k/mo) = proposed /obesity-rate-by-country/; WHO GHO (NCD-RisC) is the candidate primary - verify, then re-assign"
obesity rate us 2021,0,0%,0%,Unknown,T2-B1-head-modifiers,informational,us-obesity-statistics,tertiary,,auto,year variant -> auto-merged tertiary
obesity rates in canada by province 2020,0,0%,0%,Unknown,T2-B1-head-modifiers,informational,,discard,offtopic,na,"PARKED: global cluster (~10k/mo) = proposed /obesity-rate-by-country/; WHO GHO (NCD-RisC) is the candidate primary - verify, then re-assign"
obesity rates in the us 2022,0,0%,0%,Unknown,T2-B1-head-modifiers,informational,us-obesity-statistics,tertiary,,auto,year variant -> auto-merged tertiary
obesity statistics america 2021,0,0%,0%,Unknown,T2-B1-head-modifiers,informational,us-obesity-statistics,tertiary,,auto,year variant -> auto-merged tertiary
obesity statistics us 2020,0,0%,0%,Unknown,T2-B1-head-modifiers,informational,us-obesity-statistics,tertiary,,auto,year variant -> auto-merged tertiary
obesity statistics us 2021,0,0%,0%,Unknown,T2-B1-head-modifiers,informational,us-obesity-statistics,tertiary,,auto,year variant -> auto-merged tertiary
obesity statistics us 2022,0,0%,0%,Unknown,T2-B1-head-modifiers,informational,us-obesity-statistics,tertiary,,auto,year variant -> auto-merged tertiary
obesity usa 2021,0,0%,0%,Unknown,T2-B3-demographics-entities,informational,us-obesity-statistics,tertiary,,auto,year variant -> auto-merged tertiary
overweight and obesity statistics 2022,0,0%,0%,Unknown,T2-B1-head-modifiers,informational,us-obesity-statistics,tertiary,,auto,year variant -> auto-merged tertiary
overweight in america 2022,0,0%,0%,Unknown,T2-B3-demographics-entities,informational,us-obesity-statistics,tertiary,,auto,year variant -> auto-merged tertiary
overweight statistics in america 2021,0,0%,0%,Unknown,T2-B3-demographics-entities,informational,us-obesity-statistics,tertiary,,auto,year variant -> auto-merged tertiary
overweight usa 2021,0, --, --,Unknown,T2-B3-demographics-entities,informational,us-obesity-statistics,tertiary,,auto,year variant -> auto-merged tertiary
percent of overweight in america 2021,0,0%,0%,Unknown,T2-B3-demographics-entities,informational,us-obesity-statistics,tertiary,,auto,year variant -> auto-merged tertiary
percentage of obese population in world,0,0%,0%,Unknown,T2-B1-head-modifiers,informational,,discard,offtopic,na,"PARKED: global cluster (~10k/mo) = proposed /obesity-rate-by-country/; WHO GHO (NCD-RisC) is the candidate primary - verify, then re-assign"
rate of obesity in america 2022,0,0%,0%,Unknown,T2-B1-head-modifiers,informational,us-obesity-statistics,tertiary,,auto,year variant -> auto-merged tertiary
the rate of obesity among preschoolers has,0,0%,0%,Unknown,T2-B3-demographics-entities,informational,us-obesity-statistics,tertiary,,auto,
us obesity 2021,0,0%,0%,Unknown,T2-B3-demographics-entities,informational,us-obesity-statistics,tertiary,,auto,year variant -> auto-merged tertiary
us overweight rate 2021,0,0%,0%,Unknown,T2-B1-head-modifiers,informational,us-obesity-statistics,tertiary,,auto,year variant -> auto-merged tertiary
what percent of americans are a healthy weight,0, --, --,Unknown,T2-B2-questions,informational,us-obesity-statistics,tertiary,,auto,
what percentage of the us is overweight 2022,0,0%,0%,Unknown,T2-B2-questions,informational,us-obesity-statistics,tertiary,,auto,year variant -> auto-merged tertiary
when did obesity start rising,0, --, --,Unknown,T2-B2-questions,informational,us-obesity-statistics,tertiary,,auto,
